author,text
bibhutibhushan bandopadhyay,"জগতের যে পথে সভ্য মানুষের চলাচল কম, কত অদ্ভুত জীবনধারার স্রোত আপন মনে উপলবিকীর্ণ অজানা নদীখাত দিয়া ঝিরঝির করিয়া বহিয়া চলে সে পথে, তাহাদের সহিত পরিচয়ের স্মৃতি আজও ভুলিতে পারি নাই৷ কিন্তু আমার এ স্মৃতি আনন্দের নয়, দুঃখের"
bibhutibhushan bandopadhyay,"এই স্বচ্ছন্দ প্রকৃতির লীলাভূমি আমার হাতেই বিনষ্ট হইয়াছিল, বনের দেবতারা সেজন্য আমায় কখনো ক্ষমা করিবেন না জানি"
bibhutibhushan bandopadhyay,নিজের অপরাধের কথা নিজের মুখে বলিলে অপরাধের ভার শুনিয়াছি লঘু হইয়া যায়
bibhutibhushan bandopadhyay,তাই এই কাহিনীর অবতারণা প্রথম পরিচ্ছেদ পনের-ষোল বছর আগেকার বি এ পাশ করিয়া কলিকাতায় বসিয়া আছি
bibhutibhushan bandopadhyay,বহু জায়গায় ঘুরিয়াও চাকুরি মিলিল না
bibhutibhushan bandopadhyay,"মেসে অনেকদিন ধরিয়া আছি তাই নিতান্ত তাড়াইয়া দেয় না, কিন্তু তাগাদার উপর তাগাদা দিয়া মেসের ম্যানেজার অস্থির করিয়া তুলিয়াছে"
bibhutibhushan bandopadhyay,"মেসে প্রতিমা গড়াইয়া পূজা হইতেছে- ধুমধামও মন্দ নয়, সকালে উঠিয়া ভাবিতেছি আজ সব বন্ধ, দু-একটা জায়গায় একটু আশা দিয়াছিল, তা আজ আর কোথাও যাওয়া কোন কাজের হইবে না, বরং তার চেয়ে ঘুরিয়া ঘুরিয়া ঠাকুর দেখিয়া বেড়াই"
bibhutibhushan bandopadhyay,মেসের চাকর জগন্নাথ এমন সময় একটুকরা কাগজ হাতে দিয়া গেল
bibhutibhushan bandopadhyay,পড়িয়া দেখিলাম ম্যানেজারের লেখা তাগাদার চিঠি
bibhutibhushan bandopadhyay,"আজ মেসে পূজা-উপলক্ষে ভালো খাওয়া-দাওয়ার ব্যবস্থা হইয়াছে, আমার কাছে দু-মাসের টাকা বাকী, আমি যেন চাকরের হাতে অন্তত দশটি টাকা দিই"
bibhutibhushan bandopadhyay,অন্যথা কাল হইতে খাওয়ার জন্য আমাকে অন্যত্র ব্যবস্থা করিতে হইবে
bibhutibhushan bandopadhyay,"কথা খুব ন্যায্য বটে, কিন্তু আমার সম্বল মোটে দুটি টাকা আর কয়েক আনা পয়সা"
bibhutibhushan bandopadhyay,কোন জবাব না দিয়াই মেস হইতে বাহির হইলাম
bibhutibhushan bandopadhyay,"পাড়ার নানা স্থানে পূজার বাজনা বাজিতেছে, ছেলেমেয়েরা গলির মোড়ে দাঁড়াইয়া গোলমাল করিতেছে, অভয় ময়রার খাবারের দোকানে অনেক রকম নতুন খাবার থালায় সাজানো-বড়রাস্তার ওপারে কলেজ হোস্টেলের ফটকে নহবৎ বসিয়াছে"
bibhutibhushan bandopadhyay,বাজার হইতে দলে দলে লোক ফুলের মালা ও পূজার উপকরণ কিনিয়া ফিরিতেছে
bibhutibhushan bandopadhyay,"আজ এক বছরের উপর হইল জোড়াসাঁকো স্কুলের চাকুরি ছাড়িয়া দিয়া বসিয়া আছি- অথবা বসিয়া ঠিক নাই, চাকুরির খোঁজে হেন মার্চেন্ট আপিস নাই, হেন স্কুল নাই, হেন খবরের কাগজের আপিস নাই, হেন বড়লোকের বাড়ি নাই- যেখানে অন্তত দশ বার না হাঁটাহাঁটি করিয়াছি, সকলেরই এক কথা, চাকুরি খালি নাই৷ হঠাৎ পথে সতীশের সঙ্গে দেখা"
bibhutibhushan bandopadhyay,সতীশের সঙ্গে হিন্দু হোস্টেলে একসঙ্গে থাকিতাম
bibhutibhushan bandopadhyay,"বর্তমানে সে আলীপুরের উকীল, বিশেষ কিছু হয় বলিয়া মনে হয় না, বালিগঞ্জের ওদিকে কোথায় একটা টিউশনি আছে, সেটাই সংসারসমুদ্রে বর্তমানে তাহার পক্ষে ভেলার কাজ করিতেছে"
bibhutibhushan bandopadhyay,"আমার ভেলা তো দূরের কথা, একখানা মাস্তুল-ভাঙ্গা কাঠও নাই, যতদূর হাবুডুবু খাইবার তাহা খাইতেছি- সতীশকে দেখিয়া সে কথা আপাতত ভূলিয়া গেলাম"
bibhutibhushan bandopadhyay,"ভুলিয়া গেলাম তাহার আর একটা কারণ, সতীশ বলিল--এই যে, কোথায় চলেছ সত্যচরণ"
bibhutibhushan bandopadhyay,চল হিন্দু হোস্টেলের ঠাকুর দেখে আসি- আমাদের পুরনো জায়গাটা
bibhutibhushan bandopadhyay,আর ওবেলা বড় জল্সা হবে-- এসো
bibhutibhushan bandopadhyay,"ওয়ার্ড সিক্সের সেই অবিনাশকে মনে আছে, সেই যে ময়মনসিংহের কোন্ জমিদারের ছেলে, সে যে আজকাল বড় গায়ক"
bibhutibhushan bandopadhyay,"সে গান গাইবে, আমায় আবার একখানা কার্ড দিয়েছে- - তাদের এস্টেটের দু- একটা কাজকর্ম মাঝে মাঝে করি কিনা"
bibhutibhushan bandopadhyay,"এসো, তোমায় দেখলে সে খুশী হবে"
bibhutibhushan bandopadhyay,"কলেজে পড়িবার সময়, আজ পাঁচ-ছয় বছর আগে, আমোদ পাইলে আর কিছু চাহিতাম না- এখনও সে মনের ভাব কাটে নাই দেখিলাম"
bibhutibhushan bandopadhyay,হিন্দু হোস্টেলে ঠাকুর দেখিতে গিয়া সেখানে মধ্যাহ্ন-ভোজনের নিমন্ত্রণ পাইলাম
bibhutibhushan bandopadhyay,"কারণ আমাদের দেশের অনেক পরিচিত ছেলে এখানে থাকে, তাহারা কিছুতেই আসিতে দিতে চাহিল না"
bibhutibhushan bandopadhyay,"বলিলাম-বিকেলে জল্সা হবে, তা এখন কি"
bibhutibhushan bandopadhyay,মেস থেকে খেয়ে আসব এখন
bibhutibhushan bandopadhyay,তাহারা সে কথায় কর্ণপাত করিল না
bibhutibhushan bandopadhyay,কর্ণপাত করিলে আমাকে সরস্বতী-পূজার দিনটা উপবাসে কাটাইতে হইত
bibhutibhushan bandopadhyay,ম্যানেজারের অমন কড়া চিঠির পরে আমি গিয়া মেসের লুচি পায়েসের ভোজ খাইতে পারিতাম একটা টাকাও দিই নাই
bibhutibhushan bandopadhyay,বেশ হইল-পেট ভরিয়া নিমন্ত্রণ খাইয়া বৈকালে জল্সার আসরে গিয়া বসিলাম
bibhutibhushan bandopadhyay,"আবার তিন বৎসর পূর্বের ছাত্র-জীবনের উল্লাস ফিরিয়া আসিল--কে মনে রাখে চাকুরি পাইলাম কি না-পাইলাম, মেসের ম্যানেজার মুখ হাঁড়ি করিয়া বসিয়া আছে কি না-আছে"
bibhutibhushan bandopadhyay,হুংরি ও কীর্তনের সমুদ্রে তলাইয়া গিয়া ভুলিয়া গেলাম যে দেনা মিটাইতে না পারিলে কাল সকাল হইতে বায়ুভক্ষণের ব্যবস্থা হইবে
bibhutibhushan bandopadhyay,জলসা যখন ভাঙ্গিল তখন রাত এগারটা
bibhutibhushan bandopadhyay,"অবিনাশের সঙ্গে আলাপ হইল, হিন্দু হোস্টেলে থাকিবার সময় সে আর আমি ডিবেটিং ক্লাবের চাঁই ছিলাম-- একবার স্যর গুরুদাস বন্দ্যোপাধ্যায়কে আমরা সভাপতি করিয়াছিলাম"
bibhutibhushan bandopadhyay,"বিষয় ""স্কুল-কলেজে বাধ্যতামূলক ধর্মশিক্ষা প্রবর্তন করা উচিত"""
bibhutibhushan bandopadhyay,অবিনাশ প্রস্তাবকর্তা আমি প্রতিবাদী - পক্ষের নায়ক উভয় পক্ষের তুমুল তর্কের পরে সভাপতি আমাদের পক্ষে মত দিলেন
bibhutibhushan bandopadhyay,সেই হইতে অবিনাশের সঙ্গে খুব বন্ধুত্ব হইয়া যায়-যদিও কলেজ হইতে বাহির হইয়া এই প্রথম আবার তার সঙ্গে দেখাসাক্ষাৎ
bibhutibhushan bandopadhyay,"অবিনাশ বলিল-চল, আমার গাড়ী রয়েছে--তোমাকে পৌঁছে দিই"
bibhutibhushan bandopadhyay,"আরণ্যক মেসের দরজায় নামাইয়া দিয়া বলিল--শোন, কাল হ্যারিংটন স্ট্রীাটে আমার বাড়ীতে চা খাবে বিকেল চারটের সময়"
bibhutibhushan bandopadhyay,"পরদিন খুঁজিয়া হ্যারিংটন স্ট্রীট বাহির করিলাম, বন্ধুর বাড়ীও বাহির করিলাম"
bibhutibhushan bandopadhyay,"বাড়ী খুব বড় নয়, তবে সামনে পিছনে বাগান"
bibhutibhushan bandopadhyay,"গেটে উইস্টারিয়া লতা, নেপালী দারোয়ান, ও পিতলের প্লেট"
bibhutibhushan bandopadhyay,"লাল সুরকির বাঁকা রাস্তা- রাস্তার এক ধারে সবুজ ঘাসের লন, অন্য ধারে বড় বড় মুচুকুন্দ চাঁপা ও আমগাছ"
bibhutibhushan bandopadhyay,গাড়ীবারান্দায় বড় একখানা মোটর গাড়ী
bibhutibhushan bandopadhyay,বড়লোকের বাড়ী নয় বলিয়া ভুল করিবার কোন দিক হইতে কোন উপায় নাই
bibhutibhushan bandopadhyay,সিঁড়ি দিয়া উপরে উঠিয়াই বসিবার ঘর
bibhutibhushan bandopadhyay,অবিনাশ আসিয়া আদর করিয়া ঘরে বসাইল এবং প্রায় সঙ্গে সঙ্গেই পুরাতন দিনের কথাবার্তায় আমরা দু'জনেই মশগুল হইয়া গেলাম
bibhutibhushan bandopadhyay,"অবিনাশের বাবা ময়মনসিংহের একজন বড় জমিদার, কিন্তু সম্প্রতি কলিকাতার বাড়ীতে তাঁহারা কেহই নাই"
bibhutibhushan bandopadhyay,অবিনাশের এক ভর্মীর বিবাহ উপলক্ষে গত অগ্রহায়ণ মাসে দেশে গিয়াছিলেন-এখনও কেহই আসেন নাই
bibhutibhushan bandopadhyay,এ-কথা ও-কথার পর অবিনাশ বলিল--এখন কি করছ সত্য
bibhutibhushan bandopadhyay,"বলিলাম--জোড়াসাঁকো স্কুলে মাস্টারী করতুম, সম্প্রতি বসেই আছি একরকম"
bibhutibhushan bandopadhyay,ভাবছি আর মাস্টারী করব না
bibhutibhushan bandopadhyay,দেখছি অন্য কোনো দিকে যদি- দু-এক জায়গায় আশাও পেয়েছি
bibhutibhushan bandopadhyay,"আশা পাওয়ার কথা সত্য নয়, কিন্তু অবিনাশ বড়লোকের ছেলে, এস্টেট ওদের তাহার কাছে চাকুরির উমেদারী করিতেছি এটা না--দেখায়, তাই কথাটা বলিলাম"
bibhutibhushan bandopadhyay,অবিনাশ একটুখানি ভাবিয়া বলিল--তোমার মত একজন উপযুক্ত লোকের চাকুরি পেতে দেরী হবে না অবিশ্যি
bibhutibhushan bandopadhyay,"আমার একটা কথা আছে, তুমি তো আইনও পড়েছিলে- না"
bibhutibhushan bandopadhyay,"বলিলাম-পাসও করেছি, কিন্তু ওকালতি করবার মতিগতি নেই"
bibhutibhushan bandopadhyay,অবিনাশ বলি- আমাদের একটা জঙ্গল-মহাল আছে পূর্ণিয়া জেলায়
bibhutibhushan bandopadhyay,প্রায় বিশ-ত্রিশ হাজার বিঘে জমি
bibhutibhushan bandopadhyay,আমাদের সেখানে নায়েব আছে কিন্তু তার ওপর বিশ্বাস করে অত জমি বন্দোবস্তের ভার দেওয়া চলে না
bibhutibhushan bandopadhyay,আমরা একজন উপযুক্ত লোক খুঁজছি
bibhutibhushan bandopadhyay,কান অনেক সময় মানুষকে প্রবঞ্চনা করে জানিতাম
bibhutibhushan bandopadhyay,"যে চাকুরির খোঁজে আজ একটি বছর কলিকাতার রাস্তাঘাট চষিয়া বেড়াইতেছি, চায়ের নিমন্ত্রণে সম্পূর্ণ অযাচিতভাবে সেই চাকুরির প্রস্তাব আপনা হইতেই সম্মুখে আসিয়া উপস্থিত হইল"
bibhutibhushan bandopadhyay,তবুও মান বজায় রাখিতে হইবে৷ অত্যন্ত সংযমের সহিত মনের ভাব চাপিয়া উদাসীনের মতো বলিলাম--ও
bibhutibhushan bandopadhyay,অবিনাশ খুব খোলাখুলি ও দিলদরিয়া মেজাজের মানুষ
bibhutibhushan bandopadhyay,বলিল- ভাবাভাবি রেখে আমি বাবাকে আজই পত্র লিখতে বসছি
bibhutibhushan bandopadhyay,আমরা একজন বিশ্বাসী লোক খুঁজছি
bibhutibhushan bandopadhyay,জমিদারীর ঘুণ কর্মচারী আমরা চাই নে- কারণ তারা প্রায়ই তোমার মতো শিক্ষিত ও বুদ্ধিমান লোকের সেখানে দরকার
bibhutibhushan bandopadhyay,জঙ্গল-মহাল আমরা নূতন প্রজার সঙ্গে বন্দোবস্ত করব
bibhutibhushan bandopadhyay,অত দায়িত্বপূর্ণ কাজ কি যার-তার হাতে ছেড়ে দেওয়া যায়
bibhutibhushan bandopadhyay,"তোমার সঙ্গে আজ আলাপ নয়, তোমার নাড়ীনক্ষত্র আমি জানি"
bibhutibhushan bandopadhyay,তুমি রাজী হয়ে যাও-আমি এখুনি বাবাকে লিখে আ্যাপয়েন্টমেন্ট লেটার আনিয়ে দিচ্ছি
bibhutibhushan bandopadhyay,কি করিয়া চাকুরি পাইলাম তাহা বেশি বলিবার আবশ্যক নাই
bibhutibhushan bandopadhyay,কারণ এ গল্পের উদ্দেশ্য স্বতন্ত্র
bibhutibhushan bandopadhyay,সংক্ষেপে বলিয়া রাখি-অবিনাশের বাড়ীর চায়ের নিমন্ত্রণ খাইবার দুই সপ্তাহ পরে একদিন নিজের জিনিসপত্র লইয়া বি এন্ ডব্লিউ রেলওয়ের একটা ছোট স্টেশনে নামিলাম
bibhutibhushan bandopadhyay,"বিস্তীর্ণ প্রান্তরে ঘন ছায়া নামিয়াছে, দূরে বনশ্রেণীর মাথায় মাথায় অল্প অল্প কুয়াশা জমিয়াছে"
bibhutibhushan bandopadhyay,"রেল-লাইনের দু-ধারে মটর-ক্ষেত, শীতল সান্ধ্য-বাতাসে তাজা মটরশাকের সুগন্ধে কেমন মনে হইল যে-জীবন আরম্ভ করিতে যাইতেছি তাহা বড় নির্জন আরণ্যক হইবে, এই শীতের সন্ধ্যা যেমন নির্জন, যেমন নির্জন এই উদার প্রান্তর আর ওই দূরের নীলবর্ণ বনশ্রেণী, তেমনি"
bibhutibhushan bandopadhyay,গোরুর গাড়ীতে প্রায় পনের-ষোল ক্রোশ চলিলাম সারারাত্রি ধরিয়া-ছইয়ের মধ্যে কলিকাতা হইতে আনীত কম্বল র্যাগ ইত্যাদি শীতে জল হইয়া গেল-কে জানিত এ-সব অঞ্চলে ভয়ানক শীত
bibhutibhushan bandopadhyay,"সকালে রৌদ্র যখন উঠিয়াছে, তখনো পথ চলিতেছি"
bibhutibhushan bandopadhyay,"দেখিলাম, জমির প্রকৃতি বদলাইয়া গিয়াছে প্রাকৃতিক অন্য মূর্তি পরিগ্রহ করিয়াছে-ক্ষেতখামার নাই, বস্তি লোকালয়ও বড়-একটা দেখা যায় না-কেবল ছোটবড় বন, কোথাও ঘন, কোথাও পাতলা, মাঝে মাঝে মুক্ত প্রান্তর, কিন্তু তাহাতে ফসলের আবাদ নাই"
bibhutibhushan bandopadhyay,কাছারিতে পৌঁছিলাম বেলা দশটার সময়
bibhutibhushan bandopadhyay,"জঙ্গলের মধ্যে প্রায় দশ-পনের বিঘা জমি পরিষ্কার করিয়া কতকগুলি খড়ের ঘর, জঙ্গলেরই কাঠ, বাঁশ ও খড় দিয়া তৈরী- ঘরে শুকনো ঘাস ও বন-ঝাউয়ের সরু গুঁড়ির বেড়া, তাহার উপর মাটি দিয়া লেপা"
bibhutibhushan bandopadhyay,"ঘরগুলি নতুন তৈরি, ঘরের মধ্যে ঢুকিয়াই টাট্কা-কাটা খড়, আধকাঁচা ঘাস ও বাঁশের গন্ধ পাওয়া গেল"
bibhutibhushan bandopadhyay,"জিজ্ঞাসা করিয়া জানিলাম, আগে জঙ্গলের ওদিকে কোথায় কাছারি ছিল, কিন্তু শীতকালে সেখানে জলাভাব হওয়ায় এই ঘর নতুন বাঁধা হইয়াছে, কারণ পাশেই একটা ঝরনা থাকায় এখানে জলের কষ্ট নাই"
bibhutibhushan bandopadhyay,জীবনের বেশীর ভাগ সময় কলিকাতায় কাটাইয়াছি
bibhutibhushan bandopadhyay,"বন্ধু-বান্ধবের সঙ্গে, লাইব্রেরী, থিয়েটার সিনেমা, গানের আড্ডা-এসব ভিন্ন জীবন কল্পনা করিতে পারি অবস্থায় চাকুরির কয়েকটি টাকার খাতিরে যেখানে আসিয়া পড়িলাম, এত নির্জন স্থানের কল্পনাও কোনোদিন করি নাই"
bibhutibhushan bandopadhyay,"দিনের পর দিন যায়, পূর্বাকাশে সূর্যের উদয় দেখি দূরের পাহাড় ও জঙ্গলের মাথায়, আবার সন্ধ্যায় সমগ্র বনঝাউ ও দীর্ঘ ঘাসের বনশীর্ষ সিঁদুরে রঙে রাঙাইয়া সূর্যকে ডুবিয়া যাইতে মধ্যে শীতকালের যে এগার-ঘন্টা ব্যাপী দিন, তা যেন খাঁ-খাঁ করে শূন্য, কি করিয়া তাহা পুরাইব, প্রথম প্রথম সেইটা আমার পক্ষে হইল মহাসমস্যা"
bibhutibhushan bandopadhyay,"কাজকর্ম করিলে অনেক করা যায় বটে, কিন্তু আমি নিতান্ত নব আগন্তক, এখনো ভালো করিয়া এখানকার লোকের ভাষা বুঝিতে পারি না, কাজের কোনো বিলিব্যবস্থাও করিতে পারি না, নিজের ঘরে বসিয়া বসিয়া, যে কয়খানি বই সঙ্গে আনিয়াছিলাম তাহা পড়িয়াই কোনো রকমে দিন কাটাই কাছারিতে লোকজন যারা আছে তারা নিতান্ত বর্বর, না বোঝে তাহারা আমার কথা, না আমি ভালো বুঝি তাহাদের কথা"
bibhutibhushan bandopadhyay,প্রথম কি কষ্টে যে কাটিল
bibhutibhushan bandopadhyay,"কতবার মনে হইল চাকুরিতে দরকার নাই, এখানে হাঁপাইয়া মরার চেয়ে আধপেটা খাইয়া কলিকাতায় থাকা ভাল"
bibhutibhushan bandopadhyay,"অবিনাশের অনুরোধে কি করিয়াছি এই জনহীন জঙ্গলে আসিয়া, এ-জীবন আমার জন্য নয়"
bibhutibhushan bandopadhyay,"রাত্রিতে নিজের ঘরে বসিয়া এই সবই ভাবিতেছি, এমন সময় ঘরের দরজা ঠেলিয়া কাছারির বৃদ্ধ মুহুরী গোষ্ঠ চক্রবর্তী প্রবেশ করিলেন"
bibhutibhushan bandopadhyay,এই একমাত্র লোক যাহার সহিত বাংলা কথা বলিয়া হাঁপ ছাড়িয়া বাঁচি
bibhutibhushan bandopadhyay,গোষ্ঠবাবু এখানে আছেন অন্তত সতের-আঠার বছর
bibhutibhushan bandopadhyay,বর্ধমান জেলায় বনপাশ স্টেশনের কাছে কোন্ গ্রামে বাড়ি
bibhutibhushan bandopadhyay,"বলিলাম, বসুন গোষ্ঠবাবু গোষ্ঠবাবু অন্য একখানা চেয়ারে বসিলেন"
bibhutibhushan bandopadhyay,"বলিলেন-আপনাকে একটা কথা বলতে এলাম নিরিবিলি, এখানকার কোনো মানুষকে বিশ্বাস করবেন না"
bibhutibhushan bandopadhyay,"লোকজন সব বড় খারাপ- দেশের মানুষও সবাই যে খুব ভাল, এমন নয় গোষ্ঠবাবু আর আমার জানতে বাকী নেই, ম্যানেজার বাবু"
bibhutibhushan bandopadhyay,সেই দুঃখে আর ম্যালেরিয়ার তাড়নায় প্রথম এখানে আসি
bibhutibhushan bandopadhyay,"প্রথম এসে বড় কষ্ট হত, এ জঙ্গলে মন হাঁপিয়ে উঠত- আজকাল আরণ্যক হয়েছে, দেশ তো দূরের কথা, পূর্ণিয়া কি পাটনাতে কাজে গিয়ে দু-দিনের বেশী থাকতে পার নে"
bibhutibhushan bandopadhyay,গোষ্ঠবাবুর মুখের দিকে সকৌতুকে চাহিলাম-বলে কি
bibhutibhushan bandopadhyay,জিজ্ঞাসা করিলাম--থাকতে পারেন না কেন
bibhutibhushan bandopadhyay,জঙ্গলের জন্য মন হাঁপায় নাকি
bibhutibhushan bandopadhyay,গোষ্ঠবাবু আমার দিকে চাহিয়া একটু হাসিলেন
bibhutibhushan bandopadhyay,"বলিলেন, ঠিক তাই, ম্যানেজার বাবু"
bibhutibhushan bandopadhyay,"নতুন এসেছেন কলকাতা থেকে, কলকাতার জন্যে মন করছে, বয়সও আপনার কম"
bibhutibhushan bandopadhyay,কোনো গোলমাল কি লোকের ভিড় আর ভাল লাগবে না
bibhutibhushan bandopadhyay,এই গত মাসে মুঙ্গের গিয়েছিলাম মোকদ্দমার কাজে- কেবল মনে হয় কবে এখান থেকে বেরুব
bibhutibhushan bandopadhyay,"ছা ছানা মনে মনে ভাবিলাম, ভগবান সে দুরবস্থার হাত থেকে আমায় উদ্ধার করুন"
bibhutibhushan bandopadhyay,তার আগে চাকুরিতে ইস্তফা দিয়া কোন্কালে কোলকাতায় ফিরিয়া গিয়াছি
bibhutibhushan bandopadhyay,"গোষ্ঠবাবু বলিলেন, বন্দুকটা রাত-বেরাত শিয়রে রেখে শোবেন, জায়গা ভালো নয়"
bibhutibhushan bandopadhyay,এর আগে একবার কাছারিতে ডাকাতি হয়ে গিয়েছে
bibhutibhushan bandopadhyay,"তবে আজকাল এখানে আর টাকাকড়ি থাকে না, এই যা কথা"
bibhutibhushan bandopadhyay,"কৌতূহলের সহিত বলিলাম, বলেন কি"
bibhutibhushan bandopadhyay,"এই বছর আট-নয় কিছুদিন থাকুন, তখন সব কথা জানতে পারবেন"
bibhutibhushan bandopadhyay,"তা ছাড়া, এই ভয়ানক জঙ্গলে ডাকাতি করে মেরে নিলে দেখবেই বা কে"
bibhutibhushan bandopadhyay,আরণ্যক গোষ্ঠবাবু চলিয়া গেলে একবার ঘরের জানালার কাছে আসিয়া দাঁড়াইলাম
bibhutibhushan bandopadhyay,"দূরে জঙ্গলের মাথায় চাঁদ উঠিতেছে- আর সেই উদীয়মান চন্দ্রের পটভূমিকায় আঁকাবাঁকা একটা বনঝাউয়ের ডাল, ঠিক যেন জাপানী চিত্রকর হকুসাই-অস্কিত একখানি চাকুরি করিবার আর জায়গা খুঁজিয়া পাই নাই"
bibhutibhushan bandopadhyay,"এ-সব বিপজ্জনক স্থান, আগে জানিলে কখনোই অবিনাশকে কথা দিতাম না"
bibhutibhushan bandopadhyay,দুর্ভাবনা সত্ত্বেও উদীয়মান চন্দ্রের সৌন্দর্য আমাকে বড় মুগ্ধ করিল
bibhutibhushan bandopadhyay,"কাছারির অনতিদূুরে একটা ছোট পাথরের টিলা, তার উপর প্রাচীন ও সুবৃহৎ একটা বটগাছ"
bibhutibhushan bandopadhyay,এই বটগাছের নাম সাহেবের বটগাছ
bibhutibhushan bandopadhyay,"কেন এই নাম হইল, তখন অনুসন্ধান করিয়াও কিছু জানিতে পারি নাই"
bibhutibhushan bandopadhyay,একদিন নিস্তব্ধ অপরাহ্ন বেড়াইতে বেড়াইতে পশ্চিম দিগন্তে সূর্যাস্তের শোভা দেখিতে টিলার উপরে উঠিলাম
bibhutibhushan bandopadhyay,"কু নাং দত , র্ ম ( ( টিলার উপরকার বটত্লায় আসন্ন সন্ধ্যার ঘন ছায়ায় দাঁড়াইয়া দাঁড়াইয়া কত দূর পর্যন্ত এক চমকে দেখিতে পাইলাম-কলুটোলার মেস, কপালীটোলার সেই ব্রিজের আড়ডাটি, গোলদিখিতে আমার প্রিয় বেঞ্চখানা- প্রতিদিন এমন সময়ে যাহাতে গিয়া বসিয়া কলেজ স্ট্রীটের বিরামহীন জনস্রোত ও বাস মোটরের ভিড় দেখিতাম"
bibhutibhushan bandopadhyay,হঠাৎ যেন কতদূরে পড়িয়া রহিয়াছে মনে আরণ্যক হইল তাহারা
bibhutibhushan bandopadhyay,মন করিয়া উঠিল- কোথায় আছি
bibhutibhushan bandopadhyay,কোথাকার জনহীন অরণ্যে-প্রান্তরে খড়ের চালায় বাস করিতেছি চাকুরির খাতিরে
bibhutibhushan bandopadhyay,"লোক নাই, জন নাই, সম্পূর্ণ নিঃসঙ্গ- -একটা কথা কহিবার মানুষ পর্যন্ত নাই"
bibhutibhushan bandopadhyay,"এদেশের এইসব মূর্খ, বর্বর মানুষ এরা একটা ভালো কথা বলিলে বুঝিতে পারে না-এদেরই সাহচর্যে দিনের পর দিন কাটাইতে হইবে"
bibhutibhushan bandopadhyay,"সেই দূরবিসপী দিগন্তব্যাপী জনহীন সন্ধ্যার মধ্যে দাঁড়াইয়া মন উদাস হইয়া গেল, কেমন ভয়ও হইল"
bibhutibhushan bandopadhyay,"তখন করিলাম, এ মাসের আর সামান্য দিনই বাকী, সামনের মাসটা কোনোরূপে চোখ বুজিয়া কাটাইব, তার পর অবিনাশকে একখানা লম্বা পত্র লিখিয়া চাকুরিতে ইস্তফা দিয়া কলিকাতায় ফিরিয়া গিয়া সভ্য বন্ধুবান্ধবদের অভ্যর্থনা পাইয়া, সভ্য খাদ্য খাইয়া, সভ্য সুরের শুনিয়া, মানুষের ভিড়ের মধ্যে ঢুকিয়া, বছ মানবের আনন্দ-উল্লাসভরা কণ্ঠস্বর শুনিয়া"
bibhutibhushan bandopadhyay,পূর্বে কি জানিতাম মানুষের মধ্যে থাকিতে এত ভালবাসি
bibhutibhushan bandopadhyay,তাহাদের প্রতি আমার যে কর্তব্য হয়তো সব সময় তাহা করিয়া উঠিতে পারি না-কিন্তু ভালবাসি তাহাদের নিশ্চয়ই
bibhutibhushan bandopadhyay,নতুবা এত কষ্ট পাইব কেন তাহাদের ছাড়িয়া আসিয়া
bibhutibhushan bandopadhyay,"প্রেসিডেন্সি কলেজের রেলিঙে বই বিক্রী করে সেই যে বৃদ্ধ মুসলমানটি, কতদিন তাহার দোকানে দাঁড়াইয়া পুরোনো বই ও মাসিক পত্রিকার পাতা উল্টাইয়াছি- কেনা উচিত ছিল হয়ত, কেনা হয় যেন পরম আত্মীয় বলিয়া মনে হইল- তাহাকে আজ কতদিন দেখি নাং"
bibhutibhushan bandopadhyay,"কাছারিতে ফিরিয়া নিজের ঘরে ঢুকিয়া টেবিলে আলো স্বালিয়া একখানা বই লইয়া বসিয়াছি, সিপাহী মুনেশ্বর সিং আসিয়া সেলাম করিয়া দাঁড়াইল"
bibhutibhushan bandopadhyay,ইতিমধ্যে দেহাতি হিন্দী কিছু কিছু বলিতে শিখিয়াছিলাম
bibhutibhushan bandopadhyay,"মুনেশ্বর বলিল- হুজুর, আমায় একখানা লোহার কড়া কিনে দেবার হুকুম যদি দেন মুহুরী বাবুকে হবে লোহার কড়া"
bibhutibhushan bandopadhyay,মুনেশ্বরের মুখ প্রাপ্তির আশায় উজ্জ্বল হইয়া উঠিল
bibhutibhushan bandopadhyay,সে বিনীত সুরে বলিল-একখানা লোহার কড়া থাকলে কত সুবিধে হুজুর
bibhutibhushan bandopadhyay,"যেখানে সেখানে সঙ্গে নিয়ে গেলাম, ভাত রাঁধা যায়, জিনিসপত্র রাখা যায়, ওতে করে ভাত খাওয়া যায়, ভাঙবে না"
bibhutibhushan bandopadhyay,"কতদিন থেকে ভাবছি একখানা কথা- কিন্তু হুজুর, বড় গরীব, একখানা কড়ার দাম ছ-আনা, অত দাম দিয়ে কড়া কিনি কেমন করে"
bibhutibhushan bandopadhyay,"তাই হুজুরের কাছে আসা, অনেক দিনের সাধ একখানা কড়া আমার হয়, হুজুর যদি মঞ্জুর করেন, হুজুর মালিক ৷ একখানা লোহার কড়াই যে এত গুণের, তাহার জন্য যে এখানে লোক রাত্রে স্বপ্ন দেখে, এ ধরনের কথা এই আমি প্রথম শুনিলাম"
bibhutibhushan bandopadhyay,এত গরিব লোক পৃথিবীতে আছে যে ছ-আনা দামের একখানা লোহার কড়াই জুটিলে স্বর্গ হাতে পায়
bibhutibhushan bandopadhyay,শুনিয়াছিলাম এদেশের লোক বড় গরীব গরীব তাহা জানিতাম না
bibhutibhushan bandopadhyay,পরদিন আমার সই করা চিরকুটের জোরে মুনেশ্বর সিং নউগচ্ছিয়ার বাজার হইতে একখানা পাঁচ নম্বরের কড়াই কিনিয়া আনিয়া আমার ঘরের মেঝেতে নামাইয়া আমায় সেলাম দিয়া দাঁড়াইল
bibhutibhushan bandopadhyay,"হো গৈল, হুজুরকী কৃপা-সে-কড়াইয়া হো গৈল"
bibhutibhushan bandopadhyay,তাহার হর্ষযোৎফুল্প মুখের দিকে চাহিয়া আমার এই একমাসের মধ্যে সর্বপ্রথম আজ মনে লোকগুলো বড় কষ্ট তো এদের
bibhutibhushan bandopadhyay,আরণ্যক দ্বিতীয় পরিচ্ছেদ কিছুতেই কিন্তু এখানকার এই জীবনের সঙ্গে নিজেকে আমি খাপ খাওয়াইতে পারিতেছি না
bibhutibhushan bandopadhyay,"বাংলা দেশ হইতে সদ্য আসিয়াছি, চিরকাল কলিকাতায় কাটাইয়াছি, এই অরণ্যভূমির নির্জনতা যেন পাথরের মত বুকে চাপিয়া আছে বলিয়া মনে হয়"
bibhutibhushan bandopadhyay,এক-একদিন বৈকালে বেড়াইতে বাহির হইয়া অনেক দূর পর্যন্ত যাই
bibhutibhushan bandopadhyay,"কাছারির কাছে তবুও লোকজনের গলা শুনিতে পাওয়া যায়, রশি দুই-তিন গেলেই কাছারি-ঘরগুলা যেমন দীর্ঘ বনঝাউ ও কাশ জঙ্গলের আড়ালে পড়ে, তখন মনে হয় সমস্ত পৃথিবীতে আমি একাকী তারপর যতদূর যাওয়া যায়, চওড়া মাঠের দু-ধারে ঘন বনের সারি বহুদূর পর্যন্ত চলিয়াছে, শুধু বন আর ঝোপ, গজারি গাছ, বাবলা, বন্য কাঁটা-বাঁশ, বেত ঝোপ"
bibhutibhushan bandopadhyay,"গাছের ও ঝোপের মাথায় মাথায় অস্তোন্মুখ সূর্য সিঁদুর ছড়াইয়া দিয়াছে-সন্ধ্যার বাতাসে বন্যপুষ্প ও গগনে সুমা, প্রতি ঝোপ পাখীর 'কাবলীতে মুখর, তার মধ্যে হিমালয়ের বনটিয়াও আছে"
bibhutibhushan bandopadhyay,মুক্ত দূরপ্রসারী তৃণাবৃত প্রান্তর ও শ্যামল বনভূমির মেলা
bibhutibhushan bandopadhyay,"এই সময় মাঝে মাঝে মনে হইত যে, এখানে প্রকৃতির যে রূপ দেখিতেছি, এমনটি আর কোথাও দেখি নাই"
bibhutibhushan bandopadhyay,"যতদূর চোখ যায়, এসব যেন আমার, আমি এখানে একমাত্র মানুষ, আমার নির্জনতা ভঙ্গ করিতে আসিবে না কেউ- মুক্ত আকাশতলে নিস্তব্ধ সন্ধ্যায় দূর দিগন্তের সীমারেখা পর্যন্ত মনকে ও কল্পনাকে প্রসারিত করিয়া দিই"
bibhutibhushan bandopadhyay,"কাছারি হইতে প্রায় এক দূরে একটা নাবাল জায়গা আছে, সেখানে কয়েকটি পাহাড়ী ঝরণা ঝির্ ঝির্ করিয়া বহিয়া যাইতেছে, তাহার দু-পারে জলজ লিলির বন, কলিকাতার বাগানে যাহাকে বলে স্পাইডার-লিলি"
bibhutibhushan bandopadhyay,"বন্য স্পাইডার-লিলি কখনো দেখি নাই, জানিতামও না যে, এমন নিভৃত ঝরনার উপল-বিছানো তীরে ফুটন্ত লিলি ফুলের এত শোভা হয় বা বাতাসে তাহারা এত মৃদু কোমল সুবাস বিস্তার করে"
bibhutibhushan bandopadhyay,"কতবার গিয়া এখানটিতে চুপ করিয়া বসিয়া আকাশ, সন্ধ্যা ও নির্জনতা উপভোগ করিয়াছি"
bibhutibhushan bandopadhyay,মাঝে মাঝে ঘোড়ায় চড়িয়া বেড়াই
bibhutibhushan bandopadhyay,"প্রথম প্রথম ভালো চড়িতে পারিতাম না, ক্রমে ভালোই শিখিলাম"
bibhutibhushan bandopadhyay,শিখিয়াই বুঝিলাম জীবনে এত আনন্দ আর কিছুতেই নাই
bibhutibhushan bandopadhyay,"যে কখনও এমন নির্জন আকাশতলে দিগন্তব্যাপী বনপ্রান্তরে ইচ্ছামতো ঘোড়া ছুটাইয়া না বেড়াইয়াছে, তাহাকে বোঝানো যাইবে না সে কি আনন্দ"
bibhutibhushan bandopadhyay,"কাছারি হইতে দশ-পনের মাইল দূরবতী স্থানে সার্ভে পার্টি কাজ করিতেছে, প্রায়ই আজকাল সকালে এক পেয়ালা চা খাইয়া ঘোড়ার পিঠে জিন কষিয়া সেই যে ঘোড়ায় উঠি, কোনোদিন ফিরি বৈকালে, কোনোদিন বা ফিরিবার পথে জঙ্গলের মাথার উপর নক্ষত্র ওঠে, বৃহস্পতি জ্বল্ করে; জ্যোৎস্নারাতে বনপুষ্পের সুবাস জ্যোৎন্নার সহিত মেশে, শৃগালের রব প্রহর ঘোষণা করে, জঙ্গলের পোকা দল বাঁধিয়া ডাকিতে থাকে"
bibhutibhushan bandopadhyay,আরণ্যক যে কাজে এখানে আসা তার জন্য অনেক চেষ্টা করা যাইতেছে
bibhutibhushan bandopadhyay,"এত হাজার বিঘা জমি, হঠাৎ বন্দোবস্ত হওয়াও সোজা কথা নয় অবশ্য"
bibhutibhushan bandopadhyay,"আর একটা ব্যাপার এখানে আসিয়া জানিয়াছি, এই জমি আজ ত্রিশ বছর পূর্বে নদীগর্ভে সিকস্তি হইয়া গিয়াছিল--বিশ বছর হইল বাহির হইয়াছে কিন্তু যাহারা পিতৃপিতামহের জমি গঙ্গায় ভাঙিয়া যাওয়ার পরে অন্যত্র উঠিয়া গিয়া বাস করিয়াছিল, সেই পুরাতন প্রজাদিগকে জমিদার এইসব জমিতে দখল দিতে চাহিতেছেন না"
bibhutibhushan bandopadhyay,মোটা সেলামি ও বর্ধিত হারে খাজনার লোভে নূতন প্রজাদের সঙ্গেই বন্দোবস্ত করিতে চান
bibhutibhushan bandopadhyay,"অথচ যে-সব গৃহহীন, আশ্রয়হীন অতিদরিদ্র পুরাতন প্রজাকে তাহাদের ন্যায্য অধিকার হইতে বঞ্চিত করা হইয়াছে তাহারা বারবার অনুরোধ-উপরোধ কান্নাকাটি করিয়াও জমি পাইতেছে না"
bibhutibhushan bandopadhyay,"আমার কাছেও অনেকে আসিয়াছিল তাহাদের অবস্থা দেখিলে কষ্ট হয়, কিন্তু জমিদারের হুকুম, কোনো পুরাতন প্রজাকে জমি দেওয়া হইবে না"
bibhutibhushan bandopadhyay,কারণ একবার চাপিয়া বসিলে তাহাদের পুরাতন স্বত্ব তাহারা আইনত দাবি করিতে পারে
bibhutibhushan bandopadhyay,"জমিদারের লাঠির জোর বেশি, প্রজারা আজ বিশ বৎসর ভূমিহীন ও গৃহহীন অবস্থায় দেশে দেশে মজুরী করিয়া খায়, কেহ সামান্য চাষবাস করে, অনেকে মরিয়া গিয়াছে, তাহাদের ছেলেপিলেরা নাবালক বা অসহায়- প্রবল জমিদারের বিরুদ্ধে স্রোতের মুখে কুটার মত ভাসিয়া যাইবে"
bibhutibhushan bandopadhyay,রং এদিকে নূতন প্রজা সংগ্রহ করা যায় কোথা হইতে
bibhutibhushan bandopadhyay,"মুঙ্গের, পূর্ণিয়া, ভাগলপুর, ছাপরা প্রভৃতি নিকটবর্তী জেলা হইতে লোক যাহারা আসে, দর শুনিয়া পিছাইয়া যায়"
bibhutibhushan bandopadhyay,এইরূপ মৃদু গতিতে অগ্রসর হইলে দশহাজার বিঘা জঙ্গলী জমি প্রজাবিলি হইতে বিশ-পঁচিশ বৎসর লাগিয়া যাইবে
bibhutibhushan bandopadhyay,"আরণ্যক আমাদের এক ডিহি কাছারি আছে- সেও ঘোর জঙ্গলময় মহাল--এখান থেকে উনিশ মাইল জায়গাটার নাম লবটুলিয়া, কিন্তু এখানেও যেমন জঙ্গল, সেখানেও তেমনি, কেবল সেখানে কাছারি রাখার উদ্দেশ্য এই যে, সেই জঙ্গলটা প্রতিবছর গোয়ালাদের গোরু-মহিষ চরাইবার জন্য খাজনা করিয়া দেওয়া হয়"
bibhutibhushan bandopadhyay,"বাদে সেখানে প্রায় দু'তিনশ বিঘা জমিতে বন্যকুলের জঙ্গল আছে, লাক্ষা-কীট পুষিবার জন্য লোকে এই কুল-বন জমা লইয়া থাকে"
bibhutibhushan bandopadhyay,এই টাকাটা আদায় করিবার জন্য সেখানে দশ টাকা মাহিনার একজন পাটোয়ারী ও তাহার একটা ছোট কাছারি আছে
bibhutibhushan bandopadhyay,"কুল-বন ইজারা দিবার সময় আসিতেছে, একদিন ঘোড়া করিয়া লবটুলিয়াতে রওনা হইলাম"
bibhutibhushan bandopadhyay,"আমার কাছারি ও লব্টুলিয়ার মাঝখানে একটা উঁচু রাঙামাটির ডাঙা প্রায় সাত-আট মাইল লম্বা, এর নাম 'ফুলকিয়া বইহার'-কত ধরনের গাছপালা ও ঝোপ- জঙ্গলে পরিপূর্ণ জায়গায় জায়গায় বন এত ঘন যে, ঘোড়ার গায়ে ডালপালা ঠেকে বইহার যেখানে নামিয়া গিয়া সমতল ভূমির সহিত মিশিল, চানন্ বলিয়া একটি পাহাড়ী নদী সেখানে উপলখণ্ডের ড্র দিয়া ঝির্ঝির্ করিয়া বহিতেছে, বর্ষাকালে সেখানে জল খুব গভীর- শীতকালে তত জল নাহ"
bibhutibhushan bandopadhyay,"অতি স্কুদ্র এক খড়ের ঘর, তার মেজে জমির সঙ্গে সমতল, ঘরের বেড়া পর্যন্ত শুকনো কাশের, বনঝাউয়ের ডালের পাতা দিয়া বাঁধা"
bibhutibhushan bandopadhyay,"সন্ধ্যার কিছু পূর্বে সেখানে পৌঁছিলাম--এত শীত যেখানে থাকি সেখানে নাই, শীতে জমিয়া যাইবার উপক্রম হইলাম বেলা না পড়িতেই"
bibhutibhushan bandopadhyay,"সিপাহীরা বনের ডালপাতা আগুন করিল, সেই আগুনের ধারে ক্যাম্প-চেয়ারে বসিলাম, অন্য সবাই গোল হইয়া আগুনের চারিধারে বসিল"
bibhutibhushan bandopadhyay,"কোথা হইতে সের পাঁচেক একটা রুই মাছ পাটোয়ারী আনিয়াছিল, এখন কথা উঠিল, রান্না করিবে কে"
bibhutibhushan bandopadhyay,আমি সঙ্গে পাচক আনি নাই
bibhutibhushan bandopadhyay,নিজেও রান্না করিতে জানি না
bibhutibhushan bandopadhyay,আমার সঙ্গে সাক্ষাৎ করিবার জন্য সাত-আটজন লবটুলিয়াতে অপেক্ষা করিতেছিল- তাহাদের মধ্যে কণ্টুমিশ্র নামে এক মৈথিল ব্রাহ্মণকে পাটোয়ারী রান্নার জন্য নিযুক্ত করিল
bibhutibhushan bandopadhyay,পাটোয়ারীকে বলিলাম--এ-সব লোকেই কি ইজারা ডাকবে
bibhutibhushan bandopadhyay,পাটোয়ারী বলিল- না ওরা খাবার লোভে এসেছে
bibhutibhushan bandopadhyay,আপনার আসবার নাম শুনে আজ দু-দিন ধরে কাছারিতে এসে বসে আছে
bibhutibhushan bandopadhyay,আরো অনেকে বোধ হয় কাল এমন কথা কখনো শুনি নাই
bibhutibhushan bandopadhyay,আমি তো নিমন্ত্রণ করি নি এদের
bibhutibhushan bandopadhyay,"হুজুর, এরা বড় গরীব; ভাত জিনিসটা খেতে পায় না"
bibhutibhushan bandopadhyay,"মকাইয়ের , এই এরা বারোমাস খায়"
bibhutibhushan bandopadhyay,ভাত খেতে পাওয়াটা এরা ভোজের সমান বিবেচনা করে
bibhutibhushan bandopadhyay,"আপনি আসছেন, ভাত খেতে পাবে এখানে, সেই লোভে সব এসেছে"
bibhutibhushan bandopadhyay,দেখুন না আরো কত আসে
bibhutibhushan bandopadhyay,"বাংলা দেশের লোকে বড় বেশী সভ্য হইয়া গিয়াছে ইহাদের তুলনায়, মনে হইল"
bibhutibhushan bandopadhyay,"কেন জানি না, এই অন্নভোজনলোলুপ সরল ব্যক্তিগুলিকে আমার সে-রাত্রে এত ভালো লাগিল"
bibhutibhushan bandopadhyay,"আগুনের চারিধারে বসিয়া তাহারা নিজেদের মধ্যে গল্প করিতেছিল, আমি শুনিতেছিলাম"
bibhutibhushan bandopadhyay,প্রথমে তাহারা আমার আগুনে বসিতে চাহে নাই আমার প্রতি সম্মানসূচক দূরত্ব বজায় রাখিবার জন্য- আমি তাহাদের ডাকিয়া আনিলাম
bibhutibhushan bandopadhyay,"কণ্টুমিশ্র কাছে বসিয়াই আসান কাঠের ডালপালা সজ্বালাইয়া মাছ রাঁধিতেছে-ধুনা পুড়াইবার মত সুগন্ধ বাহির হইতেছে ধোঁয়া হইতে- আগুনের কুণ্তের বাহিরে গেলে মনে হয়, যেন আকাশ হইতে বরফ পড়িতেছে- এত খাওয়া-দাওয়া হইতে রাত হইয়া গেল অনেক; কাছারিতে যত লোক ছিল, সকলেই খাইল"
bibhutibhushan bandopadhyay,তারপর আবার আগুনের ধারে গোল হইয়া বসা গেল
bibhutibhushan bandopadhyay,"শীতে মনে হইতেছে শরীরের আরণ্যক পর্যন্ত জমিয়া যাইবে ফাঁকা বলিয়াই শীত বোধ হয় এত বেশী, কিংবা বোধ হয় হিমালয় বেশী দূর নয় বলিয়া"
bibhutibhushan bandopadhyay,"আগুনের ধারে আমরা সাত-আটজন লোক, সামনে ছোট ছোট দুখানি খড়ের ঘর"
bibhutibhushan bandopadhyay,"একখানিতে থাকিব আমি, আর একখানিতে বাকী এতগুলি আমাদের চারিদিকে ঘিরিয়া অন্ধকার বন ও প্রান্তর, মাথার উপরে নক্ষত্র-ছড়ানো দূরপ্রসারী অন্ধকার আকাশ"
bibhutibhushan bandopadhyay,"আমার বড় অদ্ভুত লাগিল, যেন চিরপরিচিত পৃথিবী হইতে নির্বাসিত হইয়া মহাশূন্যে এক গ্রহে অন্য এক অজ্ঞাত রহস্যময় জীবনধারার সহিত জড়িত হইয়া পড়িয়াছি"
bibhutibhushan bandopadhyay,একজন বছরের লোক এ-দলের মধ্যে আমার মনোযোগকে বিশেষভাবে আকৃষ্ট করিয়াছিল
bibhutibhushan bandopadhyay,"লোকটির নাম গনোরী তেওয়ারী; শ্যামবর্ণ দোহারা চেহারা, মাথায় বড় চুল, কপালে দুটি লম্বা ফোঁটা কাটা, এই শীতে গায়ে একখানা মোটা চাদর ছাড়া আর কিছু নাই, এ-দেশের রীতি অনুযায়ী গায়ে একটা মেরজাই থাকা উচিত ছিল, তা পর্যন্ত নাই"
bibhutibhushan bandopadhyay,"অনেকক্ষণ হইতে আমি লক্ষ্য করিতেছিলাম, সে সকলের দিকে কেমন কুণ্ঠিতভাবে চাহিতেছিল, কারও কথায় কোনো প্রতিবাদ করিতেছিল না, অথচ কথা যে সে কম বলিতেছিল তা নয়"
bibhutibhushan bandopadhyay,"আমার প্রতি কথার উত্তরে কেবল সে বলে- হুজুর এদেশের লোকে যখন কোনো মান্য ও উচ্চপদস্থ ব্যক্তির কথা মানিয়া লয়, তখন কেবল মাথা সামনের দিকে অল্প ঝোঁকাইয়া বলে- হুজুর"
bibhutibhushan bandopadhyay,"গনোরীকে বলিলাম- তুমি থাকো কোথায়, তেওয়ারীজি"
bibhutibhushan bandopadhyay,"আমি যে তাহাকে সরাসরি প্রশ্ন করিব, এতটা সম্মান যেন তাহার পক্ষে সম্পূর্ণ অপ্রত্যাশিত, এভাবে সে আমার দিকে বলিল-ভীমদাসটোলা, হুজুর ৷ তারপর সে তাহার জীবনের ইতিহাস বর্ণনা করিয়া গেল, একটানা নয়, আমার প্রশ্নের উত্তরে টুক্রা টুক্রা ভাবে"
bibhutibhushan bandopadhyay,"গনোরী তেওয়ারীর বয়স যখন বারো বছর, তার বাপ তখন মারা যায়"
bibhutibhushan bandopadhyay,"এক বৃদ্ধা পিসিমা তাহাকে মানুষ করে, সে পিসিমাও বাপের মৃত্যুর বছর-পাঁচ পরে যখন মারা গেলেন, গনোরী তখন জগতে ভাগ্য অন্বেষণে বাহির হইল"
bibhutibhushan bandopadhyay,"কিন্তু তাহার জগৎ পূর্বে পূর্ণিয়া শহর, পশ্চিমে ভাগলপুর জেলার সীমানা, দক্ষিণে এই নির্জন অরণ্যময় ফুলকিয়া বইহার, উত্তরে কুশী ইহারই মধ্যে সীমাবদ্ধ"
bibhutibhushan bandopadhyay,"ইহারই মধ্যে গ্রামে গ্রামে গৃহস্থের দুয়ারে ফিরিয়া কখনো ঠাকুরপূজা করিয়া, কখনো গ্রাম্য পাঠশালায় পণ্ডিতি করিয়া কায়ক্লেশে নিজের আহারের জন্য কলাইয়ের ও চীনা ঘাসের দানার রুটির সংস্থান করিয়া আসিয়াছে"
bibhutibhushan bandopadhyay,"সম্প্রতি মাস দুই চাকুরি নাই, পর্বতা গ্রামের পাঠশালা উঠিয়া গিয়াছে, ফুলকিয়া বইহারের দশ হাজার বিঘা অরণ্যময় অঞ্চলে লোকের বস্তি নাই--এখানে যে মহিষ-পালকের দল মহিষ চরাইতে আনে জঙ্গলে, তাহাদের বাথানে বাথানে ঘুরিয়া খাদ্যভিক্ষা করিয়া বেড়াইতেছিল-আজ আমার আসিবার খবর পাইয়া অনেকের সঙ্গে এখানে আসিয়াছে"
bibhutibhushan bandopadhyay,"আসিয়াছে কেন, সে কথা আরো চমৎকার"
bibhutibhushan bandopadhyay,এখানে এত লোক এসেছে কেন তেওয়ারীজি
bibhutibhushan bandopadhyay,"হুজুর, সবাই বললে ফুলকিয়ার কাছারিতে ম্যানেজার এসেছেন, সেখানে গেলে ভাত খেতে পাওয়া যাবে, তাই ওরা এল, ওদের সঙ্গে আমিও এলাম"
bibhutibhushan bandopadhyay,ভাত এখানকার লোকে কি খেতে পায় না
bibhutibhushan bandopadhyay,"মাড়োয়ারীরা রোজ ভাত খায়, আমি নিজে আজ ভাত খেলাম বোধ হয় তিন মাস পরে"
bibhutibhushan bandopadhyay,"গত ভাদ্রমাসের সংক্রান্তিতে রাসবিহারী সিং রাজপুতের বাড়ি নেমন্তন্ন ছিল, সে বড়লোক, ভাত খাইয়েছিল"
bibhutibhushan bandopadhyay,"যতগুলি লোক আসিয়াছিল, এই ভয়ানক শীতে কাহারো গাত্রবস্ত্র নাই, রাত্রে আগুন পোহাইয়া রাত কাটায়"
bibhutibhushan bandopadhyay,"শেষ-রাত্রে শীত যখন বেশী পড়ে, আর ঘুম হয় না শীতের চোটে- আরণ্যক আগুনের খুব কাছে বসিয়া থাকে ভোর পর্যন্ত কেন জানি না, ইহাদের হঠাৎ এত ভালো লাগিল"
bibhutibhushan bandopadhyay,"ইহাদের দারিদ্র্য, ইহাদের সারল্য, কঠোর জীবন-সংগ্রামে ইহাদের যুঝিবার ক্ষমতা-এই অন্ধকার আরণ্যভূমি ও মুক্ত আকাশ বিলাসিতার কোমল পুষ্পাস্তৃত পথে ইহাদের যাইতে দেয় নাই, কিন্তু ইহাদিগকে সত্যকার পুরুষমানুষ করিয়া গড়িয়াছে"
bibhutibhushan bandopadhyay,দুটি ভাত খাইতে পাওয়ার আনন্দে যারা ভীমদাসটোলা ও পর্বতা হইতে ন'মাইল পথ হাঁটিয়া আসিয়াছে বিনা নিমন্ত্রণে-তাহাদের মনের আনন্দ গ্রহণ করিবার শক্তি কত সতেজ ভাবিয়া বিস্মিত হইলাম
bibhutibhushan bandopadhyay,"অনেক রাত্রে কিসের শব্দে ঘুম ভাঙ্গিয়া গেল-শীতে মুখ বাহির করাও যেন কষ্টকর, এমন যে শীত এখানে তা না-জানার দরুন উপযুক্ত গরম কাপড় ও লেপ-তোশক আনি নাই"
bibhutibhushan bandopadhyay,কলিকাতায় যে-কম্বল গায়ে দিতাম সেখানাই আনিয়াছিলাম- শেষরাত্রের সে যেন ঠাণ্ডা জল হইয়া যায় প্রতিদিন
bibhutibhushan bandopadhyay,"যে-পাশে শুইয়া থাকি, শরীরের গরমে সে-দিকটা তবুও থাকে এক রকম, অন্য কাতে পাশ ফিরিতে গিয়া দেখি বিছানা কন্কন্ করিতেছে সে-পাশে-মনে হয় যেন ঠাণ্ডা পুকুরের জলে পৌষ মাসের রাত্রে ডুব দিলাম"
bibhutibhushan bandopadhyay,"পাশেই জঙ্গলের মধ্যে কিসের যেন সম্মিলিত পদশব্দ-কাহারা যেন দৌড়িতেছে- গাছপালা, শুকনো বনঝাউয়ের গাছ মট্ শব্দে ভাঙিয়া উর্ধ্বশ্বাসে দৌড়িতেছে"
bibhutibhushan bandopadhyay,"কি ব্যাপারখানা, কিছু বুঝিতে না পারিয়া সিপাহী বিষ্ণরাম পাঁড়ে ও স্কুলমাস্টার গনোরী তেওয়ারীকে ডাক দিলাম"
bibhutibhushan bandopadhyay,"তাহারা নিদ্রাজড়িত চোখে উঠিয়া বসিল- কাছারির মেঝেতে যেআগুন জ্বালা হইয়াছিল, তাহারই শেষ দীণ্ডিটুকুতে ওদের মুখে আলস্যসম্ভ্রম ও নিদ্রালুতার ভাব ফুটিয়া উঠিল"
bibhutibhushan bandopadhyay,"গনোরী তেওয়ারী কান পাতিয়া একটু শুনিয়াই বলিল- কিছু না হুজুর, নীলগাইয়ের জেরা দৌড়চ্ছে জঙ্গলে কথা শেষ করিয়াই সে নিশ্চিন্ত মনে পাশ ফিরিয়া শুইতে যাইতেছিল, জিজ্ঞাসা করিলাম- নীলগাইয়ের দল হঠাৎ এত রাত্রে অমন দৌড়ুবার কারণ কি"
bibhutibhushan bandopadhyay,বিষ্ণুরাম পাঁড়ে আশ্বাস দিবার সুরে বলিল-হয়তো কোনো জানোয়ারে তাড়া করে থাকবে হুজুর-এ ছাড়া আর কি
bibhutibhushan bandopadhyay,"-কি আর জানোয়ার হুজুর, জঙ্গলের জানোয়ার"
bibhutibhushan bandopadhyay,"শের হতে পারে- নয় তো ভালু যে-ঘরে শুইয়া আছি, নিজের অজ্ঞাতসারে তাহার কাশডাঁটায় বাঁধা আগড়ের দিকে নজর পড়িল"
bibhutibhushan bandopadhyay,"সে আগড়ও এত হালকা যে, বাহির হইতে একটি কুকুরে ঠেলা মারিলেও তাহা ঘরের মধ্যে উল্টাইয়া পড়ে--এমন অবস্থায় ঘরের সামনেই জঙ্গলে নিস্তব্ধ নিশীথরাত্রে বাঘ বা ভালুকে বন্য নীলগাইয়ের দল তাড়া করিয়া লইয়া চলিয়াছে--এ সংবাদটিতে যে বিশেষ আশ্বস্ত হইলাম না, তাহা বলাই বাহুল্য"
bibhutibhushan bandopadhyay,একটু পরেই ভোর হইয়া গেল
bibhutibhushan bandopadhyay,"দিন যতই যাইতে লাগিল, জঙ্গলের মোহ ততই আমাকে পাইয়া বসিল"
bibhutibhushan bandopadhyay,"এর নির্জনতা ও অপরাহ্নের সিদুর-ছড়ানো বনঝাউয়ের জঙ্গলের কি আকর্ষণ আছে বলিতে পারি না-আজকাল ক্রমশ মনে হয় এই দিগন্তব্যাপী বিশাল বনপ্রান্তর ছাড়িয়া, ইহার রোদপোড়া মাটির তাজা সুগন্ধ, এই স্বাধীনতা, এই মুক্তি ছাড়িয়া কলিকাতার গোলমালের মধ্যে আর ফিরিতে পারিব না"
bibhutibhushan bandopadhyay,আরণ্যক এ মনের ভাব একদিনে হয় নাই
bibhutibhushan bandopadhyay,কত রূপে কত সাজেই বন্যপ্রকৃতি আমার মুগ্ধ অনভ্যস্ত দৃষ্টির সম্মুখে আসিয়া আমায় ভুলাইল
bibhutibhushan bandopadhyay,"-কত সন্ধ্যা আসিল অপূর্ব রক্তমেঘের মুকুট মাথায়, দুপুরের খরতর রৌদ্র আসিল উন্মাদিনী ভৈরবীর বেশে, গভীর নিশীথে জ্যোৎম্নাবরণী সুরসুন্দরীর সাজে হিমন্নিগ্ধ বনকুসুমের সুবাস মাখিয়া, আকাশভরা তারার মালা গলায়- অন্ধকার রজনীতে ত কাল-পুরুষের আগুনের খড়গ হাতে ব্যাপিয়া বিরাট কালীমূর্তিতে ৷ একদিনের কথা জীবনে কখনো ভুলিব না"
bibhutibhushan bandopadhyay,মনে আছে সেদিন দোল- পূর্ণিমা
bibhutibhushan bandopadhyay,কাছারির সিপাহীরা ছুটি চাহিয়া লইয়া সারাদিন ঢোল বাজাইয়া হোলি খেলিয়াছে
bibhutibhushan bandopadhyay,সন্ধ্যার সময়েও নাচগানের বিরাম নাই দেখিয়া আমি নিজের ঘরে টেবিলে আলো সজ্বববলাইয়া অনেক রাত পর্যন্ত হেড আপিসের জন্য চিঠিপত্র লিখিলাম
bibhutibhushan bandopadhyay,"কাজ শেষ হইতেই ঘড়ির দিকে চাহিয়া দেখি, রাত প্রায় একটা বাজে"
bibhutibhushan bandopadhyay,শীতে জমিয়া যাইবার উপক্রম হইয়াছি
bibhutibhushan bandopadhyay,একটা সিগারেট ধরাইয়া জানালা দিয়া বাহিরের দিকে উকি মারিয়া মুগ্ধ ও বিস্মিত হইয়া দাঁড়াইয়া রহিলাম
bibhutibhushan bandopadhyay,"যে-জিনিসটা আমাকে মুগ্ধ করিল তাহা পূর্ণিমা-নিশীথিনীর অবর্ণনীয় জ্যোৎস্না হয়তো যতদিন আসিয়াছি, শীতকাল বলিয়া গভীর রাত্রে কখনো বাহিরে আসি নাই কিংবা অন্য যে কোনো কারণেই হউক, ফুলকিয়া বইহারের পরিপূর্ণ জ্যোৎশ্না-রাত্রির রূপ এই আমি প্রথম দেখিলাম"
bibhutibhushan bandopadhyay,দরজা খুলিয়া বাহিরে আসিয়া দাঁড়াইলাম
bibhutibhushan bandopadhyay,"কেহ কোথাও নাই, সিপাহীরা সারাদিন আমোদ-প্রমোদের পরে ক্লান্তদেহে ঘুমাইয়া পড়িয়াছে"
bibhutibhushan bandopadhyay,"নিঃশব্দ অরণ্যভূমি, নিস্তব্ধ জনহীন নিশীথরাত্রি"
bibhutibhushan bandopadhyay,কখনো সে-রকম ছায়াবিহীন জ্যোৎন্না জীবনে দেখি নাই
bibhutibhushan bandopadhyay,"এখানে খুব বড় বড় গাছ নাই, ছোটখাটো বনঝাউ ও কাশবন- তাহাতে তেমন ছায়া হয় না"
bibhutibhushan bandopadhyay,"চক্চকে সাদা বালি মিশানো জমি ও শীতের রৌদ্রে কাশবনে জ্যোৎস্না পড়িয়া এমন এক অপার্থিব সৌন্দর্যের সৃষ্টি করিয়াছে, যাহা দেখিলে মনে কেমন ভয় হয়"
bibhutibhushan bandopadhyay,"মনে কেমন যেন একটা উদাস বাঁধনহীন মুক্তভাব-মন হু-হু করিয়া উঠে, চারিধারে চাহিয়া সেই নীরব নিশীথরাত্রে জ্যোৎন্নাভরা আকাশতলে দাঁড়াইয়া মনে হইল এক অজানা পরীরাজ্যে আসিয়া পড়িয়াছি মানুষের কোনো নিয়ম এখানে খাটিবে না"
bibhutibhushan bandopadhyay,"এইসব জনহীন স্থান গভীর রাত্রে জো মালোকে পরীদের বিচরণভূমিতে পরিণত হয়, আমি অনধিকার প্রবেশ করিয়া ভালো করি নাহ"
bibhutibhushan bandopadhyay,"তাহার পর ফুলকিয়া বইহারের জ্যোৎন্নারাত্রি কতবার দেখিয়াছি- ফাল্গুনের মাঝামাঝি যখন দুধ্লি ফুল ফুটিয়া সমস্ত প্রান্তরে যেন রঙিন ফুলের গালিচা বিছাইয়া দেয়, তখন কত রাত্রে বাতাসে দুধ্লি ফুলের মিষ্ট সুবাস প্রাণ ভরিয়া আঘ্রাণ করিয়াছি- প্রত্যেক বারেই মনে হইয়াছে জ্যোৎন্না যে এত অপরূপ হইতে পারে, মনে এমন ভয়মিশ্রিত উদাস ভাব আনিতে পারে, বাংলা দেশে থাকিতে তাহা তো কোনোদিন ভাবিও নাই"
bibhutibhushan bandopadhyay,"ফুলকিয়ার সে জ্যোৎস্না- রাত্রির বর্ণনা দিবার চেষ্টা করিব না, সেরূপ সৌন্দর্যলোকের সহিত প্রত্যক্ষ পরিচয় যতদিন না হয় ততদিন শুধু কানে শুনিয়া বা লেখা পড়িয়া তাহা উপলব্ধি করা যাইবে না--করা সম্ভব অমন মুক্ত আকাশ, অমন নিস্তব্ধতা, অমন নির্জনতা, অমন দিগ্দিগন্ত-বিসর্পিত বনানীর মধ্যেই শুধু অমনতর রূপলোক ফুটিয়া জীবনে একবারও সে জ্যোৎস্নারাত্রি দেখা উচিত; যে না দেখিয়াছে, ভগবানের সৃষ্টির একটি অপূর্ব রূপ তাহার নিকট চির-অপরিচিত রহিয়া গেল"
bibhutibhushan bandopadhyay,আরণ্যক একদিন ডিহি আজমাবাদের সার্ভে-ক্যাম্প হইতে ফিরিবার সময় সন্ধ্যার মুখে বনের মধ্যে পথ হারাইয়া ফেলিলাম
bibhutibhushan bandopadhyay,"বনের ভূমি সর্বত্র সমতল নয়, কোথাও উঁচু জঙ্গলাবৃত বালিয়াড়ি টিলা, তার পরই দুটি টিলার মধ্যবততী ছোটখাটো উপত্যকা"
bibhutibhushan bandopadhyay,জঙ্গলের কিন্তু কোথাও কোনো বিরাম নাই-টিলার মাথায় উঠিয়া চারিদিকে চাহিয়া দেখিলাম যদি কোনো দিকে কাছারির মহাবীরের ধ্বজার আলো দেখা যায়-কোনো দিকে আলোর চিহ্নও নাই- শুধু উচুনিচু টিলা ও ঝাউবন আর কাশবন- মাঝে মাঝে শাল ও আসান গাছের বনও আছে
bibhutibhushan bandopadhyay,"দুই ঘণ্টা ঘুরিয়াও যখন জঙ্গলের বুলকিনারা পাইলাম না, তখন হঠাৎ মনে পড়িল নক্ষত্র দেখিয়া দিক ঠিক করি না কেন"
bibhutibhushan bandopadhyay,কালপুরুষ দেখি প্রায় মাথার উপর রহিয়াছে
bibhutibhushan bandopadhyay,বুঝিতে পারিলাম না কোন্ দিক হইতে আসিয়া কালপুরুষ মাথার উপর উঠিয়াছে- সপ্তর্ষিমণ্ডল খুঁজিয়া পাইলাম না
bibhutibhushan bandopadhyay,সুতরাং নক্ষত্রের সাহায্যে দিক্নিরূপণের আশা পরিত্যাগ করিয়া ঘোড়াকে ইচ্ছামতো ছাড়িয়া দিলাম
bibhutibhushan bandopadhyay,মাইল দুই গিয়া জঙ্গলের মধ্যে একটা আলো দেখা গেল
bibhutibhushan bandopadhyay,"আলো লক্ষ্য করিয়া সেখানে উপস্থিত হইয়া দেখিলাম, জঙ্গলের মধ্যে কুড়ি বর্গহাত আন্দাজ পরিষ্কার স্থানে একটা খুব নীচু ঘাসের খুপরি"
bibhutibhushan bandopadhyay,কুঁড়ের সামনে গ্রীষ্মের দিনেও আগুন জ্বালানো
bibhutibhushan bandopadhyay,আগুনের নিকট হইতে একটু দূরে একটা লোক বসিয়া কি করিতেছে
bibhutibhushan bandopadhyay,আমার ঘোড়ার পায়ের শব্দ শুনিয়া লোকটি চমকিয়া উঠিয়া দাঁড়াইয়া বলিল- কে
bibhutibhushan bandopadhyay,তার পরেই আমায় চিনিতে পারিয়া তাড়াতাড়ি কাছে আসিল ও আমাকে খুব খাতির করিয়া ঘোড়া হইতে নামাইল
bibhutibhushan bandopadhyay,"পরিশ্রান্ত হইয়াছিলাম, প্রায় ছ-ঘণ্টা আছি ঘোড়ার উপর, কারণ সার্ভে ক্যাম্পেও আমিনের পিছু পিছু ঘোড়ায় টো টো করিয়া জঙ্গলের মধ্যে ঘুরিয়াছি"
bibhutibhushan bandopadhyay,লোকটার প্রদত্ত একটা ঘাসের চেটাইয়ে বসিলাম
bibhutibhushan bandopadhyay,"লোকটা বলিল--গনু মাহাতো, জাতি গাঙ্গোতা"
bibhutibhushan bandopadhyay,"অঞ্চলে গাঙ্গোতা জাতির উপজীবিকা চাষবাস ও পশুপালন, তাহা আমি এতদিনে জানিয়াছিলাম- কিন্তু এ লোকটা এই জনহীন গভীর বনের মধ্যে একা কি করে"
bibhutibhushan bandopadhyay,বলিলাম- তুমি এখানে কি করো
bibhutibhushan bandopadhyay,"হুজুর, মহিষ আমার ঘর এখান থেকে দশ উত্তরে ধরমপুর, লছমনিয়াটোলা ৷ -নিজের মহিষ"
bibhutibhushan bandopadhyay,লোকটা গর্বের সুরে বলিল- পাঁচটা মহিষ আছে হুজুর
bibhutibhushan bandopadhyay,"দশ দূরের গ্রাম হইতে পাঁচটা মাত্র মহিষ সম্বল করিয়া লোকটি এই বিজন বনের মধ্যে মহিষচরির খাজনা দিয়া একা খুপরি বাঁধিয়া মহিষ চরায়-দিনের পর দিন, মাসের পর মাস, এই ছোট্ট খুপরিটাতে কি করিয়া সময় কাটায়- কলিকাতা হইতে নূতন আসিয়াছি, শহরের থিয়েটার বায়োস্কাপে লালিত যুবক বুঝিতে পারিলাম না"
bibhutibhushan bandopadhyay,"কিন্তু এদেশের অভিজ্ঞতা আরো বেশী হইলে বুঝিয়াছিলাম, কেন গনু মাহাতো ওভাবে থাকে"
bibhutibhushan bandopadhyay,"তাহার অন্য কোনো কারণ নাই ইহা ছাড়া যে, গনু মাহাতোর জীবনের ধারণাই এইরূপ"
bibhutibhushan bandopadhyay,"যখন তাহার পাঁচটি মহিষ তখন তাহাদের চরাইতে হইবে, এবং যখন চরাইতে হইবে, তখন জঙ্গলে কুঁড়ে বাঁধিয়া একা থাকিতেই হইবে"
bibhutibhushan bandopadhyay,"অত্যন্ত সাধারণ কথা, ইহার মধ্যে আশ্চর্য হইবার কি আছে"
bibhutibhushan bandopadhyay,গনু কাঁচা শালপাতার একটা লম্বা পিকা বা তৈরী করিয়া আমার হাতে দিয়া আমায় অভ্যর্থনা করিল
bibhutibhushan bandopadhyay,"আগুনের আলোতে উহার মুখ দেখিলাম--বেশ চওড়া কপাল, উঁচু নাক, রং কালো- মুখশ্রী সরল, শান্ত চোখের দৃষ্টি"
bibhutibhushan bandopadhyay,"বয়স ষাটের উপর হইবে, মাথার চুল একটিও কালো নাই"
bibhutibhushan bandopadhyay,"কিন্তু শরীর এমন সুগঠিত যে, এই বয়সেও প্রত্যেকটি মাংসপেশী আলাদা করিয়া গুনিয়া লওয়া যায়"
bibhutibhushan bandopadhyay,গনু আগুনে আরো বেশি কাঠ ফেলিয়া দিয়া নিজেও একটি শালপাতার ধরাইল
bibhutibhushan bandopadhyay,আগুনের আভায় খুপরির মধ্যে এক-আধখানা পিতলের বাসন চক্চকে করিতেছে
bibhutibhushan bandopadhyay,আগুনের মণ্ডলীর বাহিরে ঘোরতর অন্ধকার ও ঘন বন
bibhutibhushan bandopadhyay,"বলিলাম-গনু, একা এখানে থাক, জন্ত- জানোয়ারের ভয় করে না"
bibhutibhushan bandopadhyay,গনু বলিল-ভয়ডর করলে আমাদের কি চলে হুজুর
bibhutibhushan bandopadhyay,সেদিন তো রাত্রে আমার খুপরির পেছনে বাঘ এসেছিল
bibhutibhushan bandopadhyay,"মহিষের দুটো বাচ্চা আছে, ওদের ওপর"
bibhutibhushan bandopadhyay,"শব্দ শুনে রাত্রে উঠে টিন বাজাই, মশাল সজ্বীলি, চিৎকার করি"
bibhutibhushan bandopadhyay,রাত্রে আর ঘুম হল না হুজুর; শীতকালে তো সারারাত এই বনে ফেউ ডাকে
bibhutibhushan bandopadhyay,"দোকান-টোকান তো নেই, জিনিসপত্র পাও কোথায়"
bibhutibhushan bandopadhyay,"চালডাল- - হুজুর, দোকানে জিনিস কেনবার মতো পয়সা কি আমাদের আছে, না আমরা বাঙালী বাবুদের মতো ভাত খেতে পাই"
bibhutibhushan bandopadhyay,এই জঙ্গলের পেছনে আমার দু-বিঘে খেড়ী ক্ষেত আছে
bibhutibhushan bandopadhyay,"খেড়ীর দানা সিদ্ধ, আর জঙ্গলে বাথুয়া শাক হয়, তাই সিদ্ধ, আর একটু লুন, এই খাই"
bibhutibhushan bandopadhyay,"ফাগুন মাসে জঙ্গলে গুড়মী ফল ফলে, লুন দিয়ে কাঁচা খেতে বেশ লাগে-লতানে গাছ, ছোট ছোট কাঁকুড়ের মতো ফল হয়; সে সময় এক মাস এ-অঞ্চলের যত গরীব লোক গুড়মী ফল খেয়ে কাটিয়ে দেয়"
bibhutibhushan bandopadhyay,দলে দলে ছেলেমেয়ে আসবে জঙ্গলের গুড়মী তুলতে জিজ্ঞাসা করিলাম-- রোজ রোজ খেড়ীর দানা সিদ্ধ আর বাথুয়া শাক ভালো লাগে
bibhutibhushan bandopadhyay,"আরণ্যক - কি করব হুজুর, আমরা গরীব লোক, বাঙালি বাবুদের মতো ভাত খেতে পাব কোথায়"
bibhutibhushan bandopadhyay,ভাত এ অঞ্চলের মধ্যে কেবল রাসবিহারী সিং আর নন্দলাল পাঁড়ে খায় দুবেলা
bibhutibhushan bandopadhyay,"সারাদিন মহিষের পেছনে ভূতের মত খাটি হুজুর, সন্ধের সময় ফিরি যখন, তখন এত ক্ষিদে পায় যে, যা পাই খেতে তাই ভাল লাগে৷ গনুকে বলিলাম- কলকাতা শহর দেখেছ গনু"
bibhutibhushan bandopadhyay,"ভাগলপুর শহরে একবার গিয়েছি, বড় ভারী শহর"
bibhutibhushan bandopadhyay,"ওখানে হাওয়ার গাড়ি দেখেছি, বড় তাজ্জব চিজ ঘোড়া নেই কিছু নেই, আপনা-আপনি রাস্তা দিয়া চলছে"
bibhutibhushan bandopadhyay,এই বয়সে উহার স্বাস্থ্য দেখিয়া অবাক হইলাম
bibhutibhushan bandopadhyay,সাহসও যে আছে ইহা মনে মনে স্বীকার করিতে হইল
bibhutibhushan bandopadhyay,গনুর জীবিকানির্বাহের একমাত্র অবলম্বন মহিষ কয়টি
bibhutibhushan bandopadhyay,"তাদের দুধ অবশ্য এ-জঙ্গলে কে কিনিবে, দুধ হইতে মাখন তুলিয়া ঘি করে ও দু'তিন মাসের ঘি একত্রে জমাইয়া ন-মাইল রবতী ধরমপুরের বাজারে মাড়োয়ারীদের নিকট বিক্রয় করিয়া আসে"
bibhutibhushan bandopadhyay,"আর থাকিবার মধ্যে ্ঙ দু-বিঘা খেড়ী অর্থাৎ শ্যামাঘাসের ক্ষেত, যার দানা সিদ্ধ এ-অঞ্চলের প্রায় সকল গরিব লোকেরই একটা প্রধান খাদ্য"
bibhutibhushan bandopadhyay,"গনু সে-রাত্রে আমাকে কাছারিতে পৌঁছাইয়া দিল, কিন্তু গনুকে আমার এত ভালো লাগিল যে, কতবার শান্ত বৈকালে তাহার খুপরির সামনে আগুন পোহাইতে পোহাইতে গল্প করিয়া কাটাইয়াছি"
bibhutibhushan bandopadhyay,"ওদেশের নানারূপ তথ্য গনুর কাছে যেরূপ শুনিয়াছিলাম, অত কেউ দিতে পারে নাই৷ কত অদ্ভুত কথা শুনিতাম"
bibhutibhushan bandopadhyay,"উড়ুক্কু সাপের কথা, জীবন্ত পাথর ও আঁতুড়ে ছেলের হাঁটিয়া বেড়াইবার কথা, ইত্যাদি"
bibhutibhushan bandopadhyay,ওই নির্জন জঙ্গলের পারিপার্শ্বিক অবস্থার সঙ্গে গনুর সে-সব গল্প অতি উপাদেয় ও অতি রহস্যময় লাগিত- আমি জানি কলকাতা শহরে বসিয়া সে- সব গল্প শুনিলে তাহা আজগুবী ও মিথ্যা মনে হইতে বাধ্য
bibhutibhushan bandopadhyay,"যেখানে-সেখানে যে-কোনো গল্প শোনা চলে না, গল্প শুনিবার পটভূমি ও পারিপার্শ্বিক অবস্থার উপর উহার মাধুর্য যে কতখানি নির্ভর করে, তাহা গল্পপ্রিয় ব্যক্তি মাত্রেই জানেন"
bibhutibhushan bandopadhyay,"গনুর সকল অভিজ্ঞতার মধ্যে আমার আশ্চর্য বলিয়া মনে হইয়াছিল বন্যমহিষের দেবতা টাঁড়বারোর কিন্তু, যেহেতু এই গল্পের একটি অদ্ভুত উপসংহার আছে- সেজন্য সে-কথা এখন না বলিয়া যথাস্থানে বলিব"
bibhutibhushan bandopadhyay,"এখানে বলিয়া রাখি, আমাকে যে-সব গল্প বলিত- তাহা রূপকথা নহে, তাহার ব্যক্তিগত অভিজ্ঞতার বিষয়"
bibhutibhushan bandopadhyay,গনু জীবনকে দেখিয়াছে তবে অন্যভাবে
bibhutibhushan bandopadhyay,অরণ্য- প্রকৃতির ঘনিষ্ঠ সংস্পর্শে আজীবন কাটাইয়া সে অরণ্য-প্রকৃতির সম্বন্ধে একজন রীতিমত বিশেষজ্ঞ ব্যক্তি
bibhutibhushan bandopadhyay,তাহার কথা হঠাৎ উড়াইয়া দেওয়া চলে না
bibhutibhushan bandopadhyay,"মিথ্যা বানাইয়া বলিবার মত কল্পনাশক্তিও গনুর আছে বলিয়া আমার মনে হয় নাই৷ তৃতীয় পরিচ্ছেদ গ্রীষ্মকাল পড়িতে সাহেবের বটগাছের মাথায় পীরপৈঁতি পাহাড়ের দিক হইতে একদল বক উড়িয়া আসিয়া বসিল, দূর হইতে মনে হয় যেন বটগাছের মাথা সাদা থোকা থোকা ফুলে ভরিয়া গিয়াছে"
bibhutibhushan bandopadhyay,"একদিন অর্ধশুষ্ক কাশের বনের ধারে টেবিল-চেয়ার পাতিয়া কাজ করিতেছি, সিং সিপাহী আসিয়া বলিল- হুজুর, নন্দলাল ওঝা গোলাওয়ালা আপনার সঙ্গে দেখা করতে এসেছে"
bibhutibhushan bandopadhyay,একটু পরে প্রায় পঞ্চাশ বছরের একটি বৃদ্ধ ব্যক্তি আমার সামনে আসিয়া সেলাম করিল ও আমার নির্দেশমত একটা টুলের উপর বসিল
bibhutibhushan bandopadhyay,বসিয়াই সে একটি পশমের থলি বাহির করিল
bibhutibhushan bandopadhyay,তাহার পর থলেটির ভিতর হইতে খুব ছোট একখানি জাঁতি ও দুইটি সুপারি বাহির করিয়া সুপারি কাটিতে আরম্ভ করিল
bibhutibhushan bandopadhyay,পরে কাটা সুপারি হাতে রাখিয়া দুই হাত একত্র করিয়া আমার সামনে মেলিয়া ধরিয়া সসম্তমে বলিল- সুপারি লিজিয়ে হুজুর ৷ সুপারি ও-ভাবে খাওয়া অভ্যাস না-থাকিলেও ভদ্রতার খাতিরে লইলাম
bibhutibhushan bandopadhyay,"জিজ্ঞাসা করিলাম--কোথা হতে আসা হচ্ছে, কি কাজ"
bibhutibhushan bandopadhyay,"তাহার উত্তরে লোকটি বলিল, তাহার নাম নন্দলাল ওঝা, মৈথিল ব্রাহ্মণ"
bibhutibhushan bandopadhyay,"জঙ্গলের উত্তর-পূর্ব কোণে কাছারি হইতে প্রায় এগার মাইল দূরে সুংঠিয়াদিয়ারাতে তাহার বাড়ী বাড়ীতে চাষবাস আছে, কিছু সুদের কারবারও আছে- সে অসিয়াছে তার বাড়ীতে আগামী পূর্ণিমার দিন আমায় নিমন্ত্রণ করিতে-আমি কি তাহার বাড়ীতে দয়া করিয়া পদধূলি দিতে রাজী আছি"
bibhutibhushan bandopadhyay,এগার মাইল নুরে এই রৌদ্রে নিমন্ত্রণ খাইতে যাইবার লোভ আমার ছিল না-কিন্তু নন্দলাল ওঝা নিতান্ত পীঁড়াপীড়ি করাতে অগত্যা রাজী হইলাম- তা ছাড়া এদেশের গৃহস্থ-সংসার সম্বন্ধে অভিজ্ঞতা সঞ্চয় করিবার লোভও সংবরণ করিতে পারিলাম না
bibhutibhushan bandopadhyay,পূর্ণিমার দিন দুপুরের পরে দীর্ঘ কাশের জঙ্গলের মধ্য দিয়া কাহাদের একটি হাতী আসিতেছে দেখা গেল
bibhutibhushan bandopadhyay,হাতি কাছারিতে আসিলে মাহুতের মুখে শুনিলাম হাতীটি নন্দলাল ওঝার আরণ্যক নিজের- আমাকে লইয়া যাইতে পাঠাইয়া দিয়াছে
bibhutibhushan bandopadhyay,হাতি পাঠাইবার আবশ্যক ছিল না--কারণ আমার নিজের ঘোড়ায় অপেক্ষাকৃত অল্প সময়ে পৌছিতে পারিতাম
bibhutibhushan bandopadhyay,"যাহাই হউক, হাতিতে চড়িয়াই নন্দলালের বাড়ীতে রওনা হইলাম সবুজ বনশীর্ষ আমার পায়ের তলায়, আকাশ যেন আমার মাথায় ঠেকিয়াছে- দূর, দূর-দিগন্তের নীল শৈলমালার রেখা বনভূমিকে ঘিরিয়া যেন মায়ালোক রচনা করিয়াছে-আমি সে-মায়ালোকের অধিবাসী- বহু দূর স্বর্গের দেবতা"
bibhutibhushan bandopadhyay,"কত মেঘের তলায় তলায় পৃথিবীর কত শ্যামল বনভূমির উপরকার নীল বায়ুমণ্ডল ভেদ করিয়া যেন আমার অদৃশ্য যাতায়াত পথে চাম্টার বিল পড়িল, শীতের শেষেও সিল্লী আর লাল হাঁসের ঝাঁকে ভর্তি"
bibhutibhushan bandopadhyay,আর একটু গরম পড়িলেই উড়িয়া পলাইবে
bibhutibhushan bandopadhyay,মাঝে মাঝে নিতান্ত দরিদ্র পল্লী
bibhutibhushan bandopadhyay,ফণীমনসা-ঘেরা তামাকের ক্ষেত ও খোলায় ছাওয়া দীন-কুটার সুংঠিয়া গ্রামে হাতি ঢুকিলে দেখা গেল পথের দু-ধারে সারবন্দী লোক দাঁড়াইয়া আছে আমায় অভ্যর্থনা করিবার জন্য
bibhutibhushan bandopadhyay,গ্রামে ঢুকিয়া অল্প দূর পরেই নন্দলালের বাড়ি
bibhutibhushan bandopadhyay,"খোলায় ছাওয়া মাটির ঘর আট-দশখানা- সবই পৃথক পৃথক, প্রকাণ্ড উঠানের মধ্যে ইতস্তত ছড়ানো"
bibhutibhushan bandopadhyay,আমি বাড়িতে ঢুকিতেই দুই বার হঠাৎ বন্দুকের আওয়াজ হইল
bibhutibhushan bandopadhyay,চমকাইয়া গিয়াছি এমন সময়ে সহাস্যমুখে নন্দলাল ওঝা আসিয়া আমায় অভ্যর্থনা করিয়া বাড়ীতে লইয়া গিয়া একটা বড়ঘরের দাওয়ায় চেয়ারে চেয়ারখানি এদেশের শিশুকাঠের তৈয়ারী এবং এদেশের গ্রাম্য মিষ্ত্রীর হাতেই গড়া
bibhutibhushan bandopadhyay,"তাহার পর দশ-এগার বছরের একটি ছোট মেয়ে আসিয়া আমার সামনে একখানা থালা ধরিল- থালায় গোটাকতক আস্ত পান, আস্ত সুপারি, একটা মধুপর্কের মতো ছোট বাটিতে সামান্য একটু আতর, কয়েকটি শুষ্ক খেজুর; ইহা লইয়া কি করিতে হয় আমার জানা নাই-আমি আনাড়ির মতো হাসিলাম ও বাটা হইতে আঙুলের আগায় একটু আতর তুলিয়া লইলাম মাত্র"
bibhutibhushan bandopadhyay,মেয়েটিকে দু-একটি ভদ্রতাসূচক মিষ্ট কথাও বলিলাম
bibhutibhushan bandopadhyay,মেয়েটি থালা আমার সামনে রাখিয়া চলিয়া গেল
bibhutibhushan bandopadhyay,"নন্দলাল যে ঘটা করিয়া খাওয়াইবার ব্যবস্থা করিয়াছে, তাহা আমার ধারণা ছিল না"
bibhutibhushan bandopadhyay,"প্রকাণ্ড কাঠের পিঁড়ির আসন পাতা- সম্মুখে এমন আকারের একখানি পিতলের থালা আসিল, যাহাতে করিয়া আমাদের দেশে দুর্গাপূজার বড় নৈবেদ্য সাজায়"
bibhutibhushan bandopadhyay,"থালায় হাতির কানের মতো পুরী, বাথুয়া শাক ভাজা, পাকা শশার রায়তা, কাঁচা তেতুলের ঝোল, মহিষের দুধের দই, পেঁড়া"
bibhutibhushan bandopadhyay,খাবার জিনিসের এমন অদ্ভুত যোগাযোগ কখনো দেখি নাই
bibhutibhushan bandopadhyay,"আমায় দেখিবার জন্য উঠানে লোকে লোকারণ্য হইয়া গিয়াছে ও আমার দিকে এমনভাবে চাহিতেছে যে, আমি যেন এক অদৃষ্টপূর্ব জীব"
bibhutibhushan bandopadhyay,"শুনিলাম, ইহারা সকলেই নন্দলালের প্রজা"
bibhutibhushan bandopadhyay,সন্ধ্যার পূর্বে উঠিয়া আসিবার সময় নন্দলাল একটি ছোট থলি আমার হাতে দিয়া বলিল- হুজুরের নজর
bibhutibhushan bandopadhyay,"থলিতে অনেক টাকা, পঞ্চাশের কম নয়"
bibhutibhushan bandopadhyay,"এত টাকা কেহ কাহাকেও নজর দেয় না, তা ছাড়া নন্দলাল আমার প্রজাও নয়"
bibhutibhushan bandopadhyay,নজর প্রত্যাখ্যান করাও পক্ষে নাকি অপমানজনক- সুতরাং আমি থলি খুলিয়া একটা টাকা লইয়া থলিটা তাহার হাতে ফিরাইয়া দিয়া বলিলাম- তোমার ছেলেপুলেদের পেঁড়া খাইতে দিও নন্দলাল কিছুতেই ছাড়িবে না-আমি সে-কথায় কান না-দিয়াই বাহিরে আসিয়া হাতীর পিঠে চড়িলাম
bibhutibhushan bandopadhyay,"পরদিনই নন্দলাল ওঝা আমার কাছারিতে গেল, সঙ্গে তাহার বড় ছেলে"
bibhutibhushan bandopadhyay,আমি তাহাদিগকে সমাদর করিলাম- কিন্তু খাইবার প্রস্তাবে তাহারা রাজি হইল না
bibhutibhushan bandopadhyay,শুনিলাম মৈথিল ব্রাহ্মণ অন্য ব্রাহ্মণের হস্তের প্রস্তুত কোনো খাবারই খাইবে না
bibhutibhushan bandopadhyay,"অনেক বাজে কথার পরে নন্দলাল একান্তে আমার নিকট কথা পাড়িল, তাহার বড় ছেলে ফুলকিয়া বইহারের তহশীলদারীর জন্য তাহাকে আমায় বাহাল করিতে হইবে৷ আমি বিস্মিত হইয়া বলিলাম- কিন্তু ফুলকিয়ার আরণ্যক তহশীলদার তো পোস্ট তো খালি নেই"
bibhutibhushan bandopadhyay,"তাহার উত্তরে নন্দলাল আমাকে চোখ ঠারিয়া ইশারা করিয়া বলিল, হুজুর, মালিক তো আপনি"
bibhutibhushan bandopadhyay,আপনি মনে করলে কি না হয়
bibhutibhushan bandopadhyay,ফুলকিয়ার তহসিলদার ভালোই কাজ করিতেছে- তাহাকে ছাড়াইয়া দিব কোন্ অপরাধে
bibhutibhushan bandopadhyay,"নন্দলাল বলিল- কত রুপেয়া হুজুরকে পান খেতে দিতে হবে বলুন, আমি আজ সাঁজেই হুজুরকে পৌঁছে দেব"
bibhutibhushan bandopadhyay,কিন্তু আমার ছেলেকে তহশীলদারী দিতে হবেই হুজুরের
bibhutibhushan bandopadhyay,"এতক্ষণে বেশ বুঝিতে পারিলাম, নন্দলাল যে আমাকে কাল নিমন্ত্রণ করিয়াছিল তাহার প্রকৃত উদ্দেশ্য কি"
bibhutibhushan bandopadhyay,"এদেশের লোক যে এমন ধড়িবাজ, তাহা জানিলে কখনো ওখানে যাই"
bibhutibhushan bandopadhyay,নন্দলালকে স্পষ্ট কথা বলিয়াই বিদায় করিলাম
bibhutibhushan bandopadhyay,বুঝিলাম নন্দলাল আশা ছাড়িল না
bibhutibhushan bandopadhyay,"আর একদিন দেখি, ঘন বনের ধারে নন্দলাল আমার অপেক্ষায় দাঁড়াইয়া আছে"
bibhutibhushan bandopadhyay,কি কুক্ষণেই উহার বাড়ীতে নিমন্ত্রণ খাইতে গিয়াছিলাম- দুখানা পুরী খাওয়াইয়া সে যে আমার জীবন এমন অতিষ্ঠ করিয়া তুলিবে- তাহা আগে জানিলে কি উহার ছায়া মাড়াই
bibhutibhushan bandopadhyay,নন্দলাল আমাকে দেখিয়া মিষ্টি মোলায়েম হাসিয়া বলিল--নোমোস্কার হুজুর - হুঁ
bibhutibhushan bandopadhyay,"তারপর, এখানে কি মনে করে"
bibhutibhushan bandopadhyay,আমি আপনাকে বারো-শ' টাকা নগদ আমার ছেলেকে কাজে লাগিয়ে দিন
bibhutibhushan bandopadhyay,আমি বাহাল করবার মালিক নই
bibhutibhushan bandopadhyay,যাদের জমিদারী তাদের কাছে দরখাস্ত করতে পারো
bibhutibhushan bandopadhyay,তা ছাড়া বর্তমানে যে রয়েছে তাকে ছাড়াব কোন্ অপরাধে
bibhutibhushan bandopadhyay,বলিয়াই বেশি কথা না বাড়াইয়া ঘোড়া ছুটাইয়া দিলাম
bibhutibhushan bandopadhyay,আমার কড়া ব্যবহারে নন্দলালকে আমি আমার ও স্টেটের মহাশত্রু করিয়া তুলিলাম
bibhutibhushan bandopadhyay,"তখনো বুঝি নাই, নন্দলাল কিরূপ ভয়ানক প্রকৃতির মানুষ"
bibhutibhushan bandopadhyay,ইহার ফল আমাকে ভালো করিয়াই ভুগিতে হইয়াছিল
bibhutibhushan bandopadhyay,"উনিশ মাইল দূরবর্তী ডাকঘর হইতে ডাক আনা এখানকার এক অতি আবশ্যক ঘটনা ৷ অতদূরে প্রতিদিন লোক পাঠানো চলে না বলিয়া সপ্তাহে দুবার মাত্র ডাকঘরে লোক যাইত মধ্য-এশিয়ার জনহীন, দুস্তর ও ভীষণ টাক্লামাকান মরুভূমির তাঁবুতে বসিয়া বিখ্যাত পর্যটক সোয়েন হেডিনও বোধ হয় এমনি আগ্রহে ডাকের প্রতীক্ষা করিতেন"
bibhutibhushan bandopadhyay,"আজ আট-নয় মাস এখানে আসিবার ফলে দিনের পর দিন, রাতের পর রাত এই জনহীন বন-প্রান্তরে সূর্যাস্ত, নক্ষত্ররাজি, চাঁদের উদয়, জ্যোৎন্না ও বনের মধ্যে নীলগাইয়ের দৌড় দেখিতে দেখিতে যে বহির্জগতের সঙ্গে সকল যোগ হারাইয়া ফেলিয়াছি- ডাকের চিঠি কয়েকখানির মধ্য দিয়া আবার তাহার সহিত একটা সংযোগ স্থাপিত হইত"
bibhutibhushan bandopadhyay,নির্দিষ্ট দিনে জওয়াহিরলাল সিং ডাক আনিতে গিয়াছে
bibhutibhushan bandopadhyay,আমি ও বাঙালী মুহুরী বাবুটি ঘন ঘন জঙ্গলের দিকে চাহিতেছি
bibhutibhushan bandopadhyay,কাছারি হইতে মাইল দেড় দূরে একটা উঁচু ঢিবির উপর দিয়া পথ
bibhutibhushan bandopadhyay,ওখানে আসিলে জওয়াহিরলাল সিংকে বেশ স্পষ্ট দেখা যায়
bibhutibhushan bandopadhyay,আমি ঘন ঘন ঘর-বাহির করিতেছি
bibhutibhushan bandopadhyay,"এখানের আপিসের কাজের সংখ্যা নিতান্ত কম বিভিন্ন আমিনের রিপোর্ট দেখা, দৈনিক ক্যাশবই সই করা, সদরের চিঠি-পত্রের উত্তর লেখা, পাটোয়ারী ও তহশীলদারদের আদায়ের হিসাব-পরীক্ষা, নানাবিধ দরখাস্তের ডিক্রী-ডিস্মিস করা, পূর্ণিয়া মুঙ্গের ভাগলপুর আরণ্যক প্রভৃতি স্থানে নানা আদালতে নানাপ্রকার মামলা ঝুলিতেছে--এ সকল স্থানের উকীল ও মামলা- তদ্বিরকারকদের রিপোর্ট পাঠ ও তার উত্তর দেওয়া-আরও নানা প্রকার বড় ও খুচরা কাজ প্রতিদিন নিয়মমতো না করিলে দু-তিনদিনে এত জমিয়া যায় যে, তখন কাজ শেষ করিতে প্রাণান্ত হইয়া উঠে"
bibhutibhushan bandopadhyay,ডাক আসিবার সঙ্গে সঙ্গে আবার একরাশি কাজ আসিয়া পড়ে
bibhutibhushan bandopadhyay,"শহরের নানা ধরনের চিঠি, নানা ধরনের আদেশ, অমুক জায়গায় যাও, অমুকের সঙ্গে অমুক মহালের বন্দোবস্ত কর, ইত্যাদি"
bibhutibhushan bandopadhyay,"বেলা তিনটার সময় জওয়াহিরলালের সাদা পাগড়ী রৌদ্রে চক্চকে করিতেছে দেখা বাঙালী মুহুরীবাবু হাঁকিলেন-ম্যানেজারবাবু, আসুন, ডাকপেয়াদা আসছে- এ আপিসের বাহিরে আসিলাম"
bibhutibhushan bandopadhyay,ইতিমধ্যে জওয়াহিরলাল আবার টিবি হইতে নামিয়া জঙ্গলের মধ্যে ঢুকিয়া পড়িয়াছে
bibhutibhushan bandopadhyay,"আমি অপেরাগ্নাস আনাইয়া দেখিলাম, দূরে জঙ্গলের মধ্যে দীর্ঘ দীর্ঘ ঘাসের ও বনঝাউয়ের মধ্যে সে আসিতেছে বটে"
bibhutibhushan bandopadhyay,আর আপিসের কাজে মন বসিল না
bibhutibhushan bandopadhyay,যে জিনিস যত মানুষের মনের কাছে তাহার মূল্য তত বেশী
bibhutibhushan bandopadhyay,"কথা খুবই সত্য যে, এই মূল্য মানুষের মনগড়া একটি কৃত্রিম মূল্য, প্রার্থিত জিনিসের সত্যকার উৎকর্ষ বা অপকর্ষের সঙ্গে এর কোনো সম্বন্ধ কিন্তু জগতের অধিকাংশ জিনিসের উপরই একটা কৃত্রিম মূল্য আরোপ করিয়াই তো আমরা তাকে বড় বা ছোট জওয়াহিরলালকে কাছারির সামনে একটা অপরিসর বালুময় নাবাল জমির ও-পারে দেখা গেল"
bibhutibhushan bandopadhyay,মুহুরীবাবু আগাইয়া গেলেন জওয়াহিরলাল আসিয়া সেলাম করিয়া দাঁড়াইল এবং পকেট হইতে চিঠির তাড়া বাহির করিয়া মুহুরীবাবুর হাতে দিল
bibhutibhushan bandopadhyay,আমারও খান-দুই পত্র আছে-অতি পরিচিত হাতের লেখা
bibhutibhushan bandopadhyay,চিঠি পড়িতে পড়িতে চারিপাশের জঙ্গলের দিকে চাহিয়া নিজেই অবাক হইয়া গেলাম
bibhutibhushan bandopadhyay,"কোথায় আছি, কখনো ভাবি নাই আমি এখানে কোনোদিন থাকিব, কলিকাতার আড্ডা ছাড়িয়া এমন জায়গায় দিনের পর দিন কাটাইব"
bibhutibhushan bandopadhyay,"একখানা বিলাতি ম্যাগাজিনের গ্রাহক হইয়াছি, আজ সেখানা আসিয়াছে"
bibhutibhushan bandopadhyay,মোড়কের উপরে লেখা উড়ো জাহাজের ডাকে
bibhutibhushan bandopadhyay,জনাকীর্ণ কলিকাতা শহরের বুকে বসিয়া বিংশ শতাব্দীর এই বৈজ্ঞানিক আবিষ্কারের সুখ কি বুঝা যাইবে
bibhutibhushan bandopadhyay,এখানে--এই নির্জন বন- প্রদেশ সকল বিষয়েই ভাবিবার ও হইবার অবকাশ আছে- এখানকার পারিপার্শ্বিক অবস্থা সে-অনুভূতি আনয়ন করে
bibhutibhushan bandopadhyay,"যদি সত্য কথা বলিতে হয়, জীবনে ভাবিয়া দেখিবার শিক্ষা এইখানে আসিয়াই পাইয়াছি"
bibhutibhushan bandopadhyay,"কত কথা মনে জাগে, কত পুরোনো কথা মনে হয়-নিজের মনকে এমন করিয়া কখনও উপভোগ করি নাই"
bibhutibhushan bandopadhyay,এখানে প্রকার অসুবিধার মধ্যেও সেই আনন্দ আমাকে যেন একটা নেশার মতো পাইয়া বসিতেছে দিন দিন
bibhutibhushan bandopadhyay,অথচ সত্যই আমি প্রশান্ত মহাসমুদ্রের কোনো জনহীন দ্বীপে একা পরিত্যক্ত হই নাই
bibhutibhushan bandopadhyay,বোধ হয় বত্রিশ মাইলের মধ্যে রেল স্টেশন
bibhutibhushan bandopadhyay,সেখানে ট্রেনে চড়িয়া এক ঘণ্টার মধ্যে পূর্ণিয়া যাইতে পারি- তিন ঘণ্টার মধ্যে মুঙ্গের যাইতে পারি
bibhutibhushan bandopadhyay,"কিন্তু প্রথম তো রেলস্টেশনে যাইতেই বেজায় কষ্ট-সে-কষ্ট স্বীকার করিতে পারি, যদি বা মুঙ্গের শহরে গিয়া কিছু লাভ থাকে"
bibhutibhushan bandopadhyay,"এমনি দেখিতেছি কোনো লাভই নাই, না আমাকে সেখানে কেউ চেনে, না আমি কাউকে চিনি"
bibhutibhushan bandopadhyay,কলিকাতা হইতে আসিয়া বই আর বন্ধু-বান্ধবের সঙ্গে গল্প ও আলোচনার অভাব এত বেশি অনুভব করি যে কতবার ভাবিয়াছি এ জীবন আমার পক্ষে অসহ্য
bibhutibhushan bandopadhyay,"কলিকাতাতেই আমার সব, বা মুঙ্গেরে কে আছে যে সেখানে যাইব"
bibhutibhushan bandopadhyay,কিন্তু সদর-আপিসের বিনা অনুমতিতে কলিকাতায় যাইতে পারি ছাড়া অর্থব্যয়ও এত বেশি যে দু-পাঁচ দিনের জন্য যাওয়া পোষায় না
bibhutibhushan bandopadhyay,"আরণ্যক কয়েক মাস সুখে-দুঃখে কাটিবার পর চৈত্র মাসের শেষ হইতে এমন একটা কাণ্ডের সূত্রপাত হইল, যাহা আমার অভিজ্ঞতার মধ্যে কখনও ছিল না"
bibhutibhushan bandopadhyay,"পৌষ মাসে কিছু কিছু বৃষ্টি পড়িয়াছিল, তার পর হইতেই ঘোর অনাবৃষ্টি দেখা দিল"
bibhutibhushan bandopadhyay,"মাঘ মাসে বৃষ্টি নাই, ফাল্গুনে না, চেত্রে না, বৈশাখে না"
bibhutibhushan bandopadhyay,"সঙ্গে সঙ্গে যেমন অসহ্য গ্রীষ্ম, তেমনি নিদারুণ জলকষ্ট সাদা কথায় গ্রীষ্ম বা জলকষ্ট বলিলে এ বিভীষিকাময় প্রাকৃতিক বিপর্যয়ের স্বরূপ কিছুই বোঝানো যাইবে না"
bibhutibhushan bandopadhyay,"উত্তরে আজমাবাদ হইতে দক্ষিণে কিষণপুর- পূর্বে ফুলকিয়া বইহার ও লবটুলিয়া হইতে পশ্চিমে মুঙ্গের জেলার সীমানা পর্যন্ত সারা জঙ্গলমহালের মধ্যে যেখানে যত খাল, ডোবা, অর্থাৎ বড় জলাশয় ছিল- সব গেল শুকাইয়া ৷ কুয়া খুঁড়িলে জল পাওয়া যায় না-যদি বালির উনুই হইতে কিছু কিছু জল উঠে, ছোট এক বাল্তি জল কুয়ায় জমিতে এক ঘণ্টার উপর সময় লাগে"
bibhutibhushan bandopadhyay,পূর্বে একমাত্র কুশী নদী সে আমাদের মহালের পূর্বতম প্রান্ত হইতে সাত আট মাইল দুরে বিখ্যাত মোহনপুরা রিজার্ভ ফরেস্টের ওপারে
bibhutibhushan bandopadhyay,"আমাদের জমিদারী ও মোহনপুরা অরণ্যের মধ্যে একটা ছোট পাহাড়ী নদী নেপালের অঞ্চল হইতে বহিয়া আসিতেছে- কিন্তু বর্তমানে শুধু শুষ্ক বালুময় খাতে তাহার উপলঢাকা চরণচিহ্ন বিদ্যমান বালি খুঁড়িলে যে জলটুকু পাওয়া যায়, তাহারই লোভে কত দুরের গ্রাম হইতে মেয়েরা কলসি লইয়া আসে ও সারা দুপুর বালি-কাদা ছানিয়া আধ-কলসীটাক ঘোলা জল লইয়া বাড়ী ফিরে"
bibhutibhushan bandopadhyay,কিন্তু পাহাড়ী নদী- স্থানীয় নাম নদী-আমাদের কোনো কাজে আসে আমাদের মহাল হইতে বহু দূরে
bibhutibhushan bandopadhyay,"কাছারিতেও কোনো বড় ইদারা নাই-ছোট যে বালির পাতকুয়াটি আছে, তাহা হইতে পানীয় জলের সংস্থান হওয়াই বিষম সমস্যার কথা দাঁড়াইল"
bibhutibhushan bandopadhyay,তিন বাল্তি জল সংগ্রহ করিতে দুপুর ঘুরিয়া যায়
bibhutibhushan bandopadhyay,"দুপুরে বাহিরে দাঁড়াইয়া তাম্রাভ আকাশ ও অর্ধশুষ্ক বনঝাউ ও লম্বা ঘাসের বন দেখিতে ভয় করে-চারিধার যেন দাউ দাউ করিয়া জ্বলিতেছে, মাঝে মাঝে আগুনের হল্কার মত বাতাস সর্বাঙ্গ ঝলসাইয়া বহিতেছে- সূর্যের এ রূপ, দ্বিপ্রহরের রৌদ্রের এ ভয়ানক রুদ্র রূপ কখনো দেখি নাই, কল্পনাও করি নাই"
bibhutibhushan bandopadhyay,এক-এক দিন পশ্চিম দিক হইতে বালির ঝড় বয়-এ সব দেশে চৈত্র-বেশাখ মাস পশ্চিমে বাতাসের সময়- কাছারি হইতে এক-শ' গজ দূরের জিনিস ঘন বালি ও ধূলিরাশির আড়ালে ঢাকিয়া যায়
bibhutibhushan bandopadhyay,"অর্ধেক দিন রামধনিয়া টহলদার আসিয়া জানায়-কুঁয়ামে পানি নেই ছে, কোন কোন দিন ঘণ্টাখানেক ধরিয়া ছানিয়া ছানিয়া বালির ভিতর হইতে আধ বালতি তরল কর্দম স্নানের জন্য আমার সামনে আনিয়া ধরে"
bibhutibhushan bandopadhyay,সেই ভয়ানক তাহাই তখন অমুূল্য
bibhutibhushan bandopadhyay,"একদিন দুপুরের পরে কাছারির পিছনে একটা হরীতকী গাছের তলায় স্বল্প ছায়ায় দাঁড়াইয়া আছি-হঠৎ চারিধারে চাহিয়া মনে হইল দুপুরের এমন চেহারা কখনও দেখি তো নাই-ই, এ জায়গা হইতে চলিয়া গেলে আর কোথাও দেখিবও না"
bibhutibhushan bandopadhyay,আজন্ম বাংলা দেশের দুপুর দেখিয়াছি জ্যৈষ্ঠ মাসের খররৌদ্রভরা দুপুর দেখিয়াছি কিন্তু এ- রুদ্রমূর্তি তাহার নাই
bibhutibhushan bandopadhyay,"সূর্যের দিকে চাহিয়া দেখিলাম, একটা বিরাট অগ্নিকুণ্ড- ক্যাল্সিয়াম পুড়িতেছে, হাইড্রোজেন পুড়িতেছে, লোহা পুড়িতেছে, নিকেল পুড়িতেছে, কোবাল্ট পুড়িতেছে- জানা-অজানা শত শত রকমের গ্যাস ও ধাতু কোটি যোজন ব্যাসমুক্ত দীপ্ত ফার্নেসে একসঙ্গে পুড়িতেছে- তারই ধু-ধু আগুনের ঢেউ অসীম শূন্যের ঈথারের স্তর ভেদ করিয়া ফুলকিয়া বইহার ও লোধাইটোলার তৃণভূমিতে বিস্তীর্ণ অরণ্যে আসিয়া লাগিয়া প্রতি তৃণপত্রের শিরা উপশিরায় সব রসটুকু শুকাইয়া ঝামা করিয়া, ঝলসাইয়া পুড়াইয়া শুরু করিয়াছে আরণ্যক ধ্বংসের এক চাহিয়া দেখিলাম দূরে দূরে প্রান্তরের সর্বত্র কম্পমান তাপ-তরঙ্গ ও তাহার ওধারে তাপজনিত একটি অস্পষ্ট কখনো এখানে আকাশ নীল দেখিলাম , কটা-শূন্য, একটি চিল-শকুনিও নাই- পাখির দল দেশ ছাড়িয়া পালাইয়াছে"
bibhutibhushan bandopadhyay,কি অদ্ভুত সৌন্দর্য ফুটিয়াছে এই দুপুরের
bibhutibhushan bandopadhyay,খর উত্তাপকে অগ্রাহ্য করিয়া সেই হরীতকীতলায় দাঁড়াইয়া রহিলাম কতক্ষণ
bibhutibhushan bandopadhyay,"সাহারা দেখি নাই, সোয়েন হেডিনের বিখ্যাত টাক্লামাকান্ মরুভূমি দেখি নাই, গোবি দেখি নাই- কিন্তু এখানে মধ্যাহ্নের এই রুদ্রভেরব রূপের মধ্যে সে-সব স্থানের অস্পষ্ট আভাস ফুটিয়া উঠিল"
bibhutibhushan bandopadhyay,"কাছারি হইতে তিন মাইল দূরে একটি বনে-ঘেরা কুপ্তীতে সামান্য একটু জল ছিল, কুণ্ডীটাতে গত বর্ষার জলে খুব মাছ হইয়াছিল বলিয়া শুনিয়াছিলাম- খুব গভীর বলিয়া এই অনাবৃষ্টিতেও তাহার জল একেবারে শুকাইয়া যায় নাই"
bibhutibhushan bandopadhyay,"কিন্তু সে জলে কাহারো কোনো কাজ হয় নাই প্রথমত, তার কাছাকাছি অনেক দূর লইয়া কোনো মানুষের বসতি নাই- দ্বিতীয়ত, জল ও তীরভূমির মধ্যে কাদা এত গভীর যে কোমর পর্যন্ত বসিয়া যায়-কলসিতে জল পুরিয়া পুনরায় তীরে উত্তীর্ণ হবার আশা বড়ই আর একটি কারণ এই যে, জলটা খুব ভালো বা পানের আদৌ উপযুক্ত নয়, জলের সঙ্গে কি জিনিস মিশানো আছে জানি কিন্তু কেমন একটা অপ্রীতিকর ধাতব গন্ধ একদিন সন্ধ্যায় পশ্চিমে বাতাস ও উত্তাপ কম পড়িয়া গেলে ঘোড়ায় বাহির হইয়া এ কুপ্তীটার পাশের বালিয়াড়ি ও বনঝাউয়ের জঙ্গলের পথে উপস্থিত হইয়াছি"
bibhutibhushan bandopadhyay,পিছনে সাহেবের সেই বড় বটগাছের আড়ালে সূর্য অস্ত যাইতেছিল
bibhutibhushan bandopadhyay,"কাছারির খানিকটা জল বাঁচাইবার জন্য ভাবিলাম, এখানে ঘোড়াটাকে একবার জল খাওয়াইয়া লই ৷ যত কাদা হোক, ঘোড়া ঠিক পারিবে"
bibhutibhushan bandopadhyay,জঙ্গল পার হইয়া ধারে গিয়া এক অদ্ভুত দৃশ্য চোখে পড়িল
bibhutibhushan bandopadhyay,"চারিধারে কাদার উপর আট-দশটা ছোট বড় সাপ, অন্য দিকে তিনটি প্রকাণ্ড মহিষ একসঙ্গে জল খাইতেছে"
bibhutibhushan bandopadhyay,"সাপগুলি প্রত্যেকটা বিষাক্ত, করাত ও শঙ্খচিতি শ্রেণীর, যাহা এদেশে সাধারণত দেখা যায়"
bibhutibhushan bandopadhyay,মহিষ দেখিয়া মনে হইল এ ধরনের মহিষ আর কখনও দেখি নাই
bibhutibhushan bandopadhyay,"প্রকাণ্ড এক জোড়া শিং, গায়ে লম্বা লম্বা লোম- বিপুল শরীর কাছেও কোনো লোকালয় বা মহিষের বাথান নাই-তবে এ মহিষ কোথা হইতে আসিল বুঝিয়া উঠিতে পারিলাম না"
bibhutibhushan bandopadhyay,"ভাবিলাম, চরির খাজনা ফাঁকি দিবার উদ্দেশ্যে কেহ লুকাইয়া হয়তো জঙ্গলের মধ্যে কোথাও বা বাথান করিয়া থাকিবে"
bibhutibhushan bandopadhyay,কাছারির কাছাকাছি আসিয়াছি মুনেশ্বর সিং চাক্লাদারের সহিত দেখা
bibhutibhushan bandopadhyay,তাহাকে কথাটা বলিতেই সে চমকিয়া উঠিল-আরে সর্বনাশ
bibhutibhushan bandopadhyay,হনুমানজী খুব বাঁচিয়ে দিয়েছেন আজ
bibhutibhushan bandopadhyay,"পোষা নয়, ও হ'ল , বুনো ভইস্ হুজুর, মোহনপুরা জঙ্গল থেকে এসেছে জল ও অঞ্চলে কোথাও জল নেই তো"
bibhutibhushan bandopadhyay,কাছারিতে তখনই কথাটা রাষ্ট্র হইয়া গেল
bibhutibhushan bandopadhyay,"সকলেই একবাক্যে বলিল-উঃ, হুজুর খুব বেঁচে গিয়েছেন"
bibhutibhushan bandopadhyay,"বাঘের হাতে পড়লে বরং রক্ষা পাওয়া যেতে পারে, বুনো মহিষের হাতে পড়লে নিস্তার নেই"
bibhutibhushan bandopadhyay,"আর এই সন্ধ্যাবেলা ওই নির্জন জায়গায় যদি একবার আপনাকে ওরা তাড়া করত, ঘোড়া ছুটিয়ে বাঁচতে পারতেন না হুজুর ৷ তার পর হইতে জঙ্গলে-ঘেরা ওই ছোট বন্য জানোয়ারের জলপানের একটা প্রধান আড্ডা হইয়া দাঁড়াইল"
bibhutibhushan bandopadhyay,"অনাবৃষ্টি যত হইতে লাগিল, রৌদ্রের ক্রমবর্ধমান প্রখরতায় দিক্দিগন্তে দাবদাহ যত প্রচণ্ড হইয়া উঠিতে লাগিল-খবর আসিতে লাগিল সেই জঙ্গলের মধ্যে কুণ্তাতে লোকে বাঘকে জল খাইতে দেখিয়াছে, বন-মহিষকে জল খাইতে দেখিয়াছে, হরিণের পালকে জল খাইতে দেখিয়াছে, নীলগাই ও বুনো শুয়োর তো আছেই--কারণ শেষের দুই প্রকার জানোয়ার এ জঙ্গলে অত্যন্ত বেশী"
bibhutibhushan bandopadhyay,আমি নিজে আর একদিন জ্যোৎস্না-রাত্রে ঘোড়ায় করিয়া কুণ্তাতে যাই শিকারের উদ্দেশ্যে-সঙ্গে তিন-চার জন সিপাহী ছিল- দু-তিনটি বন্দুকও ছিল
bibhutibhushan bandopadhyay,"সে যা দৃশ্য দেখিয়াছিলাম সে রাত্রে, জীবনে ভূুলিবার নয়"
bibhutibhushan bandopadhyay,তাহা বুঝিতে হইলে কল্পনায় আরণ্যক ছবি আঁকিয়া লইতে হইবে এক জনহীন জ্যোৎস্নাময়ী রাত্রি ও বিস্তীর্ণ বনপ্রান্তরের
bibhutibhushan bandopadhyay,"আরো কল্পনা করিয়া লইতে হইবে সারা বনভূমি ব্যাপিয়া এক অদ্ভুত নিস্তব্ধতার, অভিজ্ঞতা না থাকিলে যদিও সে নিস্তব্ধতা কল্পনা করা প্রায় অসম্ভব"
bibhutibhushan bandopadhyay,"""যা উষ্ণ বাতাস অর্ধশুষ্ক কাশ-ডাঁটার গন্ধে নিবিড় হইয়া উঠিয়াছে, লোকালয় হইতে বহু দূরে আসিয়াছি, দিগৃবিদিকের জ্ঞান হারাইয়া ফেলিয়াছি"
bibhutibhushan bandopadhyay,"কুপ্তীতে প্রায় নিঃশব্দে জল খাইতেছে এক দিকে দুটি নীল গাই, অন্য দিকে দুটি হায়েনা, নীলগাই দুটি একবার হায়েনাদের দিকে চাহিতেছে, হায়েনারা একবার নীলগাই দুটির দিকে চাহিতেছে আর দু-দলের মাঝখানে দু-তিন মাস বয়সের এক ছোট নীলগাইয়ের বাচ্চা"
bibhutibhushan bandopadhyay,অমন করুণ দৃশ্য কখনো দেখি নাই- দেখিয়া পিপাসার্ত বন্য জন্তদের নিরীহ শরীরে অতর্কিতে গুলি মারিবার প্রবৃত্তি হইল না
bibhutibhushan bandopadhyay,আরো এক বিপদ দেখা দিল
bibhutibhushan bandopadhyay,"এই সুবিস্তীর্ণ বনপ্রান্তরের মাঝে মাঝে লোকে দিক হারাইয়া আগেও পথ ভূলিয়া যাইত- এখন এইসব পথহারা পথিকদের জলাভাবে প্রাণ হারাইবার আশঙ্কা দাঁড়াইল, কারণ ফুলকিয়া বইহার হইতে গ্র্যান্ট সাহেবের বটগাছ পর্যন্ত বিশাল ভূণভূমির র মধ্যে কোথাও একবিন্দু জল নাই"
bibhutibhushan bandopadhyay,"এক-আধটা শুষ্কপ্রায় কুপ্তী যেখানে আছে, অনভিজ্ঞ পথিকদের পক্ষে সে সব খুঁজিয়া পাওয়া সহজ নয়"
bibhutibhushan bandopadhyay,"আরণ্যক সেদিন বেলা চারটার সময় অত্যন্ত গরমে কাজে মন বসাইতে না পারিয়া একখানা কি বই পড়িতেছি, এমন সময় রামবিরিজ সিং আসিয়া এত্তেলা করিল, কাছারির পশ্চিমদিকে উঁচু ডাঙার উপরে একজন কে অদ্ভুত ধরনের পাগলা লোক দেখা যাইতেছে- সে হাত-পা নাড়িয়া দূর হইতে কি যেন বলিতেছে"
bibhutibhushan bandopadhyay,বাহিরে গিয়া দেখিলাম সত্যই দূরের ডাঙাটার উপরে কে একজন দাঁড়াইয়া মনে হইল মাতালের মতো টলিতে টলিতে এদিকেই আসিতেছে
bibhutibhushan bandopadhyay,কাছারি সুদ্ধ লোক জড়ো হইয়া সেদিকে হাঁ করিয়া চাহিয়া আছে দেখিয়া আমি দুজন সিপাহী পাঠাইয়া দিলাম লোকটাকে এখানে আনতে
bibhutibhushan bandopadhyay,"লোকটাকে যখন আনা হইল, দেখিলাম তাহার গায়ে কোনো জামা নাই- পরনে মাত্র একখানা ফর্সা ধুতি, চেহারা ভালো, রং গৌরবর্ণ ৷ কিন্তু তাহার মুখের আকৃতি অতি ভীষণ, গালের দুই কশ বাহিয়া ফেনা বাহির হইতেছে, চোখদুটি জবাফুলের মতো লাল, চোখে উন্মাদের মত দৃষ্টি"
bibhutibhushan bandopadhyay,আমার ঘরের দাওয়ায় একটা বালতিতে জল ছিল--তাই দেখিয়া সে পাগলের মতো ছুটিয়া বালতির দিকে গেল
bibhutibhushan bandopadhyay,মুনেশ্বর সিং চাকলাদার ব্যাপারটা বুঝিয়া তাড়াতাড়ি বালতি সরাইয়া লইল
bibhutibhushan bandopadhyay,তাহার পর তাহাকে বসাইয়া হাঁ করাইয়া দেখা গেল জিভ ফুলিয়া বীভৎস ব্যাপার হইয়াছে
bibhutibhushan bandopadhyay,অতি কষ্টে জিভটা মুখের এক পাশে সরাইয়া একটু একটু করিয়া তার মুখে জল দিতে দিতে আধ ঘণ্টা পরে লোকটা কথঞ্চিৎ সুস্থ হইল
bibhutibhushan bandopadhyay,"কাছারিতে লেবু ছিল, লেবুর রস ও গরম জল এক তাহাকে খাইতে দিলাম ঘণ্টাখানেক পরে সে সম্পূর্ণ সুস্থ হইয়া উঠিল"
bibhutibhushan bandopadhyay,শুনিলাম তাঁর বাড়ি গালার চাষ করিবার উদ্দেশ্যে সে এ-অঞ্চলে কুলের জঙ্গলের অনুসন্ধান করিতে পূর্ণিয়া হইতে রওনা হইয়াছে আজ দুই দিন পূর্বে
bibhutibhushan bandopadhyay,"তারপর দুপুরের সময় আমাদের মহালে ঢুকিয়াছে, এবং একটু পরে দিগ্ভ্রান্ত হইয়া পড়িয়াছে, কারণ এ রকম একঘেয়ে একই ধরনের গাছে-ভরা জঙ্গলে দিক্ ভুল করা খুব সোজা, বিশেষত বিদেশী লোকের কালকার ভীষণ উত্তাপে ও গরম পশ্চিমে বাতাসের দমকার মধ্যে সারা বৈকাল ঘুরিয়াছে- কোথাও একফোঁটা জল পায় নাই-একটা মানুষের সঙ্গে দেখা হয় নাই- রাত্রে অবসন্ন অবস্থায় এক গাছের তলায় শুইয়া ছিল- আজ সকাল হইতে আবার ঘোরা শুরু করিয়াছে-মাথা ঠাণ্ডা রাখিলে সূর্য দেখিয়া দিক্ নির্ণয় করা হয়তো তার পক্ষে খুব কঠিন হইত না- অন্তত পূর্ণিয়াও ফিরিয়া যাইতে পারিত-কিন্তু ভয়ে দিশাহারা হইয়া একবার এদিক একবার ওদিক ছুটাছুটি করিয়াছে আজ সারা দুপুর, তাহার উপর খুব চীৎকার করিয়া লোক ডাকিবার চেষ্টা করিয়াছে-কোথায় লোক"
bibhutibhushan bandopadhyay,"ফুলকিয়া বইহারের কুলের জঙ্গল যেদিকে, সেদিক হইতে লবটুলিয়া পর্যন্ত দশ-বারো বর্গমাইল-ব্যাপী বনপ্রান্তর সম্পূর্ণ জনমানবশূন্য, সুতরাং আশ্চর্যের বিষয় নয় যে, তাহার চিৎকার কেহ শোনে"
bibhutibhushan bandopadhyay,"আরও তাহার আতঙ্ক হইবার কারণ, সে ভাবিয়াছিল, তাহাকে জঙ্গলের মধ্যে জিনপরীতে পাইয়াছে- মারিয়া না ফেলিয়া ছাড়িবে না"
bibhutibhushan bandopadhyay,"তাহার গায়ে একটা জামা ছিল, কিন্তু আজ অসহ্য পিপাসায় দুপুরের পরে এমন গা-জ্বলুনি শুরু হইয়াছিল যে, জামাটা খুলিয়া কোথায় ফেলিয়া দিয়াছে"
bibhutibhushan bandopadhyay,অবস্থায় দৈবক্রমে আমাদের কাছারির হনুমানের ধ্বজার লাল নিশানটা দূর হইতে তাহার চোখে না পড়িলে লোকটা আজ বেঘোরে মারা পড়িত
bibhutibhushan bandopadhyay,"একদিন এই ঘোর উত্তাপ ও জলকষ্টের দিনে ঠিক দুপুরবেলা সংবাদ পাইলাম, কোণে মাইল-খানেক দূরের জঙ্গলে ভয়ানক আগুন লাগিয়াছে এবং আগুন কাছারির দিকে অগ্রসর হইয়া আসিতেছে"
bibhutibhushan bandopadhyay,সবাই মিলিয়া তাড়াতাড়ি বাহির হইয়া দেখিলাম প্রচুর ধূমের সঙ্গে রাঙা অগ্নিশিখা করিয়া বহুদূর আকাশে উঠিতেছে
bibhutibhushan bandopadhyay,"সেদিন আবার দারুণ পশ্চিমে বাতাস, লম্বা লম্বা ঘাস ও বন-ঝাউয়ের জঙ্গল সূর্যতাপে অর্ধশুষ্ক হইয়া বারুদের মতো হইয়া আছে, এক-এক স্ফুলিঙ্গ পড়িবামাত্র গোটা ঝাড় জ্বলিয়া উঠিতেছে- সেদিকে যতদূর দৃষ্টি যায়, ঘন নীলবর্ণ ধূমরাশি ও অগ্নিশিখা- আর চটচট শব্দ"
bibhutibhushan bandopadhyay,"ঝড়ের মুখে পশ্চিম হইতে পূর্ব দিকে বাঁকা আগুনের শিখা ঠিক যেন আরণ্যক ডাক-গাড়ীর বেগে ছুটিয়া আসিতেছে আমাদের কয়খানা খড়ের বাংলোর দিকেই ৷ সকলেরই মুখ শুকাইয়া গেল, এখানে থাকিলে আপাতত তো বেড়া-আগুনে ঝলসাইয়া মরিতে হয়- দাবানল তো আসিয়া পড়িল"
bibhutibhushan bandopadhyay,"কাছারির দরকারি কাগজপত্র, তহবিলের টাকা, সরকারী দলিল ম্যাপ, সর্বস্ব মজুত--এ বাদে আমাদের নিজেদের ব্যক্তিগত জিনিস যার যার তো আছেই"
bibhutibhushan bandopadhyay,"সিপাহীরা শুষ্কমুখে বলিল-আগ তো গৈল, হুজুর"
bibhutibhushan bandopadhyay,বলিলাম- সব জিনিস বার কর
bibhutibhushan bandopadhyay,"সরকারী তহবিল ও কাগজপত্র আগে জনকতক লোক লাগিয়া গেল আগুন ও কাছারির মধ্যে যে জঙ্গল পড়ে তাহারই যতটা পারা যায় কাটিয়া পরিষ্কার জঙ্গলের মধ্যে বাথান হইতে আগুন দেখিয়া বাথানওয়ালা চরির প্রজা দু-দশ জন ছুটিয়া আসিল কাছারি রক্ষা করিতে, কারণ পশ্চিমা বাতাসের বেগ দেখিয়া তাহারা বুঝিতে পারিয়াছে কাছারি ঘোর বিপন্ন কি অদ্ভুত দৃশ্য"
bibhutibhushan bandopadhyay,"জঙ্গল ভাঙ্গিয়া ছিড়িয়া ছুটিয়া পশ্চিম হইতে পূর্ব দিকে নীলগাইয়ের দল প্রাণভয়ে দৌড়িতেছে, শিয়াল দৌড়িতেছে, কান উঁচু করিয়া খরগোস দৌড়িতেছে, একদল বন্যশূকর তো ছানাপোনা লইয়া কাছারির উঠান দিয়াই দিগ্বিদিক জ্ঞানশূন্য অবস্থায় ছুটিয়া গে--ও অঞ্চলের বাথান হইতে পোষা মহিষের দল ছাড়া পাইয়া প্রাণপণে ছুঁটিতেছে, একঝাঁক বনটিয়া মাথার উপর দিয়া করিয়া উড়িয়া পলাইল, পিছনে পিছনে একটা বড় ঝাঁক লাল হাঁস"
bibhutibhushan bandopadhyay,"আবার এক ঝাঁক বনটিয়া, গোটাকতক সিল্লি"
bibhutibhushan bandopadhyay,বল্লালী-বালাই প্রথম পরিচ্ছেদ নিশ্চিন্দিপুর গ্রামের একেবারে উত্তরপ্রান্তে হরিহর রায়ের ক্ষুদ্র কোঠাবাড়ী
bibhutibhushan bandopadhyay,"হরিহর সাধারণ অবস্থার গৃহস্থ, পৈতৃক আমলের সামান্য জমিজমার আয় ও দু-চার ঘর শিষ্য সেবকের বার্ষিকী প্রণামীর বন্দোবস্ত হইতে সাদাসিধাভাবে সংসার চালাইয়া থাকে"
bibhutibhushan bandopadhyay,পূর্বদিন ছিল একাদশী ৷ হরিহরের দূরসম্পর্কীয় দিদি ইন্দির সকালবেলা ঘরের দাওয়ায় বসিয়া চালভাজার গুঁড়া জলখাবার খাইতেছে
bibhutibhushan bandopadhyay,হরিহরের ছয় বৎসরের মেয়েটি চুপ করিয়া পাশে বসিয়া আছে ও পাত্র হইতে তুলিবার পর হইতে মুখে পুরিবার পূর্ব পর্যন্ত প্রতিমুঠা ভাজার গুঁড়ার গতি অত্যন্ত করুণভাবে লক্ষ্য করিতেছে এবং মাঝে মাঝে ক্রমশূন্যায়মান কাঁসার জামবাটির দিকে হতাশভাবে চাহিতেছে
bibhutibhushan bandopadhyay,দু-একবার কি বলি বলি করিয়া যেন বলিতে পারিল না
bibhutibhushan bandopadhyay,"ইন্দির গাক্কুণ মুঠার পর মুঠা উঠাইয়া পাত্র নিঃশেষ করিয়া ফেলিয়া খুকীর দিকে চাহিয়া বলিল, ও মা, তোর জন্যে দুটো রেখে দেলাম না"
bibhutibhushan bandopadhyay,"-ওই দ্যাখো মেয়েটি করুণ চোখে বলিল, তা হোক পিতি, তুই খা দুটো পাকা বড় বীচে-কলার একটা হইতে আধখানা ভাঙ্গিয়া ইন্দির ঠাক্কুণ তাহার হাতে দিল"
bibhutibhushan bandopadhyay,এবার খুকীর চোখ-মুখ উজ্জ্বল দেখাইল- সে পিসিমার হাত হইতে উপহার লইয়া মনোযোগের সহিত ধীরে ধীরে চুষিতে লাগিল
bibhutibhushan bandopadhyay,"ওঘর হইতে তাহার মা ডাকিল, আবার ওখানে গিয়া ধন্না দিয়ে বসে আছে"
bibhutibhushan bandopadhyay,"ইন্দির ঠাক্কণ বলিল, থাক আমার কাছে বসে আছে, ও কিছু করচে না"
bibhutibhushan bandopadhyay,"থাক বসে- তবুও তাহার মা শাসনের সুরে বলিল, না, কেনই বা খাবার সময় ওরকম বসে থাকবে"
bibhutibhushan bandopadhyay,ওসব আমি পছন্দ করি নে ; চলে আয় বলচি উঠে খুকী ভয়ে ভয়ে উঠিয়া গেল
bibhutibhushan bandopadhyay,ইন্দির সঙ্গে হরিহরের সম্পর্কটা বড়
bibhutibhushan bandopadhyay,মামার বাড়ীর সম্পর্কে কি রকমের বোন
bibhutibhushan bandopadhyay,হরিহর রায়ের পূর্বপুরুষের বাড়ী ছিল পাশের গ্রামে যশড়া-বিষ্ণুপুর
bibhutibhushan bandopadhyay,হরিহরের পিতা রামচাঁদ রায় মহাশয় অল্প-বয়সে প্রথমবার বিপত্ীক হইবার পরে অত্যন্ত ক্ষোভের সহিত লক্ষ্য করিলেন যে দ্বিতীয়বার তাঁহার বিবাহ দিবার দিকে পিতৃদেবের কোন লক্ষই নাই
bibhutibhushan bandopadhyay,"বছরখানেক কোনরকমে চক্ষুলজ্জায় কাটাইয়া দেওয়ার পরও যখন পিতার সেদিকে কোন উদ্যম দেখা গেল না, তখন রামচাঁদ মরীয়া হইয়া প্রত্যক্ষে ও পরোক্ষে নানারূপ অস্ত্র ব্যবহার করিতে বাধ্য হইলেন"
bibhutibhushan bandopadhyay,"দুপুরবেলা কোথাও কিছু নাই, সহজ মানুষ রামচাঁদ আহারাদি করিয়া বিছানায় ছটফট করিতেছেন- কেহ নিকটে বসিয়া কি হইয়াছে জানিতে চাহিলে রামচাঁদ সুর ধরিতেন, তাঁহার আর কে আছে, কে-ই বা আর তাঁহাকে দেখিবে এখন তাঁহার মাথা ধরিলেই বা কি- ইত্যাদি"
bibhutibhushan bandopadhyay,"ফলে এই নিশ্চিন্দিপুর গ্রামে রামচাঁদের দ্বিতীয় পক্ষের বিবাহ হয়, এবং বিবাহের অল্পদিন পরে পিত্দেবের মৃত্যু হইলে যশড়া-বিষ্ণুপুরের বাস উঠাইয়া রামচাঁদ স্থায়ীভাবে এখানেই বসবাস শুরু করেন"
bibhutibhushan bandopadhyay,"ইহা তাঁহার অল্প বয়সের এ গ্রামে আসিবার পর শ্বশূরের যত্বে টোলে সংস্কৃত পড়িতে আরম্ভ করেন, এবং কালে এ অঞ্চলের মধ্যে ভাল পণ্ডিত হইয়া উঠিয়াছিলেন"
bibhutibhushan bandopadhyay,"তবে কোন বিষয়কর্ম কোনদিন তিনি করেন নাই, করার উপযুক্ত তিনি ছিলেন কিনা, সে বিষয়েও ঘোরতর সন্দেহের কারণ আছে"
bibhutibhushan bandopadhyay,বৎসরের মধ্যে নয় মাস তাঁহার স্ত্রী-পুত্র শ্বশূরবাড়ীতেই থাকিত
bibhutibhushan bandopadhyay,"তিনি নিজে পাড়ার পতিরাম মুখুয্যের পাশার আড্ডায় অধিকাংশ সময় কাটাইয়া দুইবেলা ভোজনের সময় শ্বশূরবাড়ী হাজির হইতেন মাত্র ; যদি কেহ জিজ্ঞাসা করিত- পণ্ডিতমশায়, বৌটা ছেলেটা আছে, আখেরটা তো দেখতে হবে"
bibhutibhushan bandopadhyay,"রামচাঁদ বলিতেন- কোন ভাবনা নেই ভায়া, ব্রজো চক্কোত্তির ধানের মরাই-এর তলা কুড়িয়ে খেলেও এখন ওদের দু-পুরুষ হেসে-খেলে পরে তিনি ছক্কা ও পঞ্জুড়ির জোড় কি ভাবে মিলাইলে ঘর ভাঙিতে পারিবেন, তাহাই একমনে ভাবিতেন"
bibhutibhushan bandopadhyay,"ব্রজ চক্রবর্তীর ধানের মরাই-এর নিত্যতা সম্বন্ধে তাঁহার আস্থা যে কতটা বে-আন্দাজী ধরনের হইয়াছিল, তাহা শ্বশুরের মৃত্যুতে পরে রামচাঁদের বুঝিতে বেশী বিলম্ব হয় নাই"
bibhutibhushan bandopadhyay,"গ্রামে তাঁহার জমিজমাও ছিল না, নগদ টাকাও বিশেষ কিছু নয়"
bibhutibhushan bandopadhyay,"দুই চারিটি শিষ্য-সেবক এদিকে ওদিকে জুটিয়াছিল, তাঁহাদের দ্বারা কোন রকমে সংসার চালাইয়া পুত্রটিকে মানুষ করিতে থাকেন"
bibhutibhushan bandopadhyay,তাঁহার পূর্বে তাঁহার এক জ্ঞাতি-ভ্রাতার বিবাহ তাঁহার শ্বশূরবাড়ীতেই হয়
bibhutibhushan bandopadhyay,তাহারাও এখানেই বাস করিয়াছিল তাহাদের দ্বারাও রামচাঁদের অনেক সাহায্য হইত
bibhutibhushan bandopadhyay,"জ্ঞাতি-ভ্রাতার পুত্র নীলমণি রায় কমিসেরিয়েটে চাকরি করিতেন, কিন্তু কর্ম উপলক্ষে তাঁহাকে বরাবর বিদেশে থাকিতে হইত বলিয়া তিনি শেষকালে এখানকার বাস একরূপ উঠাইয়া বৃদ্ধা মাতাকে লইয়া কর্মস্থলে চলিয়া যান"
bibhutibhushan bandopadhyay,"এখন তাঁহাদের ভিটাতে আর কেহ শোনা যায়, পূর্বদেশীয় এক নামজাদা কুলীনের সঙ্গে ইন্দির বিবাহ হইয়াছিল"
bibhutibhushan bandopadhyay,স্বামী বিবাহের পর কালেভদ্রে এ গ্রামে পদার্পণ করিতেন
bibhutibhushan bandopadhyay,"এক-আধ রাত্রি কাটাইয়া পথের খরচ ও কৌলীন্য-সম্মান আদায় করিয়া লইয়া, খাতায় দাগ আঁকিয়া পরবর্তী নম্বরের শ্বশূরবাড়ী অভিমুখে তলপী-বাহক সহ রওনা হইতেন, কাজেই স্বামীকে ইন্দির ভাল মনে করিতেই পারে বাপ-মায়ের মৃত্যুর পর ভাই-এর আশ্রয়ে দু-মুঠা অন্ন পাইয়া আসিতেছিল, কপালক্রমে সে ভাইও অল্প বয়সে মারা গেল"
bibhutibhushan bandopadhyay,হরিহরের পিতা রামচাঁদ অল্প পরেই এ ভিটাতে বাড়ী তুলিলেন এবং সেই সময় হইতেই ইন্দির ঠাক্কুণের এ সংসারে প্রথম প্রবেশ
bibhutibhushan bandopadhyay,সে সকল আজিকার কথা নহে
bibhutibhushan bandopadhyay,"তাহার পর অনেকদিন হইয়া গিয়াছে শাঁখারীপুকুরে নাল ফুলের বংশের পর বংশ কত আসিয়াছে, চলিয়া গিয়াছে"
bibhutibhushan bandopadhyay,চক্রবর্তীদের ফাঁকা মাঠে সীতানাথ নতুন কলমের বাগান বসাইল এবং সে সব গাছ আবার বুড়া হইতেও চলিল
bibhutibhushan bandopadhyay,"কত ভিটায় নতুন গৃহস্থ বসিল, কত জনশূন্য হইয়া গেল, কত গোলোক চক্রবর্তী, ব্রজ চক্রবর্তী মরিয়া হাজিয়া গেল, ইছামতীর চলোর্মি চঞ্চল স্বচ্ছ জলধারা অনন্ত কালপ্রবাহের সঙ্গে পাল্লা দিয়া কুটার মত, ঢেউয়ের ফেনার মত, গ্রামের নীলকুঠির মত জন্সন সাহেব, কত মজুমদারকে কোথায় ভাসাইয়া লইয়া গেল শুধু ইন্দির এখনও বাঁচিয়া আছে"
bibhutibhushan bandopadhyay,"সালের সে ছিপছিপে চেহারার হাস্যমুখী তরুণী নহে, পঁচাত্তর বৎসরের বৃদ্ধা, গাল তোবড়াইয়া গিয়াছে, মাজা ঈষৎ ভাঙিয়া শরীর সামনে ঝুঁকিয়া পড়িয়াছে, দূরের জিনিস আগের মত চোখে ঠাহর হয় না, হাত তুলিয়া যেন রৌদ্রের ঝাঁজ হইতে বাঁচাইবার ভঙ্গিতে চোখ ঢাকিয়া বলে, কে আসে"
bibhutibhushan bandopadhyay,"না, ও তুমি রাজু এই ভিটারই কি কম পরিবর্তনটা ইন্দির ঠাল্কুণের চোখের উপর ঘটিয়া গেল"
bibhutibhushan bandopadhyay,"ব্রজ চক্রবর্তীর যে ভিটা আজকাল জঙ্গল হইয়া পড়িয়া আছে, কোজাগরী লক্ষ্মী-পূর্ণিমার দিন গ্রামসুদ্ধ লোক সেখানে পাত পাড়িত"
bibhutibhushan bandopadhyay,বড় চণপ্ডীমণ্পে কি পাশার আড়্ডাটাই বসিত সকালে বিকালে
bibhutibhushan bandopadhyay,তখন কি ছিল এঁ রকম বাঁশবন
bibhutibhushan bandopadhyay,পৌষ-পার্বণের দিন এ টঢেকিশালে একমণ চাল কোটা হইত পৌষ-পিঠার জন্য-চোখ বুজিয়া ভাবিলেই ইন্দির গঠাক্কুণ সে সব এখনও দেখিতে পায়
bibhutibhushan bandopadhyay,"এঁ রায়বাড়ীর মেজবৌ লোকজন সঙ্গে করিয়া চাল আসিয়াছেন, দমাদম পাড় পড়িতেছে, সোনার বাউটি রাঙা হাতে একবার সামনে সরিয়া আসিতেছে আবার পিছাইয়া যাইতেছে, জগদ্ধাত্রীর মত রূপ, তেমনি স্বভাবচরিত্র"
bibhutibhushan bandopadhyay,"নতুন যখন ইন্দির বিধবা হইল, তখন প্রতি দ্বাদশীর দিন প্রাতঃকালে নিজের হাতে জলখাবার গোছাইয়া আনিয়া তাহাকে খাওয়াইয়া যাইতেন"
bibhutibhushan bandopadhyay,কোথায় গেল কে সেকালের আর কেহ বাঁচিয়া নাই যার সঙ্গে সুখদুঃখের দুটো কথা কয়
bibhutibhushan bandopadhyay,"তারপর এ সংসারে আশ্রয়দাতা রামচাঁদ মারা গেলেন, তাঁর ছেলে হরিহর তো হইল সেদিন"
bibhutibhushan bandopadhyay,"ঘাটের পথে লাফাইয়া লাফাইয়া খেলিয়া বেড়াইত, মুখুয্যেদের তেতুল গাছে ডাঁশা তেতুল খাইতে গিয়া পড়িয়া হাত ভাঙিয়া দুই-তিন মাস শয্যাগত ছিল ; সেদিনের কথা"
bibhutibhushan bandopadhyay,ধূমধাম করিয়া অল্প বয়সে তাহার বিবাহ হইল-পিতার মৃত্যুর পর দশ বৎসরের নববিবাহিতা পত্নীকে বাপের বাড়ী ফেলিয়া রাখিয়া দেশছাড়া হইয়া গেল
bibhutibhushan bandopadhyay,"আট-দশ বছর প্রায় কোন খোঁজখবর ছিল কালেভদ্রে একআধখানা চিঠি দিত, কখনো কখনো দু'পাঁচ টাকা বুড়ীর নামে মনি অর্ডার করিয়া পাঠাইত"
bibhutibhushan bandopadhyay,"এই বাড়ী আগ্ুলিয়া কত কষ্টে, কতদিন না খাইয়া প্রতিবেশীর দুয়ারে চাহিয়া চিন্তিয়া তাহার দিন গিয়াছে"
bibhutibhushan bandopadhyay,"অনেকদিন পরে হরিহর আজ ছয় সাত বৎসর আসিয়া ঘর-সংসার পাতিয়াছে, তাহার একটি মেয়ে হইয়াছে সেও প্রায় ছয় বৎসরেরটি হইতে চলিল"
bibhutibhushan bandopadhyay,বুড়ী ভাবিয়াছিল এতদিনে সেই ছেলেবেলার ঘর-সংসার আবার বজায় হইল
bibhutibhushan bandopadhyay,"তাহার জীবনে সে অন্য সুখ চাহে নাই, অন্য প্রকার সুখ-দুঃখের ধারণাও সে করিতে অক্ষম-আশৈশব-অভ্যস্ত জীবনযাত্রার পুরাতন পথে যদি গতির মোড়টা ঘুরিয়া দাঁড়ায় তাহা হইলেই সে খুশী, তাহার কাছে সেইটাই চরম সুখের কাহিনী"
bibhutibhushan bandopadhyay,হরিহরের ছোট্ট মেয়েটাকে সে একদণ্ড চোখের আড়াল করিতে পারে না
bibhutibhushan bandopadhyay,"তাহার নিজেরও এক মেয়ে ছিল, নাম ছিল তার বিশ্বেশ্বরী"
bibhutibhushan bandopadhyay,অল্প বয়সেই বিবাহ হয় এবং বিবাহের অল্প পরেই মারা যায়
bibhutibhushan bandopadhyay,হরিহরের মেয়ের মধ্যে বিশ্বেশ্বরী মৃত্যুপারের দেশ হইতে চল্লিশ বছর পরে তাহার অনাথা মায়ের কোলে আবার ফিরিয়া আসিয়াছে
bibhutibhushan bandopadhyay,"চল্লিশ বছরের নিভিয়া- যাওয়া ঘুমন্ত মাতৃত্ব মেয়েটার মুখের বিপন্ন অপ্রতিভ ভঙ্গিতে, অবোধ চোখের হাসিতে--একমুহূর্তে সচকিত আগ্রহে, শেষ- হইতে চলা জীবনের ব্যাকুল ক্ষুধায় জাগিয়া কিন্তু যাহা সে ভাবিয়াছিল তাহা হয় নাই"
bibhutibhushan bandopadhyay,"হরিহরের বৌ দেখিতে টুকটুকে সুন্দরী হইলে কি হইবে, ভারী ঝগড়াটে, তাহাকে তো দুই চক্ষু পাড়িয়া দেখিতে পারে না"
bibhutibhushan bandopadhyay,"কোথাকার কে তার ঠিকানা নাই, কি তাহার সঙ্গে সম্পর্ক খুঁজিয়া মেলে না, বসিয়া বসিয়া অনশ্নধ্বংস করিতেছে"
bibhutibhushan bandopadhyay,সে খুঁটিনাটি লইয়া বুড়ীর সঙ্গে দু'বেলায় ঝগড়া বাধায়
bibhutibhushan bandopadhyay,"অনেকটা ঝগড়া চলিবার পর বুড়ী নিজস্ব একটি পিতলের ঘটা কাঁখে ও ডান হাতে একটা কাপড়ের পুটুলি ঝুলাইয়া বলিত-চল্লাম নতুন বৌ, আর যদি কখনো এ বাড়ীর মাটি মাড়াই, তবে আমার-"
bibhutibhushan bandopadhyay,"বাড়ী হইতে বাহির হইয়া গিয়া বুড়ী মনের দুঃখে বাঁশবাগানে সারাদিন বসিয়া কাটাইত বৈকালের দিকে সন্ধান পাইয়া হরিহরের ছোট মেয়েটা তাহার কাছে গিয়া তাহার আঁচল ধরিয়া টানাটানি আরম্ভ করিত- ওঠ পিতিমা, মাকে বলবো আল্ তোকে বকবে না, আয় পিতিমা"
bibhutibhushan bandopadhyay,তাহার হাত ধরিয়া সন্ধ্যার অন্ধকারে বাড়ী ফিরিত
bibhutibhushan bandopadhyay,"সর্বজয়া মুখ ফিরাইয়া বলিত, এঁ এলেন"
bibhutibhushan bandopadhyay,যাবার কি আর চুলো আছে এই ছাড়া
bibhutibhushan bandopadhyay,তেজটুকু আছে এদিকে ষোলো আনা
bibhutibhushan bandopadhyay,রকম উহারা বাড়ী আসার বৎসর-খানেকের মধ্যেই আরম্ভ হইয়াছে- বহুবার হইয়া গিয়াছে এবং মাঝে মাঝে প্রায়ই হরিহরের পূর্বের ভিটায় খড়ের ঘরখানা অনেকদিন বে-মেরামতি অবস্থায় পড়িয়া আছে
bibhutibhushan bandopadhyay,একটা বাঁশের আলনায় খান দুই ময়লা ছেঁড়া থান
bibhutibhushan bandopadhyay,ছেঁড়া জায়গাটার দুই প্রান্ত একসঙ্গে করিয়া গেরো বাঁধা
bibhutibhushan bandopadhyay,"আজকাল ছুঁচে সুতা পরাইতে পারে না বলিয়া কাপড় সেলাই করিবার সুবিধা নাই, বেশী ছিড়িয়া গেলে গেরো বাঁধে"
bibhutibhushan bandopadhyay,একপাশে একখানা ছেঁড়া মাদুর ও কতকগুলি ছেঁড়া কাঁথা
bibhutibhushan bandopadhyay,একটা পুঁটলিতে রাজ্যের ছেঁড়া কাপড় বাঁধা
bibhutibhushan bandopadhyay,"মনে হয় কাঁথা বুনিবার উপকরণ স্বরূপ সেগুলি বহুদিন হইতে সমযত্বে সঞ্চিত আছে, কখনও দরকার হয় নাই, বর্তমানে দরকার হইলেও কাঁথা বুনিবার মত চোখের তেজ আর তাহার তবুও সেগুলি পরম যত্নে তোলা থাকে, ভাদ্রমাসে বর্ষার পর রৌদ্র ফুটিলে বুড়ী সেগুলি খুলিয়া মাঝে মাঝে উঠানে রৌদ্রে বেতের পেঁটরাটার মধ্যে একটা পুঁটলি বাঁধা কতকগুলো ছেঁড়া লালপাড় শাড়ী-সেগুলি তাহার মেয়ে বিশ্বেশ্বরীর ; একটা পিতলের চাদরের ঘটা, একটা মাটির ছোবা, গোটা দুই মাটির ভাঁড়"
bibhutibhushan bandopadhyay,"পিতলের ঘটাতে চালভাজা ভরা থাকে, রাত্রে হামানদিস্তা দিয়া গুঁড়া করিয়া তাই মাঝে মাঝে খায়"
bibhutibhushan bandopadhyay,"মাটির ভাঁড়গুলার কোনটাতে একটুখানি , কোনটাতে একটু নুন, কোনটাতে সামান্য একটু খেজুরের গুড়"
bibhutibhushan bandopadhyay,সর্বজয়ার কাছে চাহিলে সব সময় মেলে না বলিয়া বুড়ী সংসার হইতে লুকাইয়া আনিয়া সেগুলি বিবাহের বেতের পেঁটরার মধ্যে সঞ্চয় করিয়া রাখিয়া দেয়
bibhutibhushan bandopadhyay,"সর্বজয়া এ ঘরে আসে ক্কচিৎ কালেভদ্রে কখনো কিন্তু সন্ধ্যার সময় তার মেয়ে ঘরের দাওয়ায় ছেঁড়া-কাঁথা-পাতা বিছানায় বসিয়া অনেকক্ষণ পর্যন্ত একমনে পিসিমার মুখে রূপকথা শোনে খানিকক্ষণ এ-গল্প ও-গল্প শুনিবার পর খুকী বলে,- পিতি, সেই ডাকাতের গল্পটা বল তো"
bibhutibhushan bandopadhyay,"গ্রামের একঘর গৃহস্থবাড়ীতে পঞ্চাশ বছর আগে ডাকাতি হইয়াছিল, সেই গল্প ইতিপূর্বে বহুবার বলা হইয়া গেলেও কয়েকদিনের ব্যবধানে উহার পুনরাবৃত্তি করিতে হয়, খুকী ছাড়ে না"
bibhutibhushan bandopadhyay,তাহার পর সে পিসিমার মুখে ছড়া শোনে সেকালের অনেক ছড়া ইন্দির ঠাক্কুণের মুখস্থ ছিল৷ অল্পবয়সে ঘাটে পথে সমবয়সী সঙ্গিনীদের কাছে ছড়া মুখস্থ বলিয়া তখনকার দিনে ইন্দির ঠাক্কুণ কত প্রশংসা আদায় করিয়াছে
bibhutibhushan bandopadhyay,"তাহার পর অনেক দিন সে এরকম ধৈর্যশীল শ্রোতা পায় নাই ; পাছে মরিচা পড়িয়া যায়, এইজন্য তাহার জানা সব ছড়াগুলিই আজকাল প্রতি সন্ধ্যায় একবার ক্ষুদ্র ভাইঝিটির কাছে আবৃত্তি করিয়া ধার শানাইয়া রাখে টানিয়া টানিয়া আবৃত্তি করে ও ললিতে চাঁপকলিতে একটা কথা শুনসে, রাধার ঘরে চোর ঢুকেছে- এই পর্যন্ত বলিয়া সে হাসি-হাসি মুখে প্রতীক্ষার দৃষ্টিতে ভাইঝির দিকে চাহিয়া থাকে৷ খুকী উৎসাহের সঙ্গে বলে চুড়োবাঁধা এক মিনসে অক্ষরটার উপর অকারণ জোর দিয়া ছোট মাথাটি সামনে তাল রাখিবার ভাবে ঝুকাইয়া পদটার উচ্চারণ শেষ করে৷ ভারি আমোদ লাগে খুকীর"
bibhutibhushan bandopadhyay,"তাহার পিসি ভাইঝিকে ঠকাইবার চেষ্টায় এমন সব ছড়া আবৃত্তি করে ও পাদপূরণের জন্য ছাড়িয়া দেয়, যাহা হয়তো দশ পনেরো দিন বলা হয় নাই- কিন্তু খুকী ঠিক মনে রাখে, তাহাকে ঠকানো কঠিন"
bibhutibhushan bandopadhyay,খানিক রাত্রে তাহার মা খাইতে ডাকিলে সে উঠিয়া যায়
bibhutibhushan bandopadhyay,"দ্বিতীয় পরিচ্ছেদ হরিহর রায়ের আদি বাসস্থান যশড়া-বিষ্ণুপুরের প্রাচীন ধনী-বংশ চৌধুরীরা নিষ্কর ভূমি দান করিয়া যে কয়েক ঘর ব্রাহ্মণকে সেকালে গ্রামে বাস করাইয়া ছিলেন, হরিহরের পূর্বপুরুষ বিষ্ণুরাম রায় তাহাদের মধ্যে একজন"
bibhutibhushan bandopadhyay,বৃটিশ শাসন তখনও দেশে বদ্ধমূল হয় নাই
bibhutibhushan bandopadhyay,"যাতায়াতের পথ সকল ঘোর বিপদসঙ্কুল ও ঠগী, গঠ্যাঙাড়ে, জলদস্যু প্রভৃতিতে পূর্ণ থাকিত"
bibhutibhushan bandopadhyay,"এই ডাকাতের দল প্রায়ই গোয়ালা, বাগদী, বাউরী শ্রেণীর লোক"
bibhutibhushan bandopadhyay,তাহারা অত্যন্ত বলবান-- লাঠি এবং চালানোতে সুনিপুণ বহু গ্রামের নিভৃত প্রান্তে ইহাদের স্থাপিত ডাকাতে-কালীর মন্দিরের চিহ্ন এখনও বর্তমান আছে
bibhutibhushan bandopadhyay,"দিনমানে ইহারা ভালমানুষ সাজিয়া বেড়াইত, রাত্রে কালীপূজা দিয়া দূর পল্লীতে গৃহস্থ-বাড়ী লুঠ করিতে বাহির হইত"
bibhutibhushan bandopadhyay,তখনকার কালে অনেক সমৃদ্ধিশালী ডাকাতি করিয়া অর্থ সঞ্চয় করিতেন
bibhutibhushan bandopadhyay,"বাংলা দেশে বহু জমিদার ও অবস্থাপন্ন গৃহস্থের অর্থের মূলভিত্তি যে এই পূর্বপুরুষ-সঞ্চিত লুষ্ঠিত , যাঁহারাই প্রাচীন বাংলার কথা জানেন, তাঁহারা ইহাও জানেন"
bibhutibhushan bandopadhyay,বিষ্ণুরাম রায়ের পুত্র বীরু রায়ের এইরূপ অখ্যাতি ছিল
bibhutibhushan bandopadhyay,তাঁহার অধীনে বেতনভোগী গ্যাঙাড়ে থাকিত
bibhutibhushan bandopadhyay,"নিশ্চিন্দিপুর গ্রামের উত্তরে যে কাঁচা সড়ক ওদিকে ঢচুয়াডাঙা হইতে আসিয়া নবাবগঞ্জ হইয়া টাকী চলিয়া গিয়াছে, ওই সড়কের ধারে দিগন্তবিস্তৃত বিশাল সোনাডাঙার মাঠের মধ্যে, ঠাকুরঝি পুকুর নামক সেকালকার এক বড় পুকুরের ধারে ছিল গ্যাঙাড়েদের আড্ডা"
bibhutibhushan bandopadhyay,পুকুরের ধারে প্রকাণ্ড বটগাছের তলে তাহারা লুকাইয়া থাকিত এবং নিরীহ পথিককে মারিয়া তাহার যথাসর্বস্ব অপহরণ গঠ্যাঙাড়েদের কার্যপ্রণালী ছিল অদ্ভুত ধরনের
bibhutibhushan bandopadhyay,"পথ-চলতি লোকের মাথায় লাঠির আঘাত করিয়া আগেই তাহাকে মারিয়া ফেলিয়া তবে তাহারা তাহার কাছে অর্থাম্বেষণ করিত- মারিয়া ফেলিবার পর এরূপ ঘটনাও বিচিত্র ছিল না যে, দেখা গেল নিহত ব্যক্তির কাছে সিকি পয়সাও নাই"
bibhutibhushan bandopadhyay,"পুকুরের মধ্যে লাশ গুঁজিয়া রাখিয়া ঠ্যাঙাড়েরা পরবর্তী শিকারের উপর দিয়া এ বৃথা শ্রমটুকু পোষাইয়া লইবার আশায় নিরীহমুখে পুকুরপাড়ের গাছতলায় ফিরিয়া যাইত ৷ গ্রামের উত্তরে এই বিশাল মাঠের মধ্যে সেই বটগাছ আজও আছে, সড়কের ধারের একটা অপেক্ষাকৃত আজও ঠাকুরবঝি পুকুর পুকুরের বিশেষ চিহ্ন নাই, চৌদ্দ আনা ভরাট হইয়া গিয়াছে ধান আবাদ করিবার সময় চাষীদের লাঙলের ফালে সেই হইতে আজও মাঝে মাঝে নরমুণ্ড উঠিয়া থাকে৷ শোনা যায় পূর্বদেশীয় এক বৃদ্ধ ব্রাহ্মণ বালক-পুত্রকে সঙ্গে করিয়া কালীগঞ্জ অঞ্চল হইতে টাকী শ্রীপুরের ওদিকে নিজের দেশে ফিরিতেছিলেন"
bibhutibhushan bandopadhyay,"সময়টা কার্তিক মাসের শেষ, কন্যার বিবাহের অর্থসংগ্রহের জন্য ব্রাহ্মণ বিদেশে বাহির হইয়াছিলেন, সঙ্গে কিছু অর্থ ও জিনিসপত্র ছিল"
bibhutibhushan bandopadhyay,"হরিদাসপুরের বাজারে চটিতে রম্ধন-আহারাদি করিয়া তাঁহারা দুপুরের কিছু পরে পুনরায় পথে বাহির হইয়া পড়িলেন, ইচ্ছা রহিল যে সম্মুখে পাঁচক্রোশ দূরের নবাবগঞ্জ বাজারের চটিতে রাত্রি যাপন করিবেন"
bibhutibhushan bandopadhyay,"পথের বিপদ তাঁহাদের অবিদিত ছিল না, কিন্তু আন্দাজ করিতে কিরূপ ভুল হইয়াছিল- কার্তিক মাসের ছোট দিন, নবাবগঞ্জের বাজারে পৌঁছিবার অনেক পূর্বে সোনাডাঙা মাঠের মধ্যে সূর্যকে ডুবুডুবু দেখিয়া তাঁহারা দ্রুতপদে হাঁটিতে আরম্ভ করিলেন"
bibhutibhushan bandopadhyay,কিন্তু ঠাকুরঝি পুকুরের ধারে আসিতেই তাঁহারা ঠ্যাঙাড়েদের হাতে পড়েন
bibhutibhushan bandopadhyay,"দস্যুরা প্রথম ব্রাহ্মণের মাথায় এক ঘা লাঠি বসাইয়া দিতেই তিনি প্রাণভয়ে চীৎকার করিতে করিতে পথ ছাড়িয়া মাঠের দিকে ছুটিলেন, ছেলেও বাবার পিছু পিছু কিন্তু একজন বৃদ্ধ অপরে বালক-ঠ্যাঙাড়েদের সঙ্গে কতক্ষণ দৌড়পাল্লা দিবে"
bibhutibhushan bandopadhyay,অল্পক্ষণেই তাহারা আসিয়া শিকারের নাগাল ধরিয়া ঘেরাও করিয়া ফেলিল
bibhutibhushan bandopadhyay,"নিরুপায় ব্রাহ্মণ নাকি প্রস্তাব করেন যে, তাঁহাকে মারা হয় ক্ষতি নাই, কিন্তু তাঁহার পুত্রের জীবনদান-বংশের একমাত্র পুত্র-পিগুলোপ ইত্যাদি ঘটনাক্রমে বীরু রায়ও নাকি সেদিনের দলের মধ্যে স্বয়ং উপস্থিত ছিলেন"
bibhutibhushan bandopadhyay,"ব্রাহ্মণ বলিয়া চিনিতে পারিয়া প্রাণভয়ার্ত বৃদ্ধ তাঁহার হাতে-পায়ে পড়িয়া অন্তত পুত্রটির প্রাণরক্ষার জন্য বহু কাকুতি-মিনতি করেন- কিন্তু সরল ব্রাহ্মণ বুঝেন নাই, তাঁহার বংশের পিগুলোপের আশঙ্কায় অপরের মাথাব্যথা হইবার কথা নহে, বরং তাঁহাদিগকে ছাড়িয়া দিলে ঠ্যাঙাড়ে দলের অন্যরূপ আশঙ্কার কারণ আছে"
bibhutibhushan bandopadhyay,সন্ধ্যার অন্ধকারে হতভাগ্য পিতাপুত্রের মৃতদেহ একসঙ্গে ঠান্ডা হেমন্ত রাতে ঠাকুরঝি পুকুরের জলে টোকাপানা ও শ্যামাঘাসের দামের মধ্যে পুঁতিয়া ফেলিবার ব্যবস্থা করিয়া বীরু রায় বাটা চলিয়া আসিলেন
bibhutibhushan bandopadhyay,"এই ঘটনার বেশী দিন পরে নয়, ঠিক পর বৎসর পূজার সময়"
bibhutibhushan bandopadhyay,বীরু রায় সপরিবারে নৌকাযোগে তাঁহার হলুদবেড়ে হইতে ফিরিতেছিলেন
bibhutibhushan bandopadhyay,নকীপুরের নীচের বড় নোনা গাঙ পার হইয়া মধুমতীতে পড়িবার পর দুই দিনের জোয়ার খাইয়া তবে আসিয়া দক্ষিণ শ্রীপুরের কাছে ইছামতীতে পড়িতে হইত
bibhutibhushan bandopadhyay,সেখান হইতে আর দিন-চারেকের পথ আসিলেই সারাদিন বাহিয়া আসিয়া অপরাহ্ন টাকীর ঘাটে নৌকা লাগিল
bibhutibhushan bandopadhyay,টাকীর বাজার হইতে পূজার দ্রব্যাদি কিনিয়া রাত্রিতে সেখানে অবস্থান করিবার পর প্রত্যুষে নৌকা ছাড়িয়া সকলে দেশের দিকে রওনা হইলেন
bibhutibhushan bandopadhyay,দিন দুই পরে সন্ধ্যার দিকে ধবলচিতের বড় খাল ও ইছামতীর মোহনায় একটা নির্জন চরে জোয়ারের অপেক্ষায় নৌকা লাগাইয়া যোগাড় হইতে লাগিল
bibhutibhushan bandopadhyay,"বড় চর, মাঝে মাঝে কাশঝোপ ছাড়া অন্য গাছপালা নাই"
bibhutibhushan bandopadhyay,একস্থানে মাঝিরা ও অন্যস্থানে বীরু রায়ের স্ত্রী রন্ধন চড়াইয়াছিলেন
bibhutibhushan bandopadhyay,"সকলেরই মন প্রফুল্ল, দুইদিন পরেই দেশে পৌঁছানো যাইবে বিশেষত পূজা নিকটে, সে আনন্দ তো আছেই জ্যোৎস্না উঠিয়াছিল"
bibhutibhushan bandopadhyay,নোনা গাঙের জল চক্চক্ করিতেছিল
bibhutibhushan bandopadhyay,"হু-হ্ হাওয়ায় চরের কাশফুলের রাশি আকাশ, জ্যোৎস্না, মোহানার জল একাকার করিয়া উড়িতেছিল"
bibhutibhushan bandopadhyay,হঠাৎ কিসের শব্দ শুনিয়া দু-একজন মাঝি রন্ধন ছাড়িয়া উঠিয়া দাঁড়াইয়া চারিদিকে চাহিয়া দেখিতে লাগিল
bibhutibhushan bandopadhyay,"কাশঝোপের আড়ালে যেন একটা হুটপাট শব্দ, একটা ভয়ার্ত কণ্ঠ একবার অস্ফুট চীৎকার করিয়া উঠিয়াই তখনি থামিয়া যাইবার শব্দ"
bibhutibhushan bandopadhyay,কৌতুহলী মাঝিরা ব্যাপার কি দেখিবার জন্য কাশঝোপের আড়ালটা পার হইতে না হইতে কি যেন একটা করিয়া চর হইতে জলে গিয়া ডুব দিল
bibhutibhushan bandopadhyay,চরের সেদিকটা জনহীন-কিছু কাহারও চোখে পড়িল না
bibhutibhushan bandopadhyay,"কি ব্যাপার ঘটিয়াছে, কি হইল, বুঝিবার পূর্বেই বাকি দাঁড়ি-মাঝি সেখানে আসিয়া পৌঁছিল"
bibhutibhushan bandopadhyay,"গোলমাল শুনিয়া বীরু রায় আসিলেন, তাঁহার চাকর আসিল"
bibhutibhushan bandopadhyay,"বীরু রায়ের একমাত্র পুত্র নৌকাতে ছিল, সে কই"
bibhutibhushan bandopadhyay,জানা গেল বিলম্ব দেখিয়া সে খানিকক্ষণ আগে চরের মধ্যে বেড়াইতে বাহির হইয়াছে
bibhutibhushan bandopadhyay,"দাঁড়ি-মাঝিদের মুখ শুকাইয়া গেল, এদেশের নোনা গাঙ সমূহের অভিজ্ঞতায় তাহারা বুঝিতে পারিল কাশবনের আড়ালে বালির চরে বৃহৎ কুমীর শুইয়া ওৎ পাতিয়া ছিল"
bibhutibhushan bandopadhyay,ডাঙা হইতে বীরু রায়ের পুত্রকে লইয়া গিয়াছে
bibhutibhushan bandopadhyay,তাহার পর অবশ্য যাহা হয় হইল
bibhutibhushan bandopadhyay,"নৌকার লগি লইয়া এদিকে ওদিকে খোঁজাখুঁজি করা হইল, নৌকা ছাড়িয়া মাঝনদীতে গভীর রাত্রি পর্যন্ত সকলে সন্ধান করিয়া বেড়াইল- তাহার পর কান্নাকাটি, হাত-পা ছোঁড়াছুঁড়ি"
bibhutibhushan bandopadhyay,"গত বৎসর দেশের ঠাকুরঝি পুকুরের মাঠে প্রায় এই সময়ে যে ঘটনা ঘটিয়াছিল, যেন এক অদৃশ্য বিচারক এ বৎসর ইছামতীর নির্জন চরে তাহার বিচার নিষ্পন্ন করিলেন"
bibhutibhushan bandopadhyay,"মূর্খ বীরু রায় ঠেকিয়া শিখিলেন যে সে অদৃশ্য ধর্মাধিকরণের দণ্তকে ঠাকুরঝি পুকুরের শ্যামাঘাসের দামে প্রতারিত করিতে পারে না, অন্ধকারেও তাহা আপন পথ চিনিয়া লয়"
bibhutibhushan bandopadhyay,বাড়ী আসিয়া বীরু রায় আর বেশী দিন বাঁচেন নাই
bibhutibhushan bandopadhyay,এইরূপে তাঁহার বংশে এক অদ্ভুত ব্যাপারের সূত্রপাত হইল
bibhutibhushan bandopadhyay,নিজের বংশ লোপ পাইলেও তাঁহার ভাইয়ের বংশাবলী ছিল
bibhutibhushan bandopadhyay,"কিন্তু বংশের জ্যেষ্ঠ সন্তান কখনও বাঁচিত না, সাবালক হইবার পূর্বেই কোন-না কোন রোগে মারা যাইত"
bibhutibhushan bandopadhyay,"সকলে বলিল, বংশে ব্রহ্মশাপ ঢুকিয়াছে"
bibhutibhushan bandopadhyay,হরিহর রায়ের মাতা তারকেশ্বর দর্শনে গিয়া এক সন্ন্যাসীর কাছে কাঁদাকাটা করিয়া একটি মাদুলি পান
bibhutibhushan bandopadhyay,"মাদুলির হৌক বা ব্রহ্মশাপের তেজ দুই পুরুষ পরে কর্পূরের মত উবিয়া যাওয়ার ফলেই হৌক, এত বয়সেও হরিহর আজও বাঁচিয়া আছে"
bibhutibhushan bandopadhyay,তৃতীয় পরিচ্ছেদ দিন কতক পরে
bibhutibhushan bandopadhyay,"খুকী সন্ধ্যার পর শুইয়া পড়িয়াছিল ৷ বাড়ীতে তাহার পিসিমা নাই, অদ্য দুই মাসের উপর হইল একদিন তাহার মায়ের সঙ্গে কি ঝগড়াঝাঁটি হওয়ার পর রাগ করিয়া দূর গ্রামে কোন এক আত্মীয়বাড়ীতে গিয়া আছে"
bibhutibhushan bandopadhyay,মায়ের শরীর এতদিন বড় অপটু ছিল বলিয়া তাহাকে দেখিবারও কোন লোক সম্প্রতি মা কাল হইতে আঁতুড়ঘরে ঢোকা পর্যন্ত সে কখন খায় কখন শোয় তাহা কেহ বড় দেখে না
bibhutibhushan bandopadhyay,"খুকী শুইয়া শুইয়া যতক্ষণ পর্যন্ত ঘুম না আসিল, ততক্ষণ পিসিমার জন্য কাঁদিল"
bibhutibhushan bandopadhyay,"তাহার পর খানিক রাত্রে কাহাদের কথাবার্তা শুনিয়া জাগিয়া উঠিয়া দেখিল কুডুনীর মা দাই রান্নাঘরের ছেঁচতলায় দাঁড়াইয়া কথা বলিতেছে, পাড়ার ঠাকুরমা, আরও কে কে উপস্থিত আছেন"
bibhutibhushan bandopadhyay,সকলেই যেন ব্যস্ত ও উদ্বিগ্ন
bibhutibhushan bandopadhyay,খুকী খানিকটা জাগিয়া থাকিয়া আবার শুইয়া পড়িল
bibhutibhushan bandopadhyay,"বাঁশবনে হাওয়া লাগিয়া শির্শির্ শব্দ হইতেছে, আঁতুড়ঘরে আলো জ্বলিতেছে ও কাহারা কথাবার্তা কহিতেছে"
bibhutibhushan bandopadhyay,"দাওয়ায় জ্যোৎস্না পড়িয়াছে, ঠান্ডা হাওয়ায় একটু পরে সে ঘুমাইয়া পড়িল"
bibhutibhushan bandopadhyay,খানিক রাত্রে ঘুমের ঘোরে একটা অস্পষ্ট আওয়াজ ও গোলমাল শুনিয়া আবার তাহার ঘুম ভাঙিয়া গেল
bibhutibhushan bandopadhyay,তাহার বাবা ঘর হইতে বাহির হইয়া আঁতুড়ঘরের দিকে দৌড়িয়া ব্যস্তভাবে বলিতে বলিতে যাইতেছে-- কেমন আছে খুড়ী
bibhutibhushan bandopadhyay,আঁতুড়ঘরের ভিতর হইতে কেমন ধরণের গলার আওয়াজ সে শুনিতে পাইল
bibhutibhushan bandopadhyay,অন্ধকারের মধ্যে ঘুমের ঘোরে সে কিছু বুঝিতে না পারিয়া চুপ করিয়া খানিকক্ষণ বসিয়া রহিল
bibhutibhushan bandopadhyay,সে আরও খানিকক্ষণ বসিয়া থাকিয়া কিছু বুঝিতে না পারিয়া শুইয়া পড়িল এবং একটু পরেই ঘুমাইয়া পড়িল
bibhutibhushan bandopadhyay,"কতক্ষণ পরে সে জানে না-- কোথায় যেন বিড়াল ছানার ডাকে তাহার ঘুম ভাঙিয়া গেল ৷ চট করিয়া তাহার মনে পড়িল পিসিমার ঘরের দাওয়ায় ভাঙা উনুনের মধ্যে মেনী বিড়ালের ছানাগুলো সে বৈকালবেলা লুকাইয়া রাখিয়া আসিয়াছে- ছোট তুলতুলে ছানা কয়টি, এখনও চোখ ফুটে নাই"
bibhutibhushan bandopadhyay,যাঃ-ওদের হুলো বেড়ালটা এসে বাচ্চাগুলোকে সব খেয়ে ফেললে ঠিক
bibhutibhushan bandopadhyay,ঘুমচোখে উঠিয়া তাড়াতাড়ি সে অন্ধকারের মধ্যে পিসিমার দাওয়ায় গিয়া উনুনের মধ্যে হাত পুরিয়া দেখিল বাচ্চা কয়টি নিশ্চিন্ত মনে ঘুমাইতেছে
bibhutibhushan bandopadhyay,হুলো বেড়ালের কোন চিহ্ন নাই কোনও দিকে
bibhutibhushan bandopadhyay,পরে সে অবাক হইয়া আসিয়া শুইয়া পড়িল এবং একটু পরেই ঘুমাইয়া পড়িল
bibhutibhushan bandopadhyay,ঘুমের ঘোরে আবার কিন্তু কোথায় বিড়ালছানা ডাকিতেছিল
bibhutibhushan bandopadhyay,"পরদিন উঠিয়া সে চোখ মুছিতেছে, কুড়ুনীর মা দাই বলিল, ও খুকী, কাল রাত্তিরে তোমার একটা ভাই হয়েছে দেখবা না"
bibhutibhushan bandopadhyay,"ওমা, কাল রাত্তিরে এত চেচামেচি, এত কাণ্ড হয়ে গেল-- কোথায় ছিলে তুমি"
bibhutibhushan bandopadhyay,"যা কাণ্ড হয়েলো, কালপুরের পীরির দরগায় সিন্নি দেবানে বডেডা রক্ষে করেছেন রাত্তিরে"
bibhutibhushan bandopadhyay,খুকী এক দৌড়ে ছুটিয়া আঁতুড়ঘরের দুয়ারে গিয়া উঁকি মারিল
bibhutibhushan bandopadhyay,তাহার মা আঁতুড়ের খেজুর পাতার বেড়ার গা ঘেষিয়া শুইয়া ঘুমাইতেছে
bibhutibhushan bandopadhyay,"একটি টুকটুকে অসম্ভব রকমের ছোট্ট, প্রায় একটা কাচের বড় পুতুলের চেয়ে কিছু বড় জীব কাঁথার মধ্যে শুইয়া-সেটিও ঘুমাইতেছে"
bibhutibhushan bandopadhyay,আগুনের মন্দ মন্দ ধোঁয়ায় ভালো দেখা যায় না
bibhutibhushan bandopadhyay,সে খানিকক্ষণ দাঁড়াইয়া থাকিতে থাকিতেই জীবটা চোখ মেলিয়া মিটমিট করিয়া চাহিয়া অসম্ভব রকমের ছোট্ট হাত দুটি নাড়িয়া নিতান্ত দুর্বলভাবে অতি ক্ষীণ সুরে কাঁদিয়া উঠিল
bibhutibhushan bandopadhyay,"এতক্ষণ পরে খুকী বুঝিল রাত্রিতে বিড়ালছানার ডাক বলিয়া যাহা মনে করিয়াছিল তাহা অবিকল বিড়ালছানার ডাক- দূর হইতে শুনিলে কিছু বুঝিবার জো ) হঠাৎ অসহায়, অসম্ভব রকমের ছোট্ট নিতান্ত ক্ষুদে ভাইটির জন্য দুঃখে, মমতায়, সহানুভূতিতে খুকীর মন পরিপূর্ণ হইয়া উঠিল"
bibhutibhushan bandopadhyay,নেড়ার ঠাকুরমা ও মা দাই বারণ করাতে সে ইচ্ছা সত্ত্বেও আঁতুড়ঘরে ঢুকিতে পারিল না
bibhutibhushan bandopadhyay,"মা আঁতুড় হইতে বাহির হইলে খোকার ছোট্ট দোলাতে দোল দিতে দিতে কত কি ছড়া গান সঙ্গে সঙ্গে কত সন্ধ্যাদিনের কথা, পিসিমার কথা মনে আসিয়া তাহার চোখ জলে ভিজিয়া যায়"
bibhutibhushan bandopadhyay,এই রকমের কত ছড়া যে পিসিমা বলিত
bibhutibhushan bandopadhyay,খোকা দেখিতে পাড়ার লোক ভাঙিয়া আসে
bibhutibhushan bandopadhyay,"সকলে দেখিয়া বলে, ঘর-আলো-করা খোকা হয়েছে, কি মাথায় চুল, কি রং"
bibhutibhushan bandopadhyay,বলাবলি করিতে করিতে যায়-কি হাসি দেখেচ
bibhutibhushan bandopadhyay,"খুকী কেবল ভাবে, তাহার পিসিমা একবার যদি আসিয়া দেখিত"
bibhutibhushan bandopadhyay,"সবাই দেখিতেছে, আর তাদের পিসিমাই কোথায় গেল চলিয়া-আর কখনো ফিরিয়া আসিবে না"
bibhutibhushan bandopadhyay,"সে ছেলেমানুষ হইলেও এটুকু বুঝিয়াছে যে, এ বাড়ীতে বাবা কি মা কেহই পিসিমাকে ভালবাসে না, তাহাকে আনিবার জন্য কেহ গা করিবে না"
bibhutibhushan bandopadhyay,"দিনমানে পিসির ঘরের দিকে চাহিলে মন কেমন করে, ঘরের কবাটটা এক এক দিন খোলাই পড়িয়া থাকে"
bibhutibhushan bandopadhyay,"উঠানে সে-রকম আর ঝাঁট পড়ে না, এখানে শেওড়ার চারা, ওখানে কচু গাছ-পিসিমা বুঝি হইতে দিত"
bibhutibhushan bandopadhyay,"খুকীর বড় বড় চোখ জলে ভরিয়া যায়-- সেই ছড়া, সেই সব গল্প খুকী কি করিয়া ভোলে"
bibhutibhushan bandopadhyay,"সেদিন হরি পালিতের মেয়ে আসিয়া তাহার মাকে বলিল, তোমাদের ঘাটের পথে দেখি মাঠের দিক থেকে একটা ঘটা আর পুটুলি হাতে করে আসছে--এসে মশায়দের বাড়ীতে ঢুকে বসে আছে, যাও দুগ্গাকে পাঠিয়ে দাও, হাত ধরে ডেকে আনুক, তাহলে রাগ পড়বে হরি পালিতেরই বাড়ী বসিয়া বুড়ী তখন পাড়ার মেয়েদের মুখে হরিহরের ছেলে হওয়ার গল্প শুনিতেছিল"
bibhutibhushan bandopadhyay,"বুড়ী চমকিয়া চাহিয়া দেখিল দুর্গা হাপাইতেছে, যেন অত্যন্ত ছুটিয়া আসিয়াছে"
bibhutibhushan bandopadhyay,"বুড়ী ব্যগ্রভাবে দুর্গাকে হাত বাড়াইয়া ধরিতে গেল-সঙ্গে সঙ্গে দুর্গা ঝাঁপাইয়া বুড়ীর কোলে মুখে হাসি অথচ চোখে জল উঠানে ঝি-বউ যাঁহারা উপস্থিত ছিলেন, অনেকের চোখে জল আসিল"
bibhutibhushan bandopadhyay,"প্রবীণা হরি পালিতের স্ত্রী বলিলেন-নেও ঠাকুরঝি, ও তোমার আর জন্মে মেয়ে ছিল, সেই মেয়েই তোমার আবার ফিরে এসেছে বাড়ী আসিলে খোকাকে দেখিয়া হাসিয়া কাঁদিয়া সারা হইল"
bibhutibhushan bandopadhyay,কতদিন পরে ভিটায় আবার চাঁদ উঠিয়াছে
bibhutibhushan bandopadhyay,"বুড়ী সকালে উঠিয়া মহা খুশিতে ভিতর উঠান ঝাঁট দেয়, আগাছার জঙ্গল পরিষ্কার করে"
bibhutibhushan bandopadhyay,"দুর্গার মনে হয় এতদিনে আবার সংসারটা যেন ঠিকমত চলিতেছে, এতদিন যেন কেমন ঠিক ছিল না"
bibhutibhushan bandopadhyay,দুপুরে আহার করিয়া খিড়কির পিছনে বাঁশবনের উপর বসিয়া কঞ্চি কাটে
bibhutibhushan bandopadhyay,"সেদিকে আর নদীর ধার পর্যন্ত লোকজনের বাস নাই, নদী অবশ্য খুব নিকটে নয়, প্রায় একপোয়া পথ--এই সমস্তটা শুধু বড় বড় আমবাগান ও ঝুপসি বাঁশবন ও অন্যান্য জঙ্গল"
bibhutibhushan bandopadhyay,"কঞ্চি কাটার সময় দুর্গা আসিয়া কাছে বসে, আবোল-তাবোল বকে"
bibhutibhushan bandopadhyay,ছোট এক বোঝা কাটা কঞ্চি জড়ো হইলে দুর্গা সেগুলি বহিয়া বাড়ীর মধ্যে রাখিয়া আসে
bibhutibhushan bandopadhyay,কাটিতে কাটিতে মধ্যাহ্নের অলস আমেজে শীতল বাঁশবনের ছায়ায় নানা কথা মনে আসে
bibhutibhushan bandopadhyay,সেই কতকাল আগের কথা সব
bibhutibhushan bandopadhyay,সেই তিনি বার-তিনেক আসিয়াছিলেন- স্বপ্নের মতো মনে পড়ে
bibhutibhushan bandopadhyay,একবার তিনি পুটুলির মধ্যে কি খাবার আনিয়াছিলেন
bibhutibhushan bandopadhyay,"সকলে বলিল, ওলা-চিনির ডেলার ঘটার জলে গুলিয়া সেও একটু খাইয়াছিল"
bibhutibhushan bandopadhyay,"সেই একজন লোক আসিল-পুরানো সেই পেয়ারা গাছটার কাছে ঠিক সন্ধ্যার সময় আসিয়া দাঁড়াইল, শ্বশূরবাড়ীর দেশ হইতে আসিয়াছে, একখানা চিঠি"
bibhutibhushan bandopadhyay,"চিঠি পড়িবার লোক নাই, তাই গোলোকও পূর্ব বৎসর মারা গিয়াছে ব্রজকাকার চণ্টীমণ্ডপে পাশার আড্ডায় সে নিজে পত্তরখানা লইয়া গেল"
bibhutibhushan bandopadhyay,"সেদিনের কথা আজ স্পষ্ট মনে ন-জ্যেঠা, মেজ-জ্যেঠা, ব্রজ কাকা, ও-পাড়ার পতিত রায়ের ভাই- যদু রায়, আর ছিল গোলোকের সম্বদন্ধী ভজহরি পত্তর পড়িলেন সেজ-জ্যেঠা"
bibhutibhushan bandopadhyay,অবাক হইয়া জিজ্ঞাসা করিলেন-কে আনলে এ চিঠি রে ইন্দির
bibhutibhushan bandopadhyay,তাহার পর ঠাক্কুণকে বাড়ী আসিয়া তখনই হাতের নোয়া ও প্রথম যৌবনের সাধের জিনিস বাপ-মায়ের দেওয়া রূপার পৈঁছেজোড়া খুলিয়া রাখিয়া কপালের সিন্দুর মুছিয়া নদীতে স্নান করিয়া আসিতে হইল
bibhutibhushan bandopadhyay,"কত কালের কথা- সে সব স্বপ্ন হইয়া গিয়াছে, তবু যেন মনে হয় সেদিনের"
bibhutibhushan bandopadhyay,"নিবারণের কথা মনে হয়-নিবারণ, নিবারণ ব্রজকাকার ছেলে নিবারণ"
bibhutibhushan bandopadhyay,"ষোলো বৎসরের বালক, কি টকটকে গায়ের রং কি চুল"
bibhutibhushan bandopadhyay,"এঁ যে চণ্টীমণ্ডপের লোঁতা জঙ্গলে ঢাকা পড়িয়া আছে, বাঁশবনের মধ্যে-ওই ঘরে সে কঠিন জ্বররোগে শয্যাগত হইয়া যায়-যায় হইয়াও দুই-তিন-দিন রহিল"
bibhutibhushan bandopadhyay,"আহা, বালক সর্বদা জল জল করিত কিন্তু ঈশান কবিরাজ জল দিতে বারণ করিয়াছিলেন--মৌরীর পুটুলি একটু করিয়া চুষানো হইতেছিল"
bibhutibhushan bandopadhyay,"নিবারণ চতুর্থ দিন রাত্রে মারা গেল, মৃত্যুর একটু আগেও সেই জল জল তার মুখে বুলি-তবুও একবিন্দু জল তাহার মুখে ঠেকানো হয় নাই"
bibhutibhushan bandopadhyay,"সেই ছেলে মারা যাওয়ার পর পাঁচদিনের মধ্যে বড় মুখে কেউ জল দেওয়াইতে পারে নাই- পাঁচদিনের পর ভাশুর রামচাঁদ চক্কোত্তি নিজে ভ্রাতৃবধূর ঘরে গিয়া হাত জোড় করিয়া বলিলেন, তুই চলে গেলে আমার কি দশা হবে"
bibhutibhushan bandopadhyay,বুড়ো বয়সে কোথায় যাব মা
bibhutibhushan bandopadhyay,"বড় খুড়ী বনিয়াদী ধনী ঘরের মেয়ে ছিলেন-- জগমদ্ধাত্রীর মত রূপ, অমন রূপসী বধূ এ অঞ্চলে ছিল না৷ স্বামীর পাদোদক না খাইয়া কখনও জল খান নাই-সেকালের গৃহিণী, রন্ধন করিয়া আত্মীয়-পরিজনকে খাওয়াইয়া নিজে তৃতীয় প্রহরে সামান্য আহার করিতেন"
bibhutibhushan bandopadhyay,"দান-ধ্যানে, অশ্ন-বিতরণে ছিলেন সাক্ষাৎ লোককে রাঁধিয়া খাওয়াইতে বড় ভালবাসিতেন"
bibhutibhushan bandopadhyay,"তাই ভাশুরের কথায় মনের কোমল স্থানে বুঝি ঘা লাগিল--তাহার পর তিনি উঠিয়াছিলেন ও জলগ্রহণ করিয়াছিলেন বটে কিন্তু বেশীদিন বাঁচেন নাই, পুত্রের মৃত্যুর দেড় বৎসরের মধ্যেই তিনিও পুত্রের অনুসরণ করেন"
bibhutibhushan bandopadhyay,"একটু জল দে মা- এতটুকু দে জল খেতে নেই, ছিঃ বাবা-কবরেজ মশায় যে বারণ করেচেন-জল খায় না-- এতটুকু দে--এক খাই মা-পায়ে পড়ি"
bibhutibhushan bandopadhyay,দুপুরের পাখ্পাখালির ডাকে সুদূর পঞ্চাশ বছরের পার হইতে বাঁশের মর্ মর্ শব্দ কানে ভাসিয়া আসে
bibhutibhushan bandopadhyay,"খুকী বলে-পিতি, তোর ঘুম নেগেচে"
bibhutibhushan bandopadhyay,"হাতের দা-খানা রাখিয়া বুড়ী বলে--ওই দ্যাখো, আবার পোড়া ঝিমুনি ধরেছে- অবেলায় এখন আর শোবো না এইগুলো সাঙ্গ করে রাখি-নিয়ে আয় দিকি এ বড় আগালেডা"
bibhutibhushan bandopadhyay,"চতুর্থ পরিচ্ছেদ খোকা প্রায় দশ মাসের দেখিতে রোগা রোগা গড়ন, অসম্ভব রকমের ছোট্ট মুখখানি"
bibhutibhushan bandopadhyay,নীচের মাড়িতে মাত্র দু'খানি দাঁত উঠিয়াছে
bibhutibhushan bandopadhyay,কারণে-অকারণে যখন-তখন সে সেই দুখানি মাত্র দুধে-দাঁতওয়ালা মাড়ি বাহির করিয়া হাসে
bibhutibhushan bandopadhyay,"লোকে বলে--বৌমা, তোমার খোকার হাসিটা বায়না করা"
bibhutibhushan bandopadhyay,"খোকাকে একটুখানি ধরাইয়া দিলে আর রক্ষা নাই, আপনা হইতে পাগলের মত এত হাসি শুরু করিবে যে, তাহার মা খোকন,আজ , বড় হেসেচো, আজ বড়ড হেসেচো- আবার কালকের জন্যে একটু রেখে দাও"
bibhutibhushan bandopadhyay,মাত্র দুইটি কথা সে বলিতে শিখিয়াছে
bibhutibhushan bandopadhyay,মনে সুখ থাকিলে মুখে বলে জে-জে- জে-জে এবং দুধে-দাঁত বাহির করিয়া হাসে
bibhutibhushan bandopadhyay,"মনে দুঃখ হইলে বলে,না--না-না-না ও বিশ্রী রকমের চীৎকার করিয়া কাঁদিতে শুরু করে"
bibhutibhushan bandopadhyay,"যাহা সামনে পায়, তাহারই উপর এ নতুন দাঁত দু'খানির জোর পরখ করিয়া দেখে- মাটির ঢেলা, এক টুকরা কাঠ, মায়ের আঁচল ; দুধ খাওয়াইতে বসিলে এক এক সময় সে হঠাৎ কাঁসার ঝিনুকখানাকে মহা আনন্দে নতুন দাঁত দু'খানি দিয়া জোরে কামড়াইয়া ধরে"
bibhutibhushan bandopadhyay,"তাহার মা খিল্খিল্ করিয়া হাসিয়া উঠিয়া বলে--ওকি, হাঁরে ও খোকা, ঝিনুকখানাকে কামড়ে ধল্লি কেন"
bibhutibhushan bandopadhyay,ছাড় ছাড়- ওরে করিস কি দু'খানা দাঁত তো তোর মোটে সম্বল- ভেঙে গেলে হাসবি কি করে শুনি
bibhutibhushan bandopadhyay,তাহার মা মুখের ভিতর আঙুল দিয়া অতিকষ্টে ঝিনুকখানাকে ছাড়াইয়া লয়
bibhutibhushan bandopadhyay,খুকীর উপর সব সময় নির্ভর করিয়া থাকা যায় না বলিয়া রান্নাঘরের দাওয়া খানিকটা উঁচু করিয়া বাঁশের বাখারি দিয়া ঘিরিয়া তাহার মধ্যে খোকাকে বসাইয়া রাখিয়া তাহার মা নিজের কাজ করে
bibhutibhushan bandopadhyay,"খোকা কাটরার মধ্যে শুনানি হওয়া ফৌজদারী মামলার আসামীর মত আটক থাকিয়া কখনো আপন মনে হাসে, অদৃশ্য শ্রোতাগণের নিকট দুর্বোধ্য ভাষায় কি বকে, কখনো বাখারির বেড়া ধরিয়া দাঁড়াইয়া উঠিয়া বাঁশবনের দিকে চাহিয়া থাকে"
bibhutibhushan bandopadhyay,তাহার মা ঘাট হইতে স্নান করিয়া আসিলে- মায়ের ভিজে কাপড়ের শব্দ পাইতেই খোকা খেলা হইতে মুখ তুলিয়া এদিক-ওদিক চাহিতে থাকে ও মাকে দেখিতে পাইয়া একমুখ হাসিয়া বাখারির বেড়া ধরিয়া উঠিয়া দাঁড়ায়
bibhutibhushan bandopadhyay,"তার মা বলে--একি, ওমা, এই কাজল পরিয়ে মুখ মুছিয়ে দিয়ে গেলাম, একেবারে হাঁড়িচাঁচা পাখী সেজে বসে আছে"
bibhutibhushan bandopadhyay,"জোর করিয়া নাকমুখ রগড়াইয়া কাজল উঠাইতে গিয়া খোকার রাঙা মুখ একেবারে সিঁদুর হইয়া যায়-মহা আপত্তি করিয়া রাগের সহিত বলে, জে-জে- জে-জে, তাহার মা শোনে না"
bibhutibhushan bandopadhyay,"ইহার পর মায়ের হাতে গামছা দেখিলেই খোকা খল্বল্ করিয়া হামাগুড়ি দিয়া একদিকে ছুটিয়া পলাইতে যায়, এক একদিন ঘাট হইতে আসিয়া সর্বজয়া বলে-খোকন বলে টু-উ-উ"
bibhutibhushan bandopadhyay,"খোকা অমনি বসিয়া পড়িয়া সামনে পিছনে বেজায় দুলিতে থাকে ও মনের সুখে ছোট্ট হাত দুটি নাড়িয়া গান ধরে (গীত) জে-এ-এ-জে-জে-জে-এ-এ-ই জে-জে-জে-জে- এ জে-জে-জে--জে-জে- জে তার মা বলে, আচ্ছা থামো আর দুলো না খোকা, হয়েছে, হয়েছে, খুব হয়েছে"
bibhutibhushan bandopadhyay,"কখনো কখনো কাজ করিতে করিতে সর্বজয়া কান পাতিয়া শুনিত, খোকার বেড়ার ভিতর হইতে কোন শব্দ আসিতেছে না--যেন সে চুপ করিয়া গিয়াছে"
bibhutibhushan bandopadhyay,তাহার বুক ধড়াস্ করিয়া উঠিত-শেয়ালে নিয়ে গেল না তো
bibhutibhushan bandopadhyay,"সে ছুটিয়া আসিয়া দেখিত খোকা সাজি উপুড়-করা একরাশ চাঁপা ফুলের মত মাটির উপর বে-কায়দায় ছোট্ট হাতখানি রাখিয়া কখন ঘুমাইয়া পড়িয়াছে, চারিদিক হইতে নালসে পিঁপড়ে, মাছি ও সুড়সুড়ি পিঁপড়ের দল মহালোভে ছুটিয়া আসিতেছে, খোকার পাতলা পাতলা রাঙা ঠোঁট দুটা ঘুমের ঘোরে যেন একটু একটু কাঁপতেছে, ঘুমের ঘোরে সে যেন মাঝে মাঝে ঢোঁক গিলিয়া জোরে জোরে নিশ্বাস ফেলিতেছে- যেন জাগিয়া উঠিল, আবার তখনই এমন ঘুমাইয়া পড়িতেছে যে নিশ্বাসের শব্দটিও পাওয়া যাইতেছে না"
bibhutibhushan bandopadhyay,"সকাল হইতে সন্ধ্যা ও সন্ধ্যা হইতে অনেক রাত্রি পর্যন্ত তাহাদের বাঁশবাগানের ধারে নির্জন বাড়ীখানি দশ মাসের শিশুর অর্থহীন আনন্দ-গীতি ও অবোধ কলহাস্যে মুখরিত থাকে৷ মা ছেলেকে স্নেহ দিয়া মানুষ করিয়া তোলে, যুগে যুগে মায়ের গৌরবগাথা তাই সকল জনমনের বার্তায় ব্যক্ত"
bibhutibhushan bandopadhyay,"কিন্তু শিশু যা মাকে দেয়, তাই কি কম"
bibhutibhushan bandopadhyay,"সে নিঃস্ব আসে বটে, কিন্তু তার মন-কাড়িয়া-লওয়া হাসি, শৈশবতারল্য, চাঁদ ছানিয়াগড়া মুখ, আধ আধ আবোল-তাবোল বকুনির দাম কে দেয়"
bibhutibhushan bandopadhyay,"ওই তার , বদলে সে সেবা নেয়, রিক্ত হাতে ভিক্ষুকের মত নেয় না"
bibhutibhushan bandopadhyay,"এক একদিন যখন হরিহর বাজারের হিসাব কি নিজের লেখা লইয়া ব্যস্ত আছে- সর্বজয়া ছেলেকে লইয়া গিয়া বলে, ওগো, ছেলেটাকে একটু ধরো না"
bibhutibhushan bandopadhyay,মেয়েটা কোথায় বেরিয়েছে-ঠাকুরবঝি গিয়েচে ঘাটে ধরো দিকি একটু
bibhutibhushan bandopadhyay,"আমি নাইবো, না, ছেলে ঘাড়ে করে বসে থাকলেই হবে"
bibhutibhushan bandopadhyay,"হরিহর বলে- উহ্, ওসব গোলমাল এখন এখানে নিয়ে এসো না, বড় ব্যস্ত সর্বজয়া রাগিয়া ছেলেকে ফেলিয়া রাখিয়া চলিয়া যায়"
bibhutibhushan bandopadhyay,"হরিহর হিসাবপত্র লিখিতে লিখিতে হঠাৎ দেখে ছেলে তার চটিজুতার পাটিটা মুখে দিয়া চিবাইতেছে হরিহর জুতাখানা কাড়িয়া লইয়া বলে- আঃ, দ্যাখো, বাধিয়ে গেল এক কাণ্ড, আছি একটা কাজ নিয়ে হঠাৎ একটা চড়ুইপাখী আসিয়া রোয়াকের ধারে বসে"
bibhutibhushan bandopadhyay,খোকা বাবার মুখের দিকে চাহিয়া অবাক হইয়া সেদিকে দেখাইয়া হাত নাড়িয়া বলে-জে-জে-জে-জে হরিহরের বিরক্তি দূর হইয়া গিয়া ভারি মমতা হয়
bibhutibhushan bandopadhyay,অনেক দিন আগের এক রাত্রির কথা মনে পড়ে
bibhutibhushan bandopadhyay,নতুন পশ্চিম হইতে আসিয়া সেদিন সে গ্রামের সকলের পরামর্শে শ্বশূরবাড়ী স্ত্রীকে আনিতে গিয়াছিল
bibhutibhushan bandopadhyay,দুপুরের পর শ্বশুরবাড়ীর গ্রামের ঘাটে নৌকা পৌছিল
bibhutibhushan bandopadhyay,"বিবাহের পর একটিবার মাত্র সে এখানে আসিয়াছিল, পথঘাট মনে ছিল না, লোককে জিজ্ঞাসা করিয়া সে শ্বশূরবাড়ীর সম্মুখে উপস্থিত হইল"
bibhutibhushan bandopadhyay,"তাহার ডাকাডাকিতে একটি গৌরাঙ্গী ছিপছিপে চেহারার তরুণী কে ডাকিতেছে দেখিবার জন্য বাহিরের দরজায় দাঁড়াইল এবং তাহার সহিত চোখাচোখি হওয়াতে সেখান হইতে চট করিয়া সরিয়া বাড়ীর মধ্যে ঢুকিয়া পড়িল হরিহর ভাবিতে লাগিল, মেয়েটি কে"
bibhutibhushan bandopadhyay,সে কি এত বড় হইয়াছে
bibhutibhushan bandopadhyay,রাত্রিতে সন্ধান মিলিল ৷ সর্বজয়া দারিদ্র্য হইতে রক্ষিত তাহার মায়ের একখানা লালপাড় মটকা শাড়ী পরিয়া অনেক রাত্রে ঘরে আসিল
bibhutibhushan bandopadhyay,হরিহর চাহিয়া দেখিয়া বিস্মিত হইল ৷ দশ বৎসর আগেকার সে বালিকাপত্নীর কিছুই আর এই সুন্দরী তরুণীতে নাই- কে যেন ভাঙ্গিয়া নতুন করিয়া গড়িয়াছে
bibhutibhushan bandopadhyay,"মুখের সে কচিভাবটুকু আর নাই বটে, কিন্তু তাহার স্থানে যে সৌন্দর্য ফুটিয়াছে তাহা যে খুব সুলভ নহে হরিহরের সেটুকু বুঝিতে দেরি হইল না"
bibhutibhushan bandopadhyay,"হাত-পায়ের গঠন, গতিভঙ্গি সবই নিখুঁত ও নতুন"
bibhutibhushan bandopadhyay,"ঘরে ঢুকিয়া সর্বজয়া প্রথমটা থতমত খাইয়া গেল৷ যদিও সে বড় হইয়াছে, এ পর্যন্ত স্বামীর সহিত দেখা একরূপ ঘটে নাই বলিলেই নববিবাহিতার সে লজ্জাটুকু তাহাকে যেন নতুন করিয়া পাইয়া বসিল"
bibhutibhushan bandopadhyay,"স্ত্রীর ডানহাতখানা নিজের হাতের মধ্যে লইয়া বিছানায় বসাইয়া বলিল,বসো এখানে, ভাল আছো"
bibhutibhushan bandopadhyay,লজ্জাটা যেন কিছু কাটিয়া গেল
bibhutibhushan bandopadhyay,বলিল--এতদিন পরে বুঝি মনে পড়লো
bibhutibhushan bandopadhyay,"আচ্ছা, কি বলে এতদিন ডুব মেরে ছিলে"
bibhutibhushan bandopadhyay,"পরে সে হাসিয়া বলিল--কেন, কি দোষ করেছিলাম বলো তো"
bibhutibhushan bandopadhyay,স্ত্রীর কথাবার্তায় অজ পাড়াগাঁয়ের টান ও ভঙ্গিটুকু হরিহরের নতুন ও ভারি মিষ্ট বলিয়া মনে হইল ৷ পরে সে লক্ষ করিয়া দেখিল স্ত্রীর হাতে কেবল গাছকয়েক ও কাচের ছাড়া অন্য কোন গহনা নাই
bibhutibhushan bandopadhyay,"গরিব ঘরের মেয়ে, দিবার কেহ নাই, এতদিন খবর না লইয়া ভারি অন্যায় করিয়াছে সে"
bibhutibhushan bandopadhyay,সর্বজয়াও চাহিয়া চাহিয়া স্বামীকে দেখিতে ছিল
bibhutibhushan bandopadhyay,"আজ সারাদিন সে চারি-পাঁচ বার আড়াল হইতে উঁকি মারিয়া দেখিয়াছে- স্বাস্থ্যময় যৌবন হরিহরের সুগঠিত শরীরের প্রতি অঙ্গে যে বীরের ভঙ্গি আনিয়া দিয়াছে, তাহা বাংলা দেশের পল্লীতে সচরাচর চোখে পড়ে না"
bibhutibhushan bandopadhyay,"বাপমায়ের কথাবার্তায় আজ সে শুনিয়াছে তাহার স্বামী পশ্চিম হইতে নাকি খুব লেখাপড়া শিখিয়া আসিয়াছে, টাকাকড়ির দিক হইতেও দু'পয়সা না আনিয়াছে এমন নয়"
bibhutibhushan bandopadhyay,"এতদিনে তাহার দুঃখ ঘুচিল, ভগবান বোধ হয় এতদিনে মুখ তুলিয়া চাহিয়াছেন"
bibhutibhushan bandopadhyay,সকলেই বলিত স্বামী তাহার সন্ন্যাসী হইয়া গিয়াছে- আর কখনো ফিরিবে মনে-প্রাণে একথা বিশ্বাস না করিলেও স্বামীর পুনরাগমন এতকাল তাহার কাছে দুরাশার মতই ঠেকিয়াছে
bibhutibhushan bandopadhyay,"কত রাত্রি দুশ্চিন্তায় জাগিয়া কাটাইয়াছে, গ্রামের বিবাহ উপনয়নের উৎসবে ভাল করিয়া যোগ দিতে পারে নাই-সকলেই আহা বলে, গায়ে পড়িয়া সহানুভূতি জানায় ; অভিমানে তাহার চোখে জল আসিত-অনাবিল যৌবনের সোনালী কল্পনা এতদিন শুধু আড়ালে আবড়ালে নির্জন রাত্রিতে চোখের জলে ঝরিয়া পড়িয়াছে, কাহারও কাছে মুখ ফুটিয়া প্রকাশ করে নাই, কিন্তু বসিয়া বসিয়া কতদিন ভাবিত--এই তো সংসারের অবস্থা, যদি সত্যসত্যই স্বামী ফিরিয়া না আসে, তবে বাপমায়ের মৃত্যুর পরে কোথায় দাঁড়াইবে-কে আশ্রয় দিবে"
bibhutibhushan bandopadhyay,"হরিহর হাসিয়া জিজ্ঞাসা করিল- আচ্ছা, আমাকে যখন তুমি ওবেলা দরজার বাইরে দেখলে-তখন চিনতে পেরেছিলে"
bibhutibhushan bandopadhyay,সত্যি কথা বোলো কিন্তু সর্বজয়া হাসিয়া বলিল- -নাঃ তা চিনবো কেন
bibhutibhushan bandopadhyay,"প্রথমটা ঠিক বুঝতে পারিনি, তারপর তখুনি-- -আন্দাজে- -আন্দাজে নয় গো, আন্দাজে নয়-সত্যি-সত্যি"
bibhutibhushan bandopadhyay,"দেখলে না, তখ্খনি মাথায় কাপড় দিয়ে বাড়ীর মধ্যে ঢুকলাম"
bibhutibhushan bandopadhyay,"তারপর একটু চুপ করিয়া থাকিয়া আবার জিজ্ঞাসা করিল, আচ্ছা, তুমি বলো তো, আমায় চিনতে পেরেছিলে"
bibhutibhushan bandopadhyay,নানা কেজো-অকেজো কথাবার্তায় রাত বাড়িতে লাগিল
bibhutibhushan bandopadhyay,পরলোকগত দাদার কথা উঠিতে সর্বজয়ার চোখের জল আর বাঁধ মানে না
bibhutibhushan bandopadhyay,হরিহর জিজ্ঞাসা করিল বীণার বিয়ে কোথায় হল
bibhutibhushan bandopadhyay,"ছোট শালীর নাম জানিত না, আজই শ্বশুরের মুখে শুনিয়াছে"
bibhutibhushan bandopadhyay,"বিয়ে হোল বিনোদপুর-ওই যে বড় গাঙ, কি বলে"
bibhutibhushan bandopadhyay,মধুমতী ৷ সেই মধুমতীর ধারে
bibhutibhushan bandopadhyay,একটা প্রশ্ন বার বার সর্বজয়ার মনে আসিতে লাগিল- স্বামী তাহাকে লইয়া যাইবে তো
bibhutibhushan bandopadhyay,"না, করিয়া আবার চলিয়া যাইবে সেই কাশী-গয়া"
bibhutibhushan bandopadhyay,"বলি বলি করিয়াও মুখ ফুটিয়া সে কথাটা কিন্তু কোনরূপেই জিজ্ঞাসা করিতে পারিল না- তাহার মনের ভিতর কে যেন বিদ্রোহ ঘোষণা করিয়া বলিল- না নিয়ে যাক গে-আবার তা নিয়ে বলা, কেন এত ছোট হতে যাওয়া"
bibhutibhushan bandopadhyay,হরিহর সমস্যার সমাধান নিজ হইতেই করিল
bibhutibhushan bandopadhyay,বলিল- কাল চলো তোমাকে বাড়ী নিয়ে যাই নিশ্চিন্দিপুরে
bibhutibhushan bandopadhyay,সর্বজয়ার বুকে ধড়াস করিয়া যেন পাড় পড়িল- সামলাইয়া লইয়া মুখে বলিল-কালই কেন
bibhutibhushan bandopadhyay,ব্বগুদ্দিন পরে এলে- দু'দিন থাকো না কেন
bibhutibhushan bandopadhyay,বাবা মা কি তোমায় এখুনি ছেড়ে দেবেন
bibhutibhushan bandopadhyay,পরশু আবার আমার বকুলফুলের বাড়ী তোমায় নেমন্তন্ন করে গিয়েছে - কে তোমার বকুলফুল
bibhutibhushan bandopadhyay,"এই গাঁয়েই বাড়ী-এ পাড়ায়, আবার ও-পাড়াতে বিয়ে হয়েছে"
bibhutibhushan bandopadhyay,"পরে সে আবার হাসিয়া বলিল, কাল সকালে তোমাকে দেখতে আসবে বলেচে যে- কথাবার্তার স্রোত একইভাবে চলিল- রাত্রি গভীর হইল"
bibhutibhushan bandopadhyay,বাড়ীর ধারেই সজনে গাছে রাতজাগা পাখী অদ্ভুত রব করিয়া ডাকিতেছিল
bibhutibhushan bandopadhyay,"হরিহরের মনে হইল বাংলার এই নিভৃত পল্লীপ্রান্তের বাঁশবনের ছায়ায় একখানি গৃহকোণ যখন তাহার আগমনের আশায় মাসের পর মাস, বৎসরের পর বৎসর অভ্যর্থনাসজ্জা সাজাইয়া প্রতীক্ষা করিয়াছে, কিসের সন্ধানেই সে তখন পশ্চিমের অনুর্বর অপরিচিত মরু-পাহাড়ের ফাঁকে ফাঁকে গৃহহীন নিরাশ্রয়ের ন্যায় ঘুরিয়া মরিতেছিল যে রাত-জাগা পাখীটা একঘেয়ে ডাকিতেছিল, বাহিরের জ্যোৎস্না ক্রমে ক্রমে স্নান হইয়া আসিতেছে"
bibhutibhushan bandopadhyay,"এক হিসেবে এই রাত্রি তাহার কাছে বড় রহস্যময় ঠেকিতেছিল, সম্মুখে তাহাদের নবজীবনের যে পথ বিস্তীর্ণ ভবিষ্যতে চলিয়া গেছে- আজ রাতটি হইতেই তাহার শুরু"
bibhutibhushan bandopadhyay,কে জানে সে জীবন কেমন হইবে
bibhutibhushan bandopadhyay,কে জানে জীবন-লক্ষ্মী কোন সাজি সাজাইয়া রাখিয়াছেন তাহাদের সে অনির্দিষ্ট তবিষ্যতের তর পাথেয়-রূপে
bibhutibhushan bandopadhyay,দুজনেরই মনে বোধ হয় অনেকটা অস্পষ্টরপে একই ভাব জাগিতেছিল
bibhutibhushan bandopadhyay,দুজনেই চুপ করিয়া জানালার বাহিরের ফাঁকে জ্যোৎস্নারাত্রির দিকে চাহিয়া রহিল তারপর কতদিন কাটিয়া গিয়াছে
bibhutibhushan bandopadhyay,তখন কোথায় ছিল এই শিশুর পাত্তা
bibhutibhushan bandopadhyay,"পঞ্চম পরিচ্ছেদ ইন্দির ঠাক্কুণ ফিরিয়া আসিয়াছে ছয় সাত মাস হইল, সর্বজয়া কিন্তু ইহার মধ্যে একদিনও বুড়ীর সঙ্গে ভাল করিয়া কথা কহে নাই"
bibhutibhushan bandopadhyay,"আজকাল তাহার আরও মনে হয় যে ডাইনী সাতকুল খাগীটাকে তাহার মেয়ে যেন তাহার চেয়েও ভালবাসে হিংসা তো হয়ই, রাগও হয়"
bibhutibhushan bandopadhyay,পেটের মেয়েকে পর করিয়া দিতেছে
bibhutibhushan bandopadhyay,দু'বেলা কথায় কথায় বুড়ীকে সময় থাকিতে পথ দেখিবার উপদেশ ইঙ্গিতে জানাইয়া দেয়
bibhutibhushan bandopadhyay,"সে পথ কোন দিকে--জ্ঞান হইয়া অবধি আজ পর্যন্ত সত্তর বৎসরের মধ্যে বুড়ী তাহার সন্ধান পায় নাই, এতকাল পরে কোথায় তাহা মিলিবে, ভাবিয়াই সে ঠাহর পায় না"
bibhutibhushan bandopadhyay,বর্ষার শেষদিকে বুড়ী অবশেষে এক যুক্তি ঠাওরাইল
bibhutibhushan bandopadhyay,ছয় দূরে ভাণ্ডারহাটিতে তাহার জামাইবাড়ী
bibhutibhushan bandopadhyay,তাহার জামাই চন্দ্র মজুমদার বাঁচিয়া আছেন
bibhutibhushan bandopadhyay,"জামাইয়ের অবস্থা বেশ ভাল, সম্পন্ন গৃহস্থ, অবশ্য মেয়ে মারা যাওয়ার সঙ্গে সঙ্গেই জামাই-এর সঙ্গে সম্পর্ক উঠিয়া গিয়াছে- আজ পরঁয়ত্রিশ-ছত্রিশ বৎসরের আগেকার-কথা- তাহার পর আর কখনও দেখাশোনা বা খবরাখবরের লেনদেন হয় তবুও যদি সেখানে যাওয়া যায়, জামাই একটু আশ্রয় দিতে কি গররাজী হইবে"
bibhutibhushan bandopadhyay,সন্ধ্যার পূর্বে ভাণ্ডারহাটি গ্রামে ঢুকিয়া একখানা বড় চপ্ডীমণ্ডপের সম্মুখে গাড়োয়ান গাড়ী দাঁড় গাড়োয়ানের ডাক-হাঁকে একজন চৰব্বিশ-পঁচিশ বৎসরের যুবক আসিয়া বলিল--কোথাকার গাড়ী
bibhutibhushan bandopadhyay,তাহার পিছনে পিছনে একজন বৃদ্ধ বাড়ীর ভিতর হইতে জিজ্ঞাসা করিতে করিতে বাহির হইলেন--কে
bibhutibhushan bandopadhyay,জিগ্যেস করো কোথা থেকে আসছেন
bibhutibhushan bandopadhyay,বুড়ী চিনিল কিন্তু অবাক হইয়া রহিল--এই সেই তাহার জামাই চন্দর
bibhutibhushan bandopadhyay,চল্লিশ বৎসর পূর্বের সে সবল দোহারা-গড়ন সুচেহারা ছেলেটির সঙ্গে এই পক্ককেশ প্রবীণ ব্যক্তির মনে মনে তুলনা করিয়া সে যেন হাঁপাইয়া উঠিল পরক্ষণেই কেমন এক বিভিন্ন ভাবের সংমিশ্রণে উৎপন্ন- না-হাসি-না-দুঃখ গোছের মনের ভাবে সে বিহ্বলের মত ডাক ছাড়িয়া কাঁদিয়া অনেক দিন পরে মেয়ের নাম ধরিয়া কাঁদিল
bibhutibhushan bandopadhyay,"বিস্ময়বিমুঢ় চন্দ্র মজুমদার প্রথমটা আকাশ-পাতাল হাতড়াইতেছিলেন, পরে ব্যাপারটা বুঝিলেন ও আসিয়া শাশুড়ীর পায়ের ধূলা লইয়া প্রণাম করিলেন"
bibhutibhushan bandopadhyay,একটু সামলাইয়া বুড়ী মাথায় কাপড় তুলিয়া দিয়া ভাঙাগলায় বলিল তোমার কাছে এয়েচি বাবাজী এতদিন পরে--একটুখানি আচ্ছয়ের জন্যি-আর কডা দিনই বা বাঁচবো কেউ নেই আর ব্রিভুবনে- এই বয়সে দুটো ভাত কাপড়ের জন্যি মজুমদার মহাশয় বড়ছেলেকে গাড়ীর দ্রব্যাদি নামাইতে বলিলেন ও ছেলের সঙ্গে শাশুড়ীকে বাড়ীর মধ্যে পাঠাইয়া দিলেন
bibhutibhushan bandopadhyay,দ্বিতীয়পক্ষের বিধবা মেয়ে ও বড় পুত্রবধূ সংসারের পৃহিণী
bibhutibhushan bandopadhyay,"আড়াবাঁধা প্রকাণ্ড প্রকাণ্ড দুইখানা দাওয়া উঁচু আটচালা ঘর জিনিসপত্র, সিন্দুকতোরঙ্গে বোঝাই, পা র স্থানাভাব"
bibhutibhushan bandopadhyay,"মজুমদার মহাশয়ের বিধবা মেয়েটির নাম হৈমবতী ৷ খুব ভাল মেয়ে সে নিজের হাতে ফল কাটিয়া জলখাবার সাজাইয়া অত্যন্ত আপ্যায়িত করিয়া কাছে বসাইয়া খাওয়াইল ; একথা ওকথা জিজ্ঞাসা করিতে লাগিল, বলিল- দিদিমা, আমায় কখনো দেখেননি, না"
bibhutibhushan bandopadhyay,কখনো তো এদিকে পায়ের ধুলো দ্যান্ন এর আগে আক কেটে দেবো দিদিমা
bibhutibhushan bandopadhyay,পাশের রান্নাঘরে ছেলেমেয়েরা সন্ধ্যাবেলা ভাত খাইতে বসিয়া হৈচে করিতেছে
bibhutibhushan bandopadhyay,"একজন চেঁচাইয়া বলিতেছে, ও মা দ্যাখো, উমি সব ডালটুকু আমার পাতে দিচ্ছে পুত্রবধূ চেচাইতেছে, ওর কাছে খেতে কেন"
bibhutibhushan bandopadhyay,"রোজ না বলচি আলাদা বসবি--এই উমি, বড্ড বাড় হয়েছে, না"
bibhutibhushan bandopadhyay,"কিন্তু দশ-বারো দিন কাটিয়া গেল, বুড়ীর সব কেমন নতুন নতুন ঠেকিতে লাগিল, তেমনি স্বস্তি পাওয়া যায় না-নতুন ধরনের ঘরদোর, নতুন পথঘাট, নতুন ভাবের কেমন যেন মনে হয় এ ঠিক তাহার নিজের নয়, সব পর"
bibhutibhushan bandopadhyay,প্রতিদিন সন্ধ্যার সময়ই মনে পড়িত নিরিবিলি দাওয়া আর খুকী-খোকার মুখ দিন কুড়িক পরে বুড়ী যাইবার জন্য করিতে লাগিল
bibhutibhushan bandopadhyay,"এখানে আর মন টেকে কর্তার প্রথম পক্ষের শাশুড়ীর এ আকস্মিক আবির্ভাব ও তাঁহার মতলব শুনিয়া বাড়ীর বড়বধূ প্রথম হইতেই সন্তুষ্ট ছিলেন না, অন্তর্ধানে খুশী ছাড়া অখুশী হইলেন না"
bibhutibhushan bandopadhyay,"চন্দ্র মজুমদারের ইচ্ছা কি ছিল ভগবান জানেন, কিন্তু বড়ছেলে ও বড়বধূর ভয়ে কিছু বলিতে পারিলেন অনেকদিন পরে আবার নিজের ঘরের দাওয়ায় দুর্গাকে কাছে লইয়া খোকাকে কাছে লইয়া বসিয়া জ্যোৎম্না-ঝরা নারিকেলশাখার মৃদু কম্পন দেখিতে দেখিতে সুখে বুড়ীর ঘুমের আমেজ আসে"
bibhutibhushan bandopadhyay,"খুকী প্রথমে ভারী অভিমান করিয়াছিল, কথা কহিবে না, কাছে আসিবে না"
bibhutibhushan bandopadhyay,নানা কথায় সান্ত্বনা দিবার পর আজকাল ভাব হইয়াছে
bibhutibhushan bandopadhyay,"বুড়ী ভাইঝির মাথায় আদর করিয়া হাত বুলাইয়া বলে, বেশ লাল একজোড়া ঝুমকো হয় তো দিব্যি মানায়, না আজকাল কি উঠেচে--ওগুলোকে বলে কি ছাই-- শীত আসিল"
bibhutibhushan bandopadhyay,"বুড়ী-ও পাড়ার গাঙ্গুলী বাড়ী গিয়া বুড়া রামনাথ গাঙ্গুলী মহাশয়ের কাছে বলিল--ও রাম, পড়লো বড্ড গায়ে একখানা এমন নেই যে, সকালসন্দে একটু মুড়িসুড়ি দিয়ে বসি, তা আমায় যদি একখানা- রাম গাঙ্গুলী বলিলেন-আচ্ছা দিদি, একদিন এসো, এ মাসটায় আর হবে না--ও মাসে বরং দেখবো"
bibhutibhushan bandopadhyay,"বহুদিন যাবৎ হাঁটাহাঁটি ঘোরা-ফেরার পরে একদিন কুষ্টিয়ার রাঙা ছিটের সূতী চাদর একখানা বাহির করিয়া হাতে দিয়া বলিলেন-এই নাও দিদি, ভারি গরম জিনিস- সাড়ে ন' আনা দাম-এর চেয়ে ভাল জিনিস আর নবাবগঞ্জে পাওয়া যায় না বুধবার এনে রেখেচি-দ্যাখো না খুলে"
bibhutibhushan bandopadhyay,বুড়ীর তখনও যেন বিশ্বাস হইতেছিল না
bibhutibhushan bandopadhyay,"আহ্থাদে একগাল হাসিয়া সে সেখানাকে খুলিয়া গায়ে জড়াইয়া বলিল- দিব্যি, কেমন ও মোটা-সোটা দিব্যি কাপড় আঃ দাদা, বেঁচে থাকো- কানাই বলাই বেঁচে থাকুক, অক্ষয় প্রমাই হোক কাঙাল গরিবকে কেউ দেয় না, ওই কাছে একখানা গায়ের কাপড় চাচ্চি আজ তিন বছর থেকে দেব দেব বলে, তা দিলে না-শখটা মিটিয়ে নি, কডা দিনই আর বা"
bibhutibhushan bandopadhyay,"সর্বজয়াকে আহ্লাদ করিয়া দেখাইতেই সে বলিল, দ্যাখো ঠাকুরঝি, এ বাড়ি থেকে যে তুমি সাত দোর মেগে বেড়াবে তা হবে না, স্পষ্ট বলে দিচ্চি"
bibhutibhushan bandopadhyay,"ভিক্ষে মাগতে হয়, আলাদা বন্দোবস্ত করো বুড়ী সে কথা হজম করিয়া এরূপ অনেক কথাই তাহাকে দিনের মধ্যে দশবার হজম করিতে সেকালের ছড়াটা সে এখনও ভোলে নাই- লাথিঝাঁটা পায়ের তল, ভাত পাথরটা বুকের বল- দুর্গা ভারি খুশী হইয়া বলে, কপয়সা দাম পিতিমা- কেমন নাঙা-না"
bibhutibhushan bandopadhyay,"আশ্বাসের সুরে পিসি বলে, আমি মরে গেলে তোকে দিয়ে যাবো, তুই গায়ে দিস্ বড় নতুন চাদরের সোঁদা সোঁদা মাড়ের গন্ধটা কাছে ভারি উপাদেয়, ভারি শৌখীন বলিয়া মনে হয়"
bibhutibhushan bandopadhyay,সকালে চাদরখানা গায়ে জড়াইয়া দিবার সময় মাঝে মাঝে নিজের দিকে চাহিয়া দেখে
bibhutibhushan bandopadhyay,"নিশ্রয়োজনে ঘাটের পথে দাঁড়াইয়া থাকে, পথ-চলতি নিরীহ ঝি-বউকে ডাকিয়া বলে, কে যায়"
bibhutibhushan bandopadhyay,"-ভূমিকা আর বেশী দূর না করিয়া একটু হাসিয়া নিজের গায়ের দিকে চাহিয়া বলে, এই গায়ের কাপড়খানা এবার ও-পাড়ার রামচাঁদ- সাড়ে ন' আনা দু' একটা দুষ্ট মেয়ে বলে-উঃ, ঠাক্মাকে রাঙাকাপড়ে যা মানিয়েচে ঠাম্মার বুঝি বিয়ে"
bibhutibhushan bandopadhyay,"ষষ্ঠ পরিচ্ছেদ ও পাড়ার দাসীঠাক্রুণ আসিয়া হাসিমুখে বলিল- পয়সা দুটোর জন্যি এয়েছিলাম বৌ, ইন্দির পিসি কাল আমার কাছ থেকে একটা নোনা নিয়ে এল, , কাল দাম গিয়ে চেয়ে নিয়ে সর্বজয়া ঘরের কাজকর্ম করিতেছিল, অবাক হইয়া বলিল--নোনা কিনে এনেছে তোমার কাছ থেকে"
bibhutibhushan bandopadhyay,সামান্য তেঁতুল আমড়া হইতে একগাছি শাক পর্যন্ত পয়সা না লইয়া কাহাকেও দেয় না
bibhutibhushan bandopadhyay,দাসীর অমায়িক ভাব হইয়া গেল
bibhutibhushan bandopadhyay,বলিল--এনেছে কিনা জিজ্ঞেস করো না তোমার ননদকে সকালবেলা কি মিথ্যে বলতে এলাম দুটো পয়সার জন্যি
bibhutibhushan bandopadhyay,চার পয়সার কমে আমি দেবো না বলে বুড়োমানুষ খাবার ইচ্ছে হয়েছে তা যাক দু'পয়সাতেই রাগে সর্বজয়ার মুখ দিয়া কথা বাহির হইল না
bibhutibhushan bandopadhyay,"নোনার মত ফল যাহা কিনা এত অপর্যাপ্ত বনে জঙ্গলে ফলে যে গরু বাছুরের পর্যন্ত খাইয়া অরুচি হইয়া যায়, তাহা আবার পয়সা দিয়া কিনিয়া খাইবার লোক যে পাড়াগাঁয়ে আছে, তাহা সর্বজয়ার ধারণায় আসে না"
bibhutibhushan bandopadhyay,ঠিক এই সময় ইন্দির বুড়ী কোথা হইতে আসিয়া উপস্থিত হইল
bibhutibhushan bandopadhyay,"সর্বজয়া তাহার উপর যেন ঝাঁপাইয়া পড়িয়া বলিল বলি , কাল গিয়েচে এককালে তো ঠেকেচ, যার ব'সে খাই তার পয়সার তো একটু দুখ-দরদ করে চলতে হয়"
bibhutibhushan bandopadhyay,কোথা থেকে তোমায় বসিয়ে আজ নোনা কাল দানা খাওয়াব
bibhutibhushan bandopadhyay,"শখের পয়সা নিজে থেকে নিয়ে দাওগে যাও, পরের ওপর দিয়ে শখ করতে লজ্জা হয় না"
bibhutibhushan bandopadhyay,"বুড়ীর মুখ শুকাইয়া গিয়াছিল, একটুখানি হাসি আনিবার চেষ্টা করিয়া বলিল--তা দে বৌ-পাকা নোনাডা, তা ভাবলাম নিই খেয়ে, কডা দিনই বা বাঁচবো"
bibhutibhushan bandopadhyay,তা দিয়ে দে দুটো পয়সা
bibhutibhushan bandopadhyay,সর্বজয়া চতুর্তণ চীৎকার করিয়া বলিল বড় পয়সা সস্তা দেখেচ কিনা
bibhutibhushan bandopadhyay,নিজের ঘটি-বাটি আছে বিক্রী করে দাও গিয়ে পয়সা- পরে সে ঘড়া লইয়া খিড়কী দুয়ার দিয়া ঘাটের পথে বাহির হইয়া গেল
bibhutibhushan bandopadhyay,"দাসী খানিকটা দাঁড়াইয়া থাকিয়া বলিল- আমার নাকে খৎ কানে খৎ, জিনিস বেচে এমন হয়রান তো কখনো হইনি"
bibhutibhushan bandopadhyay,"তোমায়ও বলি ইন্দির পিসি, নিজের পয়সাই যদি না ছিল তবে তোমার কাল নোনাটা আনা ভাল হয়নি বাপু, ও-রকম ধারে জিনিসপত্তর আর এনো না"
bibhutibhushan bandopadhyay,"তা তোমাদের ঝগড়া তোমরা কর, আমি গরিব লোক, ও বেলা আসবো, আমার পয়সা দুটো বাপু ফেলে দিও- দাসীর পিছু পিছু খুকী বাহিরের উঠান পর্যন্ত আসিল"
bibhutibhushan bandopadhyay,"বলিতে বলিতে আসিল -পিসিমা বুড়ো মানুষ, একটা নোনা এনেছে, তা বুঝি বকে"
bibhutibhushan bandopadhyay,"খেতে ইচ্ছে হয় না, হ্যাঁ দাসীপিসি"
bibhutibhushan bandopadhyay,"বেশ নোনা, আমায় আধখানা কাল দিয়েছে--তোমার বাড়ী বুঝি গাছ আছে পিসি"
bibhutibhushan bandopadhyay,"পরে সে ডাকিয়া কহিল-শোনো না দাসীপিসি, আমি একটা পয়সা দেবো এখন, পুতুলের বাক্সে আছে, মা ঘরে চাবি দিয়ে ঘাটে গেল, এলে লুকিয়ে দেবো এখন, মাকে বোলো না যেন পিসি"
bibhutibhushan bandopadhyay,দুপুরের কিছু পূর্বে ইন্দির বুড়ী বাড়ী হইতে বাহির হইয়া যাইতেছে
bibhutibhushan bandopadhyay,"বাঁ হাতে ছোট একটা ময়লা কাপড়ের পুটুলি, ডানহাতে পিতলের চাদরের ঘটিটা ঝুলানো, বগলে একটা পুরানো মাদুর, মাদুরের পাড় ছিড়িয়া কাঠিগুলি ঝুলিতেছে বিভূতি রচনাবলী ম শ, খুকী বলিল, ও পিসি, যাসনে- পিসি কোথায় যাবি"
bibhutibhushan bandopadhyay,পরে সে ছুটে আসিয়া মাদুরের পিছনটা টানিয়া ধরিল
bibhutibhushan bandopadhyay,"তুই চলে গেলে আমি কাঁদবো ঠিক- সর্বজয়া ঘরের দাওয়া হইতে বলিল, তা যাবে যাও, গেরস্তর অকল্যাণ করে যাওয়া কেন"
bibhutibhushan bandopadhyay,"ছেলেপিলে নিয়ে ঘর করি, এতকাল যার খেলে তার একটা মঙ্গল তো দেখতে হয়, অনথ্থ সময়ে না খেয়ে চলে গিয়ে তারপর গেরস্তর একটা অকল্যাণ বাধুক, এই তোমার ইচ্ছে তো"
bibhutibhushan bandopadhyay,রকম কুচক্কুরে মন না হ'লে কি আর এই দশা হয়
bibhutibhushan bandopadhyay,খুকী কাঁদিতে কাঁদিতে অনেক দূর পর্যন্ত সঙ্গে সঙ্গে গেল বুড়ী গিয়া গ্রামের ও-পাড়ার নবীন ঘোষালের বাড়ী উঠিল
bibhutibhushan bandopadhyay,"নবীন ঘোষালের বউ সব শুনিয়া গালে হাত দিয়া বলিল ওমা, এমন তো কখনো শুনিনি, খুড়ী"
bibhutibhushan bandopadhyay,"তা থাকো তুমি, এইখানেই থাকো"
bibhutibhushan bandopadhyay,মাস-দুই সেখানে থাকার পর সেখান হইতে বাহির হইয়া তিনকড়ি ঘোষালের বাড়ী ও তথা হইতে পূর্ণ চক্রবর্তীর বাড়ী আশ্রয় লইল
bibhutibhushan bandopadhyay,প্রত্যেক বাড়ীতেই প্রথম আপ্যায়নের হৃদ্যতাটুকু কিছুদিন পর উবিয়া যাওয়ার পরে বাড়ীর লোকে নানা রকমে বিরক্তি প্রকাশ করিত
bibhutibhushan bandopadhyay,"পরামর্শ দিত ঝগড়া মিটাইয়া ফেলিয়া বাড়ী ফিরিয়া যাইতে ৷ বুড়ী আরও দু'এক বাড়ী ঘুরিল, সব সময়ই তাহার ভরসা ছিল বাড়ী হইতে আর কেহ না হয়, অন্তত হরিহর ডাকিয়া পাঠাইবে"
bibhutibhushan bandopadhyay,"কিন্তু তিনমাস হইয়া গেল, কেহই আগ্রহ করিয়া ডাকিতে আসিল না"
bibhutibhushan bandopadhyay,"বুড়ী জানে ও-পাড়া হইতে এ-পাড়া অনেক দূরে, ছোট মেয়ে এতদূর আসিতে পারে না"
bibhutibhushan bandopadhyay,"সে আশায় আশায় ও-পাড়ায় দু'একবার গেল, খুকীর সঙ্গে দেখা হইল না"
bibhutibhushan bandopadhyay,বারো মাস লোকের বাড়ী আশ্রয় হয় না
bibhutibhushan bandopadhyay,পুব-পাড়ার চিন্তে গয়লানীর চালা ঘরখানি পড়িয়া ছিল-মাস দুই পরে সকলে মিলিয়া সেই ঘরখানি বুড়ীর জন্য ঠিক করিয়া দিল এবং ঠিক করিল পাড়া হইতে সকলে কিছু কিছু সাহায্য করিবে
bibhutibhushan bandopadhyay,"ঘরখানা নিতান্ত ছোট, ছিটে বেড়ার দেয়াল, পাড়া হইতে দূরে, একটা বাঁশবনের মধ্যে"
bibhutibhushan bandopadhyay,লোকের মুখে শুনিত সর্বজয়া নাকি বলিয়াছে- তেজ দেখুক পাঁচজনে
bibhutibhushan bandopadhyay,"বাড়ী আর না, আমার বাছাদের মুখের দিকে যে তাকায়নি- তাকে আর আমার দোরে মাথা গলাতে হবে না, ভাগাড়ে পড়ে মরুক গিয়ে"
bibhutibhushan bandopadhyay,"যাহাদের সাহায্য করিবার কথা ছিল, তাহারা প্রথম দিনকতক খুব উৎসাহের সঙ্গে যোগাইল, ক্রমে কিন্তু তাহাদের আগ্রহও কমিয়া গেল"
bibhutibhushan bandopadhyay,"ভাবে, কেন সেদিন অত রাগ করে চলে এলাম"
bibhutibhushan bandopadhyay,"বৌ বারণ কল্পে, খুকী কত কাঁদলে, হাতে ধরে টানাটানি কল্পে"
bibhutibhushan bandopadhyay,নিজের উপর অত্যন্ত দুঃখে চোখের জলে দুই তোবড়ানো গাল ভাসিয়া যায়
bibhutibhushan bandopadhyay,শেষ কালডা এত দুঃখুও ছিল অদৃষ্টে-আজ যদি মেয়েটাও থাকতো- চৈত্র মাসের সংক্রান্তি
bibhutibhushan bandopadhyay,"সারাদিন বড় রৌদ্রের তেজ ছিল, সন্ধ্যার সময় একটু একটু বাতাস বহিতেছে, গোঁসাইপাড়ায় চড়কের ঢাক এখনও বাজিতেছে, মেলা এখনও শেষ হয় নাই"
bibhutibhushan bandopadhyay,রৌদ্রে এ-বাড়ী ও-বাড়ী ঘুরিয়া ও দুর্ভাবনায় বুড়ীর রোজ সন্ধ্যার পরে একটু একটু হয়
bibhutibhushan bandopadhyay,"সে মাদুর পাতিয়া দাওয়ায় চুপ করিয়া শুইয়া আছে, মাথার কাছে মাটির ভাঁড়ে জল"
bibhutibhushan bandopadhyay,পিতলের চাদরের ঘটিটা ইতিমধ্যে চার আনায় বাঁধা দিয়া চাল কেনা হইয়াছে
bibhutibhushan bandopadhyay,জ্বরের তৃষ্ণায় মাঝে মাঝে একটু একটু জল মাটির ভাঁড় হইতে খাইতেছে
bibhutibhushan bandopadhyay,"বুড়ী কাঁথা ফেলিয়া লাফাইয়া উঠিল, দাওয়ার পৈঠায় খুকী উঠিতেছে, পিছনে তাহাদের পাড়ার বেহারী চক্কত্তির মেয়ে রাজী"
bibhutibhushan bandopadhyay,"খুকীর পরনে ফর্সা কাপড়, আঁচলের প্রান্তে কি সব পোঁটলা-পুঁটলি বাঁধা"
bibhutibhushan bandopadhyay,বুড়ীর মুখ দিয়া বেশী কথা বাহির হইল প্রবল আগ্রহে সে শীর্ণ হাত বাড়াইয়া তাহাকে জ্বরতপ্ত বুকে জড়াইয়া ধরিল
bibhutibhushan bandopadhyay,"বলিসনে কাউকে পিসি, কেউ যেন টের পায় না, চড়ক দেখে সন্দেবেলা চুপি চুপি এলাম, রাজীও এল আমার সঙ্গে, চড়কের মেলা থেকে এই দ্যাখ, তোর জন্যে সব এনেচি- খুকী পুঁটলি খুলিল পিসিমা, তোর জন্যে দু'পয়সার মুড়কি আর দুটো কদমা আর খোকার জন্যে একটা কাঠের বুড়ী ভাল করিয়া উঠিয়া বসিল"
bibhutibhushan bandopadhyay,"জিনিসগুলো নাড়িতে নাড়িতে বলিল-দেখি দেখি, ও আমার মাণিক, কত জিনিস এনেচে দ্যাখো"
bibhutibhushan bandopadhyay,"রাজরাণী হও, গরিব পিসির ওপর এত"
bibhutibhushan bandopadhyay,বাঃ দিব্যি পুতুল কড়া পয়সা নিলে
bibhutibhushan bandopadhyay,"এক ঝোঁক কথাবার্তার পরে খুকী বলিল- পিসি, তোর গা যে বড্ড গরম"
bibhutibhushan bandopadhyay,"সমস্ত দিন টউরে বেড়িয়ে এই রকমড়া হয়েছে, তাই বলি একটু শুয়ে থাকি- ছেলেমানুষ হইলেও দুর্গা পিসিমার রৌদ্রে ঘুরিবার কারণ বুঝিল"
bibhutibhushan bandopadhyay,"দুঃখে ও অনাহারে শীর্ণ পিসিমার গায়ে সে সম্নেহে হাত বুলাইয়া বলিল, তুই অবশ্যি করে বাড়ী যাস- সন্দেবেলা গল্প শুনতে পাইনে কিছু না- কাল যাবি- কেমন তো"
bibhutibhushan bandopadhyay,"বুড়ী আনন্দে উচ্ছ্বসিত হইয়া উঠিল, বলিল, বৌ বুঝি তোকে কিছু বলে দিয়েছে আজ"
bibhutibhushan bandopadhyay,"রাজী বলিল-খুড়ীমা তো কিছু বলে দেয়নি পিসিমা, ওকে তো এখানে খুড়ীমা আসতে দেয় না"
bibhutibhushan bandopadhyay,"আমরা বল্লে বকে, তবে তুমি যেও পিসিমা"
bibhutibhushan bandopadhyay,"তুমি একটুখানি ব'লো, তাহলে খুড়ীমা আর কিছু বলবে খুকী বলিল--কাল তুই ঠিক যাস্ পিসি, মা কিছু বলবে না-- তাহলে এখন বাড়ী যাই পিসি, কাউকে যেন বলিসনে"
bibhutibhushan bandopadhyay,কাল সকালে ঠিক যাস্ সকালে উঠিয়া বুড়ী দেখিল শরীরটা একটু হালকা
bibhutibhushan bandopadhyay,একটু বেলা হইলে ছোট পুটুলিতে ছেঁড়াখোঁড়া কাপড় দুখানা ও ময়লা গামছাখানা বাঁধিয়া বুড়ী বাড়ীর দিকে চলিল
bibhutibhushan bandopadhyay,"পথে গোপা বোষ্টমের বৌ বলিল, দিদি ঠাক্রুণ তা বাড়ী যাচ্ছ বুঝি"
bibhutibhushan bandopadhyay,বৌদিদির রাগ চলে গিয়েচে বুঝি
bibhutibhushan bandopadhyay,"বুড়ী একগাল হাসিল, বলিল - কাল দুর্গা যে সন্দেবেলা ডাকতে গিয়েছিল, কত কাঁদলে, বল্লে, মা বলেচে-চ' পিসি বাড়ী চ'-তা আমি বল্লাম-আজ তুই যা, সকালে বেলাডা হক, আমি বাড়ী গিয়ে উঠবো- মেয়ের আমার কত কান্না, যেতে কি চায়"
bibhutibhushan bandopadhyay,বুড়ী বাড়ী ঢুকিয়া দেখিল কেহ বাড়ী নাই
bibhutibhushan bandopadhyay,"কাল সারারাত জ্বর ভোগের পর এতটা পথ রৌদ্রে দুর্বল শরীরে আসিয়া বোধ হয় অবসন্ন হইয়া পড়িয়াছিল, পুটুলিটা নামাইয়া সে নিজের ঘরের দাওয়ায় পৈঠায় বসিয়া পড়িল"
bibhutibhushan bandopadhyay,একটু পরেই খিড়কী দোর ঠেলিয়া সর্বজয়া স্নান করিয়া নদী হইতে ফিরিল
bibhutibhushan bandopadhyay,এদিকে চোখ পড়িলে বুড়ীকে বসিয়া থাকিতে দেখিয়া সে বিস্ময়ে নির্বাক হইয়া একটুখানি দাঁড়াইল
bibhutibhushan bandopadhyay,"বুড়ী হাসিয়া বলিল--ও বৌ, ভাল আছিস"
bibhutibhushan bandopadhyay,"এই আ্যাদ্দিন পরে, তোদের ছেড়ে আর কোথায় যাবো এ বয়সে-তাই বলি সর্বজয়া আগাইয়া আসিয়া বলিল-তুমি এ বাড়ী কি মনে করে"
bibhutibhushan bandopadhyay,তার ভাবভঙ্গী ও গলার স্বরে বুড়ীর হাসিবার উৎসাহ আর না বড় রহিল
bibhutibhushan bandopadhyay,সর্বজয়া কথার উত্তর দিতে না দিয়াই বলিল--এ বাড়ী আর তোমার জায়গা কিছুতেই হবে না-সে তোমাকে আমি সেদিন বলে দিয়েচি-ফের কোন মুখে এয়েচ
bibhutibhushan bandopadhyay,"বুড়ী কাঠের মত হইয়া গেল, মুখ দিয়া আর কোন কথা বাহির হইল না"
bibhutibhushan bandopadhyay,"পরে সে হঠাৎ একেবারে কাঁদিয়া বলিল- ও বৌ, অমন করে বলিসনে--একটুখানি ঠাঁই দে আমারে কোথায় যাবো আর শেষকালডা বল দিকিনি-তবু এই ভিটেটাতে- , আর ভিটের দোহাই দিতে হবে না, ভিটের কল্যাণ ভেবে তোমার তো ঘুম নেই, যাও এক্ষুনি বিদেয় হও, নৈলে অনথ্থ বাধাবো- ব্যাপার এরূপ দাঁড়াইবে বুড়ী বোধ হয় আদৌ প্রত্যাশা করে নাই"
bibhutibhushan bandopadhyay,"ব্যক্তি যেমন ডুবিয়া যাইবার সময় যাহা পায় তাহাই আঁকড়াইয়া ধরিতে চায়, বুড়ী সেইরূপ মুঠা আঁকড়াইয়া আশ্রয় খুঁজিতে লক্ষ্যহীন ভাবে এদিক ওদিক চাহিল-আজ তাহার কেমন মনে হইল যে, বহুদিনের আশ্রয় সত্য সত্যই তাহার পায়ের তলা হইতে সরিয়া যাইতেছে, আর তাহাকে ধরিয়া রাখিবার উপায় নাই"
bibhutibhushan bandopadhyay,"সর্বজয়া বলিল-যাও আর বসে থেকো না ঠাকুরঝি, বেলা হয়ে যাচ্ছে আমার কাজকর্ম আছে, এখানে তোমার জায়গা কোনোরকমে দিতে পারবো না- পুটুলি লইয়া অতিকষ্টে আবার উঠিল"
bibhutibhushan bandopadhyay,"বাহির দরজার কাছে যাইতে তাহার নজর পড়িল তাহার উঠান-ঝাঁটের ঝাঁটাগাছটা পাঁচিলের কোণে ঠেস দেওয়ানো আছে, আজ তিন-চারি মাস তাহাতে কেহ হাত দেয় নাই"
bibhutibhushan bandopadhyay,"এই ভিটার ঘাসটুকু, এ কত লেবু গাছটা, এই অত্যন্ত প্রিয় ঝাঁটাগাছটা, খুকী, খোকা, ব্রজ পিসের ভিটা--তার সত্তর বৎসরের জীবনে এ সব ছাড়া সে আর কিছু জানেও নাই, বুঝেও চিরকালের মত তাহারা আজ দূরে সরিয়া যাইতেছে"
bibhutibhushan bandopadhyay,"সজনেতলা দিয়া পুটুলি বগলে যাইতে পিছন হইতে রায়বাড়ীর গিন্নী বলিল- ঠাক্মা, ফিরে যাচ্ছে কোথায়"
bibhutibhushan bandopadhyay,উত্তর না পাইয়া বলিল-ঠাক্মা আজকাল কানের মাথা একেবারে খেয়েছে
bibhutibhushan bandopadhyay,"বৈকালে ও-পাড়া হইতে কে আসিয়া বলিল--ও মা-ঠাক্রুণ, তোমাদের বুড়ী বোধ হয় মরে যাচ্ছে, পালিতদের গোলার কাছে দুপুর থেকে শুয়ে আছে, রোদ্দুরে ফিরে যাচ্ছিল, আর যেতে পারেনি--একবার গিয়ে দেখে এসো-দাদাগঠাকুর বাড়ী নেই"
bibhutibhushan bandopadhyay,"পালিতদের বড় মাচার তলায় গোলার পাশে ইন্দির ঠাক্রুণ মরিতেছিল একথা হরিহরের বাড়ী হইতে ফিরিতে ফিরিতে তাহার গা কেমন করে, রৌদ্রে আর আগাইতে না পারিয়া এইখানেই শুইয়া পড়ে"
bibhutibhushan bandopadhyay,"বুকে পিঠে তেল মালিশ, পাখার বাতাস, সব করিবার পরে বেশী বেলায় অবস্থা খারাপ বুঝিয়া নামাইয়া রাখিয়াছে"
bibhutibhushan bandopadhyay,পালিত-পাড়ার অনেকে ঘিরিয়া দাঁড়াইয়া আছে
bibhutibhushan bandopadhyay,কেহ বলিতেছে- তা রোদ্দুরে বেরুলেই বা কেন
bibhutibhushan bandopadhyay,"কেই বলিতেছে- এখুনি সামলে উঠবে এখন, ভিরমি লেগেছে বোধ বিশু পালিত বলিল-- ভিরমি বুড়ী আর বাঁচবে না, হরিজেঠা বোধ হয় বাড়ী নেই, খবর তো দেওয়া হয়েছে, সকলে বলিল-দাও দাদাঠাকুর, ভাগ্যিস এসে পড়েচ, একটুখানি গঙ্গাজল মুখে দাও দিকি"
bibhutibhushan bandopadhyay,"দ্যাখো তো কাণ্ড, বামুনপাড়া না-কিছু না- কে একটু মুখে জল দেয়"
bibhutibhushan bandopadhyay,হাতের বৈচিকাঠের লাঠিটা বিশু পালিতের হাতে দিয়া বুড়ীর মুখের কাছে বসিল
bibhutibhushan bandopadhyay,"কুশী করিয়া গঙ্গাজল লইয়া ডাক দিল--ও পিসিমা বুড়ী চোখ মেলিয়া ফ্যালফ্যাল্ করিয়া মুখের দিকে চাহিয়াই রহিল, তাহার মুখে কোন উত্তর শুনা গেল না"
bibhutibhushan bandopadhyay,ফণী আবার ডাকিল-কেমন আছেন পিসিমা
bibhutibhushan bandopadhyay,শরীর কি অসুখ মনে হচ্ছে
bibhutibhushan bandopadhyay,পরে সে গঙ্গাজলটুকু মুখে ঢালিয়া দিল
bibhutibhushan bandopadhyay,"জল কিন্তু মুখের মধ্যে গেল না, বিশু পালিত বলিল- আর একবার দাও দাদাঠাকুর-আর খানিকক্ষণ পরে বুড়ীর চোখের পাতা বুজাইয়া দিতেই কোটরগত অনেকখানি জল শীর্ণ গাল-দুটা বাহিয়া গড়াইয়া পড়িল"
bibhutibhushan bandopadhyay,ইন্দির ঠাক্রুণের মৃত্যুর সঙ্গে সঙ্গে নিশ্চিন্দিপুর গ্রামে সেকালের অবসান হইয়া গেল
bibhutibhushan bandopadhyay,আম-আঁটির-ভেপু কিন্তু এতদূর আসে কে
bibhutibhushan bandopadhyay,শুনিতে পাইয়া দীনু চক্রবর্তীর বড় ছেলে ব্যাপার কি দেখিতে আসিল
bibhutibhushan bandopadhyay,সপ্তম পরিচ্ছেদ ইন্দির মৃত্যুর পর চার-পাঁচ বৎসর কাটিয়া গিয়াছে
bibhutibhushan bandopadhyay,"মাঘ মাসের শেষ, শীত বেশ আছে"
bibhutibhushan bandopadhyay,দুই পাশে ঝোপে- ঝোপে-ঘেরা সরু মাটির পথ বাহিয়া নিশ্চিন্দিপুরের কয়েকজন লোক সরস্বতীপূজার বৈকালে গ্রামের বাহিরের মাঠে পাখী দেখিতে যাইতেছিল
bibhutibhushan bandopadhyay,"দলের একজন বলিল, ওহে হরি, ভূষণো গোয়ালার দরুন কলাবাগানটা তোমরা কি ফের জমা দিয়েচো নাকি"
bibhutibhushan bandopadhyay,যাহাকে উদ্দেশ্য করিয়া বলা হইল তাহাকে দেখিলে দশ বৎসর পূর্বের সে হরিহর রায় বলিয়া মনে হয় না
bibhutibhushan bandopadhyay,"এখন মধ্যবয়সী, পুরাদস্তর সংসারী, ছেলেমেয়েদের বাপ হরিহর খাজনা সাধিয়া গ্রামে ঘোরে, পৈতৃক আমলের শিষ্যসেবকের ঘরগুলি সন্ধান করিয়া বসিয়া গুরুগিরি চালায়, হাটেমাঠে জমির ঘরামির সঙ্গে ঝিঙে-পটলের দর-দস্তর করিয়া ঘোরে, তাহার সঙ্গে আগেকার সে অবাধগতি, মুক্তপ্রাণ, ভবঘুরে যুবক হরিহরের কোন মিল নাই ক্রমে ক্রমে পশ্চিমের সে-জীবন অনেক দূরের হইয়া দুর্গের চওড়া প্রাচীরে বসিয়া বসিয়া দূর পাহাড়ের সূর্যাস্ত দেখা, কেদারের পথে তেজপাতার বনে রাতকাটানো, শাহ্ কাশেম সুলেমানীর দরগার বাগান হইতে টক কমলালেবু ছিড়িয়া খাওয়া, গলিত রৌপ্যধারার মত স্বচ্ছ, উজ্জ্বল হিমশীতল স্বর্গনদী অলকানন্দা, দশাশ্বমেধ ঘাটের জলের ধারের রাণা-একটু একটু মনে পড়ে, যেন অনেকদিন আগেকার দেখা স্বপ্ন"
bibhutibhushan bandopadhyay,"হরিহর সায়সূচক কিছু বলিতে গিয়া পিছন ফিরিয়া বলিল, ছেলেটা আবার কোথায় গেল"
bibhutibhushan bandopadhyay,"খোকা, খোকা-আ-আ পথের বাঁকের আড়াল হইতে একটি ছয় সাত বছরের ফুটফুটে সুন্দর, ছিপছিপে চেহারার ছেলে ছুটিয়া আসিয়া দলের নাগাল ধরিল"
bibhutibhushan bandopadhyay,হরিহর বলিল- আবার পিছিয়ে পড়লে এরি মধ্যে
bibhutibhushan bandopadhyay,নাও এগিয়ে চলো ছেলেটা বলিল- বনের মধ্যে কি গেল বাবা
bibhutibhushan bandopadhyay,হরিহর প্রশ্নের দিকে কোনো মনোযোগ না দিয়া নবীন পালিতের সঙ্গে মৎস্যশিকারের পরামর্শ আঁটিতে লাগিল
bibhutibhushan bandopadhyay,হরিহরের ছেলে পুনরায় আগ্রহের সুরে বলিল- -কি দৌড়ে গেল বাবা বনের মধ্যে
bibhutibhushan bandopadhyay,"হরিহর জানি বাবা, তোমার কথার উত্তর দিতে আমি আর পারিনে"
bibhutibhushan bandopadhyay,"সেই বেরিয়ে অবধি শুরু করেচো এটা কি, ওটা কি- কি গেল বনের মধ্যে তা কি আমি দেখেচি"
bibhutibhushan bandopadhyay,বালক বাবার কথায় আগে আগে চলিল
bibhutibhushan bandopadhyay,"নবীন পালিত বলিল, বরং এক কাজ করো হরি, মাছ যদি ধরতে হয়, তবে বঁয়শার বিলে একদিন চলে যাওয়া যাক- পুব-পাড়ার নেপাল পাড়ুই বাচ দিচ্ছে, রোজ দেড়মণ দু'মণ এইরকম পড়চে- পাঁচ-সেরের নীচে মাছ নেই"
bibhutibhushan bandopadhyay,"শুনলাম, একদিন শেষরাত্তিরে নাকি বিলের একেবারে মধ্যিখানে অথৈ জলে সাঁ সাঁ করে ঠিক যেন বকনা বাছুরের ডাক- বুঝলে"
bibhutibhushan bandopadhyay,সকলে একসঙ্গে আগাইয়া আসিয়া নবীন পালিতের মুখের দিকে চাহিয়া রহিল
bibhutibhushan bandopadhyay,"অনেক-কেলে পুরানো বিল, গহিন জল, দেখেছো তো মধ্যিখানে জল যেন কালো শিউগোলা,পদ্মগাছের জঙ্গল, কেউ বলে রাঘব বোয়াল, কেউ বলে যক্ষি-যতক্ষণ ফর্সা না হোলো ততক্ষণ তো মশাই নৌকার ওপরে সকলে বসে ঠকঠক করে কাঁপতে লাগলো"
bibhutibhushan bandopadhyay,"বেশ জমিয়া আসিয়াছে, হঠাৎ হরিহরের ছেলেটি মহা-উৎসাহে পাশের এক উলুখড়ের ঝোপের দিকে আঙুল তুলিয়া চীৎকার করিতে করিতে ছুটিয়া গেল- -এঁ যাচ্ছে বাবা, দ্যাখো বাবা, এ গেল বাবা, বড় বড় কান,"
bibhutibhushan bandopadhyay,"তাহার বাবা পিছন হইতে ডাক দিয়া বলিল,-উহ্ উহ্ কাঁটা কাঁটা-পরে তাড়াতাড়ি আসিয়া খপ করিয়া ছেলের হাতখানি ধরিয়া বলিল,-আঃ বড্ড বিরক্ত কল্পে দেখছি তুমি, একশ' বার বারণ কচ্ছি তা তুমি কিছুতেই শুনবে না, এ জন্যেই তো আনতে চাচ্ছিলাম না"
bibhutibhushan bandopadhyay,বালক উৎসাহে ও আগ্রহে উজ্জ্বল মুখ উচু করিয়া বাবার দিকে তুলিয়া জিজ্ঞাসা করিল- কি বাবা
bibhutibhushan bandopadhyay,"হরিহর বলিল- কি তা কি আমি দেখেচি শুওর-টুওর হবে- নাও চলো, ঠিক রাস্তার মাঝখান দিয়ে হাঁটো- -শূওর না বাবা, ছোট্ট যে"
bibhutibhushan bandopadhyay,পরে সে নীচু হইয়া দৃষ্ট বস্তুর মাটি হইতে উচ্চতা দেখাইতে গেল
bibhutibhushan bandopadhyay,"চল চল -হ্যাঁ- আমি বুঝতে পেরেছি, আর দেখাতে হবে না-চল-দিকি"
bibhutibhushan bandopadhyay,"নবীন পালিত বলিল--ও হোলো খরগোশ, খোকা খরগোশ"
bibhutibhushan bandopadhyay,"এখানে খড়ের ঝোপে খরগোশ থাকে, তাই"
bibhutibhushan bandopadhyay,"বালক বর্ণপরিচয়ে খ'-এ খরগোশের ছবি দেখিয়াছে কিন্তু তাহা যে জীবন্ত অবস্থায় এ রকম লাফাইয়া পালায় বা তাহা আবার সাধারণ চক্ষুতে দেখিতে পাওয়া যায়, এ কথা সে কখনো ভাবে নাই"
bibhutibhushan bandopadhyay,"-একেবারে তোমার সামনে লাফাইয়া পালায়;-ছবি না, কাচের পুতুল না - -একেবারে কানখাড়া সত্যিকারের খরগোশ"
bibhutibhushan bandopadhyay,"--জল-মাটির তৈরী নশ্বর পৃথিবীতে এ ঘটনা কি করিয়া সম্ভব হইল, বালক তাহা কোনমতেই ভাবিয়া ঠাহর করিতে পারিতেছিল না"
bibhutibhushan bandopadhyay,সকলে বনে ঘেরা সরু পথ ছাড়াইয়া মাঠে পড়িল
bibhutibhushan bandopadhyay,"নদীর ধারের বাবলা ও জীওল গাছের আড়ালে একটা বড় ইটের পাঁজার মত জিনিস নজরে পড়ে, ওটা পুরানো কালের নীলকুঠির জ্বালঘরের ভগ্নাবশেষ"
bibhutibhushan bandopadhyay,"সেকালে নীলকুঠির আমলে এই নিশ্চিন্দিপুর বেঙ্গল ইন্ডিগো কন্সারনের হেড কুঠি ছিল, এ অঞ্চলের"
bibhutibhushan bandopadhyay,কুঠির উপর নিশ্চিন্দিপুর কুঠির ম্যানেজার জন্ লারমার দোর্দগুপ্রতাপে রাজত্ব করিত
bibhutibhushan bandopadhyay,"এখন ভাঙা চৌবাচ্চাঘর, জ্বালঘর, সাহেবের কুঠি, আপিস জঙ্গলাকীর্ণ ইটের স্তূপে পরিণত হইয়াছে যে প্রবল-প্রতাপ লারমার সাহেবের নামে একসময় এ অঞ্চলে বাঘে-গরুতে এক ঘাটে জল খাইত, আজকাল দু'একজন অতিবৃদ্ধ ছাড়া সে লোকের নাম পর্যন্ত কেহ জানে মাঠের ঝোপঝাপগুলো উলুখড়, বনকলমী, সোঁদাল ও কুলগাছে ভরা"
bibhutibhushan bandopadhyay,"কলমীলতা সারা ঝোপগুলার মাথা বড় বড় সবুজ পাতা বিছাইয়া ঢাকিয়া দিয়াছে-ভিতরে শ্লিগ্ধ ছায়া, ছোট গোয়ালে, নাটাকাঁটা, ও নীল বন-অপরাজিতা ফুল সূর্যের আলোর দিকে মুখ উঁচু করিয়া ফুটিয়া আছে, পড়ন্ত বেলার ছায়ায় বনভূমির শ্যামলতা, পাখীর ডাক, চারিধারে প্রকৃতির মুক্ত হাতে ছড়ানো এশ্বর্য রাজার মত ভাণ্ডার বিলাইয়া দান, কোথাও এতটুকু দারিদ্র্যের আশ্রয় খুঁজিবার চেষ্টা নাই, মধ্যবিত্তের কার্পণ্য নাই"
bibhutibhushan bandopadhyay,"বেলাশেষের ইন্দ্রজালে মাঠ, নদী, বন মায়াময়"
bibhutibhushan bandopadhyay,"মাঠের মধ্যে বেড়াইতে বেড়াইতে নবীন পালিত মহাশয় একবার এই মাঠের উত্তর অংশের জমিতে শাঁকআলুর চাষ করিয়া কিরূপ লাভবান হইয়াছিলেন, সে গল্প করিতে লাগিলেন"
bibhutibhushan bandopadhyay,"একজন বলিল, কুঠির ইটগুলো নাকি হবে শূনছিলাম, নবাবগঞ্জের মতি দাঁ নাকি দরদস্তর কচ্ছে"
bibhutibhushan bandopadhyay,মতি দাঁর কথায় সে ব্যক্তি সামান্য অবস্থা হইতে কিরূপে ধনবান হইয়াছে সে কথা আসিয়া পড়িল
bibhutibhushan bandopadhyay,"তাহা হইতে বর্তমান কালের দুর্মূল্যতা, আষাঢুর বাজারে কুপ্তুদের গোলদারী দোকান পুড়িয়া যাইবার কথা, গ্রামের দীনু গাঙ্গুলীর মেয়ের বিবাহের তারিখ কবে প্রভৃতি বিবিধ আবশ্যকীয় সংবাদের আদান-প্রদান হইতে লাগিল"
bibhutibhushan bandopadhyay,হরিহরের ছেলে বলিল-নীলকণ্ঠ পাখী কৈ বাবা
bibhutibhushan bandopadhyay,এই দেখো এখন; বাবলাগাছে এখুনি এসে বসবে- বালক মুখ উঁচু করিয়া নিকটবর্তী সমুদয় বাবলাগাছের মাথার দিকে চাহিয়া দেখিতে লাগিল
bibhutibhushan bandopadhyay,"মাঠের ইতস্তত নীচু নীচু কুলগাছে অনেক কুল পাকিয়া আছে, বালক অবাক হইয়া লুক্ধদৃষ্টিতে সেদিকে চাহিয়া চাহিয়া দেখিল"
bibhutibhushan bandopadhyay,কয়েকবার কুল পাড়িতে গিয়া বাবার বকুনিতে তাহাকে নিবৃত্ত হইতে হইল
bibhutibhushan bandopadhyay,এত ছোট গাছে কুল হয়
bibhutibhushan bandopadhyay,"তাহাদের পাড়ায় যে কুলের গাছ আছে, তাহা খুব উঁচু বলিয়া ইচ্ছা থাকিলেও সে সুবিধা করিতে পারে না"
bibhutibhushan bandopadhyay,"ভারী আঁকুষিটা দুই হাতে আঁকড়াইয়া ধরিয়াও তুলিতে পারে না, কুপথ্যের জিনিস লুকাইয়া খাওয়া কষ্টসাধ্য হইয়া পড়ে--এ সে টের পায়"
bibhutibhushan bandopadhyay,"খবর পাইয়া মা আসিয়া বাড়ী ধরিয়া লইয়া যায়, বলে--ওমা আমার কী হবে"
bibhutibhushan bandopadhyay,এমন দুষ্টু ছেলে হয়েচ তুমি
bibhutibhushan bandopadhyay,এই সেদিন উঠলে জ্বর থেকে আজ অমনি কুলতলায় ঘুরে বেড়াচ্ছ
bibhutibhushan bandopadhyay,"একটুখানি পিছন ফিরেছি, আর অমনি এসে দেখি বাড়ী নেই"
bibhutibhushan bandopadhyay,"কটা কুল খেয়েচিস, দেখি মুখ দেখি"
bibhutibhushan bandopadhyay,"সে বলে, কুল খাইনি তো মা, তলায় একটাও কুল পড়ে নেই, আমি বুঝি পাড়তে পারি"
bibhutibhushan bandopadhyay,পরে সে টুকটুকে মুখটি মায়ের অত্যন্ত নিকটে লইয়া গিয়া হাঁ করে
bibhutibhushan bandopadhyay,ইছামতী ইছামতী একটি ছোট নদী ইছামতী একটি ছোট নদী
bibhutibhushan bandopadhyay,"অন্তত যশোর জেলার মধ্য দিয়ে এর যে অংশ প্রবাহিত, দক্ষিণে ইছামতী কুমির-কামট-হাঙ্গর সংকুল বিরাট নোনা গাঙে পরিণত হয়ে কোথায় কোন সুন্দরবনে সুঁদরি-গরান গাছের জঙ্গলের আড়ালে বঙ্গোপসাগরে মিশে গিয়েচে, সে খবর যশোর জেলার গ্রাম্য অঞ্চলের কোনো লোকই রাখে না"
bibhutibhushan bandopadhyay,"ইছামতীর যে অংশ নদীয়া ও যশোর জেলার মধ্যে অবস্থিত, সে অংশটুকুর রূপ সত্যিই এত চমৎকার, যাঁরা দেখবার সুযোগ পেয়েছেন তারা জানেন"
bibhutibhushan bandopadhyay,"কিন্তু তারাই সবচেয়ে ভালো করে উপলব্ধি করবেন, যাঁরা অনেকদিন ধরে বাস করচেন এ অঞ্চলে"
bibhutibhushan bandopadhyay,"ভগবানের একটি অপূর্ব শিল্প এর দুই তীর, বনবনানীতে সবুজ, পক্ষী- কাকলিতে মুখর"
bibhutibhushan bandopadhyay,"মড়িঘাটা কি বাজিতপুরের ঘাট থেকে নৌকো করে চলে যেও চাঁদুড়িয়ার ঘাট পর্যন্ত দেখতে পাবে দুধারে পলতেমাদার গাছের লাল ফুল, জলজ বন্যেবুড়োর ঝোপ, টেপাপানার দাম, বুনো তিৎপল্লা লতার হলদে ফুলের শোভা, কোথাও উঁচু পাড়ে প্রাচীন বট-অশ্বশ্ধের ছায়াভরা উলুটি-বাচড়া-বৈঁচি ঝোপ, বাঁশঝাড়, গাঙশালিখের গর্ত, সুকুমার লতাবিতান"
bibhutibhushan bandopadhyay,"গাঙের পাড়ে লোকের বসতি কম, শুধুই দূর্বাঘাসের সবুজ চরভূমি, শুধুই চখা বালির ঘাট, বনকুসুমে ভর্তি ঝোপ, বিহঙ্গকাকলি মুখর বনান্তস্থলী"
bibhutibhushan bandopadhyay,গ্রামের ঘাটে কোথাও দু'দশখানা ডিঙি নৌকো বাঁধা রয়েছে
bibhutibhushan bandopadhyay,ক্বচিৎ উঁচুশিমুল গাছের আঁকাবাঁকা শুকনো ডালে শকুনি বসে আছে সমাধিস্থ অবস্থায়-ঠিক যেন চীনা চিত্রকরের অঙ্কিত ছবি
bibhutibhushan bandopadhyay,"কোনো ঘাটে মেয়েরা নাইচে, কাঁখে কলসি ভরে জল নিয়ে ডাঙায় উঠে, সঙ্গিনীর সঙ্গে কথাবার্তা কইচে"
bibhutibhushan bandopadhyay,"এক-আধজায়গায় গাঙের উঁচু পাড়ের কিনারায় মাঠের মধ্যে কোনো গ্রামের প্রাইমারি ইস্কুল; লম্বা ধরনের চালাঘর, দরমার কিংবা কঞ্চির বেড়ার দিয়ে ঘেরা; আসবাবপত্রনের মধ্যে দেখা যাবে ভাঙ্গা নড়বড়ে একখানা চেয়ার দড়ি দিয়ে খুঁটের সঙ্গে বাঁধা, আর খানকতক বেঞ্চে"
bibhutibhushan bandopadhyay,"সবুজ চরভূমির যখন সুমুখ পড়বে, গ্রীষ্মদিনে সাদা খোকা খোকা ফুটে থাকবে, সোঁদালি ফুলের ঝাড় দুলবে নিকটবর্তী বনঝোপ থেকে নদীর মৃদু বাতাসে, তখন নদীপথ-যাত্রীরা দেখতে পাবে নদীর ধারে পুরোনো পোড়ো ভিটের ঈষদুচ্চ পোতা, বর্তমানে হয়ত আকন্দঝোপে ঢেকে ফেলেচে তাদের বেশি অংশটা, হয়ত দু-একটা উইয়ের গজিয়েচে কোনো কোনো ভিটের পোতায়"
bibhutibhushan bandopadhyay,"এইসব ভিটে দেখে তুমি স্বপ্ন দেখবে অতীত দিনগুলির, স্বপ্ন দেখবে সেইসব মা ও ছেলের, ভাই ও বোনের, যাদের জীবন ছিল একদিন এইসব বাস্তুভিটের সঙ্গে জড়িয়ে"
bibhutibhushan bandopadhyay,কত সুখদুঃখের অলিখিত ইতিহাস বর্ষাকালে জলধারাঙ্কিত ইছামতী ক্ষীণ রেখার মতো আঁকা হয় শতাব্দীতে শতাব্দীতে এদের বুকে
bibhutibhushan bandopadhyay,"সূর্য আলো দেয়, হেমন্তের আকাশ শিশির বর্ষণ করে, জ্যোৎম্না-পক্ষের চাঁদ জ্যোৎন্না ঢালে এদের বুকে"
bibhutibhushan bandopadhyay,"সেইসব বাণী, সেইসব ইতিহাস আমাদের আসল জাতীয় ইতিহাস"
bibhutibhushan bandopadhyay,"মুক-জনগণের ইতিহাস, রাজা-রাজড়াদের বিজয়কাহিনী নয়"
bibhutibhushan bandopadhyay,সালের বন্যার জল সরে গিয়েচে সবে
bibhutibhushan bandopadhyay,"পথঘাটে তখনো কাদা, মাঠে মাঠে জল জমে আছে"
bibhutibhushan bandopadhyay,বিকেলবেলা ফিঙে পাখি বসে আছে বাবলা গাছের ফুলে-ভর্তি ডালে
bibhutibhushan bandopadhyay,নালু পাল মোল্লাহাটির হাটে যাবে পান-সুপুরি নিয়ে মাথায় মোল্লাহাটি যেতে নীলকুঠির আমলের সাহেবদের বটগাছের ঘন ছায়া পথে
bibhutibhushan bandopadhyay,শ্রান্ত নালু পাল মোট নামিয়ে একটা বটতলায় বসে গামছা ঘুরিয়ে বিশ্রাম করতে লাগলো
bibhutibhushan bandopadhyay,"মাথার চুল বাবরি-করা, কাঁধে রঙিন রাঙা গামছা-তখনকার দিনের শৌখিন বেশভূষা পাড়াগাঁয়ের"
bibhutibhushan bandopadhyay,"এখনো বিয়ে করে নি, কারণ মামাদের আশ্রয়ে এতদিন মানুষ হচ্ছিল, হাতেও ছিল না কানাকড়ি"
bibhutibhushan bandopadhyay,সম্প্রতি আজ বছরখানেক হল নালু পাল মোট মাথায় করে পান-সুপুরি বিক্রি করে হাটে হাটে
bibhutibhushan bandopadhyay,সতেরো টাকা মূলধন তার এক মাসিমা দিয়েচিলেন যুগিয়ে
bibhutibhushan bandopadhyay,এক বছরে এই সতেরো টাকা দাঁড়িয়েছে সাতান্ন টাকায়
bibhutibhushan bandopadhyay,নালুর মন এজন্যে খুশি আছে খুব মামার বাড়ির অনাদরের ভাত গলা দিয়ে ইদানীং আর নামতো না
bibhutibhushan bandopadhyay,একুশ বছর বয়সের পুরুষানুষের শোভা পায় না অপরের গলগ্রহ হওয়া
bibhutibhushan bandopadhyay,মামিমার সে কি মুখনাড়া একপলা তেল বেশি মাথায় মাখবার জন্যে সেদিন
bibhutibhushan bandopadhyay,দিয়ে বললেন তেল কোণ্থেকে এত
bibhutibhushan bandopadhyay,"আবার বাবরি চুল রাখা হয়েচে, ছেলের শখ কত-অত শখ থাকলে পয়সা রোজগার করতে হয় নিজে"
bibhutibhushan bandopadhyay,"নালু পাল হয়ত ঘুমিয়ে পড়তো বটগাছের ছায়ায়, এখনো হাট বসবার অনেক দেরি, একটু বিশ্রাম করে নিতে সে পারে অনায়াসে- কিন্তু এই সময় ঘোড়ায় চড়ে একজন লোক যেতে যেতে ওর সামনে থামলো"
bibhutibhushan bandopadhyay,"পাল সসম্ত্রমে দাঁড়িয়ে উঠে বললে-রায়মশায়, ভালো আছেন"
bibhutibhushan bandopadhyay,"ইছামতী -কল্যাণ হোক নালু যে, হাটে চললে"
bibhutibhushan bandopadhyay,"শিপটন্্ সাহেব ইদিক আসচে- - -বাবু, রাস্তা ছেড়ে মাঠে নেমে যাবো"
bibhutibhushan bandopadhyay,মোল্লাহাটি নীলকুঠির বড়সাহেব শিপটনকে এ অঞ্চলে বাঘের মতোভয় করে লোকে
bibhutibhushan bandopadhyay,"লম্বাচগড়া চেহারা, বাঘের মতো গোল মুখখানা, হাতে সর্বদাই চাবুক থাকে"
bibhutibhushan bandopadhyay,অঞ্চলের লোক চাবুকের নাম রেখেছে কখন কার পিঠে শ্যামচাঁদ অবতীর্ণ হবে তার কোনো না থাকাতে সাহেব রাস্তায় বেরুলে সবাইভয়ে সন্ত্রস্ত থাকে
bibhutibhushan bandopadhyay,"এমন সময়ে আর একজন হাটুরে দোকানদার সতীশ , মাথায় সর্ষে তেলের বড় ভাঁড় চ্যাঙারিতে বসিয়ে সেখানে এসে পড়লো রাস্তার ধারে নালুকে দেখেবললে চল, যাবা না"
bibhutibhushan bandopadhyay,"দাঁড়াও, শিপটন্ সাহেব চলে যাক আগে"
bibhutibhushan bandopadhyay,রায়মশায় বলে গ্যালেন- -বোসো- - হঠাৎ সতীশ কলু সামনের দিকে সভয়ে চেয়ে দেখে ষাঁড়া আর শেওড়া ঝোপের পাশ দিয়ে নিচের ধানের ক্ষেতের মধ্যে নেমে গেল
bibhutibhushan bandopadhyay,"যেতে যেতে বললে চলে এসো, সায়েব বেরিয়েছে- ( ইছামতী নালু পাল পানের মোট গাছতলায় ফেলে রেখেই সতীশ কলুর অনুসরণ করলে"
bibhutibhushan bandopadhyay,দূরে ঝুমঝুম্ শব্দ শোনা গেল টমটমের ঘোড়ার
bibhutibhushan bandopadhyay,"একটু পরে সামনের রাস্তা কাঁপিয়ে সাহেবের টমটম কাছাকাছি এসে পড়লো এবং থামবি তো থাম একেবারে নালু পালের আশ্রয়স্থল ওদের বটতলায়, ওদের সামনে"
bibhutibhushan bandopadhyay,বটতলায় পানের মোট মালিকহীন অবস্থায় পড়ে থাকতে দেখে সাহেব হেঁকে বললে এই
bibhutibhushan bandopadhyay,নালু পাল ও সতীশ কলু ধানগাছের আড়ালে কাঠ হয়ে গিয়েচে ততক্ষণ
bibhutibhushan bandopadhyay,কেউ উত্তর দেয় টমটমের পেছন থেকে নফর মুচি আরদালি হাঁকল-কার মোট পড়ে রে গাছতলায়
bibhutibhushan bandopadhyay,"নালু পাল কাঁচুমাচু মুখে জোড়হাতে রাস্তায় উঠে আসতে আসতে বললে-সায়েব, আমার সাহেব ওর দিকে চেয়ে চুপ করে রইল"
bibhutibhushan bandopadhyay,নফর মুচি বললে তোমার মোট
bibhutibhushan bandopadhyay,-আতেত্ত আতেত্ত সাহেব বললে-আমি জানে
bibhutibhushan bandopadhyay,"আমি সাপ আছি, না বাঘ আছি হ্যাঁ"
bibhutibhushan bandopadhyay,"প্রশ্নটা নালু পালের মুখের দিকে তাকিয়েই, সুতরাং নালু পাল ভয়ে ভয়ে উত্তর দিলে না সায়েব"
bibhutibhushan bandopadhyay,্ঁ হ্যা ইছামতী -কি নাম আছে
bibhutibhushan bandopadhyay,"আমি বাঘ নই, মানুষ খাই"
bibhutibhushan bandopadhyay,-আতেতে সাহেবের টমটম চলে গেল
bibhutibhushan bandopadhyay,নালু পালের বুক তখন করছে
bibhutibhushan bandopadhyay,"বাবাঃ, এক ধাক্কা সামলানো গেল বটে আজ"
bibhutibhushan bandopadhyay,সে শিস দিতে দিতে ডাকলো- ও সতীশ খুড়ো
bibhutibhushan bandopadhyay,সতীশ কলু ধানগাছের আড়ালে আড়ালে রাস্তা থেকে আরো দূরে চলে গিয়েছিল
bibhutibhushan bandopadhyay,ফিরে কাছে আসতে আসতে বললে- যাই
bibhutibhushan bandopadhyay,আমায় ডাকতে দেখে বুঝি দৌড় দিলে ধানবন ভেঙ্গে
bibhutibhushan bandopadhyay,শ্যামচাঁদ পিঠে বসিয়ে দিলে করচি কি ভাই বলো দিনি
bibhutibhushan bandopadhyay,কুটির দেওয়ানি করে সোজা রোজগারটা করেচে রায়মশাই
bibhutibhushan bandopadhyay,অতবড় দোমহলা বাড়িটা তৈরি করেছে সে-বছর
bibhutibhushan bandopadhyay,রায়মশায়ের পুরো নাম রাজারাম রায়
bibhutibhushan bandopadhyay,"সাহেবের খয়েরখাঁই ও প্রজাপীড়নের জন্যে এদেশের লোকে যেমন ভয় করে, তেমনি ঘৃণা করে"
bibhutibhushan bandopadhyay,কিন্তু মুখে কারো কিছু বলবার সাহস নেই
bibhutibhushan bandopadhyay,"বিকেলের সুর্য বাগানের নিবিড় সবুজের আড়ালে ঢলে পড়েছে, এমনসময়রাজারাম রায় নিজের বাড়িতে ঢুকে ঘোড়া থেকে নামলেন"
bibhutibhushan bandopadhyay,নফর মুচির এক খুড়তুতো ভাই ' ইছামতী ভজা মুচি এসে ঘোড়া চণ্ডীমণ্ডপের দিকে চেয়ে দেখলেন অনেকগুলো লোক সেখানে জড়ো হয়েচে
bibhutibhushan bandopadhyay,নীলকুঠির দেওয়ানের চণ্ডীমণ্ডপে অমন ভিড বারো মাসই লেগে আছে
bibhutibhushan bandopadhyay,"কত রকমের দরকার করতে এসেছে নানা গ্রামের লোক,কারো জমিতে ফসল ভেঙ্গে নীল বোনা হয়েচে জোর-জবরদস্তি করে, কারো নীলের দাদনের জন্যে যে জমিতে দাগ দেওয়ার কথা ছিল তার বদলে অন্য এবং উৎকৃষ্টতর জমিতে কুঠির নীল বোনার জন্যে চিহ্নিত করে এসেচে এইসব নানা রকমের নালিশ"
bibhutibhushan bandopadhyay,নতুবা দেওয়ানের চণ্ডীমণ্ডপে লোকের ভিড় জমতো না রোজ রোজ
bibhutibhushan bandopadhyay,তার জন্যে ঘুষ-ঘাষের ব্যবস্থা ছিল না
bibhutibhushan bandopadhyay,"রাজারাম রায় কারো কাছে ঘুষ নেবার পাত্র ছিলেন না, তবে কার্য একটা রুই মাছ, কি বড় একটু কিংবা দুভাড় খেজুরের নলেন গুড় পাঠিয়ে দিলে ভেটস্বরূপ, তা তিনি ফেরত দেন বলে শোনা যায় নি"
bibhutibhushan bandopadhyay,"রাজারামের স্ত্রী এক সময়ে বেশ সুন্দরী ছিলেন, পরনে লালপেড়ে তাঁতের কোরা শাড়ি, হাতে বাউটি , লোহার ও শাঁখা, কপালে চওড়া করে সিঁদুর পরা, দোহারা চেহারার গিন্নিবান্নি মানুষটি"
bibhutibhushan bandopadhyay,এগিয়ে এসে বললেন-এখন বাইরে বেরিও সেরে নাও আগে
bibhutibhushan bandopadhyay,রাজারাম হেসে স্ত্রীর হাতে ছোট একটা ধলি দিয়ে বললেন-এটা রেখে দাও
bibhutibhushan bandopadhyay,-আছেই মুড়ি আর ছোলা ভেজেছি
bibhutibhushan bandopadhyay,"বাঃ, দাঁড়াও আগে হাত-পা ধুয়ে নিই"
bibhutibhushan bandopadhyay,উত্তীর্ণ হয়ে যাওয়ার পর রাজারাম করতে বসলেন রোয়াকের একপ্রান্তে
bibhutibhushan bandopadhyay,তিলু এসে আগেই সেখানে একখানা কুশাসন পেতে দিয়েচিল
bibhutibhushan bandopadhyay,অনেকক্ষণ ধরে সন্ধ্যা-আহ্নিক করলেন-ঘণ্টাখানেক প্রায়
bibhutibhushan bandopadhyay,ইছামতী এত দেরি হওয়ার কারণ এই সন্ধ্যা-গায়ত্রী শেষ করে রাজারাম বিবিধ দেবতার করে থাকেন
bibhutibhushan bandopadhyay,"দেবদেবীর মধ্যে প্রতিদিন তুষ্ট রাখা উচিত মনে করেন লক্ষ্মী, সরস্বতী, রক্ষাকালী, সিদ্ধেশ্বরী ও মা মনসাকে"
bibhutibhushan bandopadhyay,এঁদের কাউকে চটালে চলে না
bibhutibhushan bandopadhyay,এঁদের দৌলতে তিনি করে খাচ্ছেন
bibhutibhushan bandopadhyay,"আবার পাছে কোনো দেবী শুনতে না পান, এজন্যে তিনি স্পষ্টভাবে টেনে টেনে স্তব উচ্চারণ করে থাকেন"
bibhutibhushan bandopadhyay,"তিলু এসে বললে-দাদা, ডাব খাবে এখন"
bibhutibhushan bandopadhyay,"থাক, তুই জলপান নিয়ে আয়"
bibhutibhushan bandopadhyay,তিলু একটা কাঁসার জামবাটিতে ও ছোলাভাজা সর্ষের তেল দিয়ে জবজবে করে মেখে নিয়ে এলো-সে জামবাটিতে অন্তত আধকাঠা মুড়ি ধরে
bibhutibhushan bandopadhyay,বিলু নিয়ে এলো একটা কাঁসার থালায় একথালা খাজা কাঁঠালের কোষ
bibhutibhushan bandopadhyay,নিলু নিয়ে এলো এক ঘটি জল ও একটা পাথরের বাটিতে আধ খেজুর গুড়
bibhutibhushan bandopadhyay,"রাজারাম নিলুকে সম্নেহে বললেন বোস নিলু, কাঁটাল খাবি"
bibhutibhushan bandopadhyay,"-তুমি খাও সেরে এসে কাছে বসলেন-তুমি সারাদিন খেটেপুটে এলে, খাও না জলপান"
bibhutibhushan bandopadhyay,পোড়ারমুখো সায়েবের কুঠিতে তো ভূতোনন্দী খাটুনি
bibhutibhushan bandopadhyay,"তিলু, তোর ছোট বৌদিদির কাছ থেকে কাঁচালঙ্কা চেয়েআন ডালে ধরা গন্ধ বেরুলো কেন দ্যাখো না, ও নেত্যপিসি"
bibhutibhushan bandopadhyay,"ছোট বউ, গিয়ে দ্যাখো কাছে বসে বাতাস করতে করতে বলেন-ওগো, জলপান খেয়ে বাইরে যেও না, একটা কথা আছে- ৷ ইছামতী -কি"
bibhutibhushan bandopadhyay,-একটি সুপাত্র এসেচে এই গ্রামে
bibhutibhushan bandopadhyay,চন্দ্র চাটুয্যের দূর সম্পর্কের ভাগ্নে
bibhutibhushan bandopadhyay,সে কাল চলে যাবে শুনচি একবার যাও সেখানে -তুমি কি করে জানলে
bibhutibhushan bandopadhyay,-আমাকে দিদি বলে গেলেন যে
bibhutibhushan bandopadhyay,এর পরে আর পাত্তর কোথা থেকে শুনি
bibhutibhushan bandopadhyay,নীলকুঠির কিচিরমিচির একদিনবন্ধ রাখলেও খেতি হবে না
bibhutibhushan bandopadhyay,"চণ্ডীমগ্ুপের সামনে দিয়ে গেলেন না, যাওয়ার উপায় থাকবে মহরালি মণ্ডলের সম্পত্তি ভাগের দিন, তিনিই ধার্য করে দিয়েছেন"
bibhutibhushan bandopadhyay,"ওরা এতক্ষণ ঠিক এসে বসে আছে- রমজান, , মণ্ডল, বনমালী মণ্ডল প্রভৃতি মুসলমান পাড়ার মাতব্বর লোকেরা"
bibhutibhushan bandopadhyay,পথে গেলে এখন বেরুতে পারবেন না তিনি
bibhutibhushan bandopadhyay,চন্দ্র চাটুয্যে গ্রামের আর একজন মাতব্বর লোক
bibhutibhushan bandopadhyay,সত্তর-বাহাত্তর বিঘে ব্রম্মোত্তর জমির আয় থেকে ভালোভাবেই সংসার চলে যায়
bibhutibhushan bandopadhyay,পাঁচপোতা গ্রামের ব্রাম্মণপাড়ার কেউই চাকরি করেন না
bibhutibhushan bandopadhyay,কিছু না কিছু জমিজমা সকলেরই আছে সন্ধ্যার পরনিজ নিজ চণ্ডীমণ্ডপে পাশা-দাবার রাত দশটা এগারোটা পর্যন্ত কাটানো এঁদের দৈনন্দিন অভ্যাস
bibhutibhushan bandopadhyay,পে ইছামতী চন্দ্র চাটুয্যে রাজারামকে দাঁড়িয়ে উঠে অভ্যর্থনা করে বললেন- বাবাজি মেঘ না চাইতেই জল
bibhutibhushan bandopadhyay,"নীলমণি সমাদ্দার বলে উঠলেন-দেওয়ানজি যে, এদিকে এসে মন্ত্রীটা সামলাও তো দাদাভাই ফণনী চক্কত্তি বললেন আমার কাছে বোসো ভাই, এখানে এসো"
bibhutibhushan bandopadhyay,রাজারাম হাসিমুথে সকলকেই আপ্যায়িত করে বললেন- বোসো দাদা
bibhutibhushan bandopadhyay,"চন্দর কাকা, আপনার এখানে দেখচি মস্ত আড্ডা চন্দ্র চাটুয্যে বললেন-আসো না তো বাবাজি কোনোদিন"
bibhutibhushan bandopadhyay,"আমরা পড়ে আছি একথধারে, দ্যাখো না তো চেয়ে"
bibhutibhushan bandopadhyay,রাজারাম শতরঞ্চির ওপর পা দিতে না দিতে প্রত্যেকে আগ্রহের সঙ্গে সরেবসেতাঁকে জায়গা করে দিতে উদ্যত হল
bibhutibhushan bandopadhyay,"অপেক্ষাকৃত হীন অবস্থার গৃহস্থ, সকলের মন রেখে কথা না বললে তাঁর চলে না"
bibhutibhushan bandopadhyay,রোজ সন্ধেবেলা কাছারি আসামী ফরিয়াদীর ভিড ঠেলে যাওয়া যায় না
bibhutibhushan bandopadhyay,কি দাবার আড়্ডায় আসবার সময় করতে পারে
bibhutibhushan bandopadhyay,তুমি নতুন করে কি শোনালে কথা
bibhutibhushan bandopadhyay,নীলমনণি বললেন দাবায় পাকা হাত
bibhutibhushan bandopadhyay,রাজারাম এগিয়ে এসে নিলেন হাত থেকে
bibhutibhushan bandopadhyay,কিন্তু বয়োবৃদ্ধ চন্দ্র চাটুয্যের সামনে তামাক খাবেন না বলে চণ্ডীমণ্ডপের ভেতরের ঘরে হাতে ঢুকে গেলেন এবং খানিক পরে এসে নীলমণির হাতে ইকো দিয়ে পূর্বস্থানে বসলেন
bibhutibhushan bandopadhyay,দাবা খেলা শেষ হল রাত দশটারও বেশি
bibhutibhushan bandopadhyay,লোকজন একে একে চলে গেল
bibhutibhushan bandopadhyay,চন্দ্র চাটুয্যেকে রাজারাম তাঁর আগমনের কারণ খুলে বললেন
bibhutibhushan bandopadhyay,চন্দ্র চাটুয্যের মুখ উজ্জ্বল দেখালো
bibhutibhushan bandopadhyay,রাজারামের হাত ধরে বললেন এইজন্য আসা
bibhutibhushan bandopadhyay,"ভবানী হয়ে গিইছিল, তোমাকে সে কথাটা আমার বলা ইছামতী -বাড়িগিয়েআপনার বৌমাদের কাছে বলি"
bibhutibhushan bandopadhyay,তিলুকে জানাতে ওরাই জানাবে বেশ
bibhutibhushan bandopadhyay,পরে সুর নিচু করে বললেন-একটা কথা বলি
bibhutibhushan bandopadhyay,ভবানীকে এখানে বাস করাবো এই আমার ইচ্ছে
bibhutibhushan bandopadhyay,তুমি গিয়ে তোমার তিনটি বোনের বিয়েই ওর সঙ্গে দ্যাও গিয়ে-বালাই চুকে যাক
bibhutibhushan bandopadhyay,পাঁচবিঘে ব্রম্মোত্তর জমি যতুক দেবে
bibhutibhushan bandopadhyay,এখুনি সব ঠিক করে রাজারাম চিন্তিত মুখে বললেন-বাড়ি থেকে না জিতে করে
bibhutibhushan bandopadhyay,কোনো কিছুই বলতে পারবো না কাকা
bibhutibhushan bandopadhyay,তুমি নির্ভয়ে বিয়ে দাও গিয়ে
bibhutibhushan bandopadhyay,আমার ভাগনে বলে বলচি নে
bibhutibhushan bandopadhyay,"কাটাদ বন্দিঘাটির বারুরি, এক পুরুষে ভঙ্গ, ঘটকের কাছে কুলুজি শুনিয়ে দেবো এখন"
bibhutibhushan bandopadhyay,"জ্বলজ্বলে কুলীন, একডাকে সকলে চেনে"
bibhutibhushan bandopadhyay,তোমার বোনদেরও তো বয়েস কম
bibhutibhushan bandopadhyay,ভবানী হয়ে গেলি এতদিনে সাতছেলের বাপ
bibhutibhushan bandopadhyay,"দ্যাখো আগে তাকে-নদীর ধারে রোজ এক ঘণ্টা সন্দে-আহ্নিক করে, তারপর আপন মনে বেড়ায়, এই চেহারা"
bibhutibhushan bandopadhyay,রাজি হবেন তিনটি বোনকে এক সঙ্গে বিয়ে করতে
bibhutibhushan bandopadhyay,"-সে ব্যবস্থা বাবাজি, আমার হাতে তুমি নিশ্চিন্দি থাকো"
bibhutibhushan bandopadhyay,একটু অন্ধকার হয়েছিল বাঁশবনের পথে
bibhutibhushan bandopadhyay,জোনাকি জ্বলছে কচু আর বাবলা গাছের নিবিড়তার মধ্যে
bibhutibhushan bandopadhyay,ছাতিম ফুলের গন্ধ ভেসে আসচে বনের দিক থেকে
bibhutibhushan bandopadhyay,অনেক রাত্রে তিলোত্তমা কথাটা শুনলে
bibhutibhushan bandopadhyay,কৃষ্ণপক্ষের চাঁদ উঠেছে নদীর দিকের বাঁশঝাড়ের পেছন দিয়ে
bibhutibhushan bandopadhyay,"ছোট বোন বিলুকে ডেকে বললেওবিলু, বৌদিদি তোকে কিছু বলেচে"
bibhutibhushan bandopadhyay,"আমরণ, পোড়ার মুখ, লজ্জা করে না"
bibhutibhushan bandopadhyay,ধিঙ্গি হয়ে থাকা খুব মানের কাজ ছিল বুঝি
bibhutibhushan bandopadhyay,"-তিনজনকেই একসক্ষুরে মাথা মুড়তে হবে, তা শুনেচ তো"
bibhutibhushan bandopadhyay,"কথা যদি বলতে , তবে আমার কথা এই যে হয় তো -আমারও তাই মত"
bibhutibhushan bandopadhyay,"-সে আবার কি বলবে, ছেলেমানুষ, আমরা যা করবো সেও তাতে মত দেবেই"
bibhutibhushan bandopadhyay,তিলু কত রাত পর্যন্ত ছাদে বসে ভাবলে
bibhutibhushan bandopadhyay,ত্রিশ বছর তার বয়েস হয়েচে
bibhutibhushan bandopadhyay,স্বামীর সুখ দেখা ছিল অস্বপনের স্বপন
bibhutibhushan bandopadhyay,এখনো বিশ্বাস হয় না; সত্যিই তার বিয়ে হবে
bibhutibhushan bandopadhyay,ঘরে ঘরে তো এমনি হচ্চে
bibhutibhushan bandopadhyay,চন্দ্রকাকার বাপের সতেরোটা বিয়ে ছিল
bibhutibhushan bandopadhyay,কুলীন ঘরে অমন হয়েই বিয়ের দিন কবে ঠিক করেচে দাদা কে জানে
bibhutibhushan bandopadhyay,"বরের বয়স পঞ্চাশ তাই কি, সে নিজে কি আর খুকি আছে এখন"
bibhutibhushan bandopadhyay,উৎসাহে পড়ে রাত্রে তিলুর ঘুম এল না চক্ষে
bibhutibhushan bandopadhyay,কি ভীষণ মশার গুঞ্জন বনে ঝোপে
bibhutibhushan bandopadhyay,"তিলু যে সময় ছাদে একা বসে রাত জাগছিল, সে সময় নালু পাল মোল্লাহাটির হাট থেকে ফিরে নিজের হাতে রান্না করে খেয়ে তবিল মিলিয়ে শুয়ে পড়েছে সবে"
bibhutibhushan bandopadhyay,নালু এক ফন্দি এনেচে মাথায়
bibhutibhushan bandopadhyay,ব্যবসা কাজ সে খুব ভালো বোঝে এ ধারণা আজই তার হল
bibhutibhushan bandopadhyay,সাত টাকান আনার পান- সুপুরি বিক্রি হয়েচে আজ
bibhutibhushan bandopadhyay,নিট লাভ এক টাকা তিন আনা
bibhutibhushan bandopadhyay,"খরচের মধ্যে কেবল দুআনার আড়াই সের চাল, আর দুপয়সার গাঙের টাটকা খয়রামাছ একপোয়া"
bibhutibhushan bandopadhyay,"আধসের নেবার ইচ্ছে ছিল, কিন্তু অত মাছ ভাজবার তেল নেই"
bibhutibhushan bandopadhyay,"হয়ে পড়েছে বাজারে, তিন আনা সের ছিল, হয়ে দাঁড়িয়েছে চোদ্দ পয়সা; কি করে বেশি তেল খরচ করে সে"
bibhutibhushan bandopadhyay,পে ইছামতী হাতের পুঁজি বাড়াতে
bibhutibhushan bandopadhyay,পান-সুপুরি বিক্রি করে উন্নতি হবে না
bibhutibhushan bandopadhyay,উন্নতি আছে কাটা কাপড়ের কাজে
bibhutibhushan bandopadhyay,"দে তার , তাকে বুঝিয়ে দিয়েছে"
bibhutibhushan bandopadhyay,ত্রিশটাকা হাতে জমলে সে কাপড়ের ব্যবসা আরম্ভ করে দেবে
bibhutibhushan bandopadhyay,নালু পালের ঘুম চলে গেল
bibhutibhushan bandopadhyay,মামার বাড়িতে গলগ্রহ হয়ে থাকার দায় থেকে সে বেঁচেছে
bibhutibhushan bandopadhyay,"এখন সে আর ছেলেমানুষ নয়, মামিমার মুখনাড়ার সঙ্গেভাতহজমকরবার বয়েস তার নেই"
bibhutibhushan bandopadhyay,নিজের মধ্যে সে অদম্য উৎসাহ অনুভব
bibhutibhushan bandopadhyay,এই ঝিঁঝিপোকার- ডাকে-মুখর জ্যোৎন্নালোকিত ঘুমন্ত রাত্রে অনেক দূর পর্যন্ত যেন সে দেখতে পাচ্চে
bibhutibhushan bandopadhyay,রাজারাম সকালে উঠেই ঘোড়া করে নীলকুঠিতে চলে গেলেন
bibhutibhushan bandopadhyay,"নীলকুঠি যাবার পথটি , বনের লতাপাতায় শ্যামল"
bibhutibhushan bandopadhyay,"গাছের ডালে পাখির দল ডাকচে কিচকিছচ করে, জ্যৈষ্ঠের শেষে এখনো ঝাড়-ঝাড় সোঁদালি ফুল মাঠের ধারে"
bibhutibhushan bandopadhyay,নীলকুঠির ঘরগুলি ইছামতী নদীর ধারেই
bibhutibhushan bandopadhyay,বড় থামওয়ালা সাদা কুঠিটা বড়সাহেব শিপটননের
bibhutibhushan bandopadhyay,"রাজারাম শিপটননের কুঠির অনেক দূরে ঘোড়া থেকে নেমে ঝাউগাছে ঘোড়া বেঁধে কুঠির সামনে গেলেন, এবং উঁকিঝুঁকি মেরে দেখে পায়ের জুতোজোড়া খুলে রেখে ঘরের মধ্যে বড় হলে প্রবেশ করলেন"
bibhutibhushan bandopadhyay,শিপটন ও তাঁর মেম বাদে আর একজন কে সাহেব হলে বসে আছে
bibhutibhushan bandopadhyay,"শিপটন বললেন- দেওয়ান এডিকে - , , অন্য সাহেবটি আহেলা বিলিতি"
bibhutibhushan bandopadhyay,"বয়েস ব্রিশ থেকে পঁয়ত্রিশের মধ্যে, পাদ্রিদের মতো উঁচু কলার পরা, বেশ লম্বা দোহারা গড়ন"
bibhutibhushan bandopadhyay,"এর নাম কোলসওয়ার্দি , দেশভ্রমণ করতে ভারতবর্ষে এসেছেন"
bibhutibhushan bandopadhyay,খুব ভালো ছবিআঁকেন এবং বইও লেখেন
bibhutibhushan bandopadhyay,সম্প্রতি বাংলার পল্লীগ্রাম সম্বন্ধে বই লিখচেন
bibhutibhushan bandopadhyay,"মিঃ মুখ তুলে দেওয়ানের দিকে চেয়ে হেসে বললেন- , , শিট সাহেব বললেন-"
bibhutibhushan bandopadhyay,"ইছামতী - , - মিসেস শিপটন-"
bibhutibhushan bandopadhyay,এই সময় ভজা দাদা শ্রীরাম মুচি বেয়ারা সাহেবদের জন্যে কফি নিয়ে এল
bibhutibhushan bandopadhyay,সাহেবদের চাকর বেয়ারা সবই স্থানীয় মুচি বাগদি প্রভৃতি শ্রেণী থেকে নিযুক্ত হয়
bibhutibhushan bandopadhyay,"তাদের মধ্যে মুসলমান নেই বললেই হয়, সবই নিম্নবর্ণের হিন্দু"
bibhutibhushan bandopadhyay,"দু-একটি মুসলমান থাকেও অনেক সময়, যেমন এই কুঠিতে মাদার মণ্ডল আছে, ঘোড়ার সহিস"
bibhutibhushan bandopadhyay,টোমাকে ডেখে ইনি ছবি আঁকিটে ইচ্ছা করিটেছেন
bibhutibhushan bandopadhyay,-ডাডন খাটাগুলো একবার ডেখে রাখো
bibhutibhushan bandopadhyay,"কিন্তু কিছুক্ষণ পরে দপ্তরখানায় রাজারামকে শ্রীরাম মুচি এসে ডাকলে- রায়মশায়, আপনাকে ডাকছে"
bibhutibhushan bandopadhyay,"সেই নতুন সায়েব আপনাকে দেখে ছবি আঁকবে ওই দেখুন, দুপুরে রোদে নদীর ধারে বিলিতি গাছতলায় কি সব টেঙিয়েছে"
bibhutibhushan bandopadhyay,"রায়মশায়, বড় সায়েবকে বলে মোরে একটা ট্যাকা দিতে বলুন"
bibhutibhushan bandopadhyay,"ধানের দর বেড়েচে, ট্যাকায় আট কাঠার বেশি ধান দেচ্ছে না"
bibhutibhushan bandopadhyay,রাজারাম রায় বিপন্ন মুখে নদীর ধারে গাছতলায় এসে দাঁড়ালেন
bibhutibhushan bandopadhyay,গাছটা হল ইন্ডিয়ান কর্ক গাছ
bibhutibhushan bandopadhyay,"শিপটন সাহেবের আগে যিনি বড়সাহেব ছিলেন, তিনি পাটনা জেলার নারাণগড় নীলকুঠিতে প্রথমে ম্যানেজার ছিলেন"
bibhutibhushan bandopadhyay,শখ করে এই গাছটি সেখান থেকে এনে বাংলার মাটিতে রোপণ করেন
bibhutibhushan bandopadhyay,সে আজ পঁচিশ বছর আগেকার কথা
bibhutibhushan bandopadhyay,"এখন গাছটি খুব বড় হয়েচে, ডালপালা বড় হয়ে নদীর জলে ঝুঁকে পড়েছে"
bibhutibhushan bandopadhyay,"অঞ্চলে এ জাতীয় বৃক্ষ অদুষ্টপূর্ব, সুতরাং জনসাধারণ এর নাম দিয়েচে বিলিতি গাছ"
bibhutibhushan bandopadhyay,ইছামতী রাজারাম তো বিলিতি গাছতলায় গিয়ে দাঁড়ালেন
bibhutibhushan bandopadhyay,"রাজারাম হেসে ফেলতেন, কিন্তু শিপটন সাহেবের মেম ওখানে"
bibhutibhushan bandopadhyay,"মাগী কি করে এখানে, ভালো বিপদ"
bibhutibhushan bandopadhyay,কোলসওয়ার্দি গ্র্যান্ট এক টুকরো রঙিন পেন্সিল হাতে নিয়ে টাঙানো ক্যানভাসের এপাশে ওপাশে গিয়ে দুবার কি দেখলেন
bibhutibhushan bandopadhyay,-আচ্ছা রাজারাম কাঁচুমাচু মুখে খাড়া হয়ে পিঠ টান করে বুক চিতিয়ে দাঁড়াতেই গ্র্যান্টসাহেব বললেন-খ
bibhutibhushan bandopadhyay,মেমসাহেব হাত দিয়ে দেখিয়ে বললেন অটখানি লম্বা হয় না
bibhutibhushan bandopadhyay,রাজারাম এ অদ্ভুত বাংলার অর্থগ্রহণ করতে না পেরে আরো পিঠ টান করে বুক চিতিয়ে উল্টোদিকে ধনুক করে ফেলবার চেষ্টা করলেন দেহটাকে
bibhutibhushan bandopadhyay,বলে নিজেই রাজারামের কাছে গিয়ে তাকে হাত দিয়ে ঠেলে সামনের দিকে আর একটু ঝুঁকিয়ে সিধে করে দাঁড় করিয়ে দিলেন
bibhutibhushan bandopadhyay,"তখনি মেমসাহেবের দিকে চেয়ে বললেন , মেমসাহেব বললেন-"
bibhutibhushan bandopadhyay,রাজারাম এবার ঠিক হয়ে দাঁড়ালেন
bibhutibhushan bandopadhyay,"ছবিওয়ালা সাহেবটা প্রাণ বের করে দিয়েছেন, মেমসাহেবের সামনে, বাবাঃ"
bibhutibhushan bandopadhyay,ভেবেছিলেন আজ আর নাইবেন না
bibhutibhushan bandopadhyay,"সায়েব টায়েব ওরা , অখাদ্য-কুখাদ্য না নাইলে ঘরে ঢুকতেই পারবেন না"
bibhutibhushan bandopadhyay,ঘণ্টাখানেক পরে তিনি রেহাই পেয়ে বাঁচলেন
bibhutibhushan bandopadhyay,"বা রে, কি চমৎকার করেচেসাহেবটা"
bibhutibhushan bandopadhyay,তবে এখনো মুখ চোখ হয় নি
bibhutibhushan bandopadhyay,অবেলায় তিনি আর নাইতে পারবেন না
bibhutibhushan bandopadhyay,ইছামতী কোলসওয়ার্দি গ্র্যান্ট বিকেলে পাঁচপোতার বাঁওড়ের ধারের রাস্তা ধরে বড় টমটমে বেড়াতে বার হলেন
bibhutibhushan bandopadhyay,সঙ্গে ছোটসাহেব ডেভিড ও শিপটন সাহেবের মেম
bibhutibhushan bandopadhyay,"একদিকে স্বচ্ছতোয়া বাঁওড়া আর একদিকে ফাঁকা মাঠ, নীলের ক্ষেত, আউশ ধানের সাহেব শুধু ছবি-আঁকিয়ে নয়, কবি ও লেখকও"
bibhutibhushan bandopadhyay,তাঁর চোখে পল্লীবাংলার দৃশ্য এক নতুন জগৎ খুলে দিলে
bibhutibhushan bandopadhyay,"ফুলভর্তি সোঁদালি গাছের , ফুলফোঁটা বন-ঝোপে অজানা কাকলি- এসব দেখবার চোখ নেই ওই হাঁদামুখো ডেভিডটার কি গোঁয়ারগোবিন্দ শিপটনের"
bibhutibhushan bandopadhyay,পরিবার থেকে ওয়েস্টার্ন মিডল্যান্ডের রাই ও ফেয়ারিংফোর্ড গ্রাম
bibhutibhushan bandopadhyay,এখানে নীলকুঠির বড় ম্যানেজার না হলে ওরা পানটকস্ ম্যানরের জমিদারের অধীনে লাঙল চষতো নিজের নিজের ফার্ম হাউসে
bibhutibhushan bandopadhyay,দরিদ্র কালা আদমীদের এখানে রাজা সেজে বসে আছে
bibhutibhushan bandopadhyay,"তিনি এসেছেন দেশ দেখতে শুধু নয়, একখানা বই লিখবেন বাংলা দেশের এইজীবননিয়ে"
bibhutibhushan bandopadhyay,"এখানকার লোকজনের, এই চমৎকার নদীর, এই অজানা বনদৃশ্যের ছবি আঁকবেন সেই বইতে ইতিমধ্যে সে বইয়ের পরিকল্পনা তাঁর মাথায় এসে গিয়েচে"
bibhutibhushan bandopadhyay,"নাম দেবেন, - অনেক মাল-মসলা যোগাড় করে ফেলেছেন"
bibhutibhushan bandopadhyay,ঠিক সেই সময় নালু পাল মোল্লাহাটির হাট থেকে মাথায় মোট নিয়ে ফিরচে
bibhutibhushan bandopadhyay,"আগের হাটের দিন সে যা লাভ করেছিল, আজ লাভ তার দ্বিগুণ"
bibhutibhushan bandopadhyay,বেশ চেঁচিয়ে সে গান ধরেছে- হৃদয়-রাসমন্দিরে দাঁড়া মা ত্রিভঙ্গ হয়ে এমন সময় পড়ে গেল প্র্যান্ট সাহেবের
bibhutibhushan bandopadhyay,সাহেব ডেভিডকে বললেন- লোকটাকে ভালো করে দেখি
bibhutibhushan bandopadhyay,"বাঃ বাঃ, ও কি করে"
bibhutibhushan bandopadhyay,ডেভিড সাহেব একেবারে বাঙালি হয়ে গিয়েচে কথাবার্তার ধরনে
bibhutibhushan bandopadhyay,ঠিক এ দেশের গ্রাম্য লোকের মতো বাংলা বলে
bibhutibhushan bandopadhyay,সে মেমসাহেবের দিকে চেয়ে হেসে বললে-
bibhutibhushan bandopadhyay,"পরে নালু পালের দিকে চেয়ে বললে-বলি ও কর্তা, দাঁড়াও দেখি- নালু পাল আজ একেবারে বাঘের সামনে পড়ে গিয়েচে"
bibhutibhushan bandopadhyay,"তবে ভাগ্যি ভালো, এ হল ছোট সায়েব, লোকটি বড় সায়েবের মতো নয়, মারধর করে"
bibhutibhushan bandopadhyay,"ইছামতী পাল দাঁড়িয়ে পড়ে বললে-আত্ছ্ে, সেলাম"
bibhutibhushan bandopadhyay,গ্র্যান্ট সাহেব বললেন- কি একটু দাঁড়াবে এখানে
bibhutibhushan bandopadhyay,আমি একটু ওকে দেখে নিই
bibhutibhushan bandopadhyay,তোমাকে দেখে সাহেব ছবি আঁকবে
bibhutibhushan bandopadhyay,গ্র্যান্ট সাহেব বললে ও কি করে
bibhutibhushan bandopadhyay,আমাদের হাটে জিনিস বিক্রি করতে এসেছিল
bibhutibhushan bandopadhyay,"গ্র্যান্ট সাহেব পকেটে হাত দিতে যেতেই ডেভিড তাড়াতাড়ি নিজের পকেট থেকে একটা আধুলি বার করে নালু পালের সামনে ছুঁড়ে দিয়ে বললে-নাও, সাহেব তোমাকে বকশিশ নালু পাল অবাক হয়ে আধুলিটা ধুলো থেকে কুড়িয়ে নিয়ে বললে- সেলাম, সায়েব"
bibhutibhushan bandopadhyay,সুন্দর বিকেল সেদিন নেমেছিল পাঁচপোতার বাঁওড়ের ধারে
bibhutibhushan bandopadhyay,রাঙা মেঘের পাহাড় ফুটে উঠেছিল অস্ত-আকাশপটে দূরবিস্তৃত আউশ ধানের সবুজ ক্ষেতের প-প্রান্তে
bibhutibhushan bandopadhyay,কিচ মিচ করছিল গাঙশালিক ও দোয়েল পাখির ঝাঁক
bibhutibhushan bandopadhyay,কতক্ষণ একদৃষ্টে অস্তদিগন্তের পানে চেয়ে রইলেন
bibhutibhushan bandopadhyay,তাঁর মনে একটি শান্ত গভীর রসের অনুভূতি জেগে উঠলো
bibhutibhushan bandopadhyay,বহুদূর নিয়ে যায় সে অনুভূতি মানুষকে
bibhutibhushan bandopadhyay,আকাশের বিরাটত্বের সচেতন স্পর্শ আছে সে অনুভূতির মধ্যে
bibhutibhushan bandopadhyay,দূরাগত বংশীধ্বনির সুম্বরের মতো করুণ তার আবেদন
bibhutibhushan bandopadhyay,"গ্র্যান্ট সাহেব ভাবলেন, এই তো ভারতবর্ষ"
bibhutibhushan bandopadhyay,"এতদিন ঘুরে মরেচেন বোম্বাই, ক্যান্টমেন্টের পোললা খেলার মাঠে আর আ্যাংলো ইন্ডিয়ানদের ক্লাবে"
bibhutibhushan bandopadhyay,এদেশে এসেই এমন অদৃভুত জীব হয়ে পড়ে যে কেন এরা
bibhutibhushan bandopadhyay,"যে ভারতবর্ষের কথা তিনি শকুন্তলা নাটকের মধ্যে পেয়েছিলেন (মনিয়ার উইলিয়ামসের অনুবাদে), যে ভারতবর্ষের খবর পেয়েছিলেন এডুইন আর্নন্ডের কাব্যের , দেখতে তিনি এসেছিলেন-এতদিন পরে এই গ্রাম্য নদীতীরের ইছামতী অপরাহ্ণটেতে সেই অনিন্দ্যসুন্দর মহাকবিত্বময় সুপ্রাচীন ভারতবর্ষের সন্ধান পেয়েছেন"
bibhutibhushan bandopadhyay,"রাজারামের তিনটির বয়স যথাক্রমে ত্রিশ, সাতাশ ও পঁচিশ"
bibhutibhushan bandopadhyay,"তিলুর বয়স সবচেয়ে বেশি বটে কিন্তু তিন মধ্যে সে-ই সবচেয়ে দেখতে ভালো, এমন কি তাকে সুন্দরী-শ্রেণীর মধ্যে সহজেই ফেলা"
bibhutibhushan bandopadhyay,"রং অবিশ্যি তিন বোনেরই ফর্সা, রাজারাম নিজেও বেশ সুপুরুষ, কিন্তু তিলুর মধ্যে পাকা সবরি কলার মতো একটু লালচে ছোপ থাকায়"
bibhutibhushan bandopadhyay,উন্নের তাতে কিংবা গরম রৌদ্রে মুখ রাঙা হয়ে উঠলে বড় সুন্দর দেখায় ওকে
bibhutibhushan bandopadhyay,"সুঠাম, সুকেশী,-বড় বড় চোখ, চমৎকার হাসি"
bibhutibhushan bandopadhyay,তিলুরদিকে একবার চাইলে হঠাৎ চোখ ফেরানো যায় না
bibhutibhushan bandopadhyay,"তবে তিলু শান্ত পল্লীবালিকা, ওর চোখে যৌবনচঞ্চল কটাক্ষ নেই, বিয়ে হলে"
bibhutibhushan bandopadhyay,এতদিন ছেলেমেয়ের মাত্রিশবছরের অর্ধপ্রৌঢ়া গিন্নি হয়ে যেত তিলু
bibhutibhushan bandopadhyay,"বিয়ে না হওয়ার দরুন, ওদের তিন বোনেই মনেপ্রাণে এখনো সরলা বালিকা"
bibhutibhushan bandopadhyay,জগদম্বা তিলুকে ডেকে বললেন-চাল কোটার ব্যবস্থা করে ফেলো ঠাকুরঝি
bibhutibhushan bandopadhyay,নিলুকে বলে দাও বরণের ডালা যেন গুছিয়ে রাখে
bibhutibhushan bandopadhyay,আমি একা রান্না নিয়েই ব্যস্ত থাকবো
bibhutibhushan bandopadhyay,জিনিসপত্তর চুরি তিন বোনে মহাব্যসন্ত হয়ে আছে নিজেদের বিয়ের যোগাড় আয়োজনে
bibhutibhushan bandopadhyay,ওদের বাড়িতে প্রতিবেশিনীরা যাতায়াত করচেন
bibhutibhushan bandopadhyay,"গাঙ্গুলীদের মেজবৌ বল্লেওঠাকুরঝি,বলি আজ যে বড় ব্যস্ত,নিজেরা বাসরঘর সাজিও কিন্তু"
bibhutibhushan bandopadhyay,বলে দিচ্ছি -কাজ আমরা কেউ করবো না
bibhutibhushan bandopadhyay,"আচ্ছা দিদি, তিলু ঠাকুরঝিকে কি চমৎকার দেখাচ্ছে"
bibhutibhushan bandopadhyay,"বিয়ের জল গায়ে না পড়তেই এই, বিয়ের জল পড়লে নাজানি কত লোকের মুণ্ডু ঘুরিয়ে দেয় আমাদের তিলু-ঠাকুরঝি"
bibhutibhushan bandopadhyay,গাঙ্গুলীদের বিধবা সরস্বতী বললে-বৌদিদির যেমন্ কথা
bibhutibhushan bandopadhyay,"মুণ্ডু ঘুরিয়েদিতে হয় ওর নিজের সোয়ামীরই ঘোরাবে, অপর কারে আবার খুঁজে বার করতে যাচ্চে"
bibhutibhushan bandopadhyay,পরদিন ভবানী বাঁড়য্যের সঙ্গে শুভ গোধুলি-লগ্নে তিন বোনেরই একসঙ্গে বিয়ে হয়ে গেল
bibhutibhushan bandopadhyay,"বয়স পঞ্চাশই বোধ হয় হবে কিন্তু মাথার চুলে পাক ধরে নি, গৌরবর্ণ সুন্দর সুঠাম সুগঠিত দেহ"
bibhutibhushan bandopadhyay,"বাসরঘরে মেয়েরা আমোদপ্রমোদ করে চলে যাওয়ার পরে ভবানী বাঁড়য্যেবললেন- , তোমার বোনেদের সঙ্গে আলাপ করাও"
bibhutibhushan bandopadhyay,"তিলোত্তমার গৌরবর্ণ সুঠাম সোনার , মণিবন্ধে সোনার , পায়ে গুজরীপঞ্চম, গলায় মুড়কি মাদুলি-লাল চেলি পরনে"
bibhutibhushan bandopadhyay,নেড়ে বললে-আপনি ওদের কি চেনেন না
bibhutibhushan bandopadhyay,"-এর নাম স্বরবালা, ওর নাম নীলনয়না"
bibhutibhushan bandopadhyay,-বিধাতা বুঝি তিলে তিলে তোমায় গড়েছেন
bibhutibhushan bandopadhyay,"তিলু, বিলু ও নিলু একসঙ্গে খিলখিল করে হেসে উঠলো"
bibhutibhushan bandopadhyay,"তিলু বললে-না গো মশাই, আপনি শাস্তরও ছাই জানেন না বিলু বললে-বিধাতা পৃথিবীর সব সুন্দরীর নিলু বললে-রূপের ভালো ভালো অংশ তিলু বললে-নিয়ে একটু একটু করে সে ভবানী হেসে বললেন ও বুঝেচি"
bibhutibhushan bandopadhyay,ইছামতী তিলু হেসে বললে-আপনি তাও জানেন না
bibhutibhushan bandopadhyay,নিলু ও বিলু একসঙ্গে বলে উঠলো-আমরা আপনার কান মলে দেবো তিলু বোনেদের দিকে চেয়ে বললেও কি
bibhutibhushan bandopadhyay,"ছিঃ বিলু বলে-ছিঃ কেন, আমরা বলবো না"
bibhutibhushan bandopadhyay,সতীদিদি তো কান মলেইদিয়েছেআজ দেয় নি
bibhutibhushan bandopadhyay,ভবানী গম্ভীর মুখে বল্লেন হোলো সম্পর্কে শ্যালিকা
bibhutibhushan bandopadhyay,তোমরা কি তোমাদের স্বামীর কান মলে দেবার অধিকারী
bibhutibhushan bandopadhyay,"নিলু বললে-আমরা কি, তবে বলুন"
bibhutibhushan bandopadhyay,তিলু বোনের দিকে চোখ পাকিয়ে বললে-আবার
bibhutibhushan bandopadhyay,ভবানী হেসে বল্লেন তোমরা সবাই আমার স্ত্রী
bibhutibhushan bandopadhyay,ভবানী বললেন তোমার বয়েস কত
bibhutibhushan bandopadhyay,তিলু চোখ পাকিয়ে বোনের দিকে চেয়ে বললে -আবার
bibhutibhushan bandopadhyay,ভবানী বাঁড়ুয্যে বাস করবেন রাজারাম-প্রদত্ত জমিতে
bibhutibhushan bandopadhyay,"ঘরদোর বাঁধবার ব্যবস্থা হয়ে গিয়েচে, আপাতত তিনি শ্বশুরবাড়িতেই অবিশ্যি"
bibhutibhushan bandopadhyay,"গিয়েছিলেন সন্ন্যাসী হয়ে বেরিয়ে, কত তীর্থে ঘুরে এসে শেষে এমনবয়সে কিনা পড়ে গেলেন সংসারের ফাঁদে"
bibhutibhushan bandopadhyay,"তিলু সত্যি বড় ভালো গৃহিণী, ভবানী ওর কথা চিত্তা করলেই আনন্দ তাকে যেন ও দশ হাত বাড়িয়ে ঘিরে রেখেচে জগদ্ধাত্রীর মতো"
bibhutibhushan bandopadhyay,"এতটুকু অনিয়ম, এতটুকু অসুবিধে হবার জো নেই"
bibhutibhushan bandopadhyay,পে ইছামতী রোজ ভবানী বাঁড়য্যে একটু ধ্যান করেন
bibhutibhushan bandopadhyay,"তাঁর সন্ন্যাসী-জীবনের অভ্যাস এটি, এখনো বজায় রেখেছেন"
bibhutibhushan bandopadhyay,"তিলু বলে দিয়েচে, ঠাণ্ডা লাগবে, সকাল করে ফিরবেন"
bibhutibhushan bandopadhyay,একদিন ফিরতে দেরি হওয়াতে তিলু ভেবে নাকি অস্থির হয়ে গিয়েছিল
bibhutibhushan bandopadhyay,"বিলু নিলু ছেলেমানুষ ভবানী বাঁড়ুয্যের চোখে, ওদের তিনি তত আমল দিতে চান না"
bibhutibhushan bandopadhyay,কিন্তু তিলুকে পাবার জো নেই
bibhutibhushan bandopadhyay,"সেদিন বেরুতে যাচ্চেন ভবানী, নিলু এসে গম্ভীর মুখে বললে- দাঁড়ানওরসের নাগর, এখন যাওয়া হবে না -আচ্ছা, ছ্যাবলামি করো কেন বলো তো"
bibhutibhushan bandopadhyay,আমার বয়েস বুঝে কথা কও নিলু
bibhutibhushan bandopadhyay,-রসের নাগরের আবার রাগ কি
bibhutibhushan bandopadhyay,নিলু চোখ উল্টে কুঁচকে এক অদৃভুত ভঙ্গি ভবানী বললেন তোমাদের হয়েচে কি জানো
bibhutibhushan bandopadhyay,"বড়লোক দাদা, খেয়ে-দেয়ে আদরে- গোবরে মানুষ হয়েচো"
bibhutibhushan bandopadhyay,আমার মনে কষ্ট দেওয়াকি তোমার উচিত
bibhutibhushan bandopadhyay,আর দেখ দিকি তোমাদের দিদিকে
bibhutibhushan bandopadhyay,"-ধিঙ্গি, ধুরন্ধর-এসব কথা বুঝি খুব ভালো"
bibhutibhushan bandopadhyay,তোমাদের মুখে কি বাধে শুনি
bibhutibhushan bandopadhyay,এমন সময়ে তিলু একরাশ কাপড় সাজিমাটি দিয়ে কেচে পুকুরঘাট থেকে ফিরচে দেখা গেল
bibhutibhushan bandopadhyay,পেয়ারাতলায় এসে স্বামীর কথার শেষের দিকটা ওর কানে গেল
bibhutibhushan bandopadhyay,ভবানী বাঁড়ুয্যে যেন অকুলে কুল পেলেন
bibhutibhushan bandopadhyay,তিলুকে দেখে মনে আনন্দ হয়
bibhutibhushan bandopadhyay,ওর সঙ্গে সব ব্যাপারের একটা সুরাহা আছে
bibhutibhushan bandopadhyay,-এই দ্যাখো তোমার বোন আমাকে কি সব অশ্লীল কথা বলচে
bibhutibhushan bandopadhyay,তিলু বুঝতে না পারার সুরে বললে-কি কথা
bibhutibhushan bandopadhyay,যা মুখ দিয়ে বলতে নেই এমনি কথা
bibhutibhushan bandopadhyay,"নিলু বলে উঠলো-আচ্ছা দিদি, তুইই বল"
bibhutibhushan bandopadhyay,পাঁচালির ছড়ায় সেদিন পঞ্চাননতলায় বারোয়ারিতে বলে নি রসের নাগর
bibhutibhushan bandopadhyay,ভবানী হতাশ হওয়ার সুরে বল্লেন-শোন কথা
bibhutibhushan bandopadhyay,তিলু ছোটবোনের দিকে চেয়ে বললে তোর বুদ্বি-সুদ্ধি কবে হবে নিলু
bibhutibhushan bandopadhyay,"ভবানী বললেন ও দুই-ই সমান, বিলুও কম নাকি"
bibhutibhushan bandopadhyay,"তিলু বললে-না, আপনি রাগ করবেন আমি ওদের শাসন করে কোথায় বেরুচ্চেন এখন"
bibhutibhushan bandopadhyay,-বেশিকৃষণ থাকবেন কিন্তু সন্দের সময় এসে জল খাবেন
bibhutibhushan bandopadhyay,আজ বৌদিদি আপনার জন্যে মুগতক্তি করচে -ভুল কথা
bibhutibhushan bandopadhyay,"নতুন মুগের সময় হয়, মাঘ মাসে"
bibhutibhushan bandopadhyay,"-দেখবেন এখন, হয় কি আসবেন সকাল সকাল, আমার মাথার দিব্যি নিলু বললে -আমারও তিলু বললে-যা, তুই যা"
bibhutibhushan bandopadhyay,ভবানী বাড়ির বাইরে এসে যেন হাঁপ ছেড়ে বাঁচলেন
bibhutibhushan bandopadhyay,"শরৎকাল সমাগত, আউশ ধানের ক্ষেত শূন্য পড়ে আছে ফসল কেটে নেওয়ার দরুন"
bibhutibhushan bandopadhyay,তিৎপল্লার হলদে ফুল ফুটেছে বনে বনে ঝোপের মাথায়
bibhutibhushan bandopadhyay,ভবানীর বেশ লাগে এই মুক্ত প্রসারতা
bibhutibhushan bandopadhyay,বাড়ির মধ্যে তিনটি স্ত্রীকে নিয়ে প্রাণ ওষ্ঠাগত হতে হয়
bibhutibhushan bandopadhyay,"যতই ওরা আদর করুক, স্বাধীনতা নেই ঠিক সময়ে ফিরে আসতে হবে"
bibhutibhushan bandopadhyay,ন্ ইছামতী ভবানী অপ্রসন্ন মুখে নদীর ধারে এক বটতলায় গিয়ে বসলেন
bibhutibhushan bandopadhyay,"বিশাল বটগাছটি, এখানে-সেখানে সব জায়গায় ঝুরি নেমে বড় বড় গুঁড়িতে পরিণত হয়েচে"
bibhutibhushan bandopadhyay,একটা নিভৃত শান্তি বটের তলায়
bibhutibhushan bandopadhyay,"দেশের পাখি এসে জুটেছে গাছের মাথায়; দুরদুরাস্তর থেকে পাখিরা যাতায়াতের পথে এখানে আশ্রয় নেয়, যাযাবর , হাঁস ও সিল্লির দল"
bibhutibhushan bandopadhyay,"স্থায়ী বাসস্থান বেঁধেচে খোড়ো হাঁস, বক, চিল, দুচারটি শকুন"
bibhutibhushan bandopadhyay,"ছোট পাখির ঝাঁক-যেমন শালিক, ছাতারে, দোয়েল, জলপিপিএ গাছে বাস করে না বা বসেও ভবানী এ গাছতলায় এর আগে এবং এসব লক্ষ্য করে গিয়েচেন"
bibhutibhushan bandopadhyay,দু-একটা জংলা ফুল ফুটেচে গাছতলায় এখানে ওখানে
bibhutibhushan bandopadhyay,ভবানী এদিক-ওদিক তাকিয়ে গাছতলায় গিয়ে চুপচাপ বসলেন
bibhutibhushan bandopadhyay,"চাষীলোকেরা বড় কৌতুহলী, দেখতে পেলে এখানে এসে মারবে আর অনবরত"
bibhutibhushan bandopadhyay,"করবে, তিনি কেন এখানে বসে আছেন"
bibhutibhushan bandopadhyay,এ-সময়ে একটুধ্যান করে থাকেন- তার সন্ন্যাসী-জীবনের বহুদিনের অভ্যাস
bibhutibhushan bandopadhyay,হঠাৎ একটা অপরিচিত ও বিজাতীয় কণ্ঠস্বরে ভবানী চমকে উঠে চোখ খুলে তাকালেন
bibhutibhushan bandopadhyay,একজন সাহেব গাছের গুঁড়ির ওদিকে একটি মোটা ঝুরি ধরে দাঁড়িয়ে তাঁর দিকে বিস্ময়ে ও শ্রদ্ধার দৃষ্টিতে চেয়ে আছে
bibhutibhushan bandopadhyay,"সাহেবটি আর কেউ নয়, কোলসওয়ার্দি গ্ৰ্যান্ট -তিনি বটগাছের শোভা দূর থেকে দেখে ভালো করে দেখবার জন্যে কাছে এসে আরো আকৃষ্ট হয়ে গাছের তলায়ঢুকে পড়েন এবং এদিক-ওদিক ঘুরতে গিয়ে হঠাৎ ধ্যানরত ভবানীকে দেখেই থমকে দাঁড়িয়েবলে ওঠেন,"
bibhutibhushan bandopadhyay,সাহেবের টমটম দুরে রাস্তায় দাঁড়িয়ে আছে; সঙ্গে কেউ নেই
bibhutibhushan bandopadhyay,ভজা মুচি সহিস টমটমেই বসে আছে ঘোড়া ধরে
bibhutibhushan bandopadhyay,"কোলসৃওয়ার্দি ভবানীর সামনে এসে আশ্বাসের সুরে বললেন , ভবানী বাঁড়য্যে যে কিছুই না বুঝে অবাক হয়ে সাহেবের দিকে চেয়ে রইলেন"
bibhutibhushan bandopadhyay,"তিনি সাহেবকে দুএকদিন এর আগে যে না দেখেছেন এমন নয়, তবে এত কাছে থেকে আর কখনো দেখেন নি"
bibhutibhushan bandopadhyay,ইছামতী বটতলায় কি একটা ব্যাপার হয়েচে বুঝে ভজা মুচি টমটমের ঘোড়া সামলে ওখানে এসে হাজির হল
bibhutibhushan bandopadhyay,এসে দাঁড়িয়ে বললে-পেরনাম হই বাবাঠাকুর
bibhutibhushan bandopadhyay,"সাহেব ছবি আঁকে কিনা, তাই দেখুন সনক্কবালবেলা থেকে বেরিয়ে মোরে নিয়ে সারাদিন বন বাদাড় ঘোরচে"
bibhutibhushan bandopadhyay,আপনাকে দেখে ওর ভালো লেগেচে তাই বলচে
bibhutibhushan bandopadhyay,ভবানী হাত জুড়ে সাহেবকে নমস্কার করলেন ও একটু হাসলেন
bibhutibhushan bandopadhyay,"গ্র্যান্টও দেখাদেখি সেভাবে নমস্কার করবার চেষ্টা করলেন, হল"
bibhutibhushan bandopadhyay,মুচিকে গ্র্যান্ট সাহেব হাত পা নেড়ে ছবি আঁকার ব্যাপারটা বোঝাবার চেষ্টাকরলেন
bibhutibhushan bandopadhyay,"ভজা মুচি ভবানীর দিকে চেয়ে বলল-ও বলচে আপনার ছবি মুই জানি কিনা, এই সায়েবটা ওই রকম করে-একটুখানি চুপটি মেরে বসুন- কিবিপদ"
bibhutibhushan bandopadhyay,একটুধ্যান করতে বসতে গিয়ে এ আবার কোন হাঙ্গামা এসে হাজির হল দ্যাথো
bibhutibhushan bandopadhyay,"মরুক গে, দেখাই যা ভবানী বসেই রইলেন"
bibhutibhushan bandopadhyay,"সাহেব ভজা মুচিকে বললেন- , পরে হাত দিয়ে দেখিয়ে বললেন যাও এতদিনে এ কথাটি গ্র্যান্ট ভালো করে শিখেছেন"
bibhutibhushan bandopadhyay,"দেরি হল বাড়ি ফিরতে, সুতরাং ভবানী নিজের ঘরটিতে ঢুকে দেখলেন তিলু দোরের চৌকাঠে কি একটা নেকড়া দিয়ে পুঁইচে"
bibhutibhushan bandopadhyay,"তিলু মুখ না তুলেই বললে-রেড়ির তেল পড়ে গেল, পিদিমটা ভাঙ্গলো,-জল পড়লো মেজেতে"
bibhutibhushan bandopadhyay,এ-সময়ে সমস্ত পল্লীগ্রামে দোতলা প্রদীপ বা সেজ ব্যবহার হত
bibhutibhushan bandopadhyay,এতে নাকি তেল কম পুড়তো
bibhutibhushan bandopadhyay,ভবানী দেখলেন তাঁর খাটের তলায় দোতলা পিদিমটা ছিটকে ভেঙ্গে পড়ে আছে
bibhutibhushan bandopadhyay,কথা বলবো না আপনার সঙ্গে
bibhutibhushan bandopadhyay,সন্দের সময় এসে জল খেতে বলেছিলুম না
bibhutibhushan bandopadhyay,"-শোনো, আসবো কি, এক মজা হয়েচে, বলি"
bibhutibhushan bandopadhyay,কি বিপদে পড়ে গিয়েছিলাম যে
bibhutibhushan bandopadhyay,তিলু কৌতূহলের দৃষ্টিতে স্বামীর মুখের দিকে চেয়ে বললে কি বিপদ
bibhutibhushan bandopadhyay,"খড়ের কেউটে সাপের ভয়- গো, সাপ নয়"
bibhutibhushan bandopadhyay,"টমটমের সইস বললে নীলকুটির সাহেবদের বন্ধু, দেশ থেকে বেড়াতে এসেছে"
bibhutibhushan bandopadhyay,"আমি বসে আছি, আমার সামনে এসে হাঁ করে দাঁড়িয়েছে"
bibhutibhushan bandopadhyay,কি সব হিট মিট টি বলতে লাগলো
bibhutibhushan bandopadhyay,"সইসটা বললে-আপনার ছবি আঁকবে- - , সেই ছবি-আঁকিয়ে সায়েব"
bibhutibhushan bandopadhyay,"হ্যাঁ হ্যাঁ, দাদার মুখে শুনেচি বটে"
bibhutibhushan bandopadhyay,ঠায় বসে থাকতে হোলো চার দণ্ড
bibhutibhushan bandopadhyay,পরক্ষণেই তিলুর দিকে ভালো করে চেয়ে দেখলেন
bibhutibhushan bandopadhyay,"নিখুঁত সুন্দরী নয় বটে, কিন্তু অপূর্ব রূপ যেমন হাসি-হাসি মুখ, তেমনি নিটোল বাহ্নদুটি"
bibhutibhushan bandopadhyay,গলায় খাঁজকাটা দাগগুলি কি চমৎকার তেমনি পায়ের রং
bibhutibhushan bandopadhyay,সন্দেবেলা দেখাচ্ছে ওকে যেন দেবীমুর্তি
bibhutibhushan bandopadhyay,"বললেন- তোমার একটা ছবি আঁকতো সাহেব, তবে বুঝতে যে রূপখানা কাকে বলে"
bibhutibhushan bandopadhyay,"আপনি যেন পরে হেসে বললে-দাড়াঁন, খাবার আনি -সন্দে-আহ্নিকের জায়গা করে দিই"
bibhutibhushan bandopadhyay,"নিলু, শোন ইদিকে-আসনখানা নিয়ে আয় নিলু এসে আসন পেতে গঙ্গাজলের কো-কুশি দিয়ে গেল"
bibhutibhushan bandopadhyay,তিলুষত্নকরে আঁচল দিয়ে সন্দে-আহ্িকের জায়গাটা মেজে দিলে
bibhutibhushan bandopadhyay,"ভবানী মনে মনে যা ভাবছিলেন, আহ্নিকের সময়েও ভাবছিলেন, তা হচ্চে এইকালও সাহেব তাঁকে বটতলায় যেতে বলেচে"
bibhutibhushan bandopadhyay,তিলুকে নিয়ে গেলে কেমন হয়
bibhutibhushan bandopadhyay,"ওর একটা ছবি যদি সাহেব আঁকে, তবে বড় ভালো হয়"
bibhutibhushan bandopadhyay,যদি কেউ টের পেয়ে তবে গাঁয়ে শোরগোল উঠবে
bibhutibhushan bandopadhyay,একঘরে হতে হবে সমাজে তাঁর শ্যালক রাজারাম রায়কে
bibhutibhushan bandopadhyay,"তিলু একখানা রেকাবিতে খাবার নিয়ে এল, নারকেলের সন্দেশ, চিরেভাজা আর মুগতক্তি"
bibhutibhushan bandopadhyay,মুগতক্তি যে বড় হয় না এ সময়ে
bibhutibhushan bandopadhyay,এখন কি দেবেন তাই নিলু বললে-এখন কান মলে দেবো যে -দুর
bibhutibhushan bandopadhyay,"তুই যে কি বলিস কাকে, ছি"
bibhutibhushan bandopadhyay,বিলু আড়াল থেকে বার হয়ে এসে খিলখিল করে হেসে উঠলো
bibhutibhushan bandopadhyay,ভবানী বিরক্তির সুরে বললে- আর এই এক নষ্টের গোড়া
bibhutibhushan bandopadhyay,"যা-তা মুখে কথাবার্তা তোমাদের দুজনের, বাধে না"
bibhutibhushan bandopadhyay,ছিঃ বিলু বললে-অত ছিঃ ছিঃ করতে হবে না বলে নিলু বললে-হ্যাঁ
bibhutibhushan bandopadhyay,আমরা অত ফেলনা নই যে সর্বদা ছিছিক্কার শুনতে হবে
bibhutibhushan bandopadhyay,তিলু বললে-আপনি কিছু মনে করবেন না
bibhutibhushan bandopadhyay,ওরা আদুরে আর ছেলেমানুষ দাদা ওদের কক্ষনো শাসন করতেন না
bibhutibhushan bandopadhyay,আদর দিয়ে দিয়ে মাথায় তুলেচেন- নিলু বললে হ্যাঁ গো বৃন্দে
bibhutibhushan bandopadhyay,"তোমাকে আর আমাদের ব্যাখ্যান কতে হবে না,"
bibhutibhushan bandopadhyay,"ইছামতী বিলু বললে-দিদি সুয়ো হচ্চে ভাতারের কাছে, বুঝলি না"
bibhutibhushan bandopadhyay,"ভবানী বললে ছিঃ ছিঃ, আবার অশ্লীন বাক্য"
bibhutibhushan bandopadhyay,"বিলু রাগের সুরে বললে হ্যাঁ গো, সব অশ্লীন বাক্য আর অশ্লীন বাক্য"
bibhutibhushan bandopadhyay,তবে কি কথা বলবে শুনি
bibhutibhushan bandopadhyay,"দুটো কথা বলেচো কিনা, অমনি বাক্য হয়ে গেল"
bibhutibhushan bandopadhyay,বেশ করবো আমরা অশ্লীন বাক্য বলবো আপনি কি করবেন শুনি
bibhutibhushan bandopadhyay,তিলু ধমকে বললে-যা এখান থেকে
bibhutibhushan bandopadhyay,বৌদিদি আপনার জন্যে মুগতক্তি রসে ফেলচে
bibhutibhushan bandopadhyay,-একটা কথা বলি তিলু -কি
bibhutibhushan bandopadhyay,বলুন -কাল একবার আমার সঙ্গে বটতলায় যেতে পারবে
bibhutibhushan bandopadhyay,সায়েবকে দিয়ে তোমার ছবি আঁকাবো
bibhutibhushan bandopadhyay,দিনমানে আপনার সঙ্গে কি করে বেরুবো
bibhutibhushan bandopadhyay,এই দেখুন আপনার সামনে দিনমানে বার হই বলে কত নিন্দে লোকে
bibhutibhushan bandopadhyay,গাঁয়ে সেই রাত্তির ছাড়া দেখাকরার নিয়ম নেই
bibhutibhushan bandopadhyay,"বাধ্য হয়ে, বৌদিদি পেরে ওঠেন না একা সবদিক তাংড়াতে"
bibhutibhushan bandopadhyay,আজ যে সময় গিয়েছিলুম সে সময়
bibhutibhushan bandopadhyay,তুমি নদীর ঘাটে গা ধুতে যেও ঘড়া গামছা নিয়ে
bibhutibhushan bandopadhyay,"ওখান থেকে নিয়ে যাবো, কেউ টের পাবে"
bibhutibhushan bandopadhyay,আপনি সনম্নিসি হয়ে দেশ- বিদেশ বেড়িয়েছেন বলে সমাজের কোনো খবর তো রাখেন না
bibhutibhushan bandopadhyay,আমার যা ইচ্ছে করবার জো নেই
bibhutibhushan bandopadhyay,শেষ পর্যন্ত কিন্তু তিলুকে যেতে হল
bibhutibhushan bandopadhyay,স্বামীর মনে ব্যথা দেওয়ার কষ্ট সে সইতে পারবে না
bibhutibhushan bandopadhyay,"ঢাকাই শাড়ি পরে ঘড়া নিয়ে ঘাটের পথ আলো করে যাবার সময় তাকে কেউ দেখে নি, কেবল বাদা বোষ্টমের বৌ ছাড়া"
bibhutibhushan bandopadhyay,"বোষ্টম-বৌ বললেও দিদিমণি, এ কি, এমন সেজেগুজে কোথায়"
bibhutibhushan bandopadhyay,তাই তিলুর বুকের মধ্যে দুরদুর করছিল
bibhutibhushan bandopadhyay,অপরাধীর মতো মিথ্যা কৈফিয়তটা খাড়াকরলে
bibhutibhushan bandopadhyay,"ভাগ্যিস যে বোষ্টম-বৌ দাঁড়ালো না, চলে গেল"
bibhutibhushan bandopadhyay,"আর ভাগ্যিস, ঘাটে শেষবেলায় কেউ ছিল না"
bibhutibhushan bandopadhyay,গ্র্যান্ট সাহেব দূর থেকে তিলুকে দেখে তাড়াতাড়ি টুপি খুলে সামনে এসে সুরে বললেন-
bibhutibhushan bandopadhyay,তারপর তিনি অত্যন্ত যত্নের সঙ্গে তিলুর সলজ্জ মুখের ও অপূর্ব কমনীয় ভঙ্গির একটা আগা রেখাচিত্র আঁকতে চেষ্টা করলেন
bibhutibhushan bandopadhyay,সালে প্রকাশিত কোলসওয়ার্দি এ্যান্টের আ্যাংলো ইন্ডিয়ান লাইফ ইন রুরাল বেঙ্গল নামক বইয়ের চুয়ান্ন পৃষ্টায় ও সাতান্ন পৃষ্ঠায় এ বেঙ্গলি উম্যানওআ্যান ইন্ডিয়ান ইয়োগী ইন্দি নামক দুখানা ছবি যথাক্রমে তিলু ও ভবানী বাঁড়য্যের রেখাচিত্র গ্রামে কেউ টের পায়নি
bibhutibhushan bandopadhyay,"মাঠ দিয়ে ও মাঠদিয়ে ঘুরে তিলু স্বামীকে নিয়ে এল; ভবানী বিদেশী লোক, গ্রামের রাস্তাঘাট চিনতেন ভজা মুচি সইসকে ভবানী সব খুলে বলে বারণ করে দিয়েচিলেন"
bibhutibhushan bandopadhyay,"তিলুবল্লে-বাব, কি ইছামতী কাণ্ড আপনার"
bibhutibhushan bandopadhyay,আমি এত কাছ থেকে সায়েব কখনো দেখি নি
bibhutibhushan bandopadhyay,"সব অশ্লীল কথা স্বামীকে বলতে আছে, ছিঃ"
bibhutibhushan bandopadhyay,রাজারাম রায়কে ছোটসাহেব ডেকে পাঠিয়েছেন
bibhutibhushan bandopadhyay,কেন ডেকে পাঠিয়েছেন রাজারাম তা জানেন
bibhutibhushan bandopadhyay,কোনো প্রজার জমিতে জোর করে
bibhutibhushan bandopadhyay,নীলের মার্কা মেরে আসতে হবে
bibhutibhushan bandopadhyay,"রাজারাম দুর্ধর্ষ দেওয়ান, প্রজা কি করে জব্দ করা যায় তাঁকে শেখাতে হবে না"
bibhutibhushan bandopadhyay,"আজ আঠারো বছর এই কুঠিতে তিনি আছেন, বড়সাহেবের প্রিয়পাত্র হয়েচেন শুধু এই প্রজা জব্দ রাখবার দক্ষতার গুণে"
bibhutibhushan bandopadhyay,পাচু শেখের বাড়ি তেঘরা শেখহাটি
bibhutibhushan bandopadhyay,"সেখানকার প্রজারা আপত্তি জানিয়ে বলেচে,দেওয়ানজি, আপনাদের খাসের জমিতে নীল বুনুন, প্রজার জমিতে এবার আমরা নীল বুনতি দেবো না"
bibhutibhushan bandopadhyay,"রাজারাম জোর করে নীলের দাগ মেরে এসেছেন পাঁচু শেখের ও তার শ্বশুর বিপিন গাজি ও নবু এরা সে গ্রামের মধ্যে অবস্থাপন্ন গৃহস্থ, বিপিন গাজির বাড়িতে আটটি ধানবোঝাই গোলা, বিশ-পঁচিশটি হালের বলদ, ছজোড়া লাঙল"
bibhutibhushan bandopadhyay,তার ভাই নবু গাজি তেজারতি কারবারে বেশ ফেপে উঠেছে আজকাল
bibhutibhushan bandopadhyay,কমপক্ষেও একশো বিঘে আউশ ধানের চাষ হয় দুই ভায়ের জোতে
bibhutibhushan bandopadhyay,"গ্রামের সব লোকে ওদের সমীহ করে চলে, এরাও বিপদে-আপদে সবসময় বুক দিয়ে পড়ে"
bibhutibhushan bandopadhyay,নবু গাজি আজ ছোটসাহেবের কাছে এসে নালিশ করেছে
bibhutibhushan bandopadhyay,তাই বোধ হয় ছোটসাহেব ডেকেচেন
bibhutibhushan bandopadhyay,নবু গাজি কি করতে পারে করুক
bibhutibhushan bandopadhyay,ছোটসাহেব অনেকদিন এদেশে থেকে এদেশের গ্রাম্যলোকের মতো বাংলা বলতে পারে
bibhutibhushan bandopadhyay,"রাজারামকে ডেকে বললে-কি বলছিল নবু গাজি, ও রাজারাম"
bibhutibhushan bandopadhyay,বলুম তামাকের জমিতে নাকি দাগ মেরে
bibhutibhushan bandopadhyay,গাঁ জব্দ রাখা যাবে না সে -ও বলচে ওদের পীরির দরগার সামনের জমিও নিয়ে
bibhutibhushan bandopadhyay,"গাজি বেশ জোয়ান লোক, ঠাণ্ডা প্রকৃতির লোকও সে নিতান্ত নয়"
bibhutibhushan bandopadhyay,কিন্তু ছোটসাহেব ও দেওয়ানজির সামনে সে নিরীহের মতো এসে দাঁড়ালো নীলকুঠির চতুঃসীমার মধ্যে দাঁড়িয়ে মাথা তুলে কথা বলবার সাধ্য নেই কোনো রায়তের
bibhutibhushan bandopadhyay,"ছোটসাহেব বললে-কি নবু গাজি, এবার গুড়-পাটালি করেছিলে"
bibhutibhushan bandopadhyay,"নবু গাজি বিনম্সুরে বললে-না সায়েব, মোরা এবার গাছ ঝুড়ি নি এখনো"
bibhutibhushan bandopadhyay,-পাটালি হলি খাতি দেবা না
bibhutibhushan bandopadhyay,-আপনাদের দেবো না তো কাদের দেবো বলুন
bibhutibhushan bandopadhyay,"-রাজারাম, তুমি এদের দরগাতলার জমিতে দাগ মেরেচ"
bibhutibhushan bandopadhyay,"না জমির নাম দরগাতলার জমি, এই পর্যন্ত"
bibhutibhushan bandopadhyay,সেখানে পীরের দরগা বা মসজিদ আছে কি না ওকেই জিজ্ঞেস করুন না
bibhutibhushan bandopadhyay,তবে যে বড় মিথ্যে কথা বললে সায়েবকে
bibhutibhushan bandopadhyay,"-বাবু, আপনি একটু দয়া করুন, ও জমিতি মোরা হাজৎ"
bibhutibhushan bandopadhyay,মাসের সংক্রান্তির দিন পীরের নামে বেঁধে বেড়ে খাই
bibhutibhushan bandopadhyay,হয়-হয় আপনি একদিন দেখে আসবেন
bibhutibhushan bandopadhyay,"মুই মিথ্যে কথা কেন বলবো আপনারে, আপনারা হলেন দেশের রাজা"
bibhutibhushan bandopadhyay,আমার জমিটা ছেড়ে দ্যান দয়া করে
bibhutibhushan bandopadhyay,"ছোটসাহেব রাজারামের দিকে চেয়ে সুপারিশের সুরে বললে- যাক গে, দাও ছেড়ে জমিটা"
bibhutibhushan bandopadhyay,ওরা কি যে করে বলচে নবু গাজি বললে-হাজৎ
rabindranath tagore,"সূচনা আমার সাহিত্যের পথযাত্রা পূর্বাপর অনুসরণ করে দেখলে ধরা পড়বে যে চোখের বালি উপন্যাসটা আকস্মিক, কেবল আমার মধ্যে নয়, সেদিনকার বাংলা সাহিত্যক্ষেত্রে"
rabindranath tagore,"বাইরে থেকে কোন্ ইশারা এসেছিল আমার মনে, সে প্রশ্নটা দুরূহ"
rabindranath tagore,সব চেয়ে সহজ জবাব হচ্ছে ধারাবাহিক লম্বা গল্পের উপর মাসিক পত্রের চিরকেলে দাবি নিয়ে
rabindranath tagore,বঙ্গদর্শনের নবপর্যায় বের করলেন শ্রীশচন্দ্র
rabindranath tagore,"আমার নাম যোজনা করা হল, তাতে আমার প্রসন্ন মনের সমর্থন ছিল না"
rabindranath tagore,"কোনো পূর্বতন খ্যাতির উত্তরাধিকার গ্রহণ করা সংকটের অবস্থা, আমার মনে এ সম্বন্ধে যথেষ্ট সংকোচ ছিল"
rabindranath tagore,"কিন্তু আমার মনে উপরোধ- অনুরোধের দ্বন্দ যেখানেই ঘটেছে সেখানে প্রায়ই আমি জয়লাভ করতে পারি নি, এবারেও তাই হল"
rabindranath tagore,আমরা একদা বঙ্গদর্শনে বিষবৃক্ষ উপন্যাসের রস সম্ভোগ করেছি
rabindranath tagore,তখনকার দিনে সে রস ছিল নতুন
rabindranath tagore,পরে সেই বঙ্গদর্শনকে নবপর্যায়ে টেনে আনা যেতে পারে কিন্তু সেই প্রথম পালার পুনরাবৃত্তি হতে পারে না
rabindranath tagore,"সেদিনের আসর ভেঙে গেছে, নতুন সম্পাদককে রাস্তার মোড় ফেরাতেই হবে"
rabindranath tagore,"সহ- সম্পাদক শৈলেশের বিশ্বাস ছিল, আমি এই মাসিকের বর্ষব্যাপী ভোজে গল্পের পুরো পরিমাণ জোগান দিতে পারি"
rabindranath tagore,অতএব কোমর বাঁধতে হবে আমাকে
rabindranath tagore,যেন মাসিকের দেওয়ানি আইন- অনুসারে সম্পাদকের কাছ থেকে উপযুক্ত খোরপোশের দাবি করা
rabindranath tagore,বস্তুত ফরমাশ এসেছিল বাইরে থেকে
rabindranath tagore,এর পূর্বে মহাকায় গল্প সৃষ্টিতে হাত দিই নি
rabindranath tagore,"ঠিক করতে হল, এবারকার গল্প বানাতে হবে এ যুগের কারখানা- ঘরে"
rabindranath tagore,"শয়তানের হাতে চাষ তখনো হত এখনো হয়, তবে কিনা তার আলাদা, অন্তত গল্পের এলাকার মধ্যে"
rabindranath tagore,"এখনকার ছবি খুব স্পষ্ট, সাজসজ্জায় অলংকারে তাকে আচ্ছন্ন করলে তাকে ঝাপসা করে দেওয়া হয়, তার আধুনিক স্বভাব হয় নষ্ট"
rabindranath tagore,তাই গল্পের আবদার যখন এড়াতে পারলুম না তখন নামতে হল মনের সংসারের সেই কারখানা- ঘরে যেখানে আগুনের হাতুড়ির পিটুনি থেকে দৃঢ় ধাতুর মূর্তি জেগে উঠতে থাকে
rabindranath tagore,মানববিধাতার এই নির্মম সৃষ্টিপ্রক্রিয়ার বিবরণ তার পূর্বে গল্প অবলম্বন করে বাংলা ভাষায় আর প্রকাশ পায় নি
rabindranath tagore,"তার পরে এ পর্দার বাইরেকার সদর রাস্তাতেই ক্রমে ক্রমে দেখা দিয়েছে গোরা, ঘরে- বাইরে, চতুরঙ্গ"
rabindranath tagore,"শুধু তাই নয়, ছোটো গল্পের পরিকল্পনায় আমার লেখনী সংসারের রূঢ় স্পর্শ এড়িয়ে যায় নি"
rabindranath tagore,"নষ্টনীড় বা শাস্তি, এরা নির্মম সাহিত্যের পর্যায়েই পড়বে"
rabindranath tagore,তার পরে পলাতকার কবিতাগুলির মধ্যেও সংসারের সঙ্গে সেই মোকাবিলার আলাপ চলেছে
rabindranath tagore,"বঙ্গদর্শনের নবপর্যায় এক দিকে তখন আমার মনকে রাষ্ট্রনেতিক সমাজনৈতিক চিন্তার আবর্তে টেনে এনেছিল, আর- এক দিকে এনেছিল গল্পে, এমন- কি কাব্যেও, মানব চরিত্রের কঠিন সংস্পর্শে অল্পে অল্পে এর শুরু হয়েছিল সাধনার যুগেই, তারপরে সবুজপত্র পসরা জমিয়েছিল"
rabindranath tagore,চোখের বালির গল্পকে ভিতর থেকে ধাক্কা দিয়ে দারুণ করে তুলেছে মায়ের ঈর্ষা
rabindranath tagore,"এই ঈর্ষা মহেন্দ্রের সেই রিপুকে কুৎসিত অবকাশ দিয়েছে যা সহজ অবস্থায় এমন করে দাত- নখ বের করত যেন পণশুশালার দরজা খুলে দেওয়া হল, বেরিয়ে পড়ল হিংস্র ঘটনাগুলো অসংযত হয়ে"
rabindranath tagore,"সাহিত্যের নবপর্যায়ের পদ্ধতি হচ্ছে ঘটনা পরম্পরার বিবরণ দেওয়া নয়, বিশ্লেষণ করে তাদের আঁতের কথা বের করে দেখানো"
rabindranath tagore,সেই দেখা দিল চোখের বালিতে বৈশাখ পৃষ্ঠা অধ্যায় - বিনোদিনীর মাতা হরিমতি মহেন্দ্রের মাতা রাজলম্ম্মীর কাছে আসিয়া দিয়া পড়িল
rabindranath tagore,"দুই জনেই এক গ্রামের মেয়ে, বাল্যকালে একত্রে খেলা করিয়াছেন"
rabindranath tagore,"রাজলম্দ্মী মহেন্দ্রকে ধরিয়া পড়িলেন, বাবা মহিন, গরিবের মেয়েটিকে উদ্ধার করিতে হইবে"
rabindranath tagore,"শুনিয়াছি মেয়েটি বড়ো সুন্দরী, আবার মেমের কাছে পড়াশুনাও করিয়াছে- তোদের আজকালকার পছন্দর সঙ্গে মিলিবে"
rabindranath tagore,"মহেন্দ্র কহিল, মা, আজকালকার ছেলে তো আমি ছাড়াও আরো ঢের আছে"
rabindranath tagore,"মহিন, এঁ তোর দোষ, তোর কাছে বিয়ের কথাটি পাড়িবার জো নাই"
rabindranath tagore,"মা , ও কথাটা বাদ দিয়াও সংসারে কথার অভাব হয় না"
rabindranath tagore,অতএব ওটা মারাত্মক দোষ মহেন্দ্র শেশবেই পিতৃহীন
rabindranath tagore,মা- সম্বন্ধে তাহার ব্যবহার সাধারণ লোকের মতো ছিল না
rabindranath tagore,"বয়স প্রায় বাইশ হইল, এম এ পাস করিয়া ডাক্তারি পড়িতে আরম্ভ করিয়াছে, তবু মাকে লইয়া তাহার প্রতিদিন মান- অভিমান আদর- আবদারের অন্ত ছিল না"
rabindranath tagore,কাঙারু- শাবকের মতো মাতৃগর্ভ হইতে ভূমিষ্ঠ হইয়াও মাতার বরিগর্ভের থলিটির মধ্যে আবৃত থাকাই তাহার অভ্যাস হইয়া গিয়াছিল
rabindranath tagore,মার সাহায্য ব্যতীত তাহার আহার বিহার আরাম বিরাম কিছুই সম্পন্ন হইবার জো ছিল না
rabindranath tagore,"এবারে মা যখন বিনোদিনীর জন্য তাহাকে অত্যন্ত ধরিয়া পড়িলেন, তখন মহেন্দ্র বলিল, আচ্ছা, কন্যাটি একবার দেখিয়া আসি দেখিতে যাইবার দিন বলিল, দেখিয়া আর কী হইবে৷ তোমাকে খুশি করিবার জন্য বিবাহ করিতেছি, ভালোমন্দ বিচার মিথ্যা"
rabindranath tagore,"কথাটার মধ্যে একটু রাগের উত্তাপ ছিল, কিন্তু মা ভাবিলেন, শুভদৃষ্টির সময় তাহার পছন্দর সহিত যখন পুত্রের পছন্দর নিশ্চয় মিল হইবে তখন মহেন্দ্রের কড়ি- সুর কোমল হইয়া আসিবে"
rabindranath tagore,নিশ্চিন্তচিত্তে বিবাহের দিন স্থির করিলেন
rabindranath tagore,"দিন যত নিকটে আসিতে লাগিল, মহেন্দ্রের মন ততই উৎকণ্ঠিত হইয়া উঠিল- অবশেষে দুই- চার দিন আগে সে বলিয়া বসিল, না মা, আমি কিছুতেই পারিব না"
rabindranath tagore,"বাল্যকাল হইতে মহেন্দ্র দেবতা ও মানবের কাছে সর্বপ্রকারে প্রশ্রয় পাইয়াছে, এইজন্য তাহার ইচ্ছার বেগ উচ্ছৃঙ্খল"
rabindranath tagore,পরের ইচ্ছার চাপ সে সহিতে পারে না
rabindranath tagore,তাহাকে নিজের প্রতিজ্ঞা এবং পরের অনুরোধ একান্ত বাধ্য করিয়া তুলিয়াছে বলিয়াই বিবাহ-প্রস্তাবের প্রতি তাহার অকারণ বিতৃষ্ণা অত্যন্ত বাড়িয়া উঠিল এবং আসন্নকালে সে একেবারেই বিমুখ হইয়া বসিল
rabindranath tagore,মহেন্দ্রের পরম বন্ধু ছিল বিহারী; সে মহেন্দ্রকে দাদা এবং মহেন্দ্রের মাকে মা বলিত
rabindranath tagore,মা তাহাকে স্টামবোটের পশ্চাতে আবদ্ধ গাধাবোটের মতো মহেন্দ্রের একটি আবশ্যক ভারবহ আসবাবের স্বরূপ পৃষ্ঠা দেখিতেন ও সেই হিসাবে মমতাও করিতেন
rabindranath tagore,"রাজলম্ম্মী তাহাকে বলিলেন, বাবা, এ কাজ তো তোমাকেই করিতে হয়, নহিলে গরিবের মেয়ে বিহারী জোড়হাত করিয়া কহিল, মা, এঁটে পারিব যে- মেঠাই তোমার মহেন্দ্র ভালো লাগিল না বলিয়া রাখিয়া দেয়, সে- মেঠাই তোমার অনুরোধে পড়িয়া আমি অনেক খাইয়াছি, কিন্তু কন্যার বেলা সেটা সহিবে না"
rabindranath tagore,"রাজলম্মী ভাবিলেন, বিহারী আবার বিয়ে করিবে"
rabindranath tagore,"কেবল মহিনকে লইয়াই আছে, বউ আনিবার কথা মনেও স্থান দেয় এই ভাবিয়া বিহারীর প্রতি তাহার কৃপামিশ্রিত মমতা আর- একটুখানি বাড়িল"
rabindranath tagore,"বিনোদিনীর বাপ বিশেষ ধনী ছিল না, কিন্তু তাহার একমাত্র কন্যাকে সে মিশনারি মেম রাখিয়া বহুযত্বে পড়াশুনা ও কারুকার্য শিখাইয়াছিল"
rabindranath tagore,"কন্যার বিবাহের বয়স ক্রমেই বহিয়া যাইতেছি, তবু তাহার হুঁশ ছিল অবশেষে তাহার মৃত্যুর পরে বিধবা মাতা পাত্র খুঁজিয়া অস্থির হইয়া পড়িয়াছে"
rabindranath tagore,"টাকাকড়িও নাই, কন্যার বয়সও অধিক তখন রাজলম্মমী তাহার জন্মভূমি বারাসতের গ্রামসম্পর্কীয় এক ভ্রাতুষ্পুত্রের সহিত উক্ত কন্যা বিনোদিনীর বিবাহ দেওয়াইলেন"
rabindranath tagore,অনতিকাল পরে কন্যা বিধবা হইল
rabindranath tagore,"মহেন্দ্র হাসিয়া কহিল, ভাগ্যে বিবাহ করি নাই, স্ত্রী বিধবা হইলে তো এক টিকিতে পারিতাম বছর- তিনেক পরে আর- এক দিন মাতাপুত্রে কথা হইতেছিল"
rabindranath tagore,"বাবা, লোকে যে আমাকেই নিন্দা করে"
rabindranath tagore,"কেন মা, লোকের তুমি কী সর্বনাশ করিয়াছ"
rabindranath tagore,"পাছে বউ আসিলে ছেলে পর হইয়া যায়, এই ভয়ে তোর বিবাহ দিতেছি না, লোকে এইরূপ বলাবলি করে"
rabindranath tagore,"মহেন্দ্র কহিল, ভয় তো হওয়াই উচিত"
rabindranath tagore,আমি মা হইলে প্রাণ ধরিয়া ছেলের বিবাহ দিতে পারিতাম না
rabindranath tagore,লোকের নিন্দা মাথা পাতিয়া লইতাম
rabindranath tagore,"মা হাসিয়া কহিলেন, শোনো একবার ছেলের কথা শোনো"
rabindranath tagore,"মহেন্দ্র কহিল, বউ আসিয়া তো ছেলেকে তখন এত কষ্টের এত স্নেহের মা কোথায় সরিয়া যায়, এ যদি-বা তোমার ভালো লাগে, আমার ভালো লাগে না"
rabindranath tagore,"পৃষ্ঠা মনে পুলকিত হইয়া তাহার সদ্যসমাগতা বিধবা জাকে সম্বোধন করিয়া বলিলেন, শোনো ভাই মেজোবউ, মহিন কী বলে শোনো"
rabindranath tagore,"বউ পাছে মাকে ছাড়াইয়া উঠে, এই ভয়ে ও বিয়ে করিতে চায় না"
rabindranath tagore,"কাকী কহিলেন, এ তোমার, বাছা, বাড়াবাড়ি"
rabindranath tagore,যখনকার যা তখন তাই শোভা পায়
rabindranath tagore,"এখন মার আঁচল ছাড়িয়া বউ লইয়া ঘরকন্না করিবার সময় আসিয়াছে, এখন ছোটো ছেলেটির মতো ব্যবহার দেখিলে লজ্জা বোধ হয়"
rabindranath tagore,"কথা রাজলম্মমীর ঠিক মধুর লাগিল না এবং এই প্রসঙ্গে তিনি যে- কটি কথা বলিলেন, তাহা সরল হইতে পারে, কিন্তু মধুমাখা নহে"
rabindranath tagore,"কহিলেন, আমার ছেলে যদি অন্যের ছেলেদের চেয়ে মাকে বেশি ভালোবাসে, তোমার তাতে লজ্জা করে কেন মেজোবউ ছেলে থাকিলে ছেলের মর্ম বুঝিতে করিলেন, পুত্রসৌভাগ্যবতীকে পুত্রহীনা ঈর্ষা করিতেছে"
rabindranath tagore,"মেজোবউ কহিলেন, তুমিই বউ আনিবার কথা পাড়িলে বলিয়া কথাটা উঠিল, নহিলে আমার অধিকার কী রাজলম্মমী কহিলেন, আমার ছেলে যদি বউ না আনে, তোমার বুকে তাতে শেল বেঁধে কেন"
rabindranath tagore,"বেশ তো, এতদিন যদি ছেলেকে মানুষ করিয়া আসিতে পারি, এখনো উহাকে দেখিতে শুনিতে পারিব, আর কাহারো দরকার হইবে মেজোবউ অশ্রুপাত করিয়া নীরবে চলিয়া গেলেন"
rabindranath tagore,মহেন্দ্র মনে মনে আঘাত পাইল এবং কালেজ হইতে সকাল- সকাল ফিরিয়াই তাহার কাকীর ঘরে উপস্থিত হইল
rabindranath tagore,"কাকী তাহাকে যাহা বলিয়াছেন, তাহার মধ্যে স্নেহ ছাড়া আর কিছুই ছিল না, ইহা সে নিশ্চয় জানিত"
rabindranath tagore,"এবং ইহাও তাহার জানা ছিল, কাকীর একটি পিতৃমাতৃহীনা বোনঝি আছে, এবং মহেন্দ্রের সহিত তাহার বিবাহ দিয়া সন্তানহীনা বিধবা কোনো সূত্রে আপনার ভগিনীর মেয়েটিকে কাছে আনিয়া সুখী দেখিতে চান"
rabindranath tagore,"যদিচ বিবাহে সে নারাজ, তবু কাকীর এই মনোগত ইচ্ছাটি তাহার কাছে স্বাভাবিক এবং অত্যন্ত করুণাবহ বলিয়া মনে হইত"
rabindranath tagore,"মহেন্দ্র তাহার ঘরে যখন গেল, তখন বেলা আর বড়ো বাকি কাকী অন্নপূর্ণা তাহার ঘরের কাটা জানালার গরাদের উপর মাথা রাখিয়া শুল্কবিমর্ষমুখে বসিয়াছিলেন"
rabindranath tagore,"পাশের ঘরে ভাত ঢাকা পড়িয়া আছে, এখনো স্পর্শ করেন অল্প কারণেই মহেন্দ্রের চোখে জল আসিত"
rabindranath tagore,কাকীকে দেখিয়া তাহার চোখ ছলছল করিয়া উঠিল
rabindranath tagore,"কাছে আসিয়া শ্লিগ্ধস্বরে ডাকিল, কাকীমা"
rabindranath tagore,"অন্নপূর্ণা হাসিবার চেষ্টা করিয়া কহিলেন, আয় মহিন, বোস"
rabindranath tagore,"মহেন্দ্র কহিল, ভারি ক্ষুধা পাইয়াছে, প্রসাদ খাইতে চাই"
rabindranath tagore,অন্নপূর্ণা মহেন্দ্রের কৌশল বুঝিয়া উচ্ছ্বসিত অশ্রু কষ্টে সংবরণ করিলেন এবং নিজে খাইয়া মহেন্দ্রকে খাওয়াইলেন
rabindranath tagore,মহেন্দ্রের হৃদয় তখন করুণায় আর্দ্র ছিল
rabindranath tagore,"কাকীকে সান্তনা দিবার জন্য আহারান্তে হঠাৎ মনের ঝৌঁকে বলিয়া বসিল, কাকী, তোমার সেই- যে বোনঝির কথা বলিয়াছিলে, তাহাকে একবার দেখাইবে না"
rabindranath tagore,কথাটা উচ্চারণ করিয়াই সে ভীত হইয়া পড়িল
rabindranath tagore,"অন্নপূর্ণা হাসিয়া কহিলেন, তোর আবার বিবাহে মন গেল নাকি, মহিন"
rabindranath tagore,"মহেন্দ্র তাড়াতাড়ি কহিল, না, আমার জন্য নয় কাকী, আমি বিহারীকে রাজি করিয়াছি"
rabindranath tagore,তুমি দেখিবার দিন ঠিক করিয়া দাও
rabindranath tagore,"অন্নপূর্ণা কহিলেন, আহা, তাহার কি এমন ভাগ্য হইবে৷ বিহারীর মতো ছেলে কি তাহার কপালে আছে"
rabindranath tagore,কাকীর ঘর হইতে বাহির হইয়া মহেন্দ্র দ্বারের কাছে আসিতেই মার সঙ্গে দেখা হইল
rabindranath tagore,"রাজলম্দ্মী জিজ্ঞাসা করিলেন, কী মহেন্দ্র, এতক্ষণ তোদের কী পরামর্শ হইতেছিল"
rabindranath tagore,"মহেন্দ্র কহিল, পরামর্শ কিছুই না, পান লইতে আসিয়াছি"
rabindranath tagore,"মা কহিলেন, তোর পান তো আমার ঘরে সাজা আছে"
rabindranath tagore,মহেন্দ্র উত্তর না করিয়া চলিয়া গেল
rabindranath tagore,ঘরে ঢুকিয়া অন্নপূর্ণার রোদনস্ফীত চক্ষু দেখিবামাত্র অনেক কথা কল্পনা করিয়া লইলেন
rabindranath tagore,"ফৌস করিয়া বলিয়া উঠিলেন, কী গো মেজোঠাকরুন, ছেলের কাছে লাগালাগি করিতেছিলে বুঝি"
rabindranath tagore,বলিয়া উত্তরমাত্র না শুনিয়া দ্রুতবেগে চলিয়া গেলেন
rabindranath tagore,"পৃষ্ঠা অধ্যায় - মেয়ে দেখিবার কথা মহেন্দ্র প্রায় ভুলিয়াছিল, অন্নপূর্ণা ভোলেন নাই"
rabindranath tagore,তিনি শ্যামবাজারে মেয়ের অভিভাবক জেঠার বাড়িতে পত্র লিখিয়া দেখিতে যাইবার দিন স্থির করিয়া পাঠাইলেন
rabindranath tagore,"দিন স্থির হইয়াছে শুনিয়াই মহেন্দ্র কহিল, এত তাড়াতাড়ি কাজটা করিলে কেন কাকী"
rabindranath tagore,এখনো বিহারীকে বলাই হয় নাই
rabindranath tagore,"অন্নপূর্ণা কহিলেন, সে কি হয় মহিন"
rabindranath tagore,এখন না দেখিতে গেলে তাহারা কী মনে করিবে মহেন্দ্র বিহারীকে ডাকিয়া সকল কথা বলিল
rabindranath tagore,"কহিল, চলো তো, পছন্দ না হইলে তো তোমার উপর জোর চলিবে না"
rabindranath tagore,"বিহারী কহিল, সে কথা বলিতে পারি না"
rabindranath tagore,কাকীর বোনঝিকে দেখিতে গিয়া পছন্দ হইল না বলা আমার মুখ দিয়া আসিবে না
rabindranath tagore,"মহেন্দ্র কহিল, সে তো উত্তম কথা৷ বিহারী কহিল, কিন্তু তোমার পক্ষে অন্যায় কাজ হইয়াছে মহিনদা"
rabindranath tagore,নিজেকে হালকা রাখিয়া পরের স্কন্ধে এরূপ ভার চাপানো তোমার উচিত হয় নাই
rabindranath tagore,"এখন কাকীর মনে আঘাত দেওয়া আমার পক্ষে বড়োই কঠিন মহেন্দ্র একটু লজ্জিত ও রুষ্ট হইয়া কহিল, তবে কী করিতে চাও"
rabindranath tagore,"বিহারী কহিল, যখন তুমি আমার নাম করিয়া তাহাকে আশা দিয়াছ, তখন আমি বিবাহ করিব- দেখিতে যাইবার ভড়ং করিবার দরকার অন্নপূর্ণাকে বিহারী দেবীর মতো ভক্তি করিত"
rabindranath tagore,"অবশেষে অন্নপূর্ণা বিহারীকে নিজে ডাকিয়া কহিলেন, সে কি হয় বাছা"
rabindranath tagore,"না দেখিয়া বিবাহ করিবে, সে কিছুতেই হইবে না"
rabindranath tagore,"যদি পছন্দ না হয়, তবে বিবাহে সম্মতি দিতে পারিবে না, এই আমার শপথ রহিল"
rabindranath tagore,"নির্ধারিত দিনে মহেন্দ্র কালেজ হইতে ফিরিয়া আসিয়া মাকে কহিল, আমার সেই রেশমের জামা এবং ঢাকাই ধুতিটা বাহির করিয়া দাও"
rabindranath tagore,"মা কহিলেন, কেন, কোথায় যাবি"
rabindranath tagore,"মহেন্দ্র কহিল, দরকার আছে মা, তুমি দাও- না, আমি পরে বলিব মহেন্দ্র একটু সাজ না করিয়া থাকিতে পারিল না"
rabindranath tagore,"পরের জন্য হইলেও কন্যা দেখিবার প্রসঙ্গমাত্রেই যৌবন ধর্ম আপনি চুলটা একটু ফিরাইয়া লয়, চাদরে কিছু গন্ধ ঢালে"
rabindranath tagore,দুই বন্ধু কন্যা দেখিতে বাহির হইল
rabindranath tagore,কন্যার জেঠা শ্যামবাজারের অনুকূলবাবু- নিজের উপার্জিত ধনের দ্বারায় তাহার বাগানসমেত তিনতলা বাড়িটাকে পাড়ার মাথার উপর তুলিয়াছেন
rabindranath tagore,দরিদ্র ভ্রাতার মৃত্যুর পর পিতৃমাতৃহীনা ভ্রাতুষ্পুত্রীকে তিনি নিজের বাড়িতে আনিয়া রাখিয়াছেন
rabindranath tagore,"মাসি অন্নপূর্ণা বলিয়াছিলেন, আমার কাছে তাহাতে ব্যয়লাঘবের সুবিধা ছিল বটে, কিন্তু গৌরবলাঘবের ভয়ে অনুকূল রাজি হইলেন না"
rabindranath tagore,"এমন- কি, দেখাসাক্ষাৎ করিবার জন্যও কন্যাকে কখনো মাসির বাড়ি পাঠাইতেন না, নিজেদের মর্যাদা সম্বন্ধে তিনি এতই কড়া ছিলেন"
rabindranath tagore,কন্যাটির ভাবনার সময় আসিল কিন্তু আজকালকার দিনে কন্যার বিবাহ সম্বন্ধে ভাবনা সিদ্ধির্ভবতিতাদুশী' কথাটা খাটে না
rabindranath tagore,"কিন্তু পণের কথা উঠিলেই অনুকূল বলেন, আমার তো নিজের মেয়ে আছে, আমি একা আর কত পারিয়া উঠিব"
rabindranath tagore,এমনি করিয়া দিন বহিয়া যাইতেছিল
rabindranath tagore,এমন সময় সাজিয়া- গুজিয়া গন্ধ মাখিয়া রঙ্গভূমিতে বন্ধুকে লইয়া মহেন্দ্র প্রবেশ করিলেন
rabindranath tagore,তখন চত্রমাসের দিবসান্তে সূর্য অস্তোন্মুখ
rabindranath tagore,দোতলার দক্ষিণবারান্দায় চিত্রিত চীনের টালি গাথা; তাহারই প্রান্তে দুই অভ্যাগতের জন্য রুপার রেকাবি ফলমূলমিষ্টান্নে শোভমান এবং বরফজলপূর্ণ রুপার গ্লাস শীতল শিশিরবিন্দুজালে মণ্ডিত
rabindranath tagore,মহেন্দ্র বিহারীকে লইয়া আলজ্জিতভাবে খাইতে বসিয়াছেন
rabindranath tagore,"নীচে বাগানে মালী তখন ঝারিতে করিয়া গাছে গাছে জল দিতেছিল, সেই সিক্ত মৃত্তিকার গন্ধ বহন করিয়া চৈত্রের দক্ষিণ বাতাস মহেন্দ্রের শুভ্র সুবাসিত চাদরের প্রান্তকে দুর্দাম করিয়া তুলিতেছিল"
rabindranath tagore,"আশপাশের দ্বার- জানালার ছিদ্রান্তরাল হইতে একটু- আধটু চাপা হাসি, ফিসফিস কথা, দুটা- একটা গহনার টুংটাং যেন শুনা যায়"
rabindranath tagore,"আহারের পর অনুকূলবাবু ভিতরের দিকে চাহিয়া কহিলেন, চুনি, পান নিয়ে আয় তো রে"
rabindranath tagore,কিছুক্ষণ পরে সংকোচের ভাবে পশ্চাতের একটা দরজা খুলিয়া গেল এবং একটি বালিকা কোথা হইতে সর্বাঙ্গে রাজ্যের লজ্জা জড়াইয়া আনিয়া পানের বাটা হাতে অনুকূলবাবুর কাছে আসিয়া দীড়াইল
rabindranath tagore,"তিনি কহিলেন, লজ্জা কী মা"
rabindranath tagore,বাটা এঁ ওঁদের সামনে রাখো
rabindranath tagore,বালিকা নত হইয়া কম্পিতহস্তে পানের বাটা অতিথিদের আসন- পার্শ্বে ভূমিতে রাখিয়া দিল
rabindranath tagore,বারান্দার পশ্চিম- প্রান্ত হইতে সূর্যাস্ত আভা তাহার লজ্জিত মুখকে মণ্ডিত করিয়া গেল
rabindranath tagore,সেই অবকাশে মহেন্দ্র সেই কম্পান্বিতা বালিকার করুণ মুখচ্ছবি দেখিয়া লইল
rabindranath tagore,"বালিকা তখনি চলিয়া যাইতে উদ্যত হইলে অনুকূলবাবু কহিলেন, একটু দাড়া চুনি"
rabindranath tagore,"বিহারীবাবু, এইটি আমার ছোটো ভাই অপূর্বর কন্যা"
rabindranath tagore,"সে তো চলিয়া গেছে, এখন আমি ছাড়া ইহার আর কেহ নাই"
rabindranath tagore,মহেন্দ্রের হৃদয়ে দয়ার আঘাত লাগিল
rabindranath tagore,অনাথার দিকে আর- এক বার চাহিয়া দেখিল
rabindranath tagore,পৃষ্ঠা কেহ তাহার বয়স স্পষ্ট করিয়া বলিত না
rabindranath tagore,"আত্মীয়েরা বলিত, এই বারো- তেরো হইবে"
rabindranath tagore,অর্থাৎ চৌদ্দ- পনেরো হওয়ার সম্ভাবনাই অধিক
rabindranath tagore,কিন্তু অনুগ্রহপালিত বলিয়া একটি ভীরু ভাবে তাহার নবযৌবনারম্তকে সংযত সংবৃত করিয়া রাখিয়াছে
rabindranath tagore,"আর্দ্রচিত্ত মহেন্দ্র জিজ্ঞাসা করিল, তোমার নাম কী"
rabindranath tagore,"অনুকূলবাবু উৎসাহ দিয়া কহিলেন, বলো মা, তোমার নাম বলো"
rabindranath tagore,"বালিকা তাহার অভ্যস্ত আদেশ- পালনের ভাবে নতমুখে বলিল, আমার নাম আশালতা"
rabindranath tagore,মহেন্দ্রের মনে হইল নামটি বড়ো করুণ এবং কণ্ঠটি বড়ো কোমল
rabindranath tagore,দুই বন্ধু পথে বাহির হইয়া আসিয়া গাড়ি ছাড়িয়া দিল
rabindranath tagore,"মহেন্দ্র কহিল, বিহারী, এ মেয়েটিকে তুমি ছাড়িয়ো বিহারী তাহার স্পষ্ট উত্তর না করিয়া কহিল, মেয়েটিকে দেখিয়া উহার মাসিমাকে মনে পড়ে; বোধ হয় অমনি হইবে"
rabindranath tagore,"মহেন্দ্র কহিল, তোমার যে বোঝা চাপাইলাম, এখন বোধ হয় তাহার ভার তত গুরুতর বোধ হইতেছে না"
rabindranath tagore,"বিহারী কহিল, না, বোধ হয় সহ্য করিতে পারিব"
rabindranath tagore,"মহেন্দ্র কহিল, কাজ কী এত কষ্ট করিয়া"
rabindranath tagore,তোমার বোঝা না হয় আমিই তুলিয়া কী বল
rabindranath tagore,বিহারী গন্ভীরভাবে মহেন্দ্রের মুখের দিকে চাহিল
rabindranath tagore,তুমি বিবাহ করিলে কাকী ঢের বেশি খুশি হইবেন- তাহা হইলে তিনি মেয়েটিকে সর্বদাই কাছে রাখিতে পারিবেন
rabindranath tagore,"মহেন্দ্র কহিল, তুমি পাগল হইয়াছ"
rabindranath tagore,সে হইলে অনেক কাল আগে হইয়া যাইত
rabindranath tagore,"বিহারী অধিক আপত্তি না করিয়া চলিয়া গেল, মহেন্দ্রও সোজা পথ ছাড়িয়া দীর্ঘ পথ ধরিয়া বহুবিলম্বে ধীরে ধীরে বাড়ি গিয়া পৌছিল"
rabindranath tagore,"মা তখন লুচিভাজা- ব্যাপারে ব্যস্ত ছিলেন, কাকী তখনো তাহার বোনঝির নিকট হইতে ফেরেন নাই"
rabindranath tagore,মহেন্দ্র একা নির্জন ছাদের উপর গিয়া মাদুর পাতিয়া শুইল
rabindranath tagore,কলিকাতার হর্ম্যশিখরপুজ্ঞের উপর শুরুসপ্তমীর অর্থচন্দ্র নিঃশব্দে আপন অপরূপ মায়ামন্ত্র বিকীর্ণ করিতেছিল
rabindranath tagore,"মা যখন খাবার খবর দিলেন, মহেন্দ্র অলসস্বরে কহিল, বেশ আছি, এখন আর উঠিতে পারি না"
rabindranath tagore,"মা কহিলেন, এইখানেই আনিয়া দিই- না"
rabindranath tagore,"মহেন্দ্র কহিল, আজ আর খাইব না, আমি খাইয়া আসিয়াছি"
rabindranath tagore,"পৃষ্ঠা মা জিজ্ঞাসা করিলেন, কোথায় খাইতে গিয়াছিলি"
rabindranath tagore,"মহেন্দ্র কহিল, সে অনেক কথা, পরে বলিব মহেন্দ্রের এই অভূতপূর্ব ব্যবহারে অভিমানিনী মাতা কোনো উত্তর না করিয়া চলিয়া যাইতে উদ্যত হইলেন"
rabindranath tagore,"তখন মুহূর্তের মধ্যে আত্মসংবরণ করিয়া অনুতপ্ত মহেন্দ্র কহিল, মা, আমার খাবার এইখানেই আনো"
rabindranath tagore,"মা কহিলেন, ক্ষুধা না থাকে তো দরকার কী"
rabindranath tagore,এই লইয়া ছেলেতে মায়েতে কিয়ৎক্ষণ মান- অভিমানের পর মহেন্দ্রকে পুনশ্চ আহারে বসিতে হইল
rabindranath tagore,পৃষ্ঠা অধ্যায় - রাত্রে মহেন্দ্রের ভালো নিদ্রা হইল না
rabindranath tagore,প্রত্যুষেই সে বিহারীর বাসায় আসিয়া উপস্থিত
rabindranath tagore,"কহিল, ভাই, ভাবিয়া দেখিলাম, কাকীমার মনোগত ইচ্ছা আমিই তাহার বোনঝিকে বিবাহ করি"
rabindranath tagore,"বিহারী কহিল, সেজন্য তো হঠাৎ নূতন করিয়া ভাবিবার কোনো দরকার ছিল তিনি তো ইচ্ছা নানাপ্রকারেই ব্যক্ত করিয়াছেন"
rabindranath tagore,"মহেন্দ্র কহিল, তাই বলিতেছি, আমার মনে হয়, আশাকে আমি বিবাহ না করিলে তাহার মনে একটা থাকিয়া যাইবে বিহারী কহিল, সম্ভব বটে"
rabindranath tagore,"মহেন্দ্র কহিল, আমার মনে হয়, সেটা আমার পক্ষে নিতান্ত অন্যায় হইবে"
rabindranath tagore,"বিহারী কিঞ্চিৎ অস্বাভাবিক উৎসাহের সহিত কহিল, বেশ কথা, সে তো ভালো কথা, তুমি রাজি হইলে তো আর কোনো কথাই থাকে না"
rabindranath tagore,কর্তব্যবুদ্ধি কাল তোমার মাথায় আসিলেই তো ভালো হইত
rabindranath tagore,একদিন দেরিতে আসিয়া কী এমন ক্ষতি হইল
rabindranath tagore,"যেই বিবাহের প্রস্তাবে মহেন্দ্র মনকে লাগাম ছাড়িয়া দিল, সেই তাহার পক্ষে ধৈর্য রক্ষা করা দুঃসাধ্য হইয়া উঠিল"
rabindranath tagore,"তাহার মনে হইতে লাগিল, আর অধিক কথাবার্তা না হইয়া কাজটা সম্পন্ন হইয়া গেলেই ভালো মাকে গিয়া কহিল, আচ্ছা মা, তোমার অনুরোধ রাখিব"
rabindranath tagore,"মা মনে মনে কহিলেন, বুঝিয়াছি, সেদিন মেজোবউ কেন হঠাৎ তাহার বোনঝিকে দেখিতে চলিয়া গেল এবং বাহির হইল"
rabindranath tagore,"তাহার বারংবার অনুরোধ অপেক্ষা অশ্নপূর্ণার চক্রান্ত যে সফল হইল, ইহাতে তিনি সমস্ত বিশ্ববিধানের উপর অসন্তুষ্ট হইয়া উঠিলেন"
rabindranath tagore,"বলিলেন, একটি ভালো মেয়ে সন্ধান করিতেছি"
rabindranath tagore,"মহেন্দ্র আশার উল্লেখ করিয়া কহিল, কন্যা তো পাওয়া গেছে"
rabindranath tagore,"রাজলম্দ্মী কহিলেন, সে কন্যা হইবে না বাছা, তাহা আমি বলিয়া রাখিতেছি"
rabindranath tagore,"মহেন্দ্র যথেষ্ট সংযত ভাষায় কহিল, কেন মা, মেয়েটি তো মন্দ নয়"
rabindranath tagore,"তাহার তিন কূলে কেহ নাই, তাহার সহিত বিবাহ দিয়া আমার কুটুমস্বের সুখ কী হইবে"
rabindranath tagore,"কুটুমস্বের সুখ না হইলেও আমি দুঃখিত হইব না, কিন্তু মেয়েটিকে আমার বেশ পছন্দ হইয়াছে মা"
rabindranath tagore,পৃষ্ঠা ছেলের জেদ দেখিয়া রাজলম্ম্মীর চিত্ত আরো কঠিন হইয়া উঠিল
rabindranath tagore,"অন্নপূর্ণাকে গিয়া কহিলেন, বাপ- মা- মরা অলক্ষণা কন্যার সহিত আমার এক ছেলের বিবাহ দিয়া তুমি আমার ছেলেকে আমার কাছ হইতে ভাঙাইয়া লইতে চাও"
rabindranath tagore,"অন্নপূর্ণা কাদিয়া কহিলেন, মহিনের সঙ্গে বিবাহের কোনো কথাই হয় নাই, সে আপন ইচ্ছামত তোমাকে কী বলিয়াছে আমিও জানি না"
rabindranath tagore,মহেন্দ্রের মা সে কথা কিছুমাত্র বিশ্বাস করিলেন না
rabindranath tagore,"তখন অন্নপূর্ণা বিহারীকে ডাকাইয়া সাশ্রনেত্রে কহিলেন, তোমার সঙ্গেই তো সব ঠিক হইয়াছিল, আবার কেন উলটাইয়া দিলে"
rabindranath tagore,"আবার তোমাকেই মত দিতে হইবে৷ তুমি উদ্ধার না করিলে আমাকে বড়ো লজ্জায় পড়িতে হইবে মেয়েটি বড়ো লম্ম্মী, তোমার অযোগ্য হইবে না"
rabindranath tagore,"বিহারী কহিল, কাকীমা, সে কথা আমাকে বলা বাহুল্য"
rabindranath tagore,"তোমার বোনঝি যখন, তখন আমার অমতের কোনো কথাই নাই"
rabindranath tagore,"কিন্তু মহেন্দ্র অন্নপূর্ণা কহিলেন, না বাছা, মহেন্দ্রের সঙ্গে তাহার কোনোমতেই বিবাহ হইবার নয়"
rabindranath tagore,"আমি তোমাকে সত্য কথাই বলিতেছি, তোমার সঙ্গে বিবাহ হইলেই আমি সব চেয়ে নিশ্চিন্ত হই"
rabindranath tagore,মহিনের সঙ্গে সম্বন্ধে আমার মত নাই
rabindranath tagore,"বিহারী কহিল, কাকী, তোমার যদি মত না থাকে, তাহা হইলে কোনো কথাই এই বলিয়া সে রাজলম্মমীর নিকটে গিয়া কহিল, মা, কাকীর বোনঝির সঙ্গে আমার বিবাহ স্থির হইয়া গেছে, আত্মীয় স্ত্রীলোক কেহ কাছে নাই- কাজেই লজ্জার মাথা খাইয়া নিজেই খবরটা দিতে হইল রাজলম্ম্মী"
rabindranath tagore,বলিস কী বিহারী বড়ো খুশি হইলাম
rabindranath tagore,"মেয়েটি লক্ষ্মী মেয়ে, তোর উপযুক্ত"
rabindranath tagore,মেয়ে কিছুতেই হাতছাড়া করিস নে
rabindranath tagore,বিহারী হাতছাড়া কেন হইবে৷ মহিনদা নিজে পছন্দ করিয়া আমার সঙ্গে সম্বন্ধ করিয়া দিয়াছেন
rabindranath tagore,এই- সকল বাধাবিয্নে মহেন্দ্র দ্বিগুণ উত্তেজিত হইয়া উঠিল
rabindranath tagore,সে মা ও কাকীর উপর রাগ করিয়া একটা দীনহীন ছাত্রাবাসে গিয়া আশ্রয় লইল
rabindranath tagore,"অন্নপূর্ণার ঘরে উপস্থিত হইলেন; কহিলেন, মেজোবউ, আমার ছেলে বুঝি উদাস হইয়া ঘর ছাড়িল, তাহাকে রক্ষা করো"
rabindranath tagore,"অন্নপূর্ণা কহিলেন, দিদি, একটু ধৈর্য ধরিয়া থাকো, দুদিন বাদেই তাহার রাগ পড়িয়া যাইবে"
rabindranath tagore,"কহিলেন, তুমি তাহাকে জান না"
rabindranath tagore,"সে যাহা চায়, না পাইলে যাহা- খুশি করিতে পারে"
rabindranath tagore,"তোমার বোনঝির সঙ্গে যেমন করিয়া হউক, অন্নপূর্ণা"
rabindranath tagore,"দিদি, সে কী করিয়া হয়- বিহারীর সঙ্গে কথাবার্তা একপ্রকার পাকা হইয়াছে"
rabindranath tagore,"পৃষ্ঠা রাজলম্দ্মী কহিলেন, সে ভার্ডিতে কতক্ষণ"
rabindranath tagore,"বলিয়া বিহারীকে ডাকিয়া কহিলেন, বাবা, তোমার জন্য ভালো পাত্রী দেখিয়া দিতেছি, এই কন্যাটি ছাড়িয়া দিতে হইবে, এ তোমার যোগ্যই নয়"
rabindranath tagore,"বিহারী কহিল, না মা, সে হয় না"
rabindranath tagore,সে- সমস্তই ঠিক হইয়া গেছে
rabindranath tagore,"তখন রাজলম্্মী গিয়া কহিলেন, আমার মাথা খাও মেজোবউ, তোমার পায়ে ধরি, তুমি বিহারীকে বলিলেই সব ঠিক হইবে অন্নপূর্ণা বিহারীকে কহিলেন, বিহারী, তোমাকে বলিতে আমার মুখ সরিতেছে না, কিন্তু কী করি বলো"
rabindranath tagore,"আশা তোমার হাতে পড়িলেই আমি বড়ো নিশ্চিন্ত হইতাম, কিন্তু সব তো জানিতেছই- বিহারী বুঝিয়াছি কাকী তুমি যেমন আদেশ করিবে তাহাই হইবে"
rabindranath tagore,কিন্তু আমাকে আর কখনো কাহারোও সঙ্গে বিবাহের জন্য অনুরোধ করিয়ো না
rabindranath tagore,"অন্নপূর্ণার চক্ষু জলে ভরিয়া উঠিল, মহেন্দ্রের অকল্যাণ- আশঙ্কায় মুছিয়া ফেলিলেন"
rabindranath tagore,"বার বার মনকে বুঝাইলেন- যাহা হইল, তাহা ভালোই হইল"
rabindranath tagore,এইরূপ অন্নপূর্ণা এবং মহেন্দ্রের মধ্যে নিষ্ঠুর নীরব ঘাত- প্রতিঘাত চলিতে চলিতে বিবাহের দিন সমাগত হইল
rabindranath tagore,"বাতি উজ্জ্বল হইয়া জ্বলিল, সানাই মধুর হইয়া বাজিল, মিষ্টান্নে মিষ্টের ভাগ লেশমাত্র কম পড়িল না"
rabindranath tagore,"আশা সজ্জিতসুন্দরদেহে লজ্জিতমুগ্ধমুখে আপন নূতন সংসারে প্রথম পদার্পণ করিল; তাহার এই কুলায়ের মধ্যে কোথাও যে কোনো আছে, তাহা তাহার কম্পিত- কোমল হৃদয় অনুভব করিল না; বরঞ্চ জগতে তাহার একমাত্র কাছে আসিতেছে বলিয়া আশ্বাসে ও আনন্দে তাহার সর্বপ্রকার ভয় সংশয় দূর হইয়া বিবাহের পর রাজলম্ষ্মী মহেন্দ্রকে ডাকিয়া কহিলেন, আমি বলি, এখন বউমা কিছুদিন তার জেঠার বাড়ি গিয়াই থাকুন মহেন্দ্র জিজ্ঞাসা করিল, কেন মা কহিলেন, এবারে তোমার একজামিন আছে, পড়াশুনার ব্যাঘাত হইতে পারে"
rabindranath tagore,নিজের ভালোমন্দ বুঝে চলিতে পারি না
rabindranath tagore,"হোক- না বাপু, আর- একটা বৎসর বৈ তো মহেন্দ্র কহিল, বউয়ের বাপ- মা যদি কেহ থাকিতেন, তাহাদের কাছে পাঠাইতে আপত্তি ছিল না- কি জেঠার বাড়িতে আমি উহাকে রাখিতে পারিব না"
rabindranath tagore,"উনিই কর্তা, শাশুড়ি কেহ নয়"
rabindranath tagore,কাল বিয়ে করিয়া আজই এত দরদ
rabindranath tagore,"কর্তারা তো আমাদেরও একদিন বিবাহ করিয়াছিলেন, কিন্তু এমন স্ত্রণতা, এমন বেহায়াপনা তো তখন ছিল না"
rabindranath tagore,"মহেন্দ্র খুব জোরের সহিত কহিল, কিছু ভাবিয়ো না মা"
rabindranath tagore,একজামিনের কোনো ক্ষতি হইবে না
rabindranath tagore,অধ্যায় - রাজলম্ম্মী তখন হঠাৎ অপরিমিত উৎসাহে বধূকে ঘরকন্নার কাজ শিখাইতে প্রবৃত্ত হইলেন
rabindranath tagore,"ভাঁড়ার- ঘর রান্নাঘর ঠাকুরঘরেই আশার দিনগুলি কাটিল, রাত্রে রাজলম্মমী তাহাকে নিজের বিছানায় শোয়াইয়া তাহার আত্মীয়বিচ্ছেদের ক্ষতিপূরণ করিতে লাগিলেন"
rabindranath tagore,অন্নপূর্ণা অনেক বিবেচনা করিয়া বোনঝির নিকট হইতে দূরেই থাকিতেন
rabindranath tagore,"যখন কোনো প্রবল অভিভাবক একটা ইস্ষুদণ্ডের সমস্ত রস প্রায় নিঃশেষপূর্বক চর্বণ করিতে থাকে তখন বালকের ক্ষোভ উত্তরোত্তর যেমন অসহ্য বাড়িয়া উঠে, মহেন্দ্রের সেই দশা হইল"
rabindranath tagore,"ঠিক তাহার চোখের সম্মুখেই নবযৌবনা নববধূর সমস্ত মিষ্টরস যে কেবল ঘরকন্নার দ্বারা পিষ্ট হইতে থাকিবে, ইহা কি সহ্য হয়"
rabindranath tagore,"মহেন্দ্র অন্নপূর্ণাকে গিয়া কহিল, কাকী, মা বউকে যেরূপ খাটাইয়া মারিতেছেন, আমি তো তাহা দেখিতে পারি না"
rabindranath tagore,"অন্নপূর্ণা জানিতেন রাজলম্ম্মী বাড়াবাড়ি করিতেছেন, কিন্তু বলিলেন, কেন মহিন, বউকে ঘরের কাজ শেখানো হইতেছে, ভালোই হইতেছে"
rabindranath tagore,"এখনকার মেয়েদের মতো নভেল পড়িয়া, কার্পেট বুনিয়া, বাবু হইয়া থাকা কি ভালো"
rabindranath tagore,"মহেন্দ্র উত্তেজিত হইয়া বলিল, এখনকার মেয়ে এখনকার মেয়ের মতোই হইবে, তা ভালোই হউক আর হউক"
rabindranath tagore,"আমার স্ত্রী যদি আমারই মতো নভেল পড়িয়া রস গ্রহণ করিতে পারে, তবে তাহাতে পরিতাপ বা পরিহাসের বিষয় কিছুই দেখি না"
rabindranath tagore,অন্নপূর্ণার ঘরে পুত্রের কণ্ঠস্বর শুনিতে পাইয়া রাজলম্ম্মী সব কর্ম ফেলিয়া চলিয়া আসিলেন
rabindranath tagore,"মহেন্দ্র উত্তেজিতভাবেই বলিল, পরামর্শ কিছু নয় মা, বউকে ঘরের কাজে আমি দাসীর মতো খাটিতে দিতে পারিব না"
rabindranath tagore,"মা তাহার উদ্দীপ্ত জ্বালা দমন করিয়া অত্যন্ত তীক্ষু ধীর ভাবে কহিলেন, তাহাকে লইয়া কী করিতে হইবে"
rabindranath tagore,"মহেন্দ্র কহিল, তাহাকে আমি লেখাপড়া শিখাইব"
rabindranath tagore,"পৃষ্ঠা রাজলম্মমী কিছু না কহিয়া দ্রুতপদে চলিয়া গেলেন ও মুহূর্তপরে বধূর হাত ধরিয়া টানিয়া লইয়া মহেন্দ্রের সম্মুখে স্থাপিত করিয়া কহিলেন, এই লও, তোমার তুমি লেখাপড়া শেখাও"
rabindranath tagore,"এই বলিয়া অন্নপূর্ণার দিকে ফিরিয়া গলবস্ত্র- জোড়করে কহিলেন, মাপ করো মেজোগিন্নি, মাপ করো"
rabindranath tagore,"তোমার বোনঝির মর্যাদা আমি বুঝিতে পারি নাই, উহার কোমল হাতে আমি হলুদের দাগ লাগাইয়াছি, এখন তুমি উহাকে ধুইয়া মুছিয়া বিবি সাজাইয়া মহিনের হাতে দাও- উনি পায়ের উপর পা দিয়া লেখাপড়া শিখুন, দাসীবৃত্তি আমি করিব"
rabindranath tagore,এই বলিয়া নিজের ঘরের মধ্যে ঢুকিয়া সশব্দে অর্গল বন্ধ করিলেন
rabindranath tagore,অন্নপূর্ণা ক্ষোভে মাটির উপর বসিয়া পড়িলেন
rabindranath tagore,আশা এই আকস্মিক গৃহবিপ্লবের কোনো তাৎপর্য না বুঝিয়া লজ্জায় ভয়ে দুঃখে বিবর্ণ হইয়া গেল
rabindranath tagore,"মহেন্দ্র অত্যন্ত রাগিয়া মনে মনে কহিল, আর নয়, নিজের স্ত্রীর ভার নিজের হাতে লইতেই হইবে, নহিলে অন্যায় ইচ্ছার সহিত কর্তব্যবুদ্ধি মিলিত হইতেই হাওয়ার সঙ্গে আগুন লাগিয়া গেল"
rabindranath tagore,"কোথায় গেল কালেজ, একজামিন, বন্ধুকৃত্য, সামাজিকতা: স্ত্রীর উন্নতি সাধন করিতে মহেন্দ্র তাহাকে লইয়া ঘরে ঢুকিল- কাজের প্রতি দৃক্পাত বা লোকের প্রতি ভ্রক্ষেপমাত্রও করিল অভিমানিনী রাজলম্ম্মী মনে মনে কহিলেন, মহেন্দ্র যদি এখন তার বউকে লইয়া আমার দ্বারে হত্যা দিয়া পড়ে, তবু আমি তাকাইব না, দেখি সে তার মাকে বাদ দিয়া স্ত্রীকে লইয়া কেমন করিয়া কাটায় দিন যায়- দ্বারের কাছে কোনো অনুতপ্তের পদশব্দ শুনা গেল রাজলম্মমী স্থির করিলেন, ক্ষমা চাহিতে আসিলে ক্ষমা করিবেন, নহিলে মহেন্দ্রকে অত্যন্ত ব্যথা দেওয়া হইবে"
rabindranath tagore,ক্ষমার আবেদন আসিয়া পৌছিল না
rabindranath tagore,"তখন রাজলম্ম্মী স্থির করিলেন, তিনি নিজে গিয়াই ক্ষমা করিয়া আসিবেন"
rabindranath tagore,ছেলে অভিমান করিয়া আছে বলিয়া কি মাও অভিমান করিয়া থাকিবে
rabindranath tagore,তেতলার ছাদের এক কোণে একটি ক্ষুদ্র গৃহে মহেন্দ্রের শয়ন এবং অধ্যয়নের স্থান
rabindranath tagore,"কয়দিন মা তাহার কাপড় গোছানো, বিছানা তৈরি, ঘরদুয়ার পরিষ্কার করায় সম্পূর্ণ অবহেলা করিয়াছিলেন"
rabindranath tagore,কয়দিন মাতৃন্নেহের চিরাভ্যস্ত কর্তব্যগুলি পালন না করিয়া তাহার হৃদয় স্তন্যভারাতুর স্তনের ন্যায় অন্তরে অন্তরে ব্যথিত হইয়া উঠিয়াছিল
rabindranath tagore,"সেদিন দ্বিপ্রহরে ভাবিলেন, মহেন্দ্র এতক্ষণে কালেজে গেছে, এই অবকাশে তাহার ঘর ঠিক করিয়া আসি, কালেজ হইতে ফিরিয়া আসিলেই সে অবিলম্বে বুঝিতে পারিবে তাহার ঘরে মাতৃহস্ত পড়িয়াছে"
rabindranath tagore,রাজলম্ম্মী সিঁড়ি বাহিয়া উপরে উঠিলেন
rabindranath tagore,"মহেন্দ্রের শয়নগৃহের একটা দ্বার খোলা ছিল, তাহার সম্মুখে আসিতেই যেন হঠাৎ কীটা বিধিল, চমকিয়া দীড়াইলেন"
rabindranath tagore,"দেখিলেন, নীচের বিছানায় মহেন্দ্র নিদ্রিত এবং দ্বারের দিকে পশ্চাৎ করিয়া বধূ ধীরে ধীরে তাহার পায়ে হাত বুলাইয়া দিতেছে"
rabindranath tagore,মধ্যাহ্নের প্রখর আলোকে উন্মুক্ত দ্বারে দাম্পত্যলীলার এই অভিনয় দেখিয়া রাজলম্মমী লজ্জায় ধিক্কারে সংকুচিত হইয়া নিঃশব্দে নীচে নামিয়া আসিলেন
rabindranath tagore,"পৃষ্ঠা অধ্যায় - কিছুকাল অনাবুষ্টিতে যে শস্যদল শুষ্ক পীতবর্ণ হইয়া আসে, বৃষ্টি পাইবামাত্র সে আর বিলম্ব করে না; হঠাৎ বাড়িয়া উঠিয়া দীর্ঘকালের উপবাসদৈন্য দূর করিয়া দেয়, দুর্বল নত ভাব ত্যাগ করিয়া শস্যক্ষেত্রের মধ্যে অসংকোচে অসংশয়ে আপনার অধিকার উন্নত ও উজ্জ্বল করিয়া তোলে, আশার সেইরূপ হইল"
rabindranath tagore,"যেখানে তাহার রক্তের সম্বন্ধ ছিল, সেখানে সে কখনো আত্মীয়তার দাবি করিতে পায় নাই; আজ পরের ঘরে আসিয়া সে যখন বিনা প্রার্থনায় এক নিকটতম সম্বন্ধ এবং নিঃসন্দিগ্ধ অধিকার প্রাপ্ত হইল, যখন সেই অনাথার স্বামী স্বহস্তে লক্ষ্মীর মুকুট পরাইয়া দিলেন, তখন সে আপন গৌরবপদ গ্রহণ করিতে লেশমাত্র বিলম্ব করিল না, নববধূযোগ্য লজ্জাভয় দূর করিয়া দিয়া সৌভাগ্যবতী স্ত্রীর মহিমায় মুহূর্তের মধ্যেই স্বামীর পদপ্রান্তে অসংকোচে আপন সিংহাসন অধিকার করিল"
rabindranath tagore,রাজলম্মমী সেদিন মধ্যাহ্ন সেই সিংহাসনে এই নূতন- আগত পরের মেয়েকে এমন চিরাভ্যস্তবৎ স্পর্ধার সহিত বসিয়া থাকিতে দেখিয়া দুঃসহ বিস্ময়ে নীচে নামিয়া আসিলেন
rabindranath tagore,নিজের চিত্তদাহে দগ্ধ করিতে গেলেন
rabindranath tagore,"কহিলেন, ওগো, দেখো গে, তোমার নবাবের পুত্রী নবাবের ঘর হইতে কী শিক্ষা লইয়া আসিয়াছেন"
rabindranath tagore,"কর্তারা থাকিলে আজ- অন্নপূর্ণা কাতর হইয়া কহিলেন, দিদি, তোমার বউকে তুমি শিক্ষা দিবে, শাসন করিবে, আমাকে কেন বলিতেছ"
rabindranath tagore,"ধনুষ্টংকারের মতো বাজিয়া উঠিলেন, আমার বউ"
rabindranath tagore,তুমি মন্ত্রী থাকিতে সে আমাকে গ্রাহ্য করিবে
rabindranath tagore,তখন অন্নপূর্ণা সশব্দপদক্ষেপে দম্পতিকে সচকিত সচেতন করিয়া মহেন্দ্রের শয়নগৃহে উপস্থিত হইলেন
rabindranath tagore,"আশাকে কহিলেন, তুই এমনি করিয়া আমার মাথা হেঁট করিবি পোড়ারমুখী"
rabindranath tagore,"লজ্জা নাই, শরম নাই, সময় নাই, অসময় নাই, বৃদ্ধা শাশুড়ির উপর সমস্ত ঘরকন্না চাপাইয়া তুমি এখানে আরাম করিতেছ"
rabindranath tagore,"আমার পোড়াকপাল, আমি তোমাকে এই ঘরে আনিয়াছিলাম"
rabindranath tagore,"বলিতে বলিতে তাহার চোখ দিয়া জল ঝরিয়া পড়িল, আশাও নতমুখে খুঁটিতে খুঁটিতে নিঃশব্দে দাঁড়াইয়া লাগিল"
rabindranath tagore,"মহেন্দ্র কহিল, কাকী, তুমি বউকে কেন অন্যায় করিতেছ"
rabindranath tagore,আমিই তো উহাকে ধরিয়া রাখিয়াছি
rabindranath tagore,"অন্নপূর্ণা কহিলেন, সে কি ভালো কাজ করিয়াছ"
rabindranath tagore,"বালিকা, অনাথা, মার কাছ হইতে কোনোদিন কোনো শিক্ষা পায় নাই, ও ভালোমন্দর কী জানে তুমি উহাকে কী শিক্ষা দিতেছ"
rabindranath tagore,"মহেন্দ্র কহিল, এই দেখো, উহার জন্যে স্ললেট খাতা বই কিনিয়া আনিয়াছি"
rabindranath tagore,"আমি বউকে লেখাপড়া শিখাইব, তা লোকে নিন্দাই করুক আর তোমরা রাগই কর"
rabindranath tagore,"পৃষ্ঠা অন্নপূর্ণা কহিলেন, তাই কি সমস্ত দিনই শিখাইতে হইবে সন্ধ্যার পর এক- আধ ঘণ্টা পড়ালেই তো ঢের মহেন্দ্র"
rabindranath tagore,"অত সহজ নয় কাকী, পড়াশুনায় একটু সময়ের দরকার হয়"
rabindranath tagore,অন্নপূর্ণা বিরক্ত হইয়া ঘর হইতে বাহির হইয়া গেলেন
rabindranath tagore,"আশাও ধীরে ধীরে তাহার অনুসরণের উপক্রম করিল- মহেন্দ্র দ্বার রোধ করিয়া দীড়াইল, আশার করুণ সজল নেত্রের কাতর অনুনয় মানিল না"
rabindranath tagore,"কহিল, রোসো, ঘুমাইয়া সময় নষ্ট করিয়াছি, সেটা পোষাইয়া লইতে হইবে এমন শ্রদ্ধেয় মুঢ় থাকিতেও পারেন যিনি মনে করিবেন, মহেস্দ্র নিদ্রাবেশে পড়াইবার সময় নষ্ট করিয়াছে; বিশেষরূপে তাহাদের অবগতির জন্য বলা আবশ্যক যে, মহেন্দ্রের তত্ত্বাবধানে অধ্যাপনকার্য যেরূপে নির্বাহ হয়, কোনো স্কুলের ইন্সপেক্টর তাহার অনুমোদন করিবেন না"
rabindranath tagore,"আশা তাহার স্বামীকে বিশ্বাস করিয়াছিল; সে মনে করিয়াছিল লেখাপড়া শেখা তাহার পক্ষে নানা কারণে সহজ নহে বটে, কিন্তু স্বামীর আদেশবশত নিতান্তই কর্তব্য"
rabindranath tagore,"এইজন্য সে প্রাণপণে অশান্ত বিক্ষিপ্ত মনকে সংযত করিয়া আনিত, শয়নগৃহের মেঝের উপর ঢালা বিছানার এক পার্শ্বে অত্যন্ত গম্ভীর হইয়া বসিত এবং পুথিপত্রের দিকে একেবারে ঝুঁকিয়া পড়িয়া মাথা দুলাইয়া মুখস্থ করিতে আরম্ভ করিত"
rabindranath tagore,"শয়নগৃহের অপর প্রান্তে ছোটো টেবিলের উপর ডাক্তারি বই খুলিয়া মাস্টারমশায় চৌকিতে বসিয়া আছেন, মাঝে মাঝে কটাক্ষপাতে ছাত্রীর মনোযোগ লক্ষ করিয়া দেখিতেছেন"
rabindranath tagore,"দেখিতে দেখিতে হঠাৎ ডাক্তারি বই বন্ধ করিয়া মহেন্দ্র আশার ডাক- নাম ধরিয়া ডাকিল, চুনি"
rabindranath tagore,চকিত আশা মুখ তুলিয়া চাহিল
rabindranath tagore,"মহেন্দ্র কহিল, বইটা আনো দেখি, দেখি কোন্খানটা পড়িতেছ"
rabindranath tagore,"আশার ভয় উপস্থিত হইল, পাছে মহেন্দ্র পরীক্ষা করে"
rabindranath tagore,পরীক্ষায় উত্তীর্ণ হইবার আশা অল্পই ছিল
rabindranath tagore,"কারণ, চারুপাঠের চারুত্ব- প্রলোভনে তাহার অবাধ্য মন কিছুতেই বশ মানে না; বল্মীক সম্বন্ধে সে যতই জ্ঞানলাভের চেষ্টা করে, অক্ষরগুলো ততই তাহার দৃষ্টিপথের উপর দিয়া কালো পিপীলিকার মতো সার বাঁধিয়া চলিয়া যায়"
rabindranath tagore,পরীক্ষকের ডাক শুনিয়া অপরাধীর মতো আশা ভয়ে ভয়ে বইখানি লইয়া মহেন্দ্রের চৌকির পাশে আসিয়া উপস্থিত হয়
rabindranath tagore,"মহেন্দ্র এক হাতে কটিদেশ বেষ্টনপূর্বক তাহাকে দৃঢ়রূপে বন্দী করিয়া অপর হাতে বই ধরিয়া কহে, আজ কতটা পড়িলে দেখি"
rabindranath tagore,"আশা যতগুলা লাইনে চোখ বুলাইয়াছিল, দেখাইয়া দেয়"
rabindranath tagore,বলিয়া তাহার ডাক্তারি বইয়ের কোনো- একটা অধ্যায়ের শিরোনামাটুকু মাত্র দেখাইয়া দেয়
rabindranath tagore,"আশা বিস্ময়ে চোখদুটা ডাগর করিয়া বলে, তবে এতক্ষণ কী করিতেছিলে"
rabindranath tagore,"মহেন্দ্র তাহার চিবুক ধরিয়া বলে, আমি একজনের কথা ভাবিতেছিলাম, কিন্তু যাহার কথা ভাবিতেছিলাম সেই নিষ্ঠুর তখন চারুপাঠে উইপোকার অত্যন্ত মনোহর বিবরণ লইয়া ভুলিয়া ছিল"
rabindranath tagore,"আশা এই অমূলক অভিযোগের বিরুদ্ধে উপযুক্ত জবাব দিতে পারিত- কিন্তু হায়, কেবলমাত্র লজ্জার খাতিরে প্রেমের প্রতিযোগিতায় অন্যায় পরাভব নীরবে মানিয়া লইতে হয়"
rabindranath tagore,"ইহা হইতে স্পষ্ট প্রমাণ হইবে, মহেন্দ্রের এই পাঠশালাটি সরকারি বা বেসরকারি কোনো বিদ্যালয়ের কোনো নিয়ম মানিয়া চলে না"
rabindranath tagore,"পৃষ্ঠা হয়তো একদিন মহেন্দ্র উপস্থিত নাই সেই সুযোগে আশা পাঠে মন দিবার চেষ্টা করিতেছে, এমন সময় কোথা হইতে মহেন্দ্র আসিয়া তাহার চোখ টিপিয়া ধরিল, পরে তাহার বই কাড়িয়া লইল, কহিল, নিষ্ঠুর, আমি না থাকিলে তুমি আমার কথা ভাব না, পড়া লইয়া থাক"
rabindranath tagore,"আশা কহিল, তুমি আমাকে মূর্খ করিয়া রাখিবে"
rabindranath tagore,"মহেন্দ্র কহিল, তোমার কল্যাণে আমারই বা বিদ্যা এমনই কী অগ্রসর হইতেছে কথাটা আশাকে হঠাৎ বাজিল; তৎক্ষণাৎ চলিয়া যাইবার উপক্রম করিয়া কহিল, আমি তোমার পড়ায় কী বাধা দিয়াছি"
rabindranath tagore,"মহেন্দ্র তাহার হাত ধরিয়া কহিল, তুমি তাহার কী বুঝিবে"
rabindranath tagore,"আমাকে ছাড়িয়া তুমি যত সহজে পড়া করিতে পার, তোমাকে ছাড়িয়া তত সহজে আমি আমার পড়া করিতে পারি না"
rabindranath tagore,গুরুতর দোষারোপ ইহার পরে স্বভাবতই শরতের এক পসলার মতো এক দফা কান্নার সৃষ্টি হয় এবং অনতিকালমধ্যেই কেবল একটি সজল উজ্জ্বলতা রাখিয়া সোহাগের সূর্যালোকে তাহা বিলীন হইয়া যায়
rabindranath tagore,"শিক্ষক যদি শিক্ষার সর্বপ্রধান অন্তরায় হন, তবে অবলা ছাত্রীর সাধ্য কী বিদ্যারণ্যের মধ্যে পথ করিয়া চলে"
rabindranath tagore,"মাঝে মাঝে মাসিমার তীত্র ভর্ৎসনা মনে পড়িয়া চিত্ত বিচলিত হয়- বুঝিতে পারে, লেখাপড়া একটা ছুতা মাত্র; শাশুড়িকে দেখিলে লজ্জায় মরিয়া যায়"
rabindranath tagore,"কিন্তু শাশুড়ি তাহাকে কোনো কাজ করিতে বলেন না, কোনো উপদেশ দেন না; অনাদিষ্ট হইয়া আশা শাশুড়ির গৃহকার্যে সাহায্য করিতে গেলে তিনি ব্যস্তসমস্ত হইয়া বলেন, কর কী, কর কী, শোবার ঘরে যাও, তোমার পড়া কামাই যাইতেছে"
rabindranath tagore,"অবশেষে অন্নপূর্ণা আশাকে কহিলেন, তোর যা শিক্ষা হইতেছে সে তো দেখিতেছি, এখন মহিনকেও কি ডাক্তারি দিতে দিবি না"
rabindranath tagore,"শুনিয়া আশা মনকে খুব শক্ত করিল, মহেন্দ্রকে বলিল, তোমার একৃজামিনের পড়া হইতেছে না, আজ হইতে আমি নীচে মাসিমার ঘরে গিয়া থাকিব"
rabindranath tagore,শয়নালয় হইতে একেবারে মাসিমার ঘরে আত্মনির্বাসন
rabindranath tagore,"এই কঠোর প্রতিজ্ঞা উচ্চারণ করিতে তাহার চোখের প্রান্তে জল আসিয়া পড়িল, তাহার অবাধ্য ক্ষুদ্র অধর কীপিয়া উঠিল এবং কণ্ঠস্বর হইয়া আসিল"
rabindranath tagore,"মহেন্দ্র কহিল, তবে তাই চলো, কাকীর ঘরেই যাওয়া যাক- কিন্তু তাহা হইলে তাহাকে উপরে আমাদের ঘরে আসিতে হইবে আশা এতবড়ো উদার প্রস্তাবে পরিহাস প্রাপ্ত হইয়া রাগ করিল"
rabindranath tagore,"মহেন্দ্র কহিল, তার চেয়ে তুমি স্বয়ং দিনরাত্রি আমাকে চোখে চোখে রাখিয়া পাহারা দাও, দেখো আমি একৃজামিনের পড়া মুখস্থ করি কি না"
rabindranath tagore,অতি সহজেই সেই কথা স্থির হইল
rabindranath tagore,"চোখে চোখে পাহারার কার্য কিরূপ ভাবে নির্বাহ হইত তাহার বিস্তারিত বিবরণ দেওয়া অনাবশ্যক, কেবল এইটুকু বলিলেই যথেষ্ট হইবে যে, সে বৎসর মহেন্দ্র পৃষ্ঠা পরীক্ষায় ফেল করিল এবং চারুপাঠের বিস্তারিত বর্ণনা সত্ত্বেও পুরুভুজ সম্বন্ধে আশার অনভিজ্ঞতা দূর হইল না"
rabindranath tagore,এইরূপ অপূর্ব পঠন- পাঠন- ব্যাপার যে সম্পূর্ণ নির্বিঘ্নে সম্পন্ন হইয়াছিল তাহা বলিতে পারি না
rabindranath tagore,বিহারী মাঝে মাঝে আসিয়া অত্যন্ত গোল বাধাইয়া দিত
rabindranath tagore,মহিনদা মহিনদা করিয়া সে পাড়া মাথায় করিয়া মহেন্দ্রকে তাহার শয়নগৃহের বিবর হইতে টানিয়া না বাহির করিয়া সে কোনোমতেই ছাড়িত পড়ায় শৈথিল্য করিতেছে বলিয়া সে মহেস্দ্রকে বিস্তর ভর্ৎসনা করিত
rabindranath tagore,"আশাকে বলিত, , গিলিয়া খাইলে হজম হয় না, চিবাইয়া খাইতে হয়"
rabindranath tagore,"এখন সমস্ত অন্ন এক গ্রাসে গিলিতেছ, ইহার পরে হজমি গুলি খুঁজিয়া পাইবে না"
rabindranath tagore,"মহেন্দ্র বলিত, চুনি, ও কথা শুনিয়ো বিহারী আমাদের সুখে হিংসা করিতেছে"
rabindranath tagore,"বিহারী বলিত, সুখ যখন তোমার হাতেই আছে, তখন এমন করিয়া ভোগ করো যাহাতে পরের হিংসা না হয় তত মহেন্দ্র উত্তর করিত, পরের হিংসা পাইতে যে সুখ আছে"
rabindranath tagore,"চুনি, আর- একটু হইলেই আমি গর্দভের মতো তোমাকে বিহারীর হাতে সমর্পণ করিতেছিলাম"
rabindranath tagore,"বিহারী রক্তবর্ণ হইয়া বলিয়া উঠিত, চুপ"
rabindranath tagore,এই- সকল ব্যাপারে আশা মনে মনে বিহারীর উপরে ভারি বিরক্ত হইত
rabindranath tagore,"এক সময়ে তাহার সহিত বিহারীর বিবাহ- প্রস্তাব হইয়াছিল বলিয়াই বিহারীর প্রতি তাহার একপ্রকার বিমুখ ভাব ছিল, বিহারী তাহা বুঝিত এবং মহেন্দ্র তাহা লইয়া আমোদ করিত"
rabindranath tagore,রাজলম্দ্মী বিহারীকে ডাকিয়া দুঃখ করিতেন
rabindranath tagore,"বিহারী কহিত, মা, পোকা যখন গুটি বাধে তখন তত বেশি ভয় নয়, কিন্তু যখন কাটিয়া উড়িয়া যায় তখন ফেরানো শক্ত"
rabindranath tagore,"কে মনে করিয়াছিল, ও তোমার বন্ধন এমন করিয়া কাটিবে"
rabindranath tagore,"মহেন্দ্রের ফেল- করা সংবাদে রাজলম্ম্মী গ্রীষ্মকালের আকস্মিক অগ্নিকাণ্ডের মতো দাউ দাউ করিয়া জ্বলিয়া উঠিলেন, কিন্তু তাহার গর্জন এবং দাহনটা সম্পূর্ণ ভোগ করিলেন আহারনিদ্রা দূর হইল"
rabindranath tagore,"কিছুকাল অনাবুষ্টিতে যে শস্যদল শুষ্ক পীতবর্ণ হইয়া আসে, বৃষ্টি পাইবামাত্র সে আর বিলম্ব করে না; হঠাৎ বাড়িয়া উঠিয়া দীর্ঘকালের উপবাসদৈন্য দূর করিয়া দেয়, দুর্বল নত ভাব ত্যাগ করিয়া শস্যক্ষেত্রের মধ্যে অসংকোচে অসংশয়ে আপনার অধিকার উন্নত ও উজ্জ্বল করিয়া তোলে, আশার সেইরূপ হইল"
rabindranath tagore,"যেখানে তাহার রক্তের সম্বন্ধ ছিল, সেখানে সে কখনো আত্মীয়তার দাবি করিতে পায় নাই; আজ পরের ঘরে আসিয়া সে যখন বিনা প্রার্থনায় এক নিকটতম সম্বন্ধ এবং নিঃসন্দিগ্ধ অধিকার প্রাপ্ত হইল, যখন সেই অনাথার স্বামী স্বহস্তে লক্ষ্মীর মুকুট পরাইয়া দিলেন, তখন সে আপন গৌরবপদ গ্রহণ করিতে লেশমাত্র বিলম্ব করিল না, নববধূযোগ্য লজ্জাভয় দূর করিয়া দিয়া সৌভাগ্যবতী স্ত্রীর মহিমায় মুহূর্তের মধ্যেই স্বামীর পদপ্রান্তে অসংকোচে আপন সিংহাসন অধিকার করিল"
rabindranath tagore,পৃষ্ঠা রাজলম্মমী সেদিন মধ্যাহ্ন সেই সিংহাসনে এই নূতন- আগত পরের মেয়েকে এমন চিরাভ্যস্তবৎ স্পর্ধার সহিত বসিয়া থাকিতে দেখিয়া দুঃসহ বিস্ময়ে নীচে নামিয়া আসিলেন
rabindranath tagore,নিজের চিত্তদাহে অন্নপূর্ণাকে দগ্ধ করিতে গেলেন
rabindranath tagore,"কহিলেন, ওগো, দেখো গে, তোমার নবাবের পুত্রী নবাবের ঘর হইতে কী শিক্ষা লইয়া আসিয়াছেন"
rabindranath tagore,"কর্তারা থাকিলে আজ- অন্নপূর্ণা কাতর হইয়া কহিলেন, দিদি, তোমার বউকে তুমি শিক্ষা দিবে, শাসন করিবে, আমাকে কেন বলিতেছ"
rabindranath tagore,"রাজলম্ম্মী ধনুষ্টংকারের মতো বাজিয়া উঠিলেন, আমার বউ"
rabindranath tagore,তুমি মন্ত্রী থাকিতে সে আমাকে গ্রাহ্য করিবে
rabindranath tagore,তখন অন্নপূর্ণা সশব্দপদক্ষেপে দম্পতিকে সচকিত সচেতন করিয়া মহেন্দ্রের শয়নগৃহে উপস্থিত হইলেন
rabindranath tagore,"আশাকে কহিলেন, তুই এমনি করিয়া আমার মাথা হেঁট করিবি পোড়ারমুখী"
rabindranath tagore,"লজ্জা নাই, শরম নাই, সময় নাই, অসময় নাই, বৃদ্ধা শাশুড়ির উপর সমস্ত ঘরকন্না চাপাইয়া তুমি এখানে আরাম করিতেছ"
rabindranath tagore,"আমার পোড়াকপাল, আমি তোমাকে এই ঘরে আনিয়াছিলাম"
rabindranath tagore,"বলিতে বলিতে তাহার চোখ দিয়া জল ঝরিয়া পড়িল, আশাও নতমুখে খুঁটিতে খুঁটিতে নিঃশব্দে দাঁড়াইয়া কাদিতে লাগিল"
rabindranath tagore,"মহেন্দ্র কহিল, কাকী, তুমি বউকে কেন অন্যায় করিতেছ"
rabindranath tagore,আমিই তো উহাকে ধরিয়া রাখিয়াছি
rabindranath tagore,"অন্নপূর্ণা কহিলেন, সে কি ভালো কাজ করিয়াছ"
rabindranath tagore,"বালিকা, অনাথা, মার কাছ হইতে কোনোদিন কোনো শিক্ষা পায় নাই, ও ভালোমন্দর কী জানে তুমি উহাকে কী শিক্ষা দিতেছ"
rabindranath tagore,"মহেন্দ্র কহিল, এই দেখো, উহার জন্যে স্নলেট খাতা বই কিনিয়া আনিয়াছি"
rabindranath tagore,"আমি বউকে লেখাপড়া শিখাইব, তা লোকে নিন্দাই করুক আর তোমরা রাগই কর"
rabindranath tagore,"অন্নপূর্ণা কহিলেন, তাই কি সমস্ত দিনই শিখাইতে হইবে সন্ধ্যার পর এক- আধ ঘণ্টা পড়ালেই তো ঢের হয় তত মহেন্দ্র"
rabindranath tagore,"অত সহজ নয় কাকী, পড়াশুনায় একটু সময়ের দরকার হয়"
rabindranath tagore,অন্নপূর্ণা বিরক্ত হইয়া ঘর হইতে বাহির হইয়া গেলেন
rabindranath tagore,"আশাও ধীরে ধীরে তাহার অনুসরণের উপক্রম করিল- মহেন্দ্র দ্বার রোধ করিয়া দীড়াইল, আশার করুণ সজল নেত্রের কাতর অনুনয় মানিল না"
rabindranath tagore,"কহিল, রোসো, ঘুমাইয়া সময় নষ্ট করিয়াছি, সেটা পোষাইয়া লইতে হইবে এমন গনশ্ভীরপ্রকৃতির শ্রদ্ধেয় মুঢ় থাকিতেও পারেন যিনি মনে করিবেন, মহেস্দ্র নিদ্রাবেশে পড়াইবার সময় নষ্ট করিয়াছে; বিশেষরূপে তাহাদের অবগতির জন্য বলা আবশ্যক যে, মহেন্দ্রের তত্ত্বাবধানে অধ্যাপনকার্য যেরূপে নির্বাহ হয়, কোনো স্কুলের ইন্সপেক্টর তাহার অনুমোদন করিবেন না"
rabindranath tagore,"পৃষ্ঠা আশা তাহার স্বামীকে বিশ্বাস করিয়াছিল; সে মনে করিয়াছিল লেখাপড়া শেখা তাহার পক্ষে নানা কারণে সহজ নহে বটে, কিন্তু স্বামীর আদেশবশত নিতান্তই কর্তব্য"
rabindranath tagore,"এইজন্য সে প্রাণপণে অশান্ত বিক্ষিপ্ত মনকে সংযত করিয়া আনিত, শয়নগৃহের মেঝের উপর ঢালা বিছানার এক পার্শ্বে অত্যন্ত গম্ভীর হইয়া বসিত এবং পুথিপত্রের দিকে একেবারে পড়িয়া মাথা দুলাইয়া মুখস্থ করিতে আরম্ভ করিত"
rabindranath tagore,"শয়নগৃহের অপর প্রান্তে ছোটো টেবিলের উপর ডাক্তারি বই খুলিয়া মাস্টারমশায় চৌকিতে বসিয়া আছেন, মাঝে মাঝে কটাক্ষপাতে ছাত্রীর মনোযোগ লক্ষ করিয়া দেখিতেছেন"
rabindranath tagore,"দেখিতে দেখিতে হঠাৎ ডাক্তারি বই বন্ধ করিয়া মহেন্দ্র আশার ডাক- নাম ধরিয়া ডাকিল, চুনি"
rabindranath tagore,চকিত আশা মুখ তুলিয়া চাহিল
rabindranath tagore,"মহেন্দ্র কহিল, বইটা আনো দেখি, দেখি কোন্খানটা পড়িতেছ"
rabindranath tagore,"আশার ভয় উপস্থিত হইল, পাছে মহেন্দ্র পরীক্ষা করে"
rabindranath tagore,পরীক্ষায় উত্তীর্ণ হইবার আশা অল্পই ছিল
rabindranath tagore,"কারণ, চারুপাঠের চারুত্ব- প্রলোভনে তাহার অবাধ্য মন কিছুতেই বশ মানে না; বল্মীক সম্বন্ধে সে যতই জ্ঞানলাভের চেষ্টা করে, অক্ষরগুলো ততই তাহার দৃষ্টিপথের উপর দিয়া কালো পিপীলিকার মতো সার বাঁধিয়া চলিয়া যায়"
rabindranath tagore,পরীক্ষকের ডাক শুনিয়া অপরাধীর মতো আশা ভয়ে ভয়ে বইখানি লইয়া মহেন্দ্রের চৌকির পাশে আসিয়া উপস্থিত হয়
rabindranath tagore,"মহেন্দ্র এক হাতে কটিদেশ বেষ্টনপূর্বক তাহাকে দৃঢ়রূপে বন্দী করিয়া অপর হাতে বই ধরিয়া কহে, আজ কতটা পড়িলে দেখি"
rabindranath tagore,"আশা যতগুলা লাইনে চোখ বুলাইয়াছিল, দেখাইয়া দেয়"
rabindranath tagore,বলিয়া তাহার ডাক্তারি বইয়ের কোনো- একটা অধ্যায়ের শিরোনামাটুকু মাত্র দেখাইয়া দেয়
rabindranath tagore,"আশা বিস্ময়ে চোখদুটা ডাগর করিয়া বলে, তবে এতক্ষণ কী করিতেছিলে"
rabindranath tagore,"মহেন্দ্র তাহার চিবুক ধরিয়া বলে, আমি একজনের কথা ভাবিতেছিলাম, কিন্তু যাহার কথা ভাবিতেছিলাম সেই নিষ্ঠুর তখন চারুপাঠে উইপোকার অত্যন্ত মনোহর বিবরণ লইয়া ভুলিয়া ছিল"
rabindranath tagore,"আশা এই অমূলক অভিযোগের বিরুদ্ধে উপযুক্ত জবাব দিতে পারিত- কিন্তু হায়, কেবলমাত্র লজ্জার খাতিরে প্রেমের প্রতিযোগিতায় অন্যায় পরাভব নীরবে মানিয়া লইতে হয়"
rabindranath tagore,"ইহা হইতে স্পষ্ট প্রমাণ হইবে, মহেন্দ্রের এই পাঠশালাটি সরকারি বা বেসরকারি কোনো বিদ্যালয়ের কোনো নিয়ম মানিয়া চলে না"
rabindranath tagore,"হয়তো একদিন মহেন্দ্র উপস্থিত নাই সেই সুযোগে আশা পাঠে মন দিবার চেষ্টা করিতেছে, এমন সময় কোথা হইতে মহেন্দ্র আসিয়া তাহার চোখ টিপিয়া ধরিল, পরে তাহার বই কাড়িয়া লইল, কহিল, নিষ্ঠুর, আমি না থাকিলে তুমি আমার কথা ভাব না, পড়া লইয়া থাক"
rabindranath tagore,"আশা কহিল, তুমি আমাকে মূর্খ করিয়া রাখিবে"
rabindranath tagore,"মহেন্দ্র কহিল, তোমার কল্যাণে আমারই বা বিদ্যা এমনই কী অগ্রসর হইতেছে"
rabindranath tagore,"কথাটা আশাকে হঠাৎ বাজিল; তৎক্ষণাৎ চলিয়া যাইবার উপক্রম করিয়া কহিল, আমি তোমার পড়ায় কী বাধা দিয়াছি"
rabindranath tagore,"মহেন্দ্র তাহার হাত ধরিয়া কহিল, তুমি তাহার কী বুঝিবে"
rabindranath tagore,"আমাকে ছাড়িয়া তুমি যত সহজে পড়া করিতে পার, তোমাকে ছাড়িয়া তত সহজে আমি আমার পড়া করিতে পারি না"
rabindranath tagore,পৃষ্ঠা গুরুতর দোষারোপ ইহার পরে স্বভাবতই শরতের এক পসলার মতো এক দফা কান্নার সৃষ্টি হয় এবং অনতিকালমধ্যেই কেবল একটি সজল উজ্জ্বলতা রাখিয়া সোহাগের সূর্যালোকে তাহা বিলীন হইয়া যায়
rabindranath tagore,"শিক্ষক যদি শিক্ষার সর্বপ্রধান অন্তরায় হন, তবে অবলা ছাত্রীর সাধ্য কী বিদ্যারণ্যের মধ্যে পথ করিয়া চলে"
rabindranath tagore,"মাঝে মাঝে মাসিমার তীত্র ভর্ৎসনা মনে পড়িয়া চিত্ত বিচলিত হয়- বুঝিতে পারে, লেখাপড়া একটা ছুতা মাত্র; শাশুড়িকে দেখিলে লজ্জায় মরিয়া যায়"
rabindranath tagore,"কিন্তু শাশুড়ি তাহাকে কোনো কাজ করিতে বলেন না, কোনো উপদেশ দেন না; অনাদিষ্ট হইয়া আশা শাশুড়ির গৃহকার্যে সাহায্য করিতে গেলে তিনি ব্যস্তসমস্ত হইয়া বলেন, কর কী, কর কী, শোবার ঘরে যাও, তোমার পড়া কামাই যাইতেছে"
rabindranath tagore,"অবশেষে অন্নপূর্ণা আশাকে কহিলেন, তোর যা শিক্ষা হইতেছে সে তো দেখিতেছি, এখন মহিনকেও কি ডাক্তারি দিতে দিবি না"
rabindranath tagore,"শুনিয়া আশা মনকে খুব শক্ত করিল, মহেন্দ্রকে বলিল, তোমার একৃজামিনের পড়া হইতেছে না, আজ হইতে আমি নীচে মাসিমার ঘরে গিয়া থাকিব"
rabindranath tagore,শয়নালয় হইতে একেবারে মাসিমার ঘরে আত্মনির্বাসন
rabindranath tagore,"এই কঠোর প্রতিজ্ঞা উচ্চারণ করিতে তাহার চোখের প্রান্তে জল আসিয়া পড়িল, তাহার অবাধ্য ক্ষুদ্র অধর কীপিয়া উঠিল এবং কণ্ঠস্বর রুদ্ধপ্রায় হইয়া আসিল"
rabindranath tagore,"মহেন্দ্র কহিল, তবে তাই চলো, কাকীর ঘরেই যাওয়া যাক- কিন্তু তাহা হইলে তাহাকে উপরে আমাদের ঘরে আসিতে হইবে৷ আশা এতবড়ো উদার প্রস্তাবে পরিহাস প্রাপ্ত হইয়া রাগ করিল"
rabindranath tagore,"মহেন্দ্র কহিল, তার চেয়ে তুমি স্বয়ং দিনরাত্রি আমাকে চোখে চোখে রাখিয়া পাহারা দাও, দেখো আমি একৃজামিনের পড়া মুখস্থ করি কি না"
rabindranath tagore,অতি সহজেই সেই কথা স্থির হইল
rabindranath tagore,"চোখে চোখে পাহারার কার্য কিরূপ ভাবে নির্বাহ হইত তাহার বিস্তারিত বিবরণ দেওয়া অনাবশ্যক, কেবল এইটুকু বলিলেই যথেষ্ট হইবে যে, সে বৎসর মহেন্দ্র পরীক্ষায় ফেল করিল এবং চারুপাঠের বিস্তারিত বর্ণনা সত্ত্বেও পুরুভুজ সম্বন্ধে আশার অনভিজ্ঞতা দূর হইল না"
rabindranath tagore,এইরূপ অপূর্ব পঠন- পাঠন- ব্যাপার যে সম্পূর্ণ নির্বিঘ্নে সম্পন্ন হইয়াছিল তাহা বলিতে পারি না
rabindranath tagore,বিহারী মাঝে মাঝে আসিয়া অত্যন্ত গোল বাধাইয়া দিত
rabindranath tagore,মহিনদা মহিনদা করিয়া সে পাড়া মাথায় করিয়া মহেন্দ্রকে তাহার শয়নগৃহের বিবর হইতে টানিয়া না বাহির করিয়া সে কোনোমতেই ছাড়িত পড়ায় শৈথিল্য করিতেছে বলিয়া সে মহেন্দ্রকে বিস্তর ভর্ৎসনা করিত
rabindranath tagore,"আশাকে বলিত, , গিলিয়া খাইলে হজম হয় না, চিবাইয়া খাইতে হয়"
rabindranath tagore,"এখন সমস্ত অন্ন এক গ্রাসে গিলিতেছ, ইহার পরে হজমি গুলি খুঁজিয়া পাইবে না"
rabindranath tagore,"মহেন্দ্র বলিত, চুনি, ও কথা শুনিয়ো বিহারী আমাদের সুখে হিংসা করিতেছে"
rabindranath tagore,"পৃষ্ঠা বিহারী বলিত, সুখ যখন তোমার হাতেই আছে, তখন এমন করিয়া ভোগ করো যাহাতে পরের হিংসা না হয় তত মহেন্দ্র উত্তর করিত, পরের হিংসা পাইতে যে সুখ আছে"
rabindranath tagore,"চুনি, আর- একটু হইলেই আমি গর্দভের মতো তোমাকে বিহারীর হাতে সমর্পণ করিতেছিলাম"
rabindranath tagore,"বিহারী রক্তবর্ণ হইয়া বলিয়া উঠিত, চুপ"
rabindranath tagore,এই- সকল ব্যাপারে আশা মনে মনে বিহারীর উপরে ভারি বিরক্ত হইত
rabindranath tagore,"এক সময়ে তাহার সহিত বিহারীর বিবাহ- প্রস্তাব হইয়াছিল বলিয়াই বিহারীর প্রতি তাহার একপ্রকার বিমুখ ভাব ছিল, বিহারী তাহা বুঝিত এবং মহেন্দ্র তাহা লইয়া আমোদ করিত"
rabindranath tagore,রাজলম্দ্মী বিহারীকে ডাকিয়া দুঃখ করিতেন
rabindranath tagore,"বিহারী কহিত, মা, পোকা যখন গুটি বাধে তখন তত বেশি ভয় নয়, কিন্তু যখন কাটিয়া উড়িয়া যায় তখন ফেরানো শক্ত"
rabindranath tagore,"কে মনে করিয়াছিল, ও তোমার বন্ধন এমন করিয়া কাটিবে"
rabindranath tagore,"মহেন্দ্রের ফেল- করা সংবাদে , গ্রীষ্মকালের আকস্মিক অগ্নিকাণ্ডের মতো দাউ দাউ করিয়া জ্বলিয়া উঠিলেন, কিন্তু তাহার গর্জন এবং দাহনটা সম্পূর্ণ ভোগ করিলেন আহারনিদ্রা দূর হইল"
rabindranath tagore,পৃষ্ঠা অধ্যায় - একদিন নববর্ষার বর্ষণমুখরিত মেঘাচ্ছন্ন গায়ে একখানি সুবাসিত ফুরফুরে চাদর এবং গলায় একগাছি জুঁইফুলের গোড়ে মালা পরিয়া মহেন্দ্র আনন্দমনে শয়নগৃহে প্রবেশ করিল
rabindranath tagore,হঠাৎ আশাকে বিস্ময়ে চকিত করিবে বলিয়া জুতার শব্দ করিল না
rabindranath tagore,"ঘরে উঁকি দিয়া দেখিল, পুব দিকের খোলা জানালা দিয়া প্রবল বাতাস বৃষ্টির ছাট লইয়া ঘরের মধ্যে প্রবেশ করিতেছে, বাতাসে দীপ নিবিয়া গেছে এবং আশা নীচের বিছানার উপরে পড়িয়া অব্যক্তকণ্ঠে কীদিতেছে"
rabindranath tagore,"মহেন্দ্র দ্রুতপদে কাছে আসিয়া জিজ্ঞাসা করিল, কী হইয়াছে"
rabindranath tagore,বালিকা দ্বিগুণ আবেগে কীদিয়া উঠিল
rabindranath tagore,"অনেকক্ষণ পরে ক্রমশ উত্তর পাইল যে, মাসিমা আর সহ্য করিতে না পারিয়া তাহার পিসতুত ভাইয়ের বাসায় চলিয়া গেছেন"
rabindranath tagore,"মহেন্দ্র রাগিয়া মনে করিল, গেলেন যদি, এমন বাদলার সন্ধ্যাটা মাটি করিয়া গেলেন"
rabindranath tagore,শেষকালে সমস্ত রাগ মাতার উপরে পড়িল
rabindranath tagore,তিনিই তো সকল অশান্তির মূল
rabindranath tagore,"মহেন্দ্র কহিল, কাকী যেখানে গেছেন, আমরাও সেইখানে যাইব, দেখি, মা কাহাকে লইয়া ঝগড়া করেন"
rabindranath tagore,বলিয়া অনাবশ্যক শোরগোল করিয়া জিনিসপত্র বীধাবীধি মুটে- ডাকাডাকি শুরু করিয়া দিল
rabindranath tagore,"ধীরে ধীরে মহেন্দ্রের কাছে আসিয়া শান্তস্বরে জিজ্ঞাসা করিলেন, কোথায় যাইতেছিস"
rabindranath tagore,মহেন্দ্র প্রথমে কোনো উত্তর করিল না
rabindranath tagore,"দুই- তিন বার প্রশ্নের পর উত্তর করিল, কাকীর কাছে যাইব রাজলম্দ্মী কহিলেন, তোদের কোথাও যাইতে হইবে না, আমিই তোর কাকীকে আনিয়া দিতেছি"
rabindranath tagore,বলিয়া তৎক্ষণাৎ পালকি চড়িয়া অশ্নপূর্ণার বাসায় গেলেন
rabindranath tagore,"গলায় কাপড় দিয়া জোড়হাত করিয়া কহিলেন, প্রসন্ন হও মেজোবউ, মাপ করো"
rabindranath tagore,"অন্নপূর্ণা শশব্যস্ত হইয়া রাজলম্ম্মীর পায়ের ধুলা লইয়া কাতরস্বরে কহিলেন, দিদি, কেন আমাকে অপরাধী করিতেছ"
rabindranath tagore,তুমি যেমন আজ্ঞা করিবে তাই করিব
rabindranath tagore,"রাজলম্ম্মী কহিলেন, তুমি চলিয়া আসিয়াছ বলিয়া আমার ছেলে- বউ ঘর ছাড়িয়া আসিতেছে"
rabindranath tagore,বলিতে বলিতে অভিমানে ক্রোধে ধিক্কারে তিনি কাঁদিয়া ফেলিলেন
rabindranath tagore,দুই জা বাড়ি ফিরিয়া আসিলেন
rabindranath tagore,অন্নপূর্ণা মহেন্দ্রের ঘরে যখন গেলেন তখন আশার রোদন শান্ত হইয়াছে এবং মহেন্দ্র নানা কথার ছলে তাহাকে হাসাইবার চেষ্টা করিতেছে
rabindranath tagore,লক্ষণ দেখিয়া বোধ হয় বাদলার সন্ধ্যাটা সম্পূর্ণ ব্যর্থ না যাইতেও পারে
rabindranath tagore,"পৃষ্ঠা অন্নপূর্ণা কহিলেন, চুনি, তুই আমাকে ঘরেও থাকতে দিবি না, অন্য কোথাও গেলেও সঙ্গে লাগিবি"
rabindranath tagore,আমার কি কোথাও শান্তি নাই
rabindranath tagore,আশা অকস্মাৎ বিদ্ধ মৃগীর মতো চকিত হইয়া উঠিল
rabindranath tagore,"মহেন্দ্র একান্ত বিরক্ত হইয়া কহিল, কেন কাকী, চুনি তোমার কী করিয়াছে"
rabindranath tagore,"অন্নপূর্ণা কহিলেন, বউ- মানুষের এত বেহায়াপনা দেখিতে পারি না বলিয়াই চলিয়া গিয়াছিলাম, আবার শাশুড়িকে কাদাইয়া কেন আমাকে ধরিয়া আনিল পোড়ারমুখী জীবনের কবিত্বব- অধ্যায়ে মা খুড়ী যে এমন , তাহা মহেন্দ্র জানিত না"
rabindranath tagore,"পরদিন রাজলম্ম্মী বিহারীকে ডাকাইয়া কহিলেন, বাছা, তুমি একবার মহিনকে বলো, অনেক দিন দেশে যাই নাই, আমি বারাসতে যাইতে চাই বিহারী কহিল, অনেক দিনই যখন যান নাই তখন আর নাই গেলেন"
rabindranath tagore,"আচ্ছা, আমি মহিনদাকে বলিয়া দেখি, কিন্তু সে যে কিছুতেই রাজি হইবে তা বোধ হয় না"
rabindranath tagore,"মহেন্দ্র কহিল, তা, জন্মস্থান দেখিতে ইচ্ছা হয় বটে"
rabindranath tagore,কিন্তু বেশি দিন মার সেখানে না থাকাই ভালো- বর্ষার সময় জায়গাটা ভালো নয়
rabindranath tagore,মহেন্দ্র সহজেই সম্মতি দিল দেখিয়া বিহারী বিরক্ত হইল
rabindranath tagore,"কহিল, মা একলা যাইবেন, কে তাহাকে দেখিবে"
rabindranath tagore,বৌঠানকেও সঙ্গে পাঠাইয়া দাও- না
rabindranath tagore,"বিহারীর গূঢ় ভর্ৎসনায় মহেন্দ্র কুষ্ঠিত হইয়া কহিল, তা বুঝি আর পারি না"
rabindranath tagore,কিন্তু কথাটা ইহার অধিক আর অগ্রসর হইল না
rabindranath tagore,"এমনি করিয়াই বিহারী আশার চিত্ত বিমুখ করিয়া দেয়, এবং আশা তাহার উপরে বিরক্ত হইতেছে মনে করিয়া সে যেন একপ্রকারের শুষ্ক আমোদ অনুভব করে"
rabindranath tagore,"বলা বাহুল্য, জন্মস্থান দেখিবার জন্য অত্যন্ত উৎসুক ছিলেন না"
rabindranath tagore,"যখন কমিয়া আসে তখন মাঝি যেমন পদে পদে লগি ফেলিয়া দেখে কোথায় কত জল, তেমনি ভাবান্তরের সময় মাতাপুত্রের সম্পর্কের মধ্যে লগি ফেলিয়া দেখিতেছিলেন"
rabindranath tagore,"তাহার বারাসতে যাওয়ার প্রস্তাব যে এত এত সহজেই তল পাইবে, তাহা তিনি আশা করেন নাই"
rabindranath tagore,"মনে মনে কহিলেন, গৃহত্যাগে এবং আমার গৃহত্যাগে প্রভেদ আছে- সে হইল মন্ত্র-জানা ডাইনী আর আমি হইলাম মা, আমার যাওয়াই ভালো"
rabindranath tagore,"অন্নপূর্ণা ভিতরকার কথাটা বুঝিলেন, তিনি মহেন্দ্রকে বলিলেন, দিদি গেলে আমিও থাকিতে পারিব না"
rabindranath tagore,"পৃষ্ঠা মহেন্দ্র রাজলন্ম্মীকে কহিল, শুনিতেছ মা"
rabindranath tagore,"তুমি গেলে কাকীও যাইবেন, তাহা হইলে আমাদের ঘরের কাজ চলিবে কী করিয়া"
rabindranath tagore,"রাজলম্ম্মী বিদ্বেষবিষে জর্জরিত হইয়া কহিলেন, তুমি যাইবে মেজোবউ"
rabindranath tagore,তুমি গেলে চলিবে কী করিয়া
rabindranath tagore,রাজলম্ম্মীর আর বিলম্ব সহিল না
rabindranath tagore,পরদিন মধ্যাহ্েই তিনি দেশে যাইবার জন্য প্রস্তুত
rabindranath tagore,"মহেন্দ্রই যে তাহাকে দেশে রাখিয়া আসিবে, এ বিষয়ে বিহারীর বা আর- কাহারও সন্দেহ ছিল না"
rabindranath tagore,"কিন্তু সময়কালে দেখা গেল, মহেন্দ্র মার সঙ্গে একজন সরকার ও দারোয়ান পাঠাইবার ব্যবস্থা করিয়াছে"
rabindranath tagore,"বিহারী কহিল, মহিনদা, তুমি যে এখনো তৈরি হও নাই"
rabindranath tagore,"মহেন্দ্র লজ্জিত হইয়া কহিল, আমার আবার কালেজের- বিহারী কহিল, আচ্ছা তুমি থাকো, মাকে আমি পৌছাইয়া দিয়া আসিব"
rabindranath tagore,"বিরলে আশাকে কহিল, বাস্তবিক, বিহারী বাড়াবাড়ি আরম্ভ করিয়াছে"
rabindranath tagore,"দেখাইতে চায়, যেন ও আমার চেয়ে মার কথা বেশি ভাবে"
rabindranath tagore,"অন্নপূর্ণাকে থাকিতে হইল, কিন্তু তিনি লজ্জায় ক্ষোভে ও বিরক্তিতে সংকুচিত হইয়া রহিলেন"
rabindranath tagore,খুড়ীর এইরূপ দূরভাব দেখিয়া মহেন্দ্র রাগ করিল এবং আশাও অভিমান করিয়া রহিল
rabindranath tagore,পৃষ্ঠা অধ্যায় - রাজলম্ম্মী জন্মভূমিতে পৌছিলেন
rabindranath tagore,"বিহারী তাহাকে পৌছাইয়া চলিয়া আসিবে এরূপ কথা ছিল, কিন্তু সেখানকার অবস্থা দেখিয়া, সে ফিরিল না"
rabindranath tagore,রাজলম্ম্মীর পৈতৃক বাটীতে দুই- একটি অতিবৃদ্ধা বিধবা বীঁচিয়া ছিলেন মাত্র
rabindranath tagore,"চারি দিকে ঘন জঙ্গল ও বাশবন, জল সবুজবর্ণ, দিনে- দুপুরে শেয়ালের ডাকে রাজলম্দ্মীর চিত্ত উদ্ভ্রান্ত হইয়া উঠে"
rabindranath tagore,"বিহারী কহিল, মা, জন্মভূমি বটে, কিন্তু স্বর্গাদপি গরীয়সী কোনোমতেই বলিতে পারি না"
rabindranath tagore,কলিকাতায় এখানে তোমাকে পরিত্যাগ করিয়া গেলে আমার অধর্ম হইবে
rabindranath tagore,এমন সময় বিনোদিনী আসিয়া তাহাকে আশ্রয় দিল এবং আশ্রয় করিল
rabindranath tagore,বিনোদিনীর পরিচয় প্রথমেই দেওয়া হইয়াছে
rabindranath tagore,এক সময়ে মহেন্দ্র এবং তদভাবে বিহারীর সহিত তাহার বিবাহের প্রস্তাব হইয়াছিল
rabindranath tagore,"বিধিনির্বন্ধে যাহার সহিত তাহার শুভবিবাহ হয়, সে লোকটির সমস্ত অন্তরিস্দ্রিয়ের মধ্যে ছিল সর্বাপেক্ষা প্রবল"
rabindranath tagore,সেই অতিভারেই সে দীর্ঘকাল জীবনধারণ করিতে পারিল না
rabindranath tagore,"তাহার মৃত্যুর পর হইতে বিনোদিনী, জঙ্গলের মধ্যে একটিমাত্র উদ্যানলতার মতো, নিরানন্দ পল্লীর মধ্যে মুহ্যমান ভাবে জীবনযাপন করিতেছিল"
rabindranath tagore,অদ্য সেই অনাথা আসিয়া তাহার পিস্শাশঠাকরুনকে ভক্তিভরে প্রণাম করিল এবং তাহার সেবায় আত্মসমর্পণ করিয়া দিল
rabindranath tagore,সেবা ইহাকেই মুহূর্তের জন্য আলস্য নাই
rabindranath tagore,"কেমন পরিপাটি কাজ, কেমন সুন্দর রান্না, কেমন সুমিষ্ট কথাবার্তা রাজলম্মমী বলেন, বেলা হইল মা, তুমি দুটি খাও গে যাও"
rabindranath tagore,পাখা করিয়া পিসিমাকে ঘুম না পাড়াইয়া সে উঠে না
rabindranath tagore,"এমন করিলে যে তোমার অসুখ করিবে বিনোদিনী নিজের প্রতি নিরতিশয় তাচ্ছিল্য প্রকাশ করিয়া বলে, আমাদের দুঃখের শরীরে অসুখ করে না পিসিমা"
rabindranath tagore,"আহা কতদিন পরে জন্মভূমিতে আসিয়াছ, এখানে কী আছে, কী দিয়া তোমাকে আদর করিব"
rabindranath tagore,বিহারী দুইদিনে পাড়ার কর্তা হইয়া উঠিল
rabindranath tagore,"কেহ তার কাছে রোগের ওঁষধ কেহ- বা মোকদ্দমার পরামর্শ লইতে আসে, কেহ- বা নিজের ছেলেকে বড়ো আপিসে কাজ জুটাইয়া দিবার জন্য তাহাকে ধরে, কেহ- বা তাহার কাছে দরখাস্ত লিখাইয়া লয়"
rabindranath tagore,"বৃদ্ধদের তাসপাশার বৈঠক হইতে বাগ্দিদের তাড়িপানসভা পর্যন্ত সর্বত্র সে তাহার সকৌতুক কৌতূহল এবং স্বাভাবিক হৃদ্যতা লইয়া যাতায়াত করিত- কেহ তাহাকে দূর মনে করিত না, অথচ সকলেই তাহাকে সম্মান করিত"
rabindranath tagore,পৃষ্ঠা বিনোদিনী এই অস্থানে পতিত কলিকাতার ছেলেটির নির্বাসনদণ্ডও যথাসাধ্য লঘু করিবার জন্য অন্তঃপুরের অন্তরাল হইতে চেষ্টা করিত
rabindranath tagore,"বিহারী প্রত্যেক বার পাড়া পর্যটন করিয়া আসিয়া দেখিত, কে তাহার ঘরটিকে প্রত্যেক বার পরিপাটি পরিচ্ছন্ন করিয়া রাখিয়াছে, একটি কীসার গ্লাসে দু-চারটি ফুল এবং পাতার তোড়া সাজাইয়াছে এবং তাহার গদির এক ধারে বঙ্কিম ও দীনবন্ধুর গ্রন্থাবলী গুছাইয়া রাখিয়াছে"
rabindranath tagore,"গ্রন্থের ভিতরের মলাটে মেয়েলি অথচ পাকা অক্ষরে বিনোদিনীর নাম পল্লীগ্রামের প্রচলিত আতিথ্যের সহিত ইহার একটু প্রভেদ বিহারী তাহারই উল্লেখ করিয়া প্রশংসাবাদ করিলে রাজলম্দ্মী কহিতেন, এই মেয়েকে কিনা তোরা অগ্রাহ্য করিলি"
rabindranath tagore,"ডাকঘর অমল আমি জানি নে আমি তো কিচ্ছু পড়ি নি, তাই আমি জানি নে আমার কী হয়েছে"
rabindranath tagore,দইওআলা আমাদের গ্রাম থেকে আসছি
rabindranath tagore,দইওআলা আমাদের গ্রাম সেই পাহাড়ের তলায় শামলী নদীর ধারে অমল
rabindranath tagore,"পাচমুড়া পাহাড় - শামলী নদী -কী জানি,হয়তো তোমাদের গ্রাম দেখেছি কবে সে আমার মনে পড়ে না"
rabindranath tagore,কিন্তু আমার মনে হয় যেন আমি দেখেছি অনেক পুরোনোকালের খুব বড়ো বড়ো গাছের তলায় তোমাদের গ্রাম লাল রঙের রাস্তার ধারে
rabindranath tagore,সেখানে পাহাড়ের গায়ে সব চরে বেড়াচ্ছে দইওআলা
rabindranath tagore,"ঠিক বলছ আমাদের গ্রামে গোরু চরে বৈকি, খুব চরে"
rabindranath tagore,মেয়েরা সব নদী থেকে জল তুলে মাথায় কলসী করে নিয়ে যায় - তাদের লাল শাড়ি দইওআলা
rabindranath tagore,"ঠিক কথা আমাদের সব গয়লাপাড়ার মেয়েরা নদী থেকে জল তুলে তো নিয়ে তবে কিনা তারা সবাই যে লাল শাড়ি পরে তা নয় -কিন্তু বাবা, তুমি নিশ্চয় কোনোদিন সেখানে বেড়াতে গিয়েছিলে"
rabindranath tagore,"সত্যি বলছি দইওআলা, আমি একদিনও যাই নি কবিরাজ যেদিন আমাকে বাইরে যেতে বলবে সেদিন তুমি নিয়ে যাবে তোমাদের গ্রামে"
rabindranath tagore,"যাব বই কি বাবা, খুব নিয়ে যাব"
rabindranath tagore,আমাকে তোমার মতো এরকম দই বেচতে শিখিয়ে দিয়ো
rabindranath tagore,এরকম বাঁক কীধে নিয়ে -এঁরকম খুব দূরের রাস্তা দিয়ে দইওআলা মরে যাই
rabindranath tagore,দই বেচতে যাবে কেন বাবা
rabindranath tagore,এত এত পুথি পড়ে তুমি পণ্ডিত হয়ে উঠবে
rabindranath tagore,"না, না, আমি কক্খনো পণ্ডিত হব না আমি তোমাদের রাঙা রাস্তার ধারে তোমাদের বুড়ো বটের তলায় গোয়ালপাড়া থেকে দই নিয়ে এসে দূরে দূরে গ্রামে গ্রামে বেচে বেচে বেড়াব কী রকম করে তুমি বল, দই, দই, দই - ভালো দই আমাকে সুরটা শিখিয়ে দাও দইওআলা হায় পোড়াকপাল"
rabindranath tagore,"না, না, ও আমার শুনতে খুব ভালো আকাশের খুব শেষ থেকে যেমন পাখির ডাক শুনলে মন উদাস হয়ে যায় তেমনি এ রাস্তার মোড় থেকে এ গাছের সারির মধ্যে দিয়ে যখন তোমার ডাক আসছিল, আমার মনে হচ্ছিল --কী জানি কী মনে হচ্ছিল"
rabindranath tagore,"দইওআলা বাবা, এক ভীড় দুই তুমি খাও"
rabindranath tagore,দইওআলা না না না না পয়সার কথা বোলো না তুমি আমার দই একটু খেলে আমি কত খৃশি হব
rabindranath tagore,অমল তোমার কি অনেক দেরি হয়ে গেল
rabindranath tagore,"দইওআলা কিচ্ছু দেরি হয় নি বাবা, আমার কোনো লোকসান হয় নি দই বেচতে যে কত সুখ সে তোমার কাছে শিখে নিলুম"
rabindranath tagore,"(সুর করিয়া), দই, দই, দই, ভালো দই"
rabindranath tagore,"সেই পাচমুড়া পাহাড়ের তলায় শামলী নদীর ধারে গয়লাদের বাড়ির দই তারা ভোরের বেলায় গাছের তলায় গোরু দাড় করিয়ে দুধ দোয়, সন্ধ্যাবেলায় মেয়েরা দই পাতে, সেই দই"
rabindranath tagore,"এই-যে রাস্তায় প্রহরী পায়চারি করে প্রহরী, প্রহরী, একটিবার শুনে যাওনা প্রহরী"
rabindranath tagore,প্রহরীর প্রবেশ প্রহরী অমন করে ডাকাডাকি করছ কেন
rabindranath tagore,আমাকে ভয় কর না তুমি
rabindranath tagore,"কেন, তোমাকে কেন ভয় করব"
rabindranath tagore,যদি তোমাকে ধরে নিয়ে যাই অমল
rabindranath tagore,প্রহরী একেবারে রাজার কাছে যদি নিয়ে যাই অমল
rabindranath tagore,নিয়ে যাও-না আমাকে কিন্তু আমাকে যে করিরাজ বাইরে যেতে বারণ করেছে
rabindranath tagore,আমাকে কেউ কোথাও ধরে নিয়ে যেতে পারবে না আমাকে কেবল দিনরাত্রি এখানেই বসে থাকতে হবে
rabindranath tagore,"আহা, তাই বটে তোমার মুখ যেন সাদা হয়ে গেছে"
rabindranath tagore,চোখের কোলে কালি পড়েছে তোমার হাত দুখানিতে শিরগুলি দেখা যাচ্ছে অমল তুমি ঘণ্টা বাজাবে না প্রহরী
rabindranath tagore,"এখনো সময় হয় নি অমল কেউ বলে সময় বয়ে যাচ্ছে , কেউ বলে সময় হয় নি আচ্ছা, তুমি ঘণ্টা বাজিয়ে দিলেই তো সময় হবে"
rabindranath tagore,সময় হলে তবে আমি ঘণ্টা বাজিয়ে দিই অমল
rabindranath tagore,"বেশ লাগে তোমার ঘণ্টা- আমার শুনতে ভারি ভালো দুপুরবেলা আমাদের বাড়িতে যখন সকলেরই খাওয়া হয়ে যায়- পিসেমশায় কোথায় কাজ করতে বেরিয়ে যান, পিসিমা রামায়ণ পড়তে পড়তে ঘুমিয়ে পড়েন, আমাদের খুদে কুকুরটা উঠোনে এঁ কোণের ছায়ায় লেজের মধ্যে মুখ গুঁজে ঘুমোতে থাকে - তখন তোমার এ ঘণ্টা বাজে - ঢং ঢং ঢং, ঢং তোমার ঘণ্টা কেন বাজে"
rabindranath tagore,"প্রহরী ঘণ্টা এই কথা সবাইকে বলে, সময় বসে নেই, সময় কেবলই চলে যাচ্ছে"
rabindranath tagore,প্রহরী সে কথা কেউ জানে না
rabindranath tagore,সে দেশ বুঝি কেউ দেখে আসে নি
rabindranath tagore,আমার ভারি ইচ্ছে করছে এঁ সময়ের সঙ্গে চলে যাই দেশের কথা কেউ জানে না সেই অনেক সে দেশে সবাইকে যেতে হবে বাবা
rabindranath tagore,কিন্তু কবিরাজ যে আমাকে বাইরে যেতে বারণ করেছে
rabindranath tagore,প্রহরী কোনদিন কবিরাজই হয়তো স্বয়ং হাতে ধরে নিয়ে যাবেন
rabindranath tagore,"অমল না না, তুমি তাকে জান না, সে কেবলই ধরে রেখে দেয়"
rabindranath tagore,"প্রহরী তার চেয়ে ভালো কবিরাজ যিনি আছেন, তিনি এসে ছেড়ে দিয়ে যান আমার সেই ভালো কবিরাজ কবে আসবেন"
rabindranath tagore,আমার যে আর বসে থাকতে ভালো লাগছে না প্রহরী অমন কথা বলতে নেই বাবা
rabindranath tagore,না - আমি তো বসেই আছি - যেখানে আমাকে বসিয়ে রেখেছে সেখান থেকে আমি তো বেরোই নে তোমার এঁ ঘণ্টা বাজে ঢং ঢং ঢং আর আমার মন-কেমন করে আচ্ছা প্রহরী
rabindranath tagore,"আচ্ছা, এ-যে রাস্তার ওপারের বড়ো বাড়িতে নিশেন উড়িয়ে দিয়েছে, আর ওখানে সব লোকজন কেবলই আসছে যাচ্ছে ওখানে কী হয়েছে"
rabindranath tagore,প্রহরী ডাকঘর আর কার হবে
rabindranath tagore,রাজার ডাকঘর -এ ছেলেটি ভারি মজার অমল
rabindranath tagore,রাজার ডাকঘরে রাজার কাছ থেকে সব চিঠি আসে
rabindranath tagore,"আসে বৈকি দেখো, একদিন তোমার নামেও চিঠি আসবে"
rabindranath tagore,অমল আমার নামেও চিঠি আসবে
rabindranath tagore,প্রহরী ছেলেমানুষকে রাজা এতটুকু-টুকু ছোট্ট ছোট্ট চিঠি লেখেন
rabindranath tagore,অমল বেশ হবে আমি কবে চিঠি পাব
rabindranath tagore,আমাকেও তিনি চিঠি লিখবেন তুমি কেমন করে জানলে
rabindranath tagore,প্রহরী তা নইলে তিনি ঠিক তোমার এই খোলা জানলাটার সামনেই অতবড়ো একটা সোনালি রঙের নিশেন উড়িয়ে ডাকঘর খুলতে যাবেন কেন
rabindranath tagore,"আচ্ছা, রাজার কাছ থেকে আমার চিঠি এলে আমাকে কে এনে দেবে"
rabindranath tagore,"প্রহরী রাজার যে অনেক ডাক-হরকরা আছে নি বুকে গোল গোল সোনার তক্মা প'রে তারা ঘুরে আচ্ছা, কোথায় তারা ঘোরে"
rabindranath tagore,"প্রহরী ঘরে ঘরে, দেশে দেশে"
rabindranath tagore,এর প্রশ্ন শুনলে হাসি পায়
rabindranath tagore,বড়ো হলে আমি রাজার ডাক-হরকরা হব
rabindranath tagore,"রোদ নেই বৃষ্টি নেই, গরিব নেই বড়োমানুষ নেই, সকলের ঘরে ঘরে চিঠি বিলি করে বেড়ানো - সে খুব জবর কাজ"
rabindranath tagore,"আমার এঁ কাজটাই সকলের চেয়ে ভালো লাগছে না না, তোমার কাজও খুব ভালো -দুপুরবেলা যখন রোদ্দুর ঝাঝী করে, তখন ঘণ্টা বাজে ঢং ঢং ঢং আবার এক-এক দিন রাত্রে হঠাৎ বিছানায় জেগে উঠে দেখি ঘরের প্রদীপ নিবে গেছে, বাইরের কোন্ অন্ধকারের ভিতর দিয়ে ঘণ্টা বাজছে ঢং ঢং ঢং প্রহরী এঁ যে মোড়ল আসছে - আমি এবার পালাই ও যদি দেখতে পায় তোমার সঙ্গে গল্প করছি, তা হলেই মুশকিল বাধাবে"
rabindranath tagore,"এঁ যে, অনেক দূরে মাথায় একটা মস্ত গোলপাতার ছাতি অমল ওকে বুঝি রাজা মোড়ল করে দিয়েছে"
rabindranath tagore,প্রহরী আরে না ও আপনি মোড়লি করে যে ওকে না মানতে চায় ও তার সঙ্গে দিনরাত এমনি লাগে যে ওকে সকলেই ভয় করে কেবল সকলের সঙ্গে শত্রুতা করেই ও আপনার ব্যবসা চালায়
rabindranath tagore,"আজ তবে যাই, আমার কাজ কামাই যাচ্ছে আমি আবার কাল সকালে এসে তোমাকে সমস্ত শহরের খবর শুনিয়ে যাব"
rabindranath tagore,প্রস্থান রাজার কাছ থেকে রোজ একটা করে চিঠি যদি পাই তা হলে বেশ হয় -এই জানলার কাছে বসে বসে কিন্তু আমি তো পড়তে পারি নে
rabindranath tagore,পিসিমা তো রামায়ণ পড়ে পিসিমা কি রাজার লেখা পড়তে পারে
rabindranath tagore,"কেউ যদি পড়তে না পারে জমিয়ে রেখে দেব, আমি বড়ো হলে পড়ব কিন্তু ডাক- হরকরা যদি আমাকে না চেনে"
rabindranath tagore,"মোড়লমশায়, ও মোড়লমশায় একটা কথা শুনে মোড়লের প্রবেশ মোড়ল"
rabindranath tagore,রাস্তার মধ্যে আমাকে ডাকাডাকি করে
rabindranath tagore,"তুমি মোড়লমশায়, তোমাকে তো সবাই মানে"
rabindranath tagore,"(খুশি হইয়া) হা, হা, মানে খুব মানে"
rabindranath tagore,রাজার ডাক-হরকরা তোমার কথা শোনে
rabindranath tagore,না শুনে তার প্রাণ বাঁচে
rabindranath tagore,অমল তুমি ডাক-হরকরাকে বলে দেবে আমারই নাম অমল - আমি এই জানলার কাছটাতে বসে থাকি
rabindranath tagore,মোড়ল কেন বলো দেখি অমল
rabindranath tagore,আমার নামে যদি চিঠি আসে - মোড়ল
rabindranath tagore,অমল রাজা যদি চিঠি লেখে তা হলে - মোড়ল হাহাহা হা
rabindranath tagore,তুমি যে তার পরম বন্ধু
rabindranath tagore,"কদিন তোমার সঙ্গে দেখা না হয়ে রাজা শুকিয়ে যাচ্ছে, খবর পেয়েছি আর বেশি দেরি নেই, চিঠি হয়তো আজই আসে কি কালই আসে"
rabindranath tagore,"মোড়লমশায়, তুমি অমন করে কথা কেন"
rabindranath tagore,তুমি কি আমার উপর রাগ করেছ
rabindranath tagore,মোড়ল বাস রে তোমার উপর রাগ করব
rabindranath tagore,রাজার সঙ্গে তোমার চিঠি চলে
rabindranath tagore,"মাধব দত্তের বড়ো বাড় হয়েছে দেখছি দু-পয়সা জমিয়েছে কিনা, এখন তার ঘরে রাজা-বাদশার কথা ছাড়া আর কথা নেই রোসো-না, ওকে মজা দেখাচ্ছি ওরে ছোড়া, বেশ, শীঘ্রই যাতে রাজার চিঠি তোদের বাড়িতে আসে, আমি তার বন্দোবস্ত করছি অমল"
rabindranath tagore,"না, না, তোমাকে কিছু করতে হবে মোড়ল কেন রে"
rabindranath tagore,তোর খবর আমি রাজাকে জানিয়ে দেব - তিনি তা হলে আর দেরি করতে পারবেন না - তোমাদের খবর নেওয়ার জন্যে এখনই পাইক পাঠিয়ে দেবেন
rabindranath tagore,মাধব ভারি আস্পর্ধা রাজার কানে একবার উঠলে হয়ে প্রস্থান অমল
rabindranath tagore,কে তুমি মল ঝম্ ঝম্ করতে করতে চলেছ -একটু দীড়াও-না ভাই বালিকার প্রবেশ বালিকা আমার কি দাঁড়াবার জো আছে
rabindranath tagore,বেলা বয়ে যায় তোমার দীড়াতে ইচ্ছা করছে না এখানে আর বসে থাকতে ইচ্ছা করে না
rabindranath tagore,বালিকা তোমাকে দেখে আমার মনে হচ্ছে যেন সকালবেলাকার তারা - তোমার কী হয়েছে বলো তো
rabindranath tagore,"জানি নে কী হয়েছে, কবিরাজ আমাকে বেরোতে বারণ করেছে"
rabindranath tagore,"বালিকা আহা, তবে বেরিয়ো না কবিরাজের কথা মেনে চলতে হয় - দুরস্তপনা করতে নেই, তা হলে লোকে দুষ্টু বলবে বাইরের দিকে তাকিয়ে তোমার মন ছটফট করছে, আমি বরঞ্চ তোমার এই আধখানা দরজা বন্ধ করে দিই অমল"
rabindranath tagore,"না, না, বন্ধ কোরা না আমার আর-সব বন্ধ কেবল এইটুকু খোলা তুমি কে বলো-না -আমি তো তোমাকে চিনি নে"
rabindranath tagore,আমি এখানকার মালিনীর মেয়ে অমল
rabindranath tagore,সুধা সাজি ভরে ফুল তুলে নিয়ে এসে মালা গাথি এখন ফুল তুলতে চলেছি অমল
rabindranath tagore,"তাই তোমার পা দুটি অমন খুশি হয়ে উঠেছে - যতই চলেছ, মল বাজছে আমি যদি তোমার সঙ্গে যেতে পারতুম তা হলে উঁচু ডালে যেখানে দেখা যায় না সেইখান থেকে আমি তোমাকে ফুল পেড়ে দিতুম"
rabindranath tagore,ফুলের খবর আমার চেয়ে তুমি নাকি বেশি জান
rabindranath tagore,"জানি, আমি খুব জানি আমি সাত ভাই চম্পার খবর জানি আমার মনে হয়, আমাকে যদি সবাই ছেড়ে দেয় তা হলে আমি চলে যেতে পারি খুব ঘন বনের মধ্যে যেখানে রাস্তা খুঁজে পাওয়া যায় না সরু ডালের সব-আগায় যেখানে মনুয়া পাখি বসে বসে দোলা খায় সেইখানে আমি চাপা হয়ে ফুটতে পারি তুমি আমার পারুলদিদি হবে"
rabindranath tagore,পারুলদিদি আমি কী করে হব
rabindranath tagore,আমি যে সুধা - -আমি শশী মালিনীর মেয়ে আমাকে রোজ এত এত মালা গীথতে হয় আমি যদি তোমার মতো এইখানে বসে থাকতে পারতুম তা হলে কেমন মজা হত
rabindranath tagore,তা হলে সমস্ত দিন কী করতে
rabindranath tagore,"সুধা আমার বেনে-বউ পুতুল আছে, তার বিয়ে দিতুম আমার পুষি মেনি আছে, তাকে নিয়ে , বেলা বয়ে যাচ্ছে, দেরি হলে ফুল আর থাকবে না"
rabindranath tagore,"আমার সঙ্গে আর-একটু গল্প করো-না, আমার খুব ভালো লাগছে"
rabindranath tagore,"সুধা আচ্ছা বেশ, তুমি দুষ্টুমি কোরো না, লক্ষ্মী ছেলে হয়ে এইখানে স্থির হয়ে বসে থাকো, আমি ফুল তুলে ফেরবার পথে তোমার সঙ্গে গল্প করে যাব"
rabindranath tagore,অমল আর আমাকে একটি ফুল দিয়ে যাবে
rabindranath tagore,সুধা ফুল অমনি কেমন করে দেব
rabindranath tagore,"দাম দিতে হবে অমল আমি যখন বড়ো হব তখন তোমাকে দাম দেব আমি কাজ খুঁজতে চলে যাব এঁ ঝরনা পার হয়ে, তখন তোমাকে দাম দিয়ে যাব সুধা আচ্ছা বেশ"
rabindranath tagore,অমল তুমি তা হলে ফুল তুলে আসবে
rabindranath tagore,আমার নাম অমল মনে থাকবে তোমার
rabindranath tagore,"সুধা না, ভুলব না দেখো, মনে থাকবে"
rabindranath tagore,"প্রস্থান ছেলের দলের প্রবেশ ভাই, তোমরা সব কোথায় যাচ্ছ ভাই"
rabindranath tagore,ছেলেরা আমরা চাষ-খেলা খেলব প্রথম (লাঠি দেখাইয়া) এই যে আমাদের লাঙল দ্বিতীয় আমরা দুজনে দুই গোরু হব
rabindranath tagore,তার পরে সন্ধ্যায় সময় নদীর ধার দিয়ে দিয়ে বাড়ি ফিরে আসবে
rabindranath tagore,"আমার এই ঘরের সামনে দিয়েই ফিরো ভাই ছেলেরা তুমি বেরিয়ে এসো-না, খেলবে চলো"
rabindranath tagore,কবিরাজ আমাকে বেরিয়ে যেতে মানা করেছে
rabindranath tagore,কবিরাজের মানা তুমি শোন বুঝি
rabindranath tagore,"চল্ ভাই চল্, আমাদের দেরি হয়ে যাচ্ছে"
rabindranath tagore,"না ভাই, তোমরা আমার এই জানলার সামনে রাস্তায় দীড়িয়ে একটু খেলা করো - আমি একটু দেখি ছেলেরা এখেনে কী নিয়ে খেলব"
rabindranath tagore,"এই যে আমার সব খেলনা পড়ে রয়েছে - -এ-সব তোমরাই নাও ভাই- ঘরের ভিতরে একলা খেলতে ভালো লাগে না - এ-সব ধুলোয় ছড়ানো পড়েই থাকে আমার কোনো কাজে লাগে ছেলেরা বা, বা, বা, কী চমৎকার খেলনা"
rabindranath tagore,--এ-সব তুমি আমাদের দিয়ে দিলে
rabindranath tagore,"না, কিছু কষ্ট হচ্ছে না, সব তোমাদের দিলুম"
rabindranath tagore,ছেলেরা আর কিন্তু ফিরিয়ে দেব না
rabindranath tagore,"না, ফিরিয়ে দিতে হবে না"
rabindranath tagore,ছেলেরা কেউ তো বকবে না
rabindranath tagore,"কেউ না, কেউ না কিন্তু রোজ সকালে তোমরা এই খেলনাগুলো নিয়ে আমার এই দরজার সামনে খানিকক্ষণ ধরে খেলো আবার এগুলো যখন পুরোনো হয়ে যাবে আমি নতুন খেলনা আনিয়ে ছেলেরা বেশ ভাই, আমরা রোজ এখানে খেলে ও ভাই, সেপাইগুলোকে এখানে সব সাজা লড়াই-লড়াই খেলি বন্দুক কোথায় পাই"
rabindranath tagore,"এ-যে একটা মস্ত শরকাঠি পড়ে আছে -এঁটেকে ভেঙে ভেঙে নিয়ে আমরা বন্দুক বানাই কিন্তু ভাই, তুমি যে ঘুমিয়ে পড়ছ"
rabindranath tagore,"হা, আমার ভারি ঘুম পেয়ে আসছে জানি নে কেন আমার থেকে থেকে ঘুম পায়"
rabindranath tagore,"অনেকক্ষণ বসে আছি আমি, আর বসে থাকতে পারছি নে আমার পিঠ ব্যথা করছে"
rabindranath tagore,ছেলেরা এখন যে সবে এক প্রহর বেলা তোমার ঘুম পায় কেন
rabindranath tagore,এঁ শোনো এক প্রহরের ঘণ্টা বাজছে
rabindranath tagore,"হাঁ, এঁ যে বাজছে ঢং ঢং ঢং আমাকে ঘুমোতে যেতে ডাকছে"
rabindranath tagore,"ছেলেরা তবে আমরা এখন যাই, আবার কাল সকালে আসব"
rabindranath tagore,"অমল যাবার আগে তোমাদের একটা কথা আমি জিজ্ঞাসা করি ভাই তোমরা তো বাইরে থাক, তোমরা এ রাজার ডাকঘরের ডাক-হরকরাদের চেন"
rabindranath tagore,"ছেলেরা হা চিনি বৈকি, খুব চিনি"
rabindranath tagore,"ছেলেরা একজন আছে বাদল হরকরা, একজন আছে শরৎ -আরো কত আছে"
rabindranath tagore,"আচ্ছা, আমার নামে যদি চিঠি আসে তারা কি আমাকে চিনতে পারবে"
rabindranath tagore,চিঠিতে তোমার নাম থাকলেই তারা তোমাকে ঠিক চিনে অমল
rabindranath tagore,কাল সকালে যখন আসবে তাদের একজনকে ডেকে এনে আমাকে চিনিয়ে দিয়ো না
rabindranath tagore,"পিসেমশায়, আজ আর আমার সেই জানলার কাছেও যেতে পারব না"
rabindranath tagore,মাধব দত্ত হা বাবা সেখানে রোজ রোজ বসে থেকেই তো তোমার ব্যামো বেড়ে গেছে
rabindranath tagore,"না পিসেমশায়, না আমার ব্যামোর কথা আমি কিছুই জানি নে কিন্তু সেখানে থাকলে আমি খুব ভালো থাকি মাধব দত্ত সেখানে বসে বসে তুমি এই শহরের যত রাজ্যের ছেলেবুড়ো সকলের সঙ্গেই ভাব করে নিয়েছ -আমার দরজার কাছে রোজ যেন একটা মস্ত মেলা বসে যায় -এতেও কি কখনো শরীর টেকে"
rabindranath tagore,"দেখো দেখি, আজ তোমার মুখখানা কী রকম ফ্যাকাশে হয়ে গেছে"
rabindranath tagore,"পিসেমশায়, আমার সেই ফকির হয়তো আজ আমাকে জানলার কাছে না দেখতে পেয়ে চলে যাবে"
rabindranath tagore,মাধব দত্ত তোমার আবার ফকির কে
rabindranath tagore,অমল সেই যে রোজ আমার কাছে এসে নানা দেশবিদেশের কথা বলে যায় শুনতে আমার ভারি ভালো লাগে মাধব দত্ত কই আমি তো কোনো ফকিরকে জানি নে
rabindranath tagore,"এই ঠিক তার আসবার সময় হয়েছে তোমার পায়ে পড়ি, তুমি তাকে একবার বলে এসো-না, সে যেন আমার ঘরে এসে একবার বসে"
rabindranath tagore,"এই-যে, এই-যে ফকির - এসো আমার বিছানায় এসে বসো মাধব দত্ত এ কী এ যে - ঠাকুরদা (চোখ ঠারিয়া) আমি ফকির"
rabindranath tagore,মাধব দত্ত তুমি যে কী নও তা তো ভেবে পাই নে
rabindranath tagore,এবারে তুমি কোথায় গিয়েছিলে ফকির
rabindranath tagore,ফকির আমি ক্রৌঞ্চছদ্বীপে গিয়েছিলুম থেকেই এইমাত্র আসছি
rabindranath tagore,ফকির এতে আশ্চর্য হও কেন
rabindranath tagore,আমার তো যেতে কোনো খরচ নেই আমি যেখানে খুশি যেতে পারি
rabindranath tagore,"(হাততালি দিয়া) তোমার ভারি মজা আমি যখন ভালো হব তখন তুমি আমাকে চেলা করে নেবে বলেছিলে, মনে আছে ফকির"
rabindranath tagore,বেড়াবার এমন সব মন্ত্র শিখিয়ে দেব যে সমুদ্রে পাহাড়ে অরণ্যে কোথাও কিছুতে বাধা দিতে পারবে মাধব দত্ত এ-সব কী পাগলের মতো কথা হচ্ছে তোমাদের
rabindranath tagore,"ঠাকুরদা বাবা অমল, পাহাড়-পর্বত-সমুদ্রকে ভয় করি নে - কিন্তু তোমার এই পিসেটির সঙ্গে যদি আবার কবিরাজ এসে জোটেন তা হলে আমার মন্ত্রকে হার মানতে হবে"
rabindranath tagore,"না, না, পিসেমশায়, তুমি কবিরাজকে কিছু বোলো না - এখন আমি এইখানেই শুয়ে থাকব, কিচ্ছু করব না যেদিন আমি ভালো হব সেইদিনই আমি ফকিরের মন্ত্র নিয়ে চলে যাব - নদী-পাহাড় সমুদ্রে আমাকে আর ধরে রাখতে পারবে মাধব দত্ত ছি, বাবা, কেবলই অমন যাই-যাই করতে নেই আমার মন কেমন খারাপ হয়ে যায় অমল"
rabindranath tagore,ক্রৌঞ্চদবীপ কিরকম দ্বীপ আমাকে বলো-না ফকির
rabindranath tagore,ঠাকুরদা সে ভারি আশ্চর্য জায়গা সে পাখিদের দেশ সেখানে মানুষ নেই
rabindranath tagore,"তারা কথা কয় না, চলে না, তারা গান গায় আর ওড়ে অমল"
rabindranath tagore,ঠাকুরদা সমুদ্রের ধারে বৈকি অমল সব নীল রঙের পাহাড় আছে
rabindranath tagore,ঠাকুরদা নীল পাহাড়েই তো তাদের বাসা সন্ধের সময় সেই পাহাড়ের উপর সূর্যাস্তের আলো এসে পড়ে আর ঝাঁকে ঝাঁকে সবুজ রঙের পাখি তাদের বাসায় ফিরে আসতে থাকে সেই আকাশের রঙে পাখির রঙে পাহাড়ের রঙে সে এক কাণ্ড হয়ে ওঠে অমল
rabindranath tagore,ঝরনা না থাকলে কি চলে
rabindranath tagore,"একেবারে হীরে গালিয়ে ঢেলে দিচ্ছে আর, তার কী নৃত্য"
rabindranath tagore,নুড়িগুলোকে ঠুং-ঠাং ঠুং-ঠাং করে বাজাতে বাজাতে কল্ কল্ ঝর্ ঝর্ করতে করতে ঝরনাটি সমুদ্রের মধ্যে গিয়ে ঝাঁপ দিয়ে পড়ছে কোনো কবিরাজের বাবার সাধ্য নেই তাকে একদণ্ড কোথাও আটকে রাখে পাখিগুলো আমাকে নিতান্ত তুচ্ছ একটা মানুষ বলে যদি একঘরে করে না রাখত তা হলে ঝরনার ধারে তাদের হাজার হাজার বাসার একপাশে বাসা বেঁধে সমুদ্রের ঢেউ দেখে দেখে সমস্ত দিনটা কাটিয়ে দিতুম
rabindranath tagore,"আমি যদি পাখি তা হলে - ঠাকুরদা তা হলে একটা ভারি মুশকিল হত শুনলুম, তুমি নাকি দইওআলাকে বলে রেখেছ বড়ো হলে তুমি দই বিক্রি করবে - পাখিদের মধ্যে তোমার দইয়ের ব্যবসাটা তেমন বেশ জমত না বোধ হয় ওতে তোমার কিছু লোকসানই হত"
rabindranath tagore,মাধব দত্ত আর তো আমার চলল না আমাকে সুদ্ধ তোমরা খেপিয়ে দেবে দেখছি আমি চললুম
rabindranath tagore,"পিসেমশায়, আমার দইওআলা এসে চলে গেছে"
rabindranath tagore,"মাধব দত্ত গেছে বৈকি তোমার এঁ শখের ফকিরের তলপি বয়ে পাখির বাসায় উড়ে বেড়ালে তার তো পেট চলে না সে তোমার জন্য এক ভাঁড় দই রেখে বলে গেছে, তাদের গ্রামে তার বোনঝির বিয়ে সে কলমিপাড়ায় বাশির ফরমাশ দিতে যাচ্ছে - তাই বড়ো ব্যস্ত আছে"
rabindranath tagore,"সে যে বলেছিল, আমার সঙ্গে তার ছোটো বোনঝিটির বিয়ে দেবে ঠাকুরদা তবে তো বড়ো মুশকিল দেখছি অমল"
rabindranath tagore,"বলেছিল, সে আমার টুকটুকে বউ হবে নাকে নোলক, তার লাল ডুরে শাড়ি সে সকালবেলা নিজের হাতে কালো গোরু দুইয়ে নতুন মাটির ভাড়ে আমাকে ফেনাসুদ্ধ দুধ খাওয়াবে, আর সময় গোয়ালঘরে প্রদীপ দেখিয়ে এসে আমার কাছে বসে সাত ভাই চম্পার গল্প ঠাকুরদা বা, বা, খাসা বউ তো"
rabindranath tagore,"আমি যে ফকির মানুষ আমারই লোভ হয় তা বাবা ভয় নেই, এবারকার মতো বিয়ে দিক-না, আমি তোমাকে বলছি, তোমার দরকার হলে কোনোদিন ওর ঘরে বোনঝির অভাব হবে না"
rabindranath tagore,"মাধব যাও, যাও আর তো পারা যায় না"
rabindranath tagore,"ফকির, পিসেমশাই তো গিয়েছেন -এইবার আমাকে চুপিচুপি বলো না ডাকঘরে কি আমার নামে রাজার চিঠি এসেছে"
rabindranath tagore,ঠাকুরদা শুনেছি তো তার চিঠি রওনা হয়ে বেরিয়েছে সে-চিঠি এখন পথে আছে
rabindranath tagore,"সেই যে বৃষ্টি হয়ে আকাশ পরিষ্কার হয়ে গেলে অনেক দূরে দেখা যায়, সেই ঘন বনের পথে"
rabindranath tagore,"ঠাকুরদা তবে তো তুমি সব জান দেখছি, সেই পথেই তো"
rabindranath tagore,অমল আমি সব জানি ফকির
rabindranath tagore,ঠাকুরদা তাই তো দেখতে পাচ্ছি -কেমন করে জানলে
rabindranath tagore,তা আমি জানি নে আমি যেন চোখের সামনে দেখতে পাই হয় যেন আমি অনেকবার দেখেছি - সে অনেকদিন আগে -কতদিন তা মনে পড়ে না বলব
rabindranath tagore,"আমি দেখতে পাচ্ছি, রাজার ডাক-হরকরা পাহাড়ের উপর থেকে একলা কেবলই নেমে আসছে হাতে তার লণ্ঠন, কীধে তার চিঠির থলি কত দিন কত রাত ধরে সে কেবলই নেমে আসছে"
rabindranath tagore,"পাহাড়ের পায়ের কাছে ঝরনার পথ যেখানে ফুরিয়েছে সেখানে বাঁকা নদীর পথ ধরে সে কেবলই চলে আসছে ধারে জোয়ারির খেত, তারই সরু গলির ভেতর দিয়ে দিয়ে সে কেবল আসছে - তার পরে আখের খেত আখের খেতের পাশ দিয়ে উঁচু আল চলে গিয়েছে, সেই আলের উপর দিয়ে সে কেবলই চলে আসছে একলাটি চলে আসছে; খেতের মধ্যে বিঁঝি পোকা ডাকছে ধারে একটিও মানুষ নেই, কেবল কাদাখোঁচা লেজ দুলিয়ে দুলিয়ে বেড়াচ্ছে আমি সমস্ত দেখতে পাচ্ছি যতই সে আসছে দেখছি, আমার বুকের ভিতরে ভারি খুশি হয়ে হয়ে উঠছে"
rabindranath tagore,ঠাকুরদা অমন নবীন চোখ তো আমার নেই তবু তোমার দেখার সঙ্গে সঙ্গে আমিও দেখতে পাচ্ছি
rabindranath tagore,"আচ্ছা ফকির, যার ডাকঘর তুমি সেই রাজাকে জান"
rabindranath tagore,ঠাকুরদা জানি আমি যে তার কাছে রোজ ভিক্ষা নিতে যাই
rabindranath tagore,আমি ভালো হয়ে উঠলে আমিও তাঁর কাছে ভিক্ষা নিতে যাব পারব না যেতে
rabindranath tagore,"ঠাকুরদা বাবা, তোমার আর ভিক্ষার দরকার হবে না, তিনি তোমাকে যা দেবেন অমনিই দিয়ে দেবেন"
rabindranath tagore,"না, না, আমি তার দরজার সামনে পথের ধারে দাড়িয়ে জয় হোক বলে ভিক্ষা চাইব আমি খঞ্জনি বাজিয়ে নাচব বেশ হবে, না"
rabindranath tagore,ঠাকুরদা সে খুব ভালো হবে তোমাকে সঙ্গে করে নিয়ে গেলে আমারও পেট ভরে ভিক্ষা মিলবে তুমি কী ভিক্ষা চাইবে
rabindranath tagore,"অমল আমি বলব, আমাকে তোমার ডাক-হরকরা করে দাও, আমি অমনি লণ্ঠন হাতে ঘরে ঘরে তোমার চিঠি বিলি করে বেড়াব জান ফকির, আমাকে একজন বলেছে আমি ভালো হয়ে উঠলে সে আমাকে ভিক্ষা করতে শেখাবে আমি তার সঙ্গে যেখানে খুশি ভিক্ষা করে বেড়াব ঠাকুরদা কে বলো দেখি"
rabindranath tagore,"অমল সেই যে অন্ধ খোঁড়া সে রোজ আমার জানলার কাছে আসে ঠিক আমার মতো একজন ছেলে তাকে চাকার গাড়িতে করে ঠেলে ঠেলে নিয়ে বেড়ায় আমি তাকে বলেছি, আমি ভালো হয়ে উঠলে তাকে ঠেলে নিয়ে বেড়াব"
rabindranath tagore,ঠাকুরদা সে তো বেশ মজা হবে দেখছি অমল সেই আমাকে বলেছে কেমন করে ভিক্ষা করতে হয় আমাকে শিখিয়ে দেবে
rabindranath tagore,"পিসেমশায়কে আমি বলি ওকে ভিক্ষা দিতে, তিনি বলেন ও মিথ্যা কানা, মিথ্যা খোঁড়া আচ্ছা, ও যেন মিথ্যা কানা-ই হল, কিন্তু চোখে দেখতে পায় না - সেটা তো সত্যি ঠাকুরদা ঠিক বলেছ বাবা, ওর মধ্যে সত্যি হচ্ছে ওইটুকু যে, ও চোখে দেখতে পায় না তা ওকে কানা বল আর না-ই বল"
rabindranath tagore,"তা ও ভিক্ষা পায় না, তবে তোমার কাছে বসে থাকে কী অমল"
rabindranath tagore,ওকে যে আমি শোনাই কোথায় কী আছে
rabindranath tagore,"তুমি যে-সব দেশের কথা আমাকে বল সে-সব আমি ওকে শুনিয়ে দিই তুমি সেদিন আমাকে সেই যে হালকা দেশের কথা বলেছিলে, যেখানে কোনো জিনিসের কোনো ভার নেই একটু লাফ দিলেই অমনি পাহাড় ডিঙিয়ে চলে যাওয়া যায়,সেই হালকা দেশের কথা শুনে ও ভারি খুশি হয়ে উঠেছিল আচ্ছা ফকির, সে দেশে কোন্ দিক দিয়ে যাওয়া যায়"
rabindranath tagore,"ঠাকুরদা ভিতরের দিক দিয়ে সে একটা রাস্তা আছে, সে হয়তো খুঁজে পাওয়া শক্ত অমল"
rabindranath tagore,"বেচারা যে অন্ধ, ও হয়তো দেখতেই পাবে না ওকে কেবল ভিক্ষাই করে বেড়াতে হবে তাই নিয়ে ও দুঃখ করছিল - -আমি ওকে বললুম ভিক্ষা করতে গিয়ে তুমি যে কত বেড়াতে পাও, সবাই তো সে পায় না"
rabindranath tagore,"ঠাকুরদা বাবা, ঘরে বসে থাকলেই বা এত কিসের দুঃখ"
rabindranath tagore,"না, না, দুঃখ নেই প্রথমে যখন আমাকে ঘরের মধ্যে বসিয়ে রেখে দিয়েছিল আমার মনে হয়েছিল যেন দিন ফুরোচ্ছে না, আমাদের রাজার ডাকঘর দেখে অবধি এখন আমার রোজই ভালো লাগে ঘরের মধ্যে বসে বসেই ভালো লাগে -একদিন আমার চিঠি এসে পৌঁছোবে, সে কথা মনে করলেই আমি খুব খুশি হয়ে চুপ করে বসে থাকতে পারি কিন্তু রাজার চিঠিতে কী যে লেখা থাকবে তা তো আমি জানি নে"
rabindranath tagore,তোমার নামটি তো লেখা থাকবে হলেই হল
rabindranath tagore,মাধব দত্তের প্রবেশ মাধব দত্ত তোমরা দুজনে মিলে এ কী ফেসাদ বাধিয়ে বসে আছ বলো দেখি
rabindranath tagore,"মাধব দত্ত শুনছি, তোমরা নাকি রটিয়েছ, রাজা তোমাদেরই চিঠি লিখবেন বলে ডাকঘর বসিয়েছেন"
rabindranath tagore,"মাধব দত্ত আমাদের পঞ্চানন মোড়ল সেই কথাটি রাজার কাছে লাগিয়ে বেনামি চিঠি লিখে দিয়েছে৷ ঠাকুরদা সকল কথাই রাজার কানে ওঠে, সে কি আমরা জানি নে"
rabindranath tagore,মাধব দত্ত তবে সামলে-চল না কেন রাজাবাদশার নাম করে অমন যা-তা কথা মুখে আনো কেন
rabindranath tagore,তোমরা যে আমাকে সুদ্ধ মুশকিলে ফেলবে
rabindranath tagore,"ফকির, রাজা কি রাগ করবে"
rabindranath tagore,কেমন রাগ করে দেখি-না আমার মতো ফকির আর তোমার মতো ছেলের উপর রাগ করে সে কেমন রাজাগিরি ফলায় তা দেখা যাবে
rabindranath tagore,"দেখো ফকির, আজ সকালবেলা থেকে আমার চোখের উপর থেকে-থেকে অন্ধকার হয়ে আসছে; মনে হচ্ছে সব যেন স্বপ্ন"
rabindranath tagore,একেবারে চুপ করে থাকতে ইচ্ছে কথা কইতে আর ইচ্ছে করছে না রাজার চিঠি কি আসবে না
rabindranath tagore,"এখনই এই ঘর যদি সব মিলিয়ে যায় যদি - ঠাকুরদা (অমলকে বাতাস করিতে করিতে) আসবে, চিঠি আজই আসবে"
rabindranath tagore,কবিরাজের প্রবেশ কবিরাজ আজ কেমন ঠেকছে
rabindranath tagore,"কবিরাজমশায়, আজ খুব ভালো বোধ হচ্ছে - মনে হচ্ছে যেন সব বেদনা চলে গেছে"
rabindranath tagore,"(জনান্তিকে মাধব দত্তের প্রতি) এঁ হাসিটি তো ভালো ঠেকছে না এঁ যে বলছে খুব ভালো বোধ হচ্ছে এঁটেই হল খারাপ লক্ষণ আমাদের চক্রধর দত্ত বলছেন মাধব দত্ত দোহাই কবিরাজমশায়, চক্রধর দত্তের কথা রেখে এখন বলুন ব্যাপারখানা কী কবিরাজ বোধ হচ্ছে, আর ধরে রাখা যাবে না আমি তো নিষেধ করে গিয়েছিলুম কিন্তু বোধ হচ্ছে বাইরের হাওয়া লেগেছে"
rabindranath tagore,"মাধব দত্ত না কবিরাজমশায়, আমি ওকে খুব করেই চারি দিক থেকে আগলে সামলে রেখেছি ওকে বাইরে যেতে দিই নে - দরজা তো প্রায়ই বন্ধই রাখি কবিরাজ হঠাৎ আজ একটা কেমন হাওয়া দিয়েছে দেখে এলুম, তোমাদের সদর- দরজার ভিতর দিয়ে হু হু করে হাওয়া বইছে ওটা একেবারেই ভালো নয়"
rabindranath tagore,ও-দরজাটা বেশ ভালো করে তালাচাবি-বন্ধ করে দাও না-হয় দিন দুই-তিন তোমাদের এখানে লোক- আনাগোনা বন্ধই থাক্ না যদি কেউ এসে পড়ে খিড়কি-দরজা আছে
rabindranath tagore,"এঁ-যে জানলা দিয়ে সূর্যাস্তের আভাটা আসছে, ওটাও বন্ধ করে দাও, ওতে রোগীকে বড়ো জাগিয়ে রেখে দেয়"
rabindranath tagore,"মাধব দত্ত অমল চোখ বুজে রয়েছে, বোধ হয় ঘুমোচ্ছে ওর মুখ দেখে মনে হয় যেন কবিরাজমশায়, যে আপনার নয় তাকে ঘরে এনে রাখলুম, তাকে ভালোবাসলুম, এখন বুঝি আর তাকে রাখতে পারব না"
rabindranath tagore,কবিরাজ ওকী তোমার ঘরে যে মোড়ল আসছে
rabindranath tagore,"কিন্তু তুমি যাও, এখনই ভালো করে দরজাটা বন্ধ করে দাও আমি বাড়ি গিয়েই একটা বিষবড়ি পাঠিয়ে দিচ্ছি সেইটে খাইয়ে দেখো -যদি রাখবার হয় তো সেইটেতেই টেনে রাখতে পারবে"
rabindranath tagore,মাধব দত্ত ও কবিরাজের প্রস্থান মোড়লের প্রবেশ মোড়ল কী রে ছোড়া
rabindranath tagore,"ঠাকুরদা (তাড়াতাড়ি উঠিয়া দাঁড়াইয়া) আরে আরে, চুপ চুপ"
rabindranath tagore,"না ফকির, তুমি ভাবছ আমি ঘুমোচ্ছি আমি ঘুমোই নি আমি সব শুনছি আমি যেন অনেক দূরের কথাও শুনতে পাচ্ছি আমার মনে হচ্ছে, আমার মা আমার বাবা যেন শিয়রের কাছে কথা কচ্ছেন"
rabindranath tagore,"মাধব দত্তের প্রবেশ মোড়ল ওহে মাধব দত্ত, আজকাল তোমাদের যে খুব বড়ো বড়ো লোকের সঙ্গে সম্বন্ধ"
rabindranath tagore,এমন পরিহাস করবেন না আমরা নিতান্তই সামান্য লোক
rabindranath tagore,মোড়ল তোমাদের এই ছেলেটি যে রাজার চিঠির জন্যে অপেক্ষা করে আছে
rabindranath tagore,"মাধব দত্ত ও ছেলেমানুষ, ও পাগল, ওর কথা কি ধরতে আছে"
rabindranath tagore,"না-না, এতে আর আশ্চর্য কী"
rabindranath tagore,তোমাদের মতো এমন যোগ্য ঘর রাজা পাবেন কোথায়
rabindranath tagore,"সেইজন্যেই দেখছ- না, ঠিক তোমাদের জানলার সামনেই রাজার নতুন ডাকঘর বসেছে"
rabindranath tagore,"ওরে ছোড়া, তোর নামে রাজার চিঠি এসেছে অমল"
rabindranath tagore,মোড়ল এ কি সত্যি না হয়ে যায়
rabindranath tagore,"(একখানা অক্ষরশূন্য কাগজ দিয়া) হা হা হা হা, এই যে তার চিঠি অমল আমাকে ঠাট্টা কোরো না ফকির, ফকির, তুমি বলো-না, এই কি সত্যি তার চিঠি"
rabindranath tagore,"ঠাকুরদা হা বাবা, আমি ফকির তোমাকে বলছি এই সত্য তার ( অমল কিন্তু,আমি যে এতে কিছুই দেখতে পাচ্ছি নে -আমার চোখে আজ সব সাদা হয়ে গেছে"
rabindranath tagore,"মোড়লমশায়, বলে দাও-না, এ-চিঠিতে কী লেখা আছে"
rabindranath tagore,"রাজা লিখছেন, আমি আজকালের মধ্যেই তোমাদের বাড়িতে যাচ্ছি, আমার জন্যে তোমাদের মুড়ি-মুড়কির ভোগ তৈরি করে রেখো -রাজভবন আর আমার এক দণ্ড ভালো লাগছেনা হাহাহাহা"
rabindranath tagore,"মাধব দত্ত (হাত জোড় করিয়া) মোড়লমশায়, দোহাই আপনার, এ-সব কথা নিয়ে পরিহাস করিবেন ঠাকুরদা পরিহাস"
rabindranath tagore,"পরিহাস করেন, এমন সাধ্য আছে ওঁর"
rabindranath tagore,"ঠাকুরদা, তুমিও খেপে গেলে নাকি"
rabindranath tagore,"ঠাকুরদা হা, আমি খেপেছি তাই আজ এই সাদা কাগজে অক্ষর দেখতে পাচ্ছি রাজা লিখছেন তিনি স্বয়ং অমলকে দেখতে আসছেন, তিনি তার রাজকবিরাজকেও সঙ্গে করে আনছেন"
rabindranath tagore,"ফকির, এঁ-যে, ফকির, তার বাজনা বাজছে, শুনতে পাচ্ছ না"
rabindranath tagore,"উনি আরো একটু না খেপলে তো শুনতে পাবেন মোড়লমশায়, আমি মনে করতুম,তুমি আমার উপর রাগ করেছ আমাকে ভালোবাস না"
rabindranath tagore,"তুমি যে সত্যি রাজার চিঠি আনবে এ আমি মনে করি নি-দাও, আমাকে তোমার পায়ের ধুলো দাও মোড়ল না, এ ছেলেটার ভক্তিশ্রদ্ধা আছে"
rabindranath tagore,"বুদ্ধি নেই বটে, কিন্তু মনটা ভালো"
rabindranath tagore,এতক্ষণে চার প্রহর হয়ে গেছে বোধ হয় এঁ যে ঢং ঢং ঢং -ঢং ঢং ঢং সন্ধ্যাতারা কি উঠেছে ফকির
rabindranath tagore,আমি কেন দেখতে পাচ্ছি নে
rabindranath tagore,"ঠাকুরদা ওরা যে জানলা বন্ধ করে দিয়েছে, আমি খুলে দিচ্ছি বাহিরে দ্বারে আঘাত মাধব ওকি"
rabindranath tagore,(বাহির হইতে) খোলো দ্বার মাধব দত্ত কে তোমরা
rabindranath tagore,"(বাহির হইতে) খোলো দ্বার মাধব দত্ত মোড়লমশায়, এ তো ডাকাত নয়"
rabindranath tagore,আমি পঞ্চানন মোড়ল তোদের মনে ভয় নেই নাকি
rabindranath tagore,"পঞ্চাননের আওয়াজ পেলে আর রক্ষা নেই যত বড়ো ডাকাতই হোক না - মাধব দত্ত (জানলা দিয়া মুখ বাড়াইয়া) দ্বার যে ভেঙে ফেলেছে, তাই আর শব্দ রাজদূতের প্রবেশ রাজদূত মহারাজ আজ রাত্রে আসবেন"
rabindranath tagore,দূত আজ দুই প্রহর রাত্রে অমল
rabindranath tagore,"যখন আমার বন্ধু প্রহরী নগরের সিংহদ্বারে ঘণ্টা বাজাবে ঢং ঢং ঢং, ঢং ঢং ঢং তখন"
rabindranath tagore,"দূত হা, তখন রাজা তার বালক-বন্ধুটিকে দেখবার জন্যে তার সকলের চেয়ে বড়ো কবিরাজকে পাঠিয়েছেন"
rabindranath tagore,চারি দিকে সমস্তই যে বন্ধ
rabindranath tagore,"খুলে দাও, খুলে দাও, যত দ্বার-জানলা আছে সব খুলে দাও -(অমলের গায়ে হাত দিয়া) বাবা, কেমন বোধ করছ"
rabindranath tagore,"খুব ভালো, খুব ভালো কবিরাজমশাই আমার আর কোনো অসুখ নেই, কোনো বেদনা আঃ, সব খুলে দিয়েছ তারাগুলি দেখতে পাচ্ছি অন্ধকারের ওপারকার সব তারা"
rabindranath tagore,রাজকবিরাজ অর্ধরাত্রে যখন রাজা আসবেন তখন তুমি বিছানা ছেড়ে উঠে তার সঙ্গে বেরোতে পারবে
rabindranath tagore,"পারব, আমি পারব বেরোতে পারলে আমি বাঁচি আমি রাজাকে বলব, এই অন্ধকার আকাশে ধ্রবতারাটিকে দেখিয়ে দাও আমি সে তারা বোধ হয় কতবার দেখেছি কিন্তু সে যে কোন্টা সে তো আমি চিনি নে"
rabindranath tagore,রাজকবিরাজ তিনি সব চিনিয়ে দেবেন (মাধবের প্রতি) এই ঘরটি রাজার আগমনের জন্যে পরিষ্কার করে ফুল দিয়ে সাজিয়ে রাখো (মোড়লকে নির্দেশ করিয়া) এ লোকটিকে তো এ- ঘরে রাখা চলবে না
rabindranath tagore,"না, না, কবিরাজমশায়, উনি আমার তোমরা যখন আস নি উনিই আমাকে রাজার চিঠি এনে দিয়েছিলেন"
rabindranath tagore,"রাজকবিরাজ আচ্ছা, বাবা, উনি যখন তোমার বন্ধু তখন উনিও এ-ঘরে রইলেন"
rabindranath tagore,"মাধব দত্ত (অমলের কানে কানে) বাবা, রাজা তোমাকে ভালোবাসেন, তিনি স্বয়ং আজ আসছেন কাছে আজ কিছু প্রার্থনা কোরো আমাদের অবস্থা তো ভালো জান তো অমল সে আমি সব ঠিক করে রেখেছি, পিসেমশায় তোমার কোনো ভাবনা মাধব দত্ত কী ঠিক করেছ বাবা"
rabindranath tagore,"আমি তার কাছে চাইব, তিনি যেন আমাকে তার ডাকঘরের হরকরা করে দেন আমি দেশে দেশে ঘরে ঘরে তাঁর চিঠি বিলি করব"
rabindranath tagore,মাধব দত্ত (ললাটে করাঘাত করিয়া) হায় আমার কপাল
rabindranath tagore,"পিসেমশায়, রাজা আসবেন, তার জন্যে কী ভোগ তৈরি রাখবে দূত তিনি বলে দিয়েছেন তোমাদের এখানে তার মুড়ি-মুড়কিরভোগ হবে"
rabindranath tagore,"মোড়লমশায়, তুমি তো আগেই বলে দিয়েছিলে, রাজার সব খবরই তুমি জান"
rabindranath tagore,আমরা তো কিছুই জানতুম না
rabindranath tagore,"মোড়ল আমার বাড়িতে যদি লোক পাঠিয়ে দাও তা হলে রাজার জন্যে ভালো ভালো কিছু - রাজকবিরাজ কোনো দরকার এইবার তোমরা সকলে স্থির হও এল, এল, ওর ঘুম এল আমি বালকের শিয়রের কাছে বসব ঘুম আসছে"
rabindranath tagore,"প্রদীপের আলো নিবিয়ে দাও -এখন আকাশের তারাটি থেকে আলো আসুক, ওর ঘুম এসেছে"
rabindranath tagore,"মাধব দত্ত (ঠাকুরদার প্রতি) ঠাকুরদা, তুমি অমন মূর্তিটির মতো হাতজোড় করে নীরব হয়ে আছ কেন"
rabindranath tagore,আমার কেমন ভয় হচ্ছে এ যা দেখছি এ-সব কি ভালো লক্ষণ
rabindranath tagore,এরা আমার ঘর অন্ধকার করে দিচ্ছে কেন
rabindranath tagore,তারার আলোতে আমার কী হবে
rabindranath tagore,সুধা আমি যে ওর জন্যে ফুল এনেছি ওর হাতে কি দিতে পারব না
rabindranath tagore,"রাজকবিরাজ আচ্ছা, দাও তোমার ফুল"
rabindranath tagore,"রাজকবিরাজ এখনই, যখন রাজা এসে ওকে ডাকবেন সুধা তখন তোমরা ওকে একটি কথা কানে কানে বলে দেবে"
rabindranath tagore,"সুধা বোলো যে, সুধা তোমাকে ভোলে"
rabindranath tagore,গোরা শ্রাবণ মাসের সকালবেলায় মেঘ কাটিয়া গিয়া নির্মল রৌদ্রে কলিকাতার আকাশ ভরিয়া গিয়াছে
rabindranath tagore,"রাস্তায় গাড়িঘোড়ার বিরাম নাই, ফেরিওয়ালা অবিশ্রাম হাকিয়া চলিয়াছে, যাহারা আপিসে কালেজে আদালতে যাইবে তাহাদের জন্য বাসায় বাসায় মাছ-তরকারির চুপড়ি আসিয়াছে ও রান্নাঘরে জ্বালাইবার উঠিয়াছে--কিন্তু তবু এত বড়ো এই-যে কাজের শহর কঠিন হৃদয় কলিকাতা, ইহার শত শত রাস্তা এবং গলির ভিতরে সোনার আলোকের ধারা আজ যেন একটা অপূর্ব যৌবনের প্রবাহ বহিয়া লইয়া চলিয়াছে"
rabindranath tagore,এমন দিনে বিনা-কাজের অবকাশে বিনয়ভূষণ তাহার বাসার দোতলার বারান্দায় একলা দাঁড়াইয়া রাস্তায় জনতার চলাচল দেখিতেছিল
rabindranath tagore,"কালেজের পড়াও অনেক দিন চুকিয়া গেছে, অথচ সংসারের মধ্যেও প্রবেশ করে নাই, বিনয়ের অবস্থাটা এইরূপ সভাসমিতি চালানো এবং খবরের কাগজ লেখায় মন দিয়াছে-- কিন্তু তাহাতে সব মনটা ভরিয়া উঠে নাই"
rabindranath tagore,অন্তত আজ সকালবেলায় কী করিবে তাহা ভাবিয়া না পাইয়া তাহার মনটা চঞ্চল হইয়া উঠিয়াছিল
rabindranath tagore,পাশের বাড়ির ছাতের উপরে গোটা-তিনেক কাক কী লইয়া ডাকাডাকি করিতেছিল এবং চড়ুই-দম্পতি তাহার বারান্দার এক কোণে বাসা-নির্মাণ- ব্যাপারে পরস্পরকে কিচিমিচি শব্দে উৎসাহ দিতেছিল-- সেই সমস্ত অব্যক্ত কাকলি বিনয়ের মনের মধ্যে একটা কোন্ অস্পষ্ট ভাবাবেগকে জাগাইয়া তুলিতেছিল
rabindranath tagore,"আলখাল্লা-পরা একটা বাউল নিকটে দোকানের সামনে দাঁড়াইয়া গান গাহিতে লাগিল-- খাঁচার ভিতর অচিন পাখি কমনে আসে যায়, ধরতে পারলে মনোবেড়ি দিতেম পাখির পায় বিনয়ের ইচ্ছা করিতে লাগিল বাউলকে ডাকিয়া এই অচিন পাখির গানটা লিখিয়া লয়, কিন্তু ভোর- রাত্রে যেমন শীত-শীত করে অথচ গায়ের কাপড়টা টানিয়া লইতে উদ্যম থাকে না, তেমনি একটা আলস্যের ভাবে বাউলকে ডাকা হইল না, গান লেখাও হইল না, কেবল এঁ অচেনা পাখির সুরটা মনের মধ্যে গুন্ গুন্ করিতে লাগিল"
rabindranath tagore,এমন সময় ঠিক তাহার বাসার সামনেই একটা ঠিকাগাড়ির উপরে একটা জুড়িগাড়ি আসিয়া পড়িল এবং ঠিকাগাড়ির একটা চাকা ভাঙিয়া দিয়া দৃকপাত না করিয়া বেগে চলিয়া গেল
rabindranath tagore,"ঠিকাগাড়িটা সম্পূর্ণ উল্টাইয়া না পড়িয়া এক পাশে কাত হইয়া পড়িল বিনয় তাড়াতাড়ি রাস্তায় বাহির হইয়া দেখিল গাড়ি হইতে একটি সতেরো-আঠারো বৎসরের মেয়ে নামিয়া পড়িয়াছে, এবং ভিতর হইতে একজন বৃদ্ধগোছের ভদ্রলোক নামিবার উপক্রম করিতেছেন"
rabindranath tagore,"বিনয় তাহাকে ধরাধরি করিয়া নামাইয়া দিল, এবং তাহার মুখ বিবর্ণ হইয়া গেছে দেখিয়া জিজ্ঞাসা করিল, আপনার লাগে নি তো"
rabindranath tagore,"তিনি না, কিছু হয় নি বলিয়া হাসিবার চেষ্টা করিলেন, সে হাসি তখনই মিলাইয়া গেল এবং তিনি মূর্ছিত হইয়া পড়িবার উপক্রম করিলেন"
rabindranath tagore,"বিনয় তাহাকে ধরিয়া ফেলিল ও উৎকণ্ঠিত মেয়েটিকে কহিল, এই সামনেই আমার বাড়ি ; ভিতরে চলুন বৃদ্ধকে বিছানায় শোওয়ানো হইলে মেয়েটি চারি দিকে তাকাইয়া দেখিল ঘরের কোণে একটি জলের কুজা আছে"
rabindranath tagore,"তখনই সেই জল গেলাসে করিয়া লইয়া বৃদ্ধের মুখে ছিটা দিয়া বাতাস করিতে লাগিল এবং বিনয়কে কহিল, একজন ডাক্তার ডাকলে হয় না"
rabindranath tagore,"বাড়ির কাছেই ডাক্তার বিনয় তাহাকে ডাকিয়া আনিতে বেহারা পাঠাইয়া দিল ঘরের এক পাশে টেবিলের উপরে একটা আয়না, তেলের শিশি ও চুল আঁচড়াইবার সরঞ্জাম ছিল বিনয় সেই মেয়েটির পিছনে দাঁড়াইয়া সেই আয়নার দিকে একদৃষ্টে চাহিয়া স্তব্ধ হইয়া রহিল বিনয় ছেলেবেলা হইতেই কলিকাতার বাসায় থাকিয়া পড়াশুনা করিয়াছে"
rabindranath tagore,সংসারের সঙ্গে তাহার যাহা-কিছু পরিচয় সে-সমস্তই বইয়ের ভিতর দিয়া
rabindranath tagore,"নিঃসম্পর্কীয়া ভদ্রস্ত্রীলোকের সঙ্গে তাহার কোনোদিন কোনো পরিচয় হয় নাই৷ আয়নার দিকে চাহিয়া দেখিল, যে মুখের ছায়া পড়িয়াছে সে কী সুন্দর মুখ"
rabindranath tagore,মুখের প্রত্যেক রেখা আলাদা করিয়া দেখিবার মতো তাহার চোখের অভিজ্ঞতা ছিল না
rabindranath tagore,কেবল সেই উদ্বিগ্ন স্নেহে আনত তর মুখের কোমলতামণ্ডিত উজ্জ্বলতা বিনয়ের চোখে সৃষ্টির সদ্যঃপ্রকাশিত একটি নূতন বিস্ময়ের মতো ঠেকিল
rabindranath tagore,একটু পরে বৃদ্ধ অল্পে অল্পে চক্ষু মেলিয়া মা বলিয়া দীর্ঘনিশ্বাস ফেলিলেন
rabindranath tagore,"মেয়েটি তখন দুই চক্ষু ছলছল করিয়া বৃদ্ধের মুখের কাছে মুখ নিচু করিয়া আর্দ্রস্বরে জিজ্ঞাসা করিল, বাবা, তোমার কোথায় লেগেছে এ আমি কোথায় এসেছি বলিয়া বৃদ্ধ উঠিয়া বসিবার উপক্রম করিতেই বিনয় সম্মুখে আসিয়া কহিল, উঠবেন না-- একটু বিশ্রাম করুন, ডাক্তার আসছে তখন তাহার সব কথা মনে পড়িল ও তিনি কহিলেন, মাথার এইখানটায় একটু বেদনা বোধ হচ্ছে, কিন্তু গুরুতর কিছুই নয় সেই মুহূর্তেই ডাক্তার মচ্ মচ্ করিতে করিতে আসিয়া উপস্থিত হইলেন; তিনিও বলিলেন, বিশেষ কিছুই নয় একটু গরম দুধ দিয়া অল্প ব্রাণ্ডি খাইবার ব্যবস্থা করিয়া ডাক্তার চলিয়া যাইতেই বৃদ্ধ অত্যন্ত সংকুচিত ও ব্যস্ত হইয়া উঠিলেন"
rabindranath tagore,"তাঁহার মেয়ে তাহার মনের ভাব বুঝিয়া কহিল, বাবা, ব্যস্ত হচ্ছ কেন"
rabindranath tagore,ডাক্তারের ভিজিট ও ওষুধের দাম বাড়ি থেকে পাঠিয়ে দেব বলিয়া সে বিনয়ের মুখের দিকে চাহিল
rabindranath tagore,"সে চক্ষু বড়ো কি ছোটো, কালো কি কটা সে মনেই আসে না-- প্রথম নজরেই মনে হয়, এই দৃষ্টির একটা অসন্দিগ্ধ প্রভাব আছে"
rabindranath tagore,"তাহাতে সংকোচ নাই, দ্বিধা নাই, তাহা একটা স্থির শক্তিতে পূর্ণ ৷ বিনয় বলিতে চেষ্টা করিল, ভিজিট অতি সামান্য, সেজন্যে-- সে আপনারা-- সে আমি-- মেয়েটি তাহার মুখের দিকে চাহিয়া থাকাতে কথাটা ঠিকমত শেষ করিতেই পারিল না"
rabindranath tagore,কিন্তু ভিজিটের টাকাটা যে তাহাকে লইতেই হইবে সে সম্বন্ধে কোনো সংশয় রহিল না
rabindranath tagore,"বৃদ্ধ কহিলেন, দেখুন, আমার জন্যে দরকার নেই-- কন্যা তাহাকে বাধা দিয়া কহিল, কেন বাবা, ডাক্তারবাবু যে বলে গেলেন বৃদ্ধ কহিলেন, ডাক্তাররা অমন বলে থাকে, ওটা ওদের একটা কুসংস্কার"
rabindranath tagore,"আমার যেটুকু দুর্বলতা আছে একটু গরম দুধ খেলেই যাবে দুধ খাইয়া বল পাইলে বৃদ্ধ বিনয়কে কহিলেন, এবারে আমরা যাই আপনাকে বড়ো কষ্ট দিলুম মেয়েটি বিনয়ের মুখের দিকে চাহিয়া কহিল, একটা গাড়ি-- বৃদ্ধ সংকুচিত হইয়া কহিলেন, আবার কেন ওকে ব্যস্ত করা"
rabindranath tagore,"আমাদের বাসা তো কাছেই, এটুকু হেটেই যাব মেয়েটি বলিল, না বাবা, সে হতে পারে না বৃদ্ধ ইহার উপর কোনো কথা কহিলেন না এবং বিনয় নিজে গিয়া গাড়ি ডাকিয়া আনিল"
rabindranath tagore,"গাড়িতে উঠিবার পূর্বে বৃদ্ধ তাহাকে জিজ্ঞাসা করিলেন, আপনার নামটি কী"
rabindranath tagore,"বৃদ্ধ কহিলেন, আমার নাম পরেশচন্দ্র ভট্টাচার্য"
rabindranath tagore,কখনো অবকাশমত যদি আমাদের ওখানে যান তো বড়ো খুশি হব মেয়েটি বিনয়ের মুখের দিকে দুই চোখ তুলিয়া নীরবে এই অনুরোধের সমর্থন করিল
rabindranath tagore,"বিনয় তখনই সেই গাড়িতে উঠিয়া তাহাদের বাড়িতে যাইতে প্রস্তুত ছিল, কিন্তু সেটা ঠিক শিষ্টাচার হইবে কি না ভাবিয়া না পাইয়া দাঁড়াইয়া রহিল"
rabindranath tagore,"গাড়ি ছাড়িবার সময় মেয়েটি বিনয়কে ছোটো একটি নমস্কার এই জন্য বিনয় একেবারেই প্রস্তুত ছিল না, এইজন্য হতবুদ্ধি হইয়া সে প্রতিনমনস্কার করিতে পারিল না"
rabindranath tagore,"এইটুকু ত্রুটি লইয়া বাড়িতে ফিরিয়া সে নিজেকে বার বার ধিক্কার দিতে লাগিল ইহাদের সঙ্গে সাক্ষাৎ হইতে বিদায় হওয়া পর্যন্ত নিজের আচরণ সমস্তটা আলোচনা করিয়া দেখিল ; মনে হইল, আগাগোড়া তাহার সমস্ত ব্যবহারেই অসভ্যতা প্রকাশ পাইয়াছে"
rabindranath tagore,"কোন্ কোন্ সময়ে কী করা উচিত ছিল, কী বলা উচিত ছিল, তাহা লইয়া মনে মনে কেবলই বৃথা আন্দোলন করিতে লাগিল ঘরে ফিরিয়া আসিয়া দেখিল, যে রুমাল দিয়া মেয়েটি তাহার বাপের মুখ মুছাইয়া দিয়াছিল সেই রুমালটি বিছানার উপর পড়িয়া আছে-- সেটা তাড়াতাড়ি তুলিয়া লইল ৷ তাহার মনের মধ্যে বাউলের সুরে এ গানটা বাজিতে লাগিল-- খাঁচার ভিতর অচিন পাখি কমনে আসে যায়"
rabindranath tagore,"বেলা বাড়িয়া চলিল, বর্ষার রৌদ্র প্রখর হইয়া উঠিল, গাড়ির স্রোত আপিসের দিকে বেগে ছুটিতে লাগিল, বিনয় তাহার দিনের কোনো কাজেই মন দিতে পারিল না"
rabindranath tagore,এমন অপূর্ব আনন্দের সঙ্গে এমন নিবিড় বেদনা তাহার বয়সে কখনো সে ভোগ করে নাই
rabindranath tagore,"তাহার এই ক্ষুদ্র বাসা এবং চারি দিকের কুৎসিত কলিকাতা মায়াপুরীর মতো হইয়া উঠিল; যে রাজ্যে অসম্ভব সম্ভব হয়, অসাধ্য সিদ্ধ হয় এবং অপরূপ রূপ লইয়া দেখা দেয়, বিনয় যেন সেই নিয়ম-ছাড়া রাজ্যে ফিরিতেছে"
rabindranath tagore,"এই বর্ষাপ্রভাতের রৌদ্রের দীপ্ত আভা তাহার মস্তিষ্কের মধ্যে প্রবেশ করিল, তাহার রক্তের মধ্যে প্রবাহিত হইল, তাহার অন্তঃকরণের সম্মুখে একটা জ্যোতির্ময় যবনিকার মতো পড়িয়া প্রতিদিনের জীবনের তুচ্ছতাকে একেবারে আড়াল করিয়া দিল"
rabindranath tagore,"বিনয়ের ইচ্ছা করিতে লাগিল নিজের পরিপূর্ণতাকে আশ্চর্যরূপে প্রকাশ করিয়া দেয়, কিন্তু তাহার কোনো উপায় না পাইয়া তাহার চিত্ত পীড়িত হইতে লাগিল অত্যন্ত সামান্য লোকের মতোই সে আপনার পরিচয় দিয়াছে-- তাহার বাসাটা অত্যন্ত তুচ্ছ, জিনিসপত্র নিতান্ত এলোমেলো, বিছানাটা পরিষ্কার নয়, কোনো-কোনো দিন তাহার ঘরে সে ফুলের তোড়া সাজাইয়া রাখে, কিন্তু এমনি দুর্ভাগ্য-- সেদিন তাহার ঘরে একটা ফুলের পাপড়িও ছিল না"
rabindranath tagore,"সকলেই বলে বিনয় সভাস্থলে মুখে মুখে যেরূপ সুন্দর বক্তৃতা করিতে পারে কালে সে একজন মস্ত বক্তা হইয়া উঠিবে, কিন্তু সেদিন সে এমন একটা কথাও বলে নাই যাহাতে তাহার বুদ্ধির কিছুমাত্র প্রমাণ হয়"
rabindranath tagore,"তাহার কেবলই মনে হইতে লাগিল, 'যদি এমন হইতে পারিত যে সেই বড়ো গাড়িটা যখন তাহাদের গাড়ির উপর আসিয়া পড়িবার উপক্রম করিতেছে আমি বিদ্যুদ্বেগে রাস্তার মাঝখানে আসিয়া অতি অনায়াসে সেই উদ্দাম জুড়িঘোড়ার লাগাম ধরিয়া থামাইয়া দিতাম"
rabindranath tagore,নিজের সেই কাল্পনিক বিক্রমের ছবি যখন তাহার মনের মধ্যে জাগ্রত হইয়া উঠিল তখন একবার আয়নায় নিজের চেহারা না দেখিয়া থাকিতে পারিল না
rabindranath tagore,এমন সময় দেখিল একটি সাত-আট বছরের ছেলে রাস্তায় দাঁড়াইয়া তাহার বাড়ির নম্বর দেখিতেছে
rabindranath tagore,"বিনয় উপর হইতে বলিল, এই-যে, এই বাড়িই বটে ছেলেটি যে তাহারই বাড়ির নম্বর খুঁজিতেছিল সে সম্বন্ধে তাহার মনে সন্দেহমাত্র হয় নাই"
rabindranath tagore,তাড়াতাড়ি বিনয় সিঁড়ির উপর চটিজুতা চট্ করিতে করিতে নীচে নামিয়া গেল-- অত্যন্ত আগ্রহের সঙ্গে ছেলেটিকে ঘরের মধ্যে লইয়া তাহার মুখের দিকে চাহিল
rabindranath tagore,"সে কহিল, দিদি আমাকে পাঠিয়ে দিয়েছে এই বলিয়া হাতে এক পত্র দিল"
rabindranath tagore,"বিনয় চিঠিখানা লইয়া প্রথমে লেফাফার উপরটাতে দেখিল, পরিষ্কার মেয়েলি ছাদের ইংরেজি অক্ষরে তাহার নাম লেখা ভিতরে চিঠিপত্র কিছুই নাই, কেবলই কয়েকটি টাকা আছে"
rabindranath tagore,ছেলেটি চলিয়া যাইবার উপক্রম করিতেই বিনয় তাহাকে কোনোমতেই ছাড়িয়া দিল না
rabindranath tagore,"তাহার গলা ধরিয়া তাহাকে দোতলার ঘরে লইয়া গেল ছেলেটির রঙ তাহার দিদির চেয়ে কালো, কিন্তু মুখের ছাদে কতকটা সাদৃশ্য আছে"
rabindranath tagore,তাহাকে দেখিয়া বিনয়ের মনে ভারি একটা স্নেহ এবং আনন্দ জন্মিল
rabindranath tagore,"সে ঘরে ঢুকিয়া দেয়ালে একটা ছবি দেখিয়াই জিজ্ঞাসা করিল, এ কার ছবি"
rabindranath tagore,"বিনয় কহিল, এ আমার একজন বন্ধুর ছবি ছেলেটি জিজ্ঞাসা করিল, বন্ধুর ছবি"
rabindranath tagore,"বিনয় হাসিয়া কহিল, তুমি তাকে চিনবে না"
rabindranath tagore,"আমার বন্ধু গৌরমোহন, তাকে গোরা বলি"
rabindranath tagore,"আমরা ছেলেবেলা থেকে একসঙ্গে পড়েছি এখনো পড়েন না, এখন আর পড়ি নে আপনার স--ব পড়া হয়ে গেছে"
rabindranath tagore,"বিনয় এই ছোটো ছেলেটির কাছেও গর্ব করিবার প্রলোভন সম্বরণ করিতে না পারিয়া কহিল, হা সব পড়া হয়ে গেছে"
rabindranath tagore,"ছেলেটি বিস্মিত হইয়া একটু নিশ্বাস ফেলিল ৷ সে বোধ হয় ভাবিল, এত বিদ্যা সেও কত দিনে শেষ করিতে পারিবে"
rabindranath tagore,"আমার নাম শ্রীসতীশচন্দ্র মুখোপাধ্যায় বিনয় বিস্মিত হইয়া কহিল, মুখোপাধ্যায়"
rabindranath tagore,তাহার পরে একটু একটু করিয়া পরিচয় পাওয়া গেল৷ পরেশবাবু ইহাদের পিতা নহেন-- তিনি ইহাদের দুই ভাইবোনকে ছেলেবেলা হইতে পালন করিয়াছেন ইহার দিদির নাম আগে ছিল রাধারানী-- পরেশবাবুর স্ত্রী তাহা পরিবর্তন করিয়া 'সুচরিতা' নাম রাখিয়াছেন
rabindranath tagore,"দেখিতে দেখিতে বিনয়ের সঙ্গে সতীশের খুব ভাব হইয়া গেল সতীশ যখন বাড়ি যাইতে উদ্যত হইল বিনয় কহিল, তুমি একলা যেতে পারবে"
rabindranath tagore,"সে গর্ব করিয়া কহিল, আমি তো একলা যাই"
rabindranath tagore,"বিনয় কহিল, আমি তোমাকে পৌঁছে দিই গে তাহার শক্তির প্রতি বিনয়ের এই সন্দেহ দেখিয়া সতীশ হইয়া কহিল, কেন, আমি তো একলা যেতে পারি এই বলিয়া তাহার একলা যাতায়াতের অনেকগুলি বিস্ময়কর দৃষ্টান্তের সে উল্লেখ করিতে লাগিল"
rabindranath tagore,কিন্তু তবু যে বিনয় কেন তাহার বাড়ির দ্বার পর্যস্ত তাহার সঙ্গে গেল তাহার ঠিক কারণটি বালক বুঝিতে পারিল না
rabindranath tagore,"সতীশ জিজ্ঞাসা করিল, আপনি ভিতরে আসবেন না"
rabindranath tagore,"বিনয় সমস্ত মনকে দমন করিয়া কহিল, আর-এক দিন আসব বাড়ি ফিরিয়া আসিয়া বিনয় সেই শিরোনামা-লেখা লেফাফা পকেট হইতে বাহির করিয়া অনেকক্ষণ দেখিল-- প্রত্যেক অক্ষরের টান ও ছাদ একরকম মুখস্থ হইয়া গেল-- তার পরে টাকা-সমেত সেই লেফাফা বাক্সের মধ্যে যত করিয়া রাখিয়া দিল এ কয়টা টাকা যে কোনো দুঃসময়ে খরচ করিবে এমন সম্ভাবনা রহিল না"
rabindranath tagore,গোরা বর্ষার সন্ধ্যায় আকাশের অন্ধকার যেন ভিজিয়া ভারী হইয়া পড়িয়াছে
rabindranath tagore,বর্ণ হীন বৈচিত্র্যহীন মেঘের নিঃশব্দ শাসনের নীচে কলিকাতা শহর একটা প্রকাণ্ড নিরানন্দ কুকুরের মতো লেজের মধ্যে মুখ গুজিয়া পাকাইয়া চুপ করিয়া পড়িয়া আছে
rabindranath tagore,কাল সন্ধ্যা হইতে টিপ টিপ করিয়া কেবলই বর্ষণ হইয়াছে ; সে বৃষ্টিতে রাস্তার মাটিকে কাদা করিয়া তুলিয়াছে কিন্তু কাদাকে ধুইয়া ভাসাইয়া লইয়া যাইবার মতো বল প্রকাশ করে নাই
rabindranath tagore,"আজ বেলা চারটে হইতে বৃষ্টি বন্ধ আছে, কিন্তু মেঘের গতিক ভালো নয়"
rabindranath tagore,এইরূপ আসন্ন বৃষ্টির আশঙ্কায় সন্ধ্যাবেলায় নির্জন ঘরের মধ্যে যখন মন টেকে না এবং বাহিরেও যখন আরাম পাওয়া যায় না সেই সময়টাতে দুটি লোক একটি তেতলা বাড়ির স্যাৎংসেতে ছাতে দুটি বেতের মোড়ার উপর বসিয়া আছে
rabindranath tagore,"এই দুই বন্ধু যখন ছোটো ছিল তখন ইস্কুল হইতে ফিরিয়া আসিয়া এই ছাতে ছুটাছুটি খেলা করিয়াছে; পরীক্ষার পূর্বে উভয়ে চীৎকার করিয়া পড়া আবৃত্তি করিতে করিতে এই ছাতে দ্ুতপদে পাগলের মতো পায়চারি করিয়া বেড়াইয়াছে ; গ্রীষ্মকালে কালেজ হইতে ফিরিয়া রাত্রে এই ছাতের উপরেই আহার করিয়াছে, তার পরে করিতে করিতে কতদিন রাত্রি দুইটা হইয়া গেছে এবং সকালে রৌদ্র আসিয়া যখন তাহাদের মুখের উপর পড়িয়াছে তখন চমকিয়া জাগিয়া উঠিয়া দেখিয়াছে, সেইখানেই মাদুরের উপরে দুইজন ঘুমাইয়া পড়িয়াছিল কালেজে পাস করা যখন একটাও আর বাকি রহিল না তখন এই ছাতের উপরে মাসে একবার করিয়া যে হিন্দুহিতৈযী সভার অধিবেশন হইয়া আসিয়াছে এই দুই বন্ধুর মধ্যে একজন তাহার সভাপতি এবং আর-এক জন তাহার সেক্রেটারি যে ছিল সভাপতি তাহার নাম গৌরমোহন ; তাহাকে আতআয়বন্ধুরা গোরা বলিয়া ডাকে সে চারি দিকের সকলকে যেন খাপছাড়া রকমে ছাড়াইয়া উঠিয়াছে"
rabindranath tagore,তাহাকে তাহার কালেজের পণ্ডিতমহাশয় রজতগিরি বলিয়া ডাকিতেন
rabindranath tagore,তাহার গায়ের রঙটা কিছু উগ্ররকমের সাদা-- হলদের আভা তাহাকে একটুও স্নিগ্ধ করিয়া আনে নাই
rabindranath tagore,"মাথায় সে প্রায় ছয় ফুট লম্বা, হাড় চওড়া, দুই হাতের মুঠা যেন বাঘের থাবার মতো বড়ো-- গলার আওয়াজ এমনি মোটা ও গম্ভীর যে হঠাৎ শুনিলে কে রে বলিয়া চমকিয়া তাহার মুখের গড়নও অনাবশ্যক রকমের বড়ো এবং অতিরিক্ত রকমের মজবুত ; চোয়াল এবং চিবুকের হাড় যেন দুর্গ দ্বারের দৃঢ় অর্গলের মতো; চোখের উপর ভুরেখা নাই বলিলেই হয় এবং সেখানকার কপালটা কানের দিকে চওড়া হইয়া গেছে"
rabindranath tagore,ওষ্ঠাধর পাতলা এবং চাপা; তাহার উপরে নাকটা খাঁড়ার মতো ঝুঁকিয়া আছে
rabindranath tagore,দুই চোখ ছোটো কিন্তু ; তাহার দৃষ্টি যেন তীরের ফলাটার মতো অতি-দূর অদৃশ্যের দিকে লক্ষ ঠিক করিয়া আছে অথচ এক মুহূর্তের মধ্যেই ফিরিয়া আসিয়া কাছের জিনিসকেও বিদ্যুতের মতো আঘাত করিতে পারে
rabindranath tagore,"গৌরকে দেখিতে ঠিক সুশ্রী বলা যায় না, কিন্তু তাহাকে না দেখিয়া থাকিবার জো নাই, সে সকলের মধ্যে চোখে পড়িবেই"
rabindranath tagore,"আর তাহার বন্ধু বিনয় সাধারণ বাঙালি শিক্ষিত ভদ্রলোকের মতো নয়, অথচ উজ্জ্বল ; স্বভাবের সৌক্মার্য ও বুদ্ধির প্রখরতা মিলিয়া তাহার মুখশ্রীতে একটি বিশিষ্টতা দিয়াছে"
rabindranath tagore,কালেজে সে বরাবরই উচ্চ নম্বর ও বৃত্তি পাইয়া আসিয়াছে ; গোরা কোনোমতেই তাহার সঙ্গে সমান চলিতে পারিত পাঠ্যবিষয়ে গোরার তেমন আসক্তিই ছিল না; বিনয়ের মতো সে বুঝিতে এবং মনে রাখিতে পারিত না
rabindranath tagore,বিনয়ই তাহার বাহন হইয়া কালেজের পরীক্ষা কয়টার ভিতর দিয়া নিজের পশ্চাতে তাহাকে টানিয়া পার করিয়া আনিয়াছে
rabindranath tagore,"গোরা বলিতেছিল, শোনো বলি অবিনাশ যে ব্রাহ্মদের নিন্দে করছিল, তাতে এই বোঝা যায় যে লোকটা বেশ সুস্থ স্বাভাবিক অবস্থায় আছে"
rabindranath tagore,এতে তুমি হঠাৎ অমন খাপা হয়ে উঠলে কেন
rabindranath tagore,কী আশ্চর্য এ সম্বন্ধে যে কোনো প্রশ্ন চলতে পারে তাও আমি মনে করতে পারতুম গোরা
rabindranath tagore,তা যদি হয় তবে তোমার মনে দোষ ঘটেছে
rabindranath tagore,এক দল লোক সমাজের বাঁধন ছিড়ে সব বিষয়ে উল্টোরকম করে চলবে আর সমাজের লোক অবিচলিতভাবে তাদের সুবিচার করবে এ স্বভাবের নিয়ম নয়
rabindranath tagore,"সমাজের লোকে তাদের ভুল বুঝবেই, তারা সোজা ভাবে যেটা করবে এদের চোখে সেটা বাঁকা ভাবে পড়বেই, তাদের ভালো এদের কাছে মন্দ হয়ে দাড়াবেই, এইটেই হওয়া উচিত ইচ্ছামত সমাজ ভেঙে বেরিয়ে যাওয়ার যতগুলো শাস্তি আছে এও তার মধ্যে একটা বিনয়"
rabindranath tagore,"যেটা স্বভাবিক যে ভালো, তা আমি বলতে পারি নে"
rabindranath tagore,"গোরা একটু উষ্ণ হইয়া উঠিয়া কহিল, আমার ভালোয় কাজ নেই"
rabindranath tagore,"পৃথিবীতে ভালো দু-চারজন যদি থাকে তো থাক্ কিন্তু বাকি সবাই যেন স্বাভাবিক নইলে কাজও চলে না প্রাণও বাঁচে না ব্রাহ্ম হয়ে বাহাদুরি করবার শখ যাদের আছে অবাশ্ধরা তাদের সব কাজেই ভুল বুঝে নিন্দে করবে এটুকু দুঃখ তাদের সহ্য করতেই তারাও বুক ফুলিয়ে বেড়াবে আর তাদের বিরুদ্ধ পক্ষও তাদের পিছন পিছন বাহবা দিয়ে চলবে জগতে এটা ঘটে না, ঘটলেও জগতের সুবিধে হত না বিনয়"
rabindranath tagore,আমি দলের নিন্দের কথা বলছি নে-- ব্যক্তিগত-- গোরা দলের নিন্দে আবার নিন্দে কিসের
rabindranath tagore,"আচ্ছা সাধুপুরুষ, তুমি নিন্দে করতে না"
rabindranath tagore,খুবই করতুম-- কিন্তু সেজন্যে আমি লজ্জিত আছি
rabindranath tagore,"গোরা তাহার ডান হাতের মুঠা শক্ত করিয়া কহিল, না বিনয়, এ চলবে না, কিছুতেই না বিনয় কিছুক্ষণ চুপ করিয়া রহিল, তার পরে কহিল, কেন, কী হয়েছে"
rabindranath tagore,আমি স্পষ্টই দেখতে পাচ্ছি তুমি নিজেকে দুর্বল করে ফেলছ
rabindranath tagore,"বিনয় ঈষৎ একটুখানি উত্তেজিত হইয়া কহিল, দুর্বল"
rabindranath tagore,"তুমি জান, আমি ইচ্ছে করলে এখনই তাদের বাড়ি যেতে পারি-- তারা আমাকে নিমন্ত্রণ করেছিলেন-- কিন্তু আমি যাই নি গোরা কিন্তু এই যে যাও নি সেই কথাটা কিছুতেই ভুলতে পারছ না"
rabindranath tagore,"দিন-রাত্রি কেবল ভাবছ, যাই নি, যাই নি, আমি তাদের বাড়ি যাই নি-- এর চেয়ে যে যাওয়াই ভালো বিনয়"
rabindranath tagore,"গোরা নিজের জানু চাপড়াইয়া কহিল, না, আমি যেতে বলি নে"
rabindranath tagore,"আমি তোমাকে লিখে পড়ে দিচ্ছি, যেদিন তুমি যাবে সেদিন একেবারে পুরোপুরিই যাবে"
rabindranath tagore,তার পরদিন থেকেই তাদের বাড়ি খানা খেতে শুরু করবে এবং ব্রাহ্মসমাজের খাতায় নাম লিখিয়ে একেবারে দিগ্বিজয়ী প্রচারক হয়ে উঠবে বিনয়
rabindranath tagore,"মরার বাড়া তো গাল নেই ব্রাহ্মণের ছেলে হয়ে তুমি গো-ভাগাড়ে গিয়ে মরবে, তোমার আচার বিচার কিছুই থাকবে না, কম্পাস-ভাঙা কাণ্ডারীর মতো তোমার পূর্ব- পশ্চিমের জ্ঞান লোপ পেয়ে যাবে-- তখন মনে হবে জাহাজ বন্দরে উত্তীর্ণ করাই কুসংস্কার, সংকীর্ণতা- - কেবল না-হক ভেসে চলে যাওয়াই যথার্থ জাহাজ চালানো"
rabindranath tagore,কিন্তু এ-সব কথা নিয়ে বকাবকি করতে আমার ধৈর্য থাকে না-- আমি বলি তুমি যাও
rabindranath tagore,অধঃপাতের মুখের সামনে পা বাড়িয়ে দাঁড়িয়ে থেকে আমাদের সুদ্ধ কেন ভয়ে-ভয়ে রেখে দিয়েছ
rabindranath tagore,"বিনয় হাসিয়া উঠিল, কহিল, ডাক্তার আশা ছেড়ে দিলেই যে রোগী সব সময়ে মরে তা নয়"
rabindranath tagore,আমি তো নিদেন-কালের কোনো লক্ষণ বুঝতে পারছি নে গোরা
rabindranath tagore,"মনে হচ্ছে না যে, শ্রীহস্তে যদি পরিবেশন করে তবে স্লেচ্ছের দেবতার ভোগ"
rabindranath tagore,"বিনয় অত্যন্ত সংকুচিত হইয়া উঠিল, কহিল, গোরা, বস্, এইবার থামো গোরা"
rabindranath tagore,"কেন, এর মধ্যে তো আবরুর কোনো কথা নেই"
rabindranath tagore,"পুরুষমানুষের সঙ্গে যার চলে সেই পবিত্র করপল্লবের উল্লেখটি পর্যন্ত যখন তোমার সহ্য হল না, তদা নাশংসে মরণায় সঞ্জয় বিনয়"
rabindranath tagore,"দেখো গোরা, আমি স্ত্রীজাতিকে ভক্তি করে থাকি--আমাদের শাস্ত্রেও-- গোরা"
rabindranath tagore,স্ত্রীজাতিকে যে ভাবে ভক্তি করছ তার জন্যে শাস্ত্রের দোহাই পেড়ো না
rabindranath tagore,"ওকে ভক্তি বলে না, যা বলে তা যদি মুখে আনি তো মারতে আসবে বিনয়"
rabindranath tagore,"শাস্ত্রে মেয়েদের বলেন পূজার্হা গৃহদীপ্তয়ঃ তারা পুজার্হা, কেননা গৃহকে দীপ্তি দেন"
rabindranath tagore,পুরুষমানুষের হৃদয়কে দীপ্ত করে তোলেন বলে বিলিতি বিধানে তাদের যে মান দেওয়া হয় তাকে পূজা না বললেই ভালো হয়
rabindranath tagore,"কোনো কোনো স্থলে বিকৃতি দেখা যায় বলে কি একটা বড়ো ভাবের উপর ওরকম কটাক্ষপাত করা উচিত গোরা অধীর হইয়া কহিল, বিনু, এখন যখন তোমার বিচার করবার বুদ্ধি গেছে তখন আমার কথাটা মেনেই নাও"
rabindranath tagore,"আমি বলছি বিলিতি স্ত্রীজাতিসম্বন্ধে যে-সমস্ত অত্যুক্তি আছে তার ভিতরকার কথাটা হচ্ছে বাসনা স্ত্রীজাতিকে পুজো করবার জায়গা হল মার ঘর, সতীলম্ম্মী গৃহিণীর আসন"
rabindranath tagore,"সেখান থেকে সরিয়ে এনে তাদের যে করা হয়, তার মধ্যে অপমান লুকিয়ে আছে"
rabindranath tagore,"পতঙ্গের মতো তোমার মনটা যে-কারণে পরেশবাবুর বাড়ির চারি দিকে ঘুরছে, ইংরাজিতে তাকে বলে থাকে 'লাভ'-- কিন্তু ইংরেজের নকল এ 'লাভ' ব্যাপারটাকেই সংসারের মধ্যে একটা চরম পুরুষার্থ বলে উপাসনা করতে হবে, এমন বাদরামি যেন তোমাকে না পেয়ে বসে"
rabindranath tagore,"বিনয় কশাহত তাজা ঘোড়ার মতো লাফাইয়া উঠিয়া কহিল, আঃ গোরা, থাক্, যথেষ্ট হয়েছে গোরা"
rabindranath tagore,স্ত্রী আর পুরুষকে তাদের স্বস্থানে বেশ সহজ করে দেখতে শিখি নি বলেই আমরা কতকগুলো জমা করে তুলেছি
rabindranath tagore,"বিনয় কহিল, আচ্ছা, মানছি স্ত্রীপুরুষের সম্বন্ধ ঠিক যে জায়গাটাতে থাকলে সহজ হতে পারত আমরা প্রবৃত্তির ঝৌকে সেটা লঙ্ঘন করি এবং সেটাকে মিথ্যে করে তুলি, কিন্তু এই অপরাধটা কি কেবল বিদেশেরই"
rabindranath tagore,সম্বন্ধে ইংরেজের যদি মিথ্যে হয় তো আমরা এ যে কামিনীকাঞ্চনত্যাগ নিয়ে সর্বদা বাড়াবাড়ি করে থাকি সেটাও তো মিথ্যে
rabindranath tagore,"মানুষের প্রকৃতি যা নিয়ে সহজে আঅবিস্মৃত হয়ে পড়ে তার হাত থেকে মানুষকে বাঁচাবার জন্যে কেউ বা প্রেমের সৌন্দর্য-অংশকেই কবিত্তের দ্বারা উজ্জ্বল করে তুলে তার মন্দটাকে লজ্জা দেয়, আর কেউ বা ওর মন্দটাকেই বড়ো করে তুলে কামিনীকাঞ্চনত্যাগের বিধান দিয়ে থাকে ; ও দুটো কেবল দুই ভিন্ন প্রকৃতির লোকের ভিন্নরকম প্রণালী একটাকেই যদি নিন্দে কর তবে অন্যটাকেও রেয়াত করলে চলবে গোরা"
rabindranath tagore,"নাঃ, আমি তোমাকে ভুল বুঝেছিলুম"
rabindranath tagore,তোমার অবস্থা তেমন খারাপ হয় নি
rabindranath tagore,"এখনো যখন ফিলজফি তোমার মাথায় খেলছে তখন নির্ভয়ে তুমি 'লাভ' করতে পারো, কিন্তু সময় থাকতে নিজেকে সামলে নিয়ো-- হিতৈযী বন্ধুদের এই অনুরোধ বিনয় ব্যস্ত হইয়া কহিল, আঃ, তুমি কি পাগল হয়েছ"
rabindranath tagore,"তবে এ কথা আমাকে স্বীকার করতেই হবে যে, পরেশবাবুদের আমি যেটুকু দেখেছি এবং ওদের সম্বন্ধে যা শুনেছি তাতে ওদের প্রতি আমার যথেষ্ট শ্রদ্ধা হয়েছে"
rabindranath tagore,"বোধ করি তাই ওদের ঘরের ভিতরকার জীবনযাত্রাটা কী রকম সেটা জানবার জন্যে আমার একটা আকর্ষণ হয়েছিল উত্তম কথা সেই আকর্ষণটাই সামলে চলতে হবে৷ ওদের সম্বন্ধে প্রাণি-বৃত্তান্তের অধ্যায়টা নাহয় অনাবিষ্ক্তই রইল বিশেষত হলেন শিকারি প্রাণী, ওদের ভিতরকার ব্যাপার জানতে গিয়ে শেষকালে এত দূর পর্যন্ত ভিতরে যেতে পারে যে তোমার টিকিটি পর্যস্ত দেখবার জো থাকবে বিনয়"
rabindranath tagore,"দেখো, তোমার একটা দোষ আছে"
rabindranath tagore,"তুমি মনে কর যত কিছু শক্তি ঈশ্বর কেবল একলা তোমাকেই দিয়েছেন, আর আমরা সবাই দুর্বল প্রাণী কথাটা গোরাকে হঠাৎ যেন নূতন করিয়া ; সে উৎসাহবেগে বিনয়ের পিঠে এক চাপড় মারিয়া কহিল, ঠিক বলেছ-- এঁটে আমার দোষ-- আমার মস্ত দোষ বিনয়"
rabindranath tagore,"উঃ, ওর চেয়েও তোমার আর-একটা মস্ত দোষ আছে"
rabindranath tagore,অন্য লোকের শিরদাড়ার উপরে কতটা আঘাত সয় তার ওজনবোধ তোমার একেবারেই নেই
rabindranath tagore,"এমন সময় গোরার বড়ো বৈমাত্র ভাই মহিম তাহার পরিপুষ্ট শরীর লইয়া হাপাইতে হাপাইতে উপরে আসিয়া কহিলেন, গোরা"
rabindranath tagore,"গোরা তাড়াতাড়ি চৌকি ছাড়িয়া উঠিয়া দাঁড়াইয়া কহিল,"
rabindranath tagore,দেখতে এলেম বর্ষার জলধরপটল আমাদের ছাদের উপরে গর্জন করতে নেমেছে কি না
rabindranath tagore,ইংরেজকে বুঝি এতক্ষণে ভারত-সমুদ্রের অর্ধেকটা পথ পার করে দিয়েছ
rabindranath tagore,"ইংরেজের বিশেষ কোনো লোকসান দেখছি নে, কিন্তু নীচের ঘরে মাথা ধরে বড়োবউ পড়ে আছে, সিংহনাদে তারই যা অসুবিধে হচ্ছে"
rabindranath tagore,এই বলিয়া মহিম নীচে চলিয়া গেলেন
rabindranath tagore,"গোরা লজ্জা পাইয়া দাঁড়াইয়া রহিল-- লজ্জার সঙ্গে ভিতরে একটু রাগও জ্বলিতে লাগিল, তাহা নিজের বা অন্যের পরে ঠিক বলা যায় না"
rabindranath tagore,"একটু পরে সে ধীরে ধীরে যেন আপন মনে কহিল, সব বিষয়েই, যতটা দরকার আমি তার চেয়ে অনেক বেশি জোর দিয়ে ফেলি, সেটা যে অন্যের পক্ষে কতটা অসহ্য তা আমার ঠিক মনে থাকে না বিনয় গৌরের কাছে আসিয়া সস্নেহে তার হাত ধরিল"
rabindranath tagore,গোরা ঙ গোরা ও বিনয় ছাত হইতে নামিয়া যাইবার উপক্রম করিতেছে এমন সময় গোরার মা উপরে আসিয়া উপস্থিত হইলেন
rabindranath tagore,বিনয় তাহার পায়ের ধুলা লইয়া প্রণাম করিল
rabindranath tagore,গোরার মা আনন্দময়ীকে দেখিলে গোরার মা বলিয়া মনে হয় না
rabindranath tagore,"তিনি ছিপ্ছিপে পাতলা, আটসাট ; চুল যদি বা কিছু কিছু পাকিয়া থাকে বাহির হইতে দেখা যায় না; হঠাৎ দেখিলে বোধ হয় তাহার বয়স চল্লিশেরও কম"
rabindranath tagore,"মুখের বেড় অত্যন্ত সুকুমার, নাকের ঠোটের চিবুকের ললাটের রেখা কে যেন যতে কুদিয়া কাটিয়াছে; শরীরের সমস্তই বাহুল্যবর্জিত মুখে একটি পরিষ্কার ও সতেজ বুদ্ধির ভাব সর্বদাই প্রকাশ পাইতেছে"
rabindranath tagore,"রঙ শ্যামবর্ণ, গোরার রঙের সঙ্গে তাহার কোনোই তুলনা হয় না"
rabindranath tagore,তাহাকে দেখিবামাত্রই একটা জিনিস সকলের চোখে পড়ে-- তিনি শাড়ির সঙ্গে শেমিজ পরিয়া থাকেন
rabindranath tagore,আমরা যে সময়ের কথা বলিতেছি তখনকার দিনে মেয়েদের জামা বা শেমিজ পরা যদিও নব্যদলে প্রচলিত হইতে আরম্ভ হইয়াছে তবু প্রবীণা গৃহিণীরা তাহাকে নিতান্তই খৃস্টানি বলিয়া অগ্রাহ্য করিতেন
rabindranath tagore,"আনন্দময়ীর স্বামী কৃষ্ণদয়ালবাবু কমিসোরিয়েটে কাজ করিতেন, আনন্দময়ী তাহার সঙ্গে ছেলেবেলা হইতে পশ্চিমে কাটাইয়াছেন, তাই ভালো করিয়া গা ঢাকিয়া গায়ে কাপড় দেওয়া যে লজ্জা বা পরিহাসের বিষয় এ সংস্কার তাহার মনে স্থান পায় নাই"
rabindranath tagore,"ঘরদুয়ার মাজিয়া ঘষিয়া, ধুইয়া মুছিয়া, রাধিয়া বাড়িয়া, সেলাই করিয়া, গুনতি করিয়া, হিসাব করিয়া, ঝাড়িয়া, রৌদ্রে দিয়া, আত্মীয়স্বজন- প্রতিবেশীর খবর লইয়া, তবু তাহার সময় যেন ফুরাইতে চাহে শরীরে অসুখ করিলে তিনি কোনোমতেই তাহাকে আমল দিতে চান না-- বলেন, অসুখে তো আমার কিছু হবে না, কাজ না করতে পেলে বাঁচব কী করে"
rabindranath tagore,"গোরার মা উপরে আসিয়া কহিলেন, গোরার গলা যখনই নীচে থেকে শোনা যায় তখনই বুঝতে পারি নিশ্চয়ই এসেছে"
rabindranath tagore,কদিন বাড়ি একেবারে চুপচাপ ছিল--কী হয়েছে বল তো বাছা
rabindranath tagore,"আসিস নি কেন, অসুখবিসুখ করে নি তো"
rabindranath tagore,"বিনয় কুণ্ঠিত হইয়া কহিল, না, মা, অসুখ-- যে বৃষ্টিবাদল গোরা কহিল, তাই বৈকি এর পরে বৃষ্টিবাদল যখন ধরে যাবে তখন বিনয় বলবেন, যে রোদ পড়েছে"
rabindranath tagore,"দেবতার উপর দোষ দিলে দেবতা তো কোনো জবাব করেন না-- আসল মনের কথা অন্তর্যামীই জানেন বিনয় কহিল, গোরা, তুমি কী বাজে"
rabindranath tagore,"আনন্দময়ী কহিলেন, তা সত্যি বাছা, অমন করে বলতে নেই মানুষের মন কখনো ভালো থাকে কখনো মন্দ থাকে, সব সময় কি সমান যায়"
rabindranath tagore,তা নিয়ে কথা পাড়তে গেলে উৎপাত করা হয়
rabindranath tagore,"তা আয় বিনু, আমার ঘরে আয়, তোর জন্যে খাবার ঠিক করেছি গোরা জোর করিয়া মাথা নাড়িয়া কহিল, না মা, সে হচ্ছে না, তোমার ঘরে আমি বিনয়কে খেতে দেবনা আনন্দময়ী ইস্, তাই তো"
rabindranath tagore,"কেন বাপু, তোকে তো আমি কোনোদিন খেতে বলি নে-- এ দিকে তোর বাপ তো ভয়ংকর শুদ্ধাচারী হয়ে উঠেছেন-- স্বপাক না হলে খান না"
rabindranath tagore,"বিনু আমার লক্ষ্মী ছেলে, তোর মতো ওর নেই, তুই কেবল ওকে জোর করে ঠেকিয়ে রাখতে চাস"
rabindranath tagore,"সে কথা ঠিক, আমি জোর করেই ওকে ঠেকিয়ে রাখব"
rabindranath tagore,তোমার খৃস্টান দাসী লছমিয়াটাকে না বিদায় করে দিলে তোমার ঘরে খাওয়া চলবে আনন্দময়ী
rabindranath tagore,"ওরে গোরা, অমন কথা তুই মুখে আনিস নে"
rabindranath tagore,চিরদিন ওর হাতে তুই খেয়েছিস-- ও তোকে ছেলেবেলা থেকে মানুষ করেছে
rabindranath tagore,এই সেদিন পর্যন্ত ওর হাতের তৈরি চাটনি না হলে তোর যে খাওয়া না
rabindranath tagore,"ছোটোবেলায় তোর যখন বসন্ত হয়েছিল লছমিয়া যে করে তোকে সেবা করে বাঁচিয়েছে সে আমি কোনোদিন ভুলতে পারব গোরা ওকে পেনসন দাও, জমি কিনে দাও, ঘর কিনে দাও, যা খুশি করো, কিন্তু ওকে রাখা চলবে না মা"
rabindranath tagore,"আনন্দময়ী গোরা, তুই মনে করিস টাকা দিলেই সব খণ শোধ হয়ে"
rabindranath tagore,"জমিও চায় না, বাড়িও চায় না, তোকে না দেখতে পেলে ও মরে যাবে"
rabindranath tagore,গোরা তবে তোমার খুশি ওকে রাখো
rabindranath tagore,কিন্তু বিনু তোমার ঘরে খেতে পাবে
rabindranath tagore,"যা নিয়ম তা মানতেই হবে, কিছুতেই তার অন্যথা হতে পারে না"
rabindranath tagore,"মা, তুমি এতবড়ো অধ্যাপকের বংশের মেয়ে, তুমি যে আচার পালন করে চল না এ কিন্তু -- আনন্দময়ী"
rabindranath tagore,"ওগো, তোমার মা আগে আচার পালন করেই চলত ; তাই নিয়ে অনেক চোখের জল ফেলতে হয়েছে-- তখন তুমি ছিলে কোথায়"
rabindranath tagore,"রোজ শিব গড়ে পুজো করতে বসতুম আর তোমার বাবা এসে টান মেরে ফেলে ফেলে দিতেন তখন অপরিচিত বামুনের হাতেও ভাত খেতে আমার ঘেল্না করত সেকালে রেলগাড়ি বেশিদুর ছিল না-- গোরুর গাড়িতে, ডাকগাড়িতে, পালকিতে, উটের উপর চড়ে কতদিন ধরে কত উপোস করে কাটিয়েছি"
rabindranath tagore,তোমার বাবা কি সহজে আমার আচার ভাঙতে পেরেছিলেন
rabindranath tagore,"তিনি স্ত্রীকে নিয়ে সব জায়গায় ঘুরে বেড়াতেন বলে তাঁর সায়েব-মনিবরা তাঁকে বাহবা দিত, তার মাইনেই বেড়ে গেল-- এজন্যেই তাকে এক জায়গায় অনেক দিন রেখে দিত-- প্রায় নড়াতে চাইত না"
rabindranath tagore,"এখন তো বুড়োবয়সে চাকরি ছেড়ে দিয়ে রাশ রাশ টাকা নিয়ে তিনি হঠাৎ উলটে খুব শুচি হয়ে দাঁড়িয়েছেন, কিন্তু আমি তা পারব না"
rabindranath tagore,আমার সাত পুরুষের সংস্কার একটা একটা করে নির্মূল করা হয়েছে-- সে কি এখন আর বললেই ফেরে
rabindranath tagore,"আচ্ছা, তোমার পূর্বপুরুষদের কথা ছেড়ে দাও-- তারা তো কোনো আপত্তি করতে আসছেন না কিন্তু আমাদের খাতিরে তোমাকে কতকগুলো জিনিস মেনে চলতেই হবে নাহয় শাত্ত্রের মান নাই রাখলে, স্নেহের মান রাখতে হবে তো আনন্দময়ী ওরে, অত করে আমাকে কী আমার মনে কী হয় সে আমিই জানি আমার স্বামী, আমার ছেলে, আমাকে নিয়ে তাদের যদি পদে পদে কেবল বাধতে লাগল তবে আমার আর সুখ কী নিয়ে কিন্তু তোকে কোলে নিয়েই আমি আচার ভাসিয়ে দিয়েছি তা জানিস"
rabindranath tagore,ছোটো ছেলেকে বুকে তুলে নিলেই বুঝতে পারা যায় যে জাত নিয়ে কেউ পৃথিবীতে জন্মায় না
rabindranath tagore,"সে কথা যেদিন বুঝেছি সেদিন থেকে এ কথা নিশ্চয় জেনেছি যে আমি যদি খ্রীস্টান বলে ছোটো জাত বলে কাউকে ঘৃণা করি তবে ঈশ্বর তোকেও আমার কাছ থেকে কেড়ে নেবেন তুই আমার কোল ভরে আমার ঘর আলো করে থাক্, আমি পৃথিবীর সকল জাতের হাতেই জল খাব"
rabindranath tagore,আজ আনন্দময়ীর কথা শুনিয়া বিনয়ের মনে হঠাৎ কী-একটা অস্পষ্ট সংশয়ের আভাস দেখা দিল
rabindranath tagore,"সে একবার আনন্দময়ীর ও একবার গোরার মুখের দিকে তাকাইল, কিন্তু তখনই মন হইতে সকল তর্কের উপক্রম দূর করিয়া দিল গোরা কহিল, মা, তোমার যুক্তিটা ভালো বোঝা গেল না"
rabindranath tagore,"যারা বিচার ক'রে শাস্ত্র মেনে চলে তাদের ঘরেও তো ছেলে বেচে থাকে, আর ঈশ্বর তোমার সম্বন্ধেই বিশেষ আইন খাটাবেন, এ বুদ্ধি তোমাকে কে দিলে"
rabindranath tagore,আনন্দময়ী যিনি তোকে দিয়েছেন বুদ্ধিও তিনি দিয়েছেন
rabindranath tagore,তা আমি কী করব বল্
rabindranath tagore,"আমার এতে কোনো হাত নেই কিন্তু ওরে পাগল, তোর পাগলামি দেখে আমি হাসব কি কীদব তা ভেবে পাই নে"
rabindranath tagore,"যাক্, সে-সব কথা যাক তবে বিনয় আমার ঘরে খাবে না"
rabindranath tagore,"তো এখনই সুযোগ পেলেই ছোটে, লোভটি ওর যোলো-আনা ৷ কিন্তু মা, আমি যেতে দেব না"
rabindranath tagore,"যে বামুনের ছেলে, দুটো মিষ্টি দিয়ে সে কথা ওকে ভোলালে চলবে না"
rabindranath tagore,"ওকে অনেক ত্যাগ করতে হবে, প্রবৃত্তি সামলাতে হবে, তবে ও জন্মের গৌরব রাখতে পারবে মা, তুমি কিন্তু রাগ কোরো না"
rabindranath tagore,আমি তোমার পায়ের ধুলো নিচ্ছি আনন্দময়ী
rabindranath tagore,আমি রাগ করব তুই বলিস কী
rabindranath tagore,"তুই যা করছিস এ তুই জ্ঞানে করছিস নে, তা আমি তোকে বলে দিলুম"
rabindranath tagore,"আমার মনে এই কষ্ট রইল যে তোকে মানুষ করলুম বটে, কিন্তু -- যাই হোক গে, তুই যাকে ধর্ম বলে বেড়াস সে আমার মানা চলবে না-- নাহয়, তুই আমার ঘরে আমার হাতে নাই খেলি-- কিন্তু তোকে তো দু'সন্ধে দেখতে পাব, সেই আমার ঢের বিনয়, তুমি মুখটি অমন মলিন কোরো না বাপ-- তোমার মনটি নরম, তুমি ভাবছ আমি দুঃখ পেলুম-- কিছু না বাপ"
rabindranath tagore,আর-এক দিন নিমন্ত্রণ করে খুব ভালো বামুনের হাতেই তোমাকে খাইয়ে দেব-- তার ভাবনা কী
rabindranath tagore,"আমি কিন্তু, বাছা, লছমিয়ার হাতে জল খাব, সে আমি সবাইকে বলে রাখছি"
rabindranath tagore,গোরার মা নীচে চলিয়া গেলেন
rabindranath tagore,"বিনয় চুপ করিয়া কিছুক্ষণ দাড়াইয়া রহিল; তাহার পর ধীরে ধীরে কহিল, গোরা, এটা যেন একটু বাড়াবাড়ি হচ্ছে গোরা কার বাড়াবাড়ি"
rabindranath tagore,তোমার গোরা এক চুল বাড়াবাড়ি নয়
rabindranath tagore,যেখানে যার সীমা আমি সেইটে ঠিক রক্ষে করে চলতে চাই
rabindranath tagore,কেনো ছুতোয় সূচ্যগ্রভূমি ছাড়তে আরম্ভ করলে শেষকালে কিছুই বাকি থাকে না
rabindranath tagore,গোরা মা কাকে বলে সে আমি জানি আমাকে কি সে আবার মনে করিয়ে দিতে হবে
rabindranath tagore,আমার মা'র মতো মা ক'জনের আছে
rabindranath tagore,কিন্তু আচার যদি না মানতে শুরু করি তবে একদিন হয়তো মাকেও মানব না
rabindranath tagore,"দেখো বিনয়, তোমাকে একটা কথা বলি, মনে রেখো-- হৃদয় জিনিসটা অতি উত্তম, কিন্তু সকলের চেয়ে উত্তম নয়"
rabindranath tagore,"বিনয় কিছুক্ষণ পরে একটু ইতস্তত করিয়া বলিল, দেখো, গোরা, আজ মা'র কথা শুনে আমার মনের ভিতরে কী রকম একটা নাড়াচাড়া হচ্ছে"
rabindranath tagore,"আমার বোধ হচ্ছে যেন মার মনে কী একটা কথা আছে, সেইটে তিনি আমাদের বোঝাতে পারছেন না, তাই কষ্ট পাচ্ছেন গোরা অধীর হইয়া কহিল, আঃ বিনয়, অত কল্পনা নিয়ে খেলিও না-- ওতে কেবলই সময় নষ্ট হয়, আর কোনো ফল হয় না বিনয়"
rabindranath tagore,"তুমি পৃথিবীর কোনো জিনিসের দিকে কখনো ভালো করে তাকাও না, তাই যেটা তোমার নজরে পড়ে না, সেটাকেই তুমি কল্পনা বলে উড়িয়ে দিতে কিন্তু আমি তোমাকে বলছি, আমি কতবার দেখেছি মা যেন কিসের জন্যে একটা ভাবনা পুষে রেখেছেন-- কী যেন একটা ঠিকমত মিলিয়ে দিতে পারছেন না-- সেইজন্যে ওর ঘরকরনার ভিতরে একটা দুঃখ আছে"
rabindranath tagore,"গোরা, তুমি ওর কথাগুলো একটু কান পেতে শুনো কান পেতে যতটা শোনা যায় তা আমি শুনে থাকি-- তার চেয়ে বেশি শোনবার চেষ্টা করলে ভুল শোনবার সম্ভাবনা আছে বলে সে চেষ্টাই করি নে"
rabindranath tagore,"গোরা মত হিসাবে একটা কথা যেমনতরো শুনিতে হয়, মানুষের উপর প্রয়োগ করিবার বেলায় সকল সময় তাহার সেই একান্ত নিশ্চিত ভাবটা থাকে না-- অন্তত বিনয়ের কাছে থাকে না, বিনয়ের হৃদয়বৃত্তি অত্যন্ত প্রবল তাই তর্কের সময় সে একটা মতকে খুব উচ্চস্বরে মানিয়া থাকে, কিন্তু ব্যবহারের বেলা মানুষকে তাহার চেয়ে বেশি না মানিয়া থাকিতে পারে না"
rabindranath tagore,"এমন-কি, গোরার প্রচারিত মতগুলি বিনয় যে গ্রহণ করিয়াছে তাহা কতটা মতের খাতিরে আর কতটা গোরার প্রতি তাহার একান্ত ভালোবাসার টানে তাহা বলা শক্ত গোরাদের বাড়ি হইতে বাহির হইয়া বাসায় ফিরিবার সময় বর্ষার সন্ধ্যায় যখন সে কাদা বাচাইয়া ধীরে ধীরে রাস্তায় চলিতেছিল তখন মত এবং মানুষে তাহার মনের মধ্যে একটা দ্বন্দ্ব বাধাইয়া দিয়াছিল"
rabindranath tagore,"এখনকার কালের নানাপ্রকার প্রকাশ্য এবং গোপন আঘাত হইতে সমাজ যদি আতঅরক্ষা করিয়া চলিতে চায় তবে খাওয়া ছোওয়া প্রভৃতি সকল বিষয়ে তাহাকে বিশেষ ভাবে সতর্ক: হইতে হইবে এই মতটি বিনয় গোরার মুখ হইতে অতি সহজেই গ্রহণ করিয়াছে, এ লইয়া বিরুদ্ধ লোকদের সঙ্গে সে তীক্ষমভাবে তর্ক: করিয়াছে; বলিয়াছে, শত্রু যখন কেল্লাকে চারি দিকে আক্রমণ করিয়াছে তখন এই কেল্লার প্রত্যেক পথ-গলি দরজা-জানলা প্রত্যেক বন্ধ করিয়া প্রাণ দিয়া যদি রক্ষা করিতে থাকি, তবে তাহাকে উদারতার অভাব বলে না"
rabindranath tagore,"কিন্তু আজ এঁ যে আনন্দময়ীর ঘরে গোরা তাহার খাওয়া নিষেধ করিয়া দিল ইহার আঘাত ভিতরে ভিতরে তাহাকে কেবলই বেদনা দিতে লাগিল বিনয়ের বাপ ছিল না, মাকেও সে অল্পবয়সে হারাইয়াছে ; খুড়া থাকেন দেশে এবং ছেলেবেলা হইতেই পড়াশুনা লইয়া বিনয় কলিকাতার বাসায় একলা মানুষ হইয়াছে"
rabindranath tagore,গোরার সঙ্গে বন্ধুত্সূত্রে বিনয় যেদিন হইতে আনন্দময়ীকে জানিয়াছে সেই দিন হইতে তাহাকে মা বলিয়াই জানিয়াছে
rabindranath tagore,কতদিন তাহার ঘরে গিয়া সে কাড়াকাড়ি করিয়া উৎপাত করিয়া খাইয়াছে ; আহার্যের অংশবিভাগ লইয়া আনন্দময়ী গোরার প্রতি পক্ষপাত করিয়া থাকেন এই অপবাদ দিয়া কতদিন সে তাহার প্রতি ক্ত্রিম ঈর্ষা প্রকাশ করিয়াছে
rabindranath tagore,"দুই-চারি দিন বিনয় কাছে না আসিলেই আনন্দময়ী যে কতটা উৎকণ্ঠিত হইয়া উঠিতেন, বিনয়কে কাছে বসাইয়া খাওয়াইবেন এই প্রত্যাশায় কতদিন তিনি তাহাদের সভাভঙ্গের জন্য উৎসুকচিত্তে অপেক্ষা করিয়া বসিয়া থাকিতেন, তাহা বিনয় জানিত সেই বিনয় আজ সামাজিক ঘৃণায় আনন্দময়ীর ঘরে গিয়া খাইবে না ইহা কি আনন্দময়ী সহিতে পারেন, না বিনয় সহিবে ইহার পর হইতে ভালো বামুনের হাতে মা আমাকে খাওয়াইবেন, নিজের হাতে আর কখনো খাওয়াইবেন না-- এ কথা মা হাসিমুখ করিয়া বলিলেন; কিন্তু এ যে মর্মান্তিক"
rabindranath tagore,এই কথাটাই বিনয় বারবার মনের মধ্যে তোলাপাড়া করিতে করিতে বাসায় পৌঁছিল
rabindranath tagore,শূন্যঘর অন্ধকার হইয়া আছে; চারি দিকে কাগজপত্র বই এলোমেলো ছড়ানো ; দিয়াশালাই ধরাইয়া বিনয় তেলের শেজ জ্বালাইল-- শেজের উপর বেহারার করকোষ্ঠী নানা চিহ্নে অঙ্কিত; লিখিবার টেবিলের উপর যে একটা সাদা কাপড়ের আবরণ আছে তাহার নানান জায়গায় কালি এবং তেলের দাগ; এই ঘরে তাহার প্রাণ যেন হাপাইয়া উঠিল
rabindranath tagore,মানুষের সঙ্গ এবং স্নেহের অভাব আজ তাহার বুক যেন চাপিয়া ধরিল
rabindranath tagore,"দেশকে উদ্ধার, সমাজকে রক্ষা এই-সমস্ত কর্তব্যকে সে কোনোমতেই স্পষ্ট এবং সত্য করিয়া তুলিতে পারিল না-- ইহার চেয়ে ঢের সত্য সেই অচিন পাখি যে একদিন শ্রাবণের উজ্জ্বল সুন্দর প্রভাতে খাঁচার কাছে আসিয়া আবার খাঁচার কাছ হইতে চলিয়া গেছে"
rabindranath tagore,"কিন্তু সেই অচিন পাখির কথা বিনয় কোনোমতেই মনে আমল দিবে না, কোনোমতেই না"
rabindranath tagore,"সেইজন্য মনকে আশ্রয় দিবার জন্য, যে আনন্দময়ীর ঘর হইতে গোরা তাহাকে ফিরাইয়া দিয়াছে সেই ঘরটির ছবি মনে আঁকিতে লাগিল"
rabindranath tagore,"পঙেখর-কাজ-করা উজ্জ্বল মেজে পরিষ্কার তক্ তক্ করিতেছে; এক ধারে তক্তপোশের উপর সাদা রাজহাসের পাখার মতো কোমল নির্মল বিছানা পাতা রহিয়াছে ; বিছানার পাশেই একটা ছোটো টুলের উপর রেড়ির তেলের বাতি এতক্ষণে জ্বালানো হইয়াছে ; মা নিশ্চয়ই নানা রঙের সুতা লইয়া সেই বাতির কাছে ঝুঁকিয়া কাথার উপর শিল্পকাজ করিতেছেন, লছমিয়া নীচে মেজের উপর বসিয়া তাহার বাকা উচ্চারণের বাংলায় অনর্গল বকিয়া যাইতেছে, মা তাহার অধিকাংশই কানে আনিতেছেন না"
rabindranath tagore,"মা যখন মনে কোনো কষ্ট পান তখন শিল্পকাজ লইয়া পড়েন-- তাহার সেই কর্মনিবিষ্ট স্তব্ধ মুখের ছবির প্রতি বিনয় তাহার দৃষ্টি নিবদ্ধ করিল ; সে মনে মনে কহিল, এই মুখের স্নেহদীপ্তি আমাকে আমার সমস্ত মনের বিক্ষেপ হইতে রক্ষা করুক"
rabindranath tagore,"এই মুখই আমার মাতৃভূমির প্রতিমাস্বরূপ হউক, আমাকে কর্তব্যে প্রেরণ করুক এবং কর্তব্যে দৃঢ় তাহাকে মনে মনে একবার মা বলিয়া ডাকিল এবং কহিল, তোমার অন্ন যে আমার অমৃত নয় এ কথা কোনো প্রমাণেই স্বীকার করিব নিস্তব্ধ ঘরে বড়ো ঘড়িটা টিক্ টিক্ করিয়া চলিতে লাগিল ; ঘরের মধ্যে বিনয়ের অসহ্য হইয়া উঠিল"
rabindranath tagore,আলোর কাছে দেওয়ালের গায়ে একটি টিকটিকি পোকা ধরিতেছে-- তাহার দিকে কিছুক্ষণ চাহিয়া চাহিয়া বিনয় উঠিয়া পড়িল এবং একটা ছাতা লইয়া ঘর হইতে বাহির হইল কী করিবে সেটা মনের মধ্যে স্পষ্ট ছিল না
rabindranath tagore,"বোধ হয় আনন্দময়ীর কাছে ফিরিয়া যাইবে এইমতোই তাহার মনের অভিপ্রায় ছিল কিন্তু কখন এক সময় তাহার মনে উঠিল আজ রবিবার, আজ ব্রাহ্মসভায় কেশববাবুর"
rabindranath tagore,কথা যেমন মনে ওঠা অমনি সমস্ত দ্বিধা দূর করিয়া বিনয় জোরে চলিতে আরম্ভ করিল
rabindranath tagore,শুনিবার সময় যে বড়ো বেশি নাই তাহা সে জানিত তবু তাহার সংকল্প বিচলিত হইল না
rabindranath tagore,যথাস্থানে পৌঁছিয়া দেখিল উপাসকেরা বাহির হইয়া আসিতেছে
rabindranath tagore,ছাতা মাথায় রাস্তার ধারে এক কোণে সে দাড়াইল-- মন্দির হইতে সেই মুহূর্তেই পরেশবাবু শান্ত-প্রসন্ন-মুখে বাহির হইলেন তাহার সঙ্গে তাহার পরিজন চার-পাঁচটি ছিল-- বিনয় তাহাদের মধ্যে কেবল একজনের তরুণ মুখ রাস্তার গ্যাসের আলোকে ক্ষণকালের জন্য দেখিল-- তাহার পরে গাড়ির চাকার শব্দ হইল এবং এই দৃশ্যটুকু অন্ধকারের মহাসমুদ্রের মধ্যে একটি বুদ্বুদের মতো মিলাইয়া গেল
rabindranath tagore,"বিনয় ইংরেজি নভেল যথেষ্ট পড়িয়াছে, কিন্তু বাঙালি ভদ্রঘরের সংস্কার তাহার যাইবে কোথায়"
rabindranath tagore,"এমন করিয়া মনের মধ্যে আগ্রহ লইয়া কোনো স্ত্রীলোককে দেখিতে চেষ্টা করা যে সেই স্ত্রীলোকের পক্ষে অসম্মানকর এবং নিজের পক্ষে গর্হিত এ কথা সে কোনো তর্কের দ্বারা মন হইতে তাড়াইতে পারে তাই বিনয়ের মনের মধ্যে সঙ্গে সঙ্গে অত্যন্ত একটা গ্লানি জন্মিতে লাগিল মনে হইল 'আমার একটা যেন পতন হইতেছে গোরার সঙ্গে যদিচ সে তর্ক: করিয়া আসিয়াছে, তবু যেখানে সামাজিক অধিকার নাই সেখানে কোনো স্ত্রীলোককে প্রেমের চক্ষে দেখা তাহার চিরজীবনের সংস্কারে বাধিতে লাগিল বিনয়ের আর গোরার বাড়ি যাওয়া হইল না"
rabindranath tagore,মনের মধ্যে নানা কথা তোলপাড় করিতে করিতে বিনয় বাসায় ফিরিল
rabindranath tagore,পরদিন অপরাহ্ণ বাসা হইতে বাহির হইয়া ঘুরিতে ঘুরিতে অবশেষে যখন গোরার বাড়িতে আসিয়া পৌঁছিল তখন বর্ষার দীর্ঘদিন শেষ হইয়া সন্ধ্যার অন্ধকার ঘন হইয়া উঠিয়াছে
rabindranath tagore,গোরা সেই সময় আলোটি জ্বালাইয়া লিখিতে বসিয়াছে
rabindranath tagore,"গোরা কাগজ হইতে মুখ না তুলিয়াই কহিল, কি গো বিনয়, হাওয়া কোন্ দিক থেকে বইছে"
rabindranath tagore,"বিনয় সে কথায় কর্ণপাত না করিয়া কহিল, গোরা, তোমাকে একটা কথা জিজ্ঞাসা করি"
rabindranath tagore,ভারতবর্ষ তোমার কাছে খুব সত্য
rabindranath tagore,"তুমি তো দিনরাত্রি তাকে মনে রাখ, কিন্তু কিরকম করে মনে রাখ"
rabindranath tagore,"গোরা লেখা ছাড়িয়া কিছুক্ষণ তাহার তীক্ষ্ম দৃষ্টি লইয়া বিনয়ের মুখের দিকে চাহিল ; তাহার পরে কলমটা রাখিয়া চৌকির পিঠের দিকে ঠেস দিয়া কহিল, জাহাজের কাণ্তেন যখন সমুদ্রে পাড়ি দেয় তখন যেমন আহারে বিহারে কাজে বিশ্রামে সমুদ্রপারের বন্দরটিকে সে মনের মধ্যে রেখে দেয় আমার ভারতবর্ষকে আমি তেমনি করে মনে রেখেছি"
rabindranath tagore,"গোরা বুকে হাত দিয়া কহিল, আমার এইখানকার কম্পাসটা দিনরাত যেখানে কাঁটা ফিরিয়ে আছে সেইখানে, তোমার মার্শ ম্যান সাহেবের হিস্ট্রি অব ইণ্ডিয়ার মধ্যে নয় বিনয়"
rabindranath tagore,"তোমার কাঁটা যে দিকে, সে দিকে কিছু একটা আছে কি"
rabindranath tagore,"গোরা উত্তেজিত হইয়া কহিল, আছে না তো কী-- আমি পথ ভুলতে পারি, ডুবে মরতে পারি, কিন্তু আমার সেই লক্ষ্মীর বন্দরটি আছে"
rabindranath tagore,"সেই আমার পূর্ণস্বরূপ ভারতবর্ষ -- ধনে পূর্ণ, জ্ঞানে পূর্ণ, ধর্মে পূর্ণ-- সে ভারতবর্ষ কোথাও নেই"
rabindranath tagore,আছে কেবল চারি দিকের এই মিথ্যেটা
rabindranath tagore,"এই তোমার কলকাতা শহর, এই আপিস, এই আদালত, এই গোটাকতক ইটকাঠের বুদ্বুদ"
rabindranath tagore,"ছোঃ বলিয়া গোরা বিনয়ের মুখের দিকে একদৃষ্টে কিছুক্ষণ চাহিয়া রহিল-- বিনয় কোনো উত্তর না করিয়া ভাবিতে লাগিল গোরা কহিল, এই যেখানে আমরা পড়ছি শুনছি, চাকরির উমেদারি করে বেড়াচ্ছি, দশটা-পাঁচটায় ভূতের খাটুনি খেটে কী যে করছি তার কিছুই ঠিকানা নেই, এই জাদুকরের মিথ্যে ভারতবর্ষটাকেই আমরা সত্য বলে ঠাউরেছি ব'লেই পঁচিশ কোটি লোক মিথ্যে মানকে মান ব'লে, মিথ্যে কর্মকে কর্ম ব'লে দিনরাত বিভ্রান্ত হয়ে বেড়াচ্ছি-- এই মরীচিকার ভিতর থেকে কি আমরা কোনোরকম চেষ্টায় প্রাণ পাব"
rabindranath tagore,আমরা তাই প্রতিদিন শুকিয়ে মরছি
rabindranath tagore,"একটি সত্য ভারতবর্ষ আছে-- পরিপূর্ণ ভারতবর্ষ, সেইখানে স্থিতি না হলে আমরা কি বুদ্ধিতে কি হৃদয়ে যথার্থ প্রাণরসটা টেনে নিতে পারব না"
rabindranath tagore,"তাই বলছি, আর সমস্ত ভুলে, খেতাবের মায়া, উঞ্ছবৃত্তির প্রলোভন, সব টান মেরে ফেলে দিয়ে সেই বন্দরের দিকেই জাহাজ ভাসাতে হবে-- ডুবি তো ডুবব, মরি তো সাধে আমি ভারতবর্ষের সত্য মূর্তি, পূর্ণ মূর্তি কোনোদিন ভুলতে পারি নে"
rabindranath tagore,এ-সব কেবল উত্তেজনার কথা নয়
rabindranath tagore,"গোরা মেঘের মতো গর্জিয়া কহিল, সত্যই বলছি"
rabindranath tagore,যারা তোমার মতো দেখতে পাচ্ছে না
rabindranath tagore,"গোরা মুঠা বাঁধিয়া কহিল, তাদের দেখিয়ে দিতে হবে"
rabindranath tagore,এই তো আমাদের কাজ সত্যের ছবি স্পষ্ট না দেখতে পেলে লোকে আঅসমর্পণ করবে কোন্ উপছায়ার কাছে
rabindranath tagore,ভারতবর্ষের সর্বাঙ্গীণ মূর্তিটা সবার কাছে তুলে ধরো-- লোকে তা হলে পাগল হয়ে যাবে
rabindranath tagore,তখন কি দ্বারে দ্বারে চাঁদা বেড়াতে হবে
rabindranath tagore,প্রাণ দেবার জন্যে ঠেলাঠেলি পড়ে যাবে বিনয়
rabindranath tagore,হয় আমাকে সংসারের দশ জনের মতো ভেসে চলে যেতে দাও নইলে আমাকে সেই মূর্তি দেখাও গোরা
rabindranath tagore,যদি বিশ্বাস মনে থাকে তা হলে কঠোর সাধনাতেই সুখ পাবে
rabindranath tagore,"আমাদের শৌখিন পেট্রিয়টদের সত্যকার বিশ্বাস কিছুই নেই, তাই তারা নিজের এবং পরের কাছে কিছুই জোর করে দাবি করতে পারেন না"
rabindranath tagore,স্বয়ং কুবের যদি তাদের সেধে বর দিতে আসেন তা হলে তারা বোধ হয় লাটসাহেবের চাপরাশির গিল্টি-করা তকমাটার চেয়ে বেশি আর কিছু সাহস করে চাইতেই পারেন না
rabindranath tagore,"তাদের বিশ্বাস নেই, তাই ভরসা নেই বিনয়"
rabindranath tagore,"গোরা, সকলের প্রকৃতি সমান নয়"
rabindranath tagore,"তুমি নিজের বিশ্বাস নিজের ভিতরেই পেয়েছ, এবং নিজের আশ্রয় নিজের জোরেই খাড়া করে রাখতে পার, তাই অন্যের অবস্থা ঠিক বুঝতে পার না"
rabindranath tagore,"আমি বলছি তুমি আমাকে যা হয় একটা কাজে লাগিয়ে দাও-- দিনরাত আমাকে খাটিয়ে নাও-- নইলে তোমার কাছে যতক্ষণ থাকি মনে হয় যেন একটা কী পেলুম, তার পরে দূরে গেলে এমন কিছু হাতের কাছে পাই নে যেটাকে আঁকড়ে ধরে থাকতে পারি"
rabindranath tagore,"এখন আমাদের একমাত্র কাজ এই যে, যা-কিছু স্বদেশের তারই প্রতি সংকোচহীন সংশয়হীন সম্পূর্ণ শ্রদ্ধা প্রকাশ করে দেশের অবিশ্বাসীদের মনে সেই শ্রদ্ধার সঞ্চার করে দেওয়া দেশের সম্বন্ধে লজ্জা করে করে আমরা নিজের মনকে দাসত্বের বিষে দুর্বল করে ফেলেছি"
rabindranath tagore,আমাদের প্রত্যেকে নিজের দৃষ্টান্তে তার প্রতিকার করলে তার পর আমরা কাজ করবার পাব
rabindranath tagore,এখন যে-কোনো কাজ করতে চাই সে কেবল ইতিহাসের ইস্কুলবইটি ধ'রে পরের কাজের নকল হয়ে ওঠে সেই ঝুঁটো কাজে কি আমরা কখনো সত্যভাবে আমাদের সমস্ত প্রাণমন দিতে পারব
rabindranath tagore,তাতে কেবল নিজেদের হীন করেই তুলব
rabindranath tagore,এমন সময় হাতে একটা হুকা লইয়া মৃদুমন্দ অলস ভাবে মহিম আসিয়া ঘরে প্রবেশ করিলেন
rabindranath tagore,"আপিস হইতে ফিরিয়া জলযোগ সারিয়া, একটা পান মুখে দিয়া এবং গোটাছয়েক পান বাটায় লইয়া রাস্তার ধারে বসিয়া মহিমের এই তামাক টানিবার সময়"
rabindranath tagore,"আর-কিছুক্ষণ পরেই একটি একটি করিয়া পাড়ার বন্ধুরা জুটিবে, তখন সদর দরজার পাশের ঘরটাতে প্রমারা খেলিবার সভা বসিবে"
rabindranath tagore,"মহিম ঘরে ঢুকিতেই গোরা চৌকি ছাড়িয়া উঠিয়া দাড়াইল মহিম হুকায় টান দিতে দিতে কহিল, ভারত-উদ্ধারে ব্যস্ত আছ, আপাতত ভাইকে উদ্ধার করো"
rabindranath tagore,গোরা মহিমের মুখের দিকে চাহিয়া রহিল
rabindranath tagore,"মহিম কহিলেন, আমাদের আপিসের নতুন যে বড়োসাহেব হয়েছে-- ডালকুত্তার মতো চেহারা-- সে বেটা ভারি পাজি"
rabindranath tagore,"সে বাবুদের বলে বেবুন-- কারো মা মরে গেলে ছুটি দিতে চায় না, বলে মিথ্যে কথা-- কোনো মাসেই কোনো বাঙালি আমলার গোটা মাইনে পাবার জো নেই, জরিমানায় জরিমানায় একেবারে শতছিদ্র করে ফেলে কাগজে তার নামে একটা চিঠি বেরিয়েছিল, সে বেটা ঠাউরেছে আমারই কর্ম নেহাত মিথ্যে ঠাওরায় নি"
rabindranath tagore,কাজেই এখন আবার স্বনামে তার একটা কড়া প্রতিবাদ না লিখলে টিকতে দেবে না
rabindranath tagore,তোমরা তো য়ুনিভার্সিটির জলধি মন্থন করে দুই উঠেছ-- এই চিঠিখানা একটু ভালো করে লিখে দিতে হবে
rabindranath tagore,"ওর মধ্যে ছড়িয়ে দিতে হবে - , - , ইত্যাদি গোরা চুপ করিয়া রহিল"
rabindranath tagore,"বিনয় হাসিয়া কহিল, দাদা, অতগুলো মিথ্যে কথা এক চালাবেন"
rabindranath tagore,"অনেক দিন ওদের করেছি, আমার কাছে কিছুই অবিদিত ওরা যা মিথ্যে কথা জমাতে পারে সে তারিফ করতে হয়"
rabindranath tagore,"দরকার হলে ওদের কিছু বাধে একজন যদি মিছে বলে তো শেয়ালের মতো আর সব সেই এক সুরে করে ওঠে, আমাদের মতো একজন আর-এক জনকে ধরিয়ে দিয়ে বাহবা নিতে চায় না"
rabindranath tagore,"এটা নিশ্চয় জেনো, ওদের ঠকালে পাপ নেই যদি না পড়ি ধরা"
rabindranath tagore,বলিয়া হাঃ হাঃ হাঃ করিয়া মহিম টানিয়া টানিয়া হাসিতে লাগিলেন--বিনয়ও না হাসিয়া থাকিতে পারিল না
rabindranath tagore,"মহিম কহিলেন, তোমরা ওদের মুখের উপর সত্যি কথা বলে ওদের অপ্রতিভ করতে চাও এমনি বুদ্ধি যদি ভগবান তোমাদের না দেবেন তবে দেশের এমন দশা হবে কেন"
rabindranath tagore,"এটা তো বুঝতে হবে, যার গায়ের জোর আছে বাহাদুরি করে তার ছুরি ধরিয়ে দিতে গেলে সে লজ্জায় মাথা হেট করে থাকে না"
rabindranath tagore,সে উল্টে তার সিধকাটিটা তুলে পরম সাধুর মতোই হুংকার দিয়ে মারতে আসে ৷ সত্যি কি না বলো বিনয়
rabindranath tagore,"তার চেয়ে মিছে কথার ঘানি থেকে বিনি পয়সায় যে তেলটুকু বেরোয় তারই এক-আধ ছটাক তার পায়ে মালিশ করে যদি বলি 'সাধুজি, বাবা পরমহংস, দয়া করে ঝুলিটা একটু ঝাড়ো, ওর ধুলো পেলেও বেঁচে যাব' তা হলে তোমারই ঘরের মালের একটা অংশ হয়তো তোমারই ঘরে ফিরে আসতে পারে, অথচ শান্তি-ভঙ্গেরও আশঙ্কা থাকে না"
rabindranath tagore,যদি বুঝে দেখ তো একেই বলে পেট্রিয়টিজ্ম্ কিন্তু আমার ভায়া চটছে
rabindranath tagore,"হয়ে অবধি আমাকে দাদা বলে খুব মানে, ওর সামনে আজ আমার কথাগুলো ঠিক বড়োভায়ের মতো হল না"
rabindranath tagore,"কিন্তু কী করব ভাই, মিছে কথা সম্বন্ধেও তো সত্যি কথাটা বলতে হবে"
rabindranath tagore,"বিনয়, সেই লেখাটা কিন্তু চাই"
rabindranath tagore,"রোসো, আমার নোট লেখা আছে, সেটা নিয়ে আসি"
rabindranath tagore,"বলিয়া মহিম তামাক টানিতে টানিতে বাহির হইয়া গেলেন গোরা বিনয়কে কহিল, বিনু, তুমি দাদার ঘরে গিয়ে ওকে ঠেকাও গে আমি লেখাটা শেষ করে ফেলি গোরা ওগো, শুনছ"
rabindranath tagore,"আমি তোমার পুজোর ঘরে ঢুকছি নে, ভয় নেই"
rabindranath tagore,শেষ হলে একবার ও ঘরে যেয়ো-- তোমার সঙ্গে কথা আছে
rabindranath tagore,"দুজন নূতন সন্ন্যাসী যখন এসেছে তখন কিছুকাল তোমার আর দেখা পাব না জানি, সেইজন্যে বলতে ভুলো না, একবার যেয়ো এই বলিয়া আনন্দময়ী ঘরকরনার কাজে ফিরিয়া গেলেন"
rabindranath tagore,"ক্ষ্ণদয়ালবাবু শ্যামবর্ণ দোহারা-গোছের মানুষ, বেশি লম্বা নহেন"
rabindranath tagore,"মুখের মধ্যে বড়ো বড়ো দুইটা চোখ সব চেয়ে চোখে পড়ে, বাকি প্রায় সমস্তই কাচাপাকা গৌফে দাড়িতে সমাচ্ছন্ন"
rabindranath tagore,"ইনি সর্বদাই গেরুয়া রঙের পট্টবস্ত্র পরিয়া আছেন, হাতের কাছে পিতলের কমগুলু, পায়ে খড়ম"
rabindranath tagore,মাথার সামনের দিকে টাক পড়িয়া আসিতেছে-- বাকি বড়ো বড়ো চুল গ্রন্থি দিয়া মাথার উপরে একটা চূড়া করিয়া বাঁধা একদিন পশ্চিমে থাকিতে ইনি পল্টনের গোরাদের সঙ্গে মিশিয়া মদ-মাংস খাইয়া একাকার করিয়া দিয়াছেন
rabindranath tagore,"তখন দেশের পূজারি পুরোহিত বৈষ্ণব সন্ন্যাসী শ্রেণীর লোকদিগকে গায়ে পড়িয়া অপমান করাকে পৌরুষ বলিয়া জ্ঞান করিতেন, এখন না মানেন এমন জিনিস নাই"
rabindranath tagore,নূতন সন্ন্যাসী দেখিলেই তাহার কাছে নূতন সাধনার পন্থা শিখিতে বসিয়া যান
rabindranath tagore,মুক্তির নিগুঢ় পথ এবং যোগের প্রণালীর জন্য ইহার অবধি নাই
rabindranath tagore,তান্ত্রিক সাধনা অভ্যাস করিবেন বলিয়া কৃষ্ণদয়াল কিছুদিন উপদেশ লইতেছিলেন এমন সময় একজন বৌদ্ধ পুরোহিতের সন্ধান পাইয়া সম্প্রতি তাহার মন চঞ্চল হইয়া উঠিয়াছে
rabindranath tagore,"ইহার প্রথম স্ত্রী একটি পুত্র প্রসব করিয়া যখন মারা যান তখন ইহার বয়স তেইশ বছর মাতার মৃত্যুর কারণ বলিয়া, রাগ করিয়া ছেলেটিকে তাহার শ্বশুরবাড়ি রাখিয়া ক্ষ্ণদয়াল প্রবল বৈরাগ্যের একেবারে পশ্চিমে চলিয়া যান এবং ছয় মাসের মধ্যেই কাশীবাসী সার্বভৌম মহাশয়ের পিতৃহীনা পৌত্রী আনন্দময়ীকে বিবাহ করেন"
rabindranath tagore,পশ্চিমে কৃষ্ণদয়াল চাকরির জোগাড় করিলেন এবং মনিবদের কাছে নানা উপায়ে প্রতিপত্তি করিয়া লইলেন
rabindranath tagore,ইতিমধ্যে সার্বভৌমের মৃত্যু হইল; অন্য কোনো অভিভাবক না থাকাতে স্ত্রীকে নিজের কাছে আনিয়াই রাখিতে হইল ইতিমধ্যে যখন সিপাহিদের মুযুটিনি বাধিল সেই সময়ে কৌশলে দুই-এক জন উচ্চপদস্থ ইংরেজের প্রাণরক্ষা করিয়া ইনি যশ এবং জায়গির লাভ করেন
rabindranath tagore,ম্যুটিনির কিছুকাল পরেই কাজ ছাড়িয়া দিলেন এবং নবজাত গোরাকে লইয়া কিছুদিন কাশীতে কাটাইলেন
rabindranath tagore,গোরার বয়স যখন বছর পাঁচেক হইল তখন কলিকাতায় আসিয়া তাহার বড়ো ছেলে মহিমকে তাহার মামার বাড়ি হইতে নিজের কাছে আনাইয়া মানুষ করিলেন
rabindranath tagore,এখন মহিম পিতার মুরুঝ্বিদের অনুগ্রহে সরকারি খাতাঞ্জিখানায় খুব তেজের সঙ্গে কাজ চালাইতেছে
rabindranath tagore,গোরা শিশুকাল হইতেই তাহার পাড়ার এবং ইস্কুলের ছেলেদের সর্দারি করিত মাস্টার-পণ্ডিতের জীবন অসহ্য করিয়া তোলাই তাহার প্রধান কাজ এবং আমোদ একটু বয়স হইতেই সে ছাত্রদের স্বাধীনতাহীনতায় কে বাঁচিতে চায় হে
rabindranath tagore,"এবং কোটি মানবের বাস' আওয়াইয়া, ইংরেজি ভাষায় বক্তৃতা করিয়া ক্ষুদ্র বিদ্রোহীদের দলপতি হইয়া উঠিল"
rabindranath tagore,"অবশেষে যখন এক সময় ছাত্রসভার ডিম্ব ভেদ করিয়া গোরা বয়স্কসভায় কাকলি বিস্তার করিতে আরম্ভ করিল, তখন ক্ষ্ণদয়ালবাবুর কাছে সেটা অত্যন্ত কৌতুকের বিষয় বলিয়া মনে হইল"
rabindranath tagore,"বাহিরের লোকের কাছে গোরার প্রতিপত্তি দেখিতে দেখিতে বাড়িয়া উঠিল ; কিন্তু ঘরে কাহারো কাছে সে বড়ো আমল পাইল মহিম তখন চাকরি করে-- সে গোরাকে কখনো বা পেট্রিয়ট-জ্যাঠা' কখনো বা 'হরিশ মুখুজ্জে দি বলিয়া নানাপ্রকারে দমন করিতে চেষ্টা করিয়াছিল তখন দাদার সঙ্গে গোরার প্রায় মাঝে মাঝে হাতাহাতি হইবার উপক্রম হইত আনন্দময়ী গোরার ইংরেজ-বিদ্বেষে মনে মনে অত্যন্ত উদ্বেগ অনুভব তাহাকে নানাপ্রকারে ঠাণ্ডা করিবার চেষ্টা করিতেন, কিন্তু কোনো ফলই হইত না"
rabindranath tagore,গোরা রাস্তায় ঘাটে কোনো সুযোগে ইংরেজের সঙ্গে মারামারি করিতে পারিলে জীবন ধন্য মনে করিত
rabindranath tagore,দিকে কেশববাবুর মুগ্ধ হইয়া গোরা ব্রাহ্মসমাজের প্রতি বিশেষভাবে আকৃষ্ট হইয়া পড়িল; আবার এই সময়টাতেই কৃষ্ণদয়াল ঘোরতর আচারনিষ্ঠ হইয়া উঠিলেন
rabindranath tagore,"এমন-কি, গোরা তাহার ঘরে গেলেও তিনি ব্যতিব্যস্ত হইয়া উঠিতেন"
rabindranath tagore,গুটি দুই-তিন ঘর লইয়া তিনি নিজের মহল স্বতন্ত্র করিয়া রাখিলেন
rabindranath tagore,ঘটা করিয়া সেই মহলের দ্বারের কাছে সাধনাশ্রম নাম লিখিয়া কাষ্টযফলক লটকাইয়া দিলেন
rabindranath tagore,বাপের এই কাণ্ডকারখানায় গোরার মন বিদ্রোহী হইয়া উঠিল
rabindranath tagore,"সে বলিল, আমি এ-সমস্ত মূঢ়তা সহ্য করিতে পারি না এ আমার"
rabindranath tagore,এই উপলক্ষে গোরা তাহার বাপের সঙ্গে সমস্ত সম্পর্ক বিচ্ছিন্ন করিয়া একেবারে বাহির হইয়া যাইবার উপক্রম করিয়াছিল-- আনন্দময়ী তাহাকে কোনোরকমে ঠেকাইয়া রাখিয়াছিলেন
rabindranath tagore,"বাপের কাছে যে-সকল ব্রাহ্মণপণ্ডিতের সমাগম হইতে লাগিল গোরা জো পাইলেই তাহাদের সঙ্গে তর্ক বাধাইয়া সে তো তর্ক: নয়, প্রায় ঘুষি বলিলেই হয়"
rabindranath tagore,"তাহাদের অনেকেরই পাণ্ডিত্য অতি যংসামান্য এবং অর্থলোভ অপরিমিত ছিল ; গোরাকে তাহারা পারিয়া উঠিতেন না, তাহাকে বাঘের মতো ভয় করিতেন ইহাদের মধ্যে কেবল হরচন্দ্র বিদ্যাবাগীশের প্রতি গোরার শ্রদ্ধা জন্মিল"
rabindranath tagore,বেদাস্তচর্চা করিবার জন্য বিদ্যাবাগীশকে ক্ষ্ণদয়াল নিযুক্ত করিয়াছিলেন গোরা প্রথমেই ইহার সঙ্গে উদ্ধতভাবে লড়াই করিতে গিয়া দেখিল লড়াই চলে না
rabindranath tagore,"লোকটি যে কেবল পণ্ডিত তাহা নয়, তাহার মতের ওদার্য অতি আশ্চর্য"
rabindranath tagore,কেবল সংস্কৃত পড়িয়া এমন তীক্ষা অথচ প্রশস্ত বুদ্ধি যে হইতে পারে গোরা তাহা কল্পনাও করিতে পারিত না
rabindranath tagore,বিদ্যাবাগীশের চরিত্রে ক্ষমা ও শান্তিতে পূর্ণ এমন একটি অবিচলিত ধৈর্য ও গভীরতা ছিল যে তাহার কাছে নিজেকে সংযত না করা গোরার পক্ষে সম্পূর্ণ অসম্ভব ছিল
rabindranath tagore,"হরচন্দ্রের কাছে গোরা বেদান্তদর্শন পড়িতে আরম্ভ করিল গোরা কোনো কাজ আধা- আধি-রকম করিতে পারে না, সুতরাং দর্শন-আলোচনার মধ্যে সে একেবারে তলাইয়া গেল"
rabindranath tagore,ঘটনাক্রমে এই সময়ে একজন ইংরেজ মিশনারি কোনো সংবাদপত্রে হিন্দু শাস্ত্র ও সমাজকে আক্রমণ করিয়া দেশের লোককে তর্কযুদ্ধে আহ্বান করিলেন
rabindranath tagore,"গোরা তো একেবারে আগুন হইয়া উঠিল যদিচ সে নিজে অবকাশ পাইলেই শাস্ত্র ও লোকাচারের নিন্দা করিয়া বিরুদ্ধমতের লোককে যত রকম করিয়া পারে পীড়া দিত, তবু হিন্দুসমাজের প্রতি বিদেশী লোকের অবজ্ঞা তাহাকে যেন"
rabindranath tagore,সংবাদপত্রে গোরা লড়াই শুরু করিল
rabindranath tagore,অপর পক্ষে হিন্দুসমাজকে যতগুলি দোষ দিয়াছিল গোরা তাহার একটাও এবং একটুও স্বীকার করিল না
rabindranath tagore,"দুই পক্ষে অনেক উত্তর চালাচালি হইলে পর সম্পাদক বলিলেন, আমরা আর বেশি চিঠিপত্র ছাপিব না কিন্তু গোরার তখন রোখ চড়িয়া গেছে"
rabindranath tagore,"সে হিপ্তুয়িজ্ম নাম দিয়া ইংরেজিতে এক বই লিখিতে লাগিল-- তাহাতে তাহার সাধ্যমত সমস্ত যুক্তি ও শাস্ত্র ঘাটিয়া হিন্দুধর্ম ও সমাজের অনিন্দনীয় শ্রেষ্ঠত্বের প্রমাণ সংগ্রহ করিতে বসিয়া গেল এমনি করিয়া মিশনারির সঙ্গে ঝগড়া করিতে গিয়া গোরা আস্তে নিজের ওকালতির কাছে নিজে হার মানিল গোরা বলিল, আমার আপন দেশকে বিদেশীর আদালতে আসামীর মতো খাড়া করিয়া বিদেশীর আইনমতে তাহার বিচার করিতে আমরা দিবই না"
rabindranath tagore,"বিলাতের আদর্শের সঙ্গে খুঁটিয়া খুঁটিয়া মিল করিয়া আমরা পাইব না, গৌরবও বোধ করিব না"
rabindranath tagore,"যে দেশে জন্মিয়াছি সে দেশের আচার, বিশ্বাস, শাস্ত্র ও সমাজের জন্য পরের ও নিজের কাছে কিছুমাত্র সংকুচিত হইয়া থাকিব না"
rabindranath tagore,"দেশের যাহা-কিছু আছে তাহার সমস্তই সবলে ও সগর্বে মাথায় করিয়া লইয়া দেশকে ও নিজেকে অপমান হইতে রক্ষা করিব এই বলিয়া গোরা গঙ্গাম্নান ও সন্ধ্যাহিক করিতে লাগিল, টিকি রাখিল, খাওয়া-ছোওয়া সম্বন্ধে বিচার করিয়া চলিল"
rabindranath tagore,"এখন হইতে প্রত্যহ সকালবেলায় সে বাপ-মায়ের পায়ের ধুলা লয়, যে মহিমকে সে কথায় কথায় ইংরেজি ভাষায় ক্যাড ও স্নব' বলিয়া অভিহিত করিতে ছাড়িত না, তাহাকে দেখিলে উঠিয়া দাড়ায়, প্রণাম করে; মহিম এই হঠাৎ-ভক্তি লইয়া তাহাকে যাহা মুখে আসে তাহাই বলে, কিন্তু গোরা তাহার কোনো জবাব করে না"
rabindranath tagore,গোরা তাহার উপদেশ ও আচরণে দেশের এক দল লোককে যেন জাগাইয়া দিল
rabindranath tagore,"তাহারা যেন একটা টানাটানির হাত হইতে বাচিয়া গেল; হাফ ছাড়িয়া বলিয়া উঠিল, আমরা ভালো কি মন্দ, সভ্য কি অসভ্য তাহা লইয়া জবাবদিহি কারো কাছে করিতে চাই না-- কেবল আমরা যোলো-আনা অনুভব করিতে চাই যে আমরা আমরাই কিন্তু ক্ষ্ণদয়াল গোরার এই নূতন পরিবর্তনে যে খুশি হইলেন তাহা মনে হইল না"
rabindranath tagore,"এমন-কি, তিনি একদিন গোরাকে ডাকিয়া বলিলেন, দেখো বাবা, হিন্দুশাস্ত্র বড়ো গভীর জিনিস খবিরা যে ধর্ম স্থাপন করে গেছেন তা তলিয়ে বোঝা যে-সে লোকের কর্ম নয়"
rabindranath tagore,আমার বিবেচনায় না বুঝে এ নিয়ে নাড়াচাড়া না করাই ভালো
rabindranath tagore,"তুমি ছেলেমানুষ, বরাবর ইংরেজি পড়ে মানুষ হয়েছ, তুমি যে বাশ্মসমাজের দিকে ঝুঁকেছিলে সেটা তোমার ঠিক অধিকারের মতোই কাজ করেছিলে সেইজন্যেই আমি তাতে কিছুই রাগ করি নি, বরঞ্চ খুশিই ছিলুম"
rabindranath tagore,কিন্তু এখন তুমি যে পথে চলেছ এটা ঠিক ভালো ঠেকছে না
rabindranath tagore,"গোরা কহিল, বলেন কী বাবা"
rabindranath tagore,আমি যে হিন্দু হিন্দুধর্মের গুঢ় মর্ম আজ না বুঝি তো কাল বুঝব-- কোনোকালে যদি না বুঝি তবু এই পথে চলতেই হবে
rabindranath tagore,"হিন্দুসমাজের সঙ্গে পূর্বজন্মের সম্বন্ধ কাটাতে পারি নি বলেই তো এ জন্মে ব্রাহ্মণের ঘরে জন্মেছি, এমনি করেই জন্মে জন্মে এই হিন্দুধর্মের ও হিন্দুসমাজের ভিতর দিয়েই অবশেষে এর চরমে উত্তীর্ণ হব"
rabindranath tagore,যদি কখনো ভুলে অন্য পথের দিকে একটু হেলি আবার দ্বিগুণ জোরে ফিরতেই হবে
rabindranath tagore,"কেবলই মাথা নাড়িতে নাড়িতে কহিলেন, কিন্তু , বাবা, হিন্দু বললেই হিন্দু হওয়া যায় মুসলমান হওয়া সোজা, খ্রীস্টান যে-সে হতে পারে-- কিন্তু হিন্দু বাস্রে"
rabindranath tagore,"গোরা সে তো ঠিক কিন্তু আমি যখন হিন্দু হয়ে জন্মেছি, তখন তো সিংহদ্বার পার হয়ে এসেছি"
rabindranath tagore,"এখন ঠিকমত সাধন করে গেলেই অল্পে অল্পে এগোতে ক্ষ্ণদয়াল বাবা, তর্কে তোমাকে ঠিকটি বোঝাতে পারব তবে তুমি যা বলছ সেও সত্য যার যেটা কর্মফল, নির্দিষ্ট ধর্ম, তাকে একদিন ঘুরে ফিরে সেই ধর্মের পথেই আসতে হবে-- কেউ আটকাতে পারবে ভগবানের ইচ্ছে"
rabindranath tagore,"আমরা তো উপলক্ষ কর্মফল এবং ভগবানের ইচ্ছা, সোহহংবাদ এবং ভক্তিতত্ত্ব সমস্তই কৃষ্ণদয়াল সম্পূর্ণ সমান ভাবে গ্রহণ করেন-- পরস্পরের মধ্যে যে কোনোপ্রকার প্রয়োজন আছে তাহা অনুভবমাত্র করেন না"
rabindranath tagore,গোরা আজ ও স্নানাহার সারিয়া কৃষ্ণদয়াল অনেক দিন পরে আনন্দময়ীর ঘরের মেজের উপর নিজের কম্বলের আসনটি পাতিয়া সাবধানে চারি দিকের সমস্ত হইতে যেন বিবিক্ত হইয়া খাড়া হইয়া বসিলেন
rabindranath tagore,"আনন্দময়ী কহিলেন, ওগো, তুমি তো তপস্যা করছ, ঘরের কথা কিছু ভাব না, কিন্তু আমি যে গোরার জন্যে সর্বদাই ভয়ে ভয়ে গেলুম ক্ষ্ণদয়াল"
rabindranath tagore,তা আমি ঠিক বলতে পারি নে
rabindranath tagore,"কিন্তু আমার যেন মনে হচ্ছে, গোরা আজকাল এই যে হিদুয়ানি আরম্ভ করেছে এ ওকে কখনোই সইবে না, এ ভাবে চলতে গেলে শেষকালে একটা কী বিপদ ঘটবে"
rabindranath tagore,"আমি তো তোমাকে তখনই বলেছিলুম, ওর পইতে দিয়ো না"
rabindranath tagore,"তখন যে তুমি কিছুই মানতে না; বললে, গলায় একগাছা সুতো পরিয়ে দিলে তাতে কারো কিছু আসে যায় কিন্তু শুধু তো সুতো নয়-- এখন ওকে ঠেকাবে কোথায়"
rabindranath tagore,গোড়ায় তুমি যে ভুল করলে
rabindranath tagore,তুমি যে ওকে কোনোমতেই ছাড়তে চাইলে না
rabindranath tagore,তখন আমিও গোৌয়ারগোছের ছিলুম-- ধর্মকর্ম কোনো-কিছুর তো জ্ঞান ছিল না
rabindranath tagore,এখন হলে কি এমন কাজ করতে পারতুম
rabindranath tagore,"আনন্দময়ী কিন্তু যাই বল, আমি যে কিছু অধর্ম করেছি সে আমি কোনোমতে মানতে পারব তোমার তো মনে আছে ছেলে হবার জন্যে আমি কী না করেছি-- যে যা বলেছে তাই শুনেছি-- কত মাদুলি কত মন্তর নিয়েছি সে তো তুমি একদিন স্বপ্নে দেখলুম যেন সাজি ভরে টগরফুল নিয়ে এসে ঠাকুরের পুজো করতে বসেছি-- এক সময় চেয়ে দেখি সাজিতে ফুল নেই, ফুলের মতো ধব্ধবে একটি ছোট্ট ছেলে ; আহা সে কী দেখেছিলুম সে কী বলব, আমার দুই চোখ দিয়ে জল পড়তে লাগল-- তাকে তাড়াতাড়ি কোলে তুলে নিতে যাব আর ঘুম ভেঙে গেল তার দশ দিন না যেতেই তো গোরাকে পেলুম-- সে আমার ঠাকুরের দান-- সে কি আর-কারো যে আমি কাউকে ফিরিয়ে দেব"
rabindranath tagore,আর-জন্মে তাকে ধারণ করে বোধ হয় অনেক কষ্ট পেয়েছিলুম তাই আজ সে আমাকে মা বলতে এসেছে
rabindranath tagore,"কেমন করে কোথা থেকে সে এল ভেবে দেখো দেখি চারি দিক তখন মারামারি কাটাকাটি, নিজের প্রাণের ভয়েই মরি-- সেই সময় রাত-দুপুরে সেই মেম যখন আমাদের বাড়িতে এসে লুকোল, তুমি তো তাকে ভয়ে বাড়িতে রাখতেই চাও না-- আমি তোমাকে ভাড়িয়ে তাকে গোয়ালঘরে লুকিয়ে রাখলুম"
rabindranath tagore,সেই রাত্রেই ছেলেটি প্রসব করে সে তো মারা গেল সেই বাপ-মা মরা ছেলেকে আমি যদি না বাচাতুম তো সে কি বাচত
rabindranath tagore,তুমি তো পাদ্রির হাতে ওকে দিতে চেয়েছিলে
rabindranath tagore,"পাদ্রি কি ওর মা-বাপ, না ওর প্রাণরক্ষা করেছে"
rabindranath tagore,"এমন করে যে ছেলে পেয়েছি সে কি গর্ভে পাওয়ার চেয়ে কম তুমি যাই বল, এ ছেলে যিনি আমাকে দিয়েছেন তিনি স্বয়ং যদি না নেন তবে প্রাণ গেলেও আর কাউকে নিতে দিচ্ছি নে"
rabindranath tagore,"তা, তোমার গোরাকে নিয়ে তুমি থাকো, আমি তো কখনো তাতে কোনো বাধা দিই নি"
rabindranath tagore,কিন্তু ওকে ছেলে বলে পরিচয় দিয়ে তার পরে ওর পইতে না দিলে তো সমাজে মানবে না
rabindranath tagore,তাই পইতে কাজেই দিতে হল
rabindranath tagore,এখন কেবল দুটি কথা ভাববার আছে
rabindranath tagore,ন্যায়ত আমার বিষয়সম্পত্তি সমস্ত মহিমেরই প্রাপ্য-- তাই-- আনন্দময়ী
rabindranath tagore,কে তোমার বিষয়সম্পত্তির অংশ নিতে চায়
rabindranath tagore,তুমি যত টাকা করেছ সব তুমি মহিমকে দিয়ে যেয়ো-- গোরা তার এক পয়সাও নেবে না
rabindranath tagore,"পুরুষমানুষ, লেখাপড়া শিখেছে, নিজে খেটে উপার্জন করে খাবে- ও পরের ধনে ভাগ বসাতে যাবে কেন"
rabindranath tagore,"বেঁচে থাক্ সেই আমার ঢের-- আমার আর কোনো সম্পত্তির দরকার না, ওকে একেবারে বঞ্চিত করব না, জায়গিরটা ওকেই দিয়ে দেব-- কালে তার মুনফা বছরে হাজার টাকা হতে পারবে"
rabindranath tagore,এখন ভাবনার কথা হচ্ছে ওর বিবাহ দেওয়া নিয়ে পূর্বে যা করেছি তা করেছি-- কিন্তু এখন তো হিন্দুমতে ব্রাহ্মণের ঘরে ওর বিয়ে দিতে পারব না-- তা এতে তুমি রাগই কর আর যাই কর
rabindranath tagore,"হায় হায়, তুমি মনে কর তোমার মতো পৃথিবীময় গঙ্গাজল আর গোবর ছিটিয়ে বেড়াই নে বলে আমার ধর্মজ্ঞান নেই ব্রাহ্মণের ঘরে ওর বিয়েই বা দেব কেন, আর রাগ করবই বা কী জন্যে ক্ষ্ণদয়াল"
rabindranath tagore,তুমি যে বামুনের মেয়ে আনন্দময়ী
rabindranath tagore,তা হই না বামুনের বামনাই করা তো আমি ছেড়েই দিয়েছি
rabindranath tagore,"তো মহিমের বিয়ের সময় আমার চাল বলে কুটুম্বরা গোল করেতে চেয়েছিল-- আমি তাই ইচ্ছে করেই তফাত হয়ে ছিলুম, কথাটি কই নি"
rabindranath tagore,"পৃথিবীসুদ্ধ লোক আমাকে খ্রীস্টান বলে, আরো কত কী কথা কয়-- আমি সমস্ত মেনে নিয়েই বলি, তা খ্রীস্টান কি মানুষ নয়"
rabindranath tagore,"তোমরাই যদি এত উচু জাত আর ভগবানের এত আদরের তবে তিনি একবার পাঠানের, একবার মোগলের, একবার খ্রীস্টানের পায়ে এমন করে তোমাদের মাথা মুড়িয়ে দিচ্ছেন কেন"
rabindranath tagore,"ও-সব অনেক কথা, তুমি মেয়েমানুষ সে-সব বুঝবে কিন্তু সমাজ একটা আছে-- সেটা তো বোঝ, সেটা তোমার মেনে চলাই উচিত আনন্দময়ী"
rabindranath tagore,"আমার বুঝে কাজ আমি এই বুঝি যে, গোরাকে আমি যখন ছেলে বলে মানুষ করেছি তখন আচার-বিচারের ভড়ং করতে গেলে সমাজ থাক্ আর না-থাক্ ধর্ম থাকবে না"
rabindranath tagore,"আমি কেবল সেই ধর্মের ভয়েই কোনোদিন কিছু লুকোই নে-- আমি যে কিছু মানছি নে সে সকলকেই জানতে দিই, আর সকলেরই ঘৃণা কুড়িয়ে চুপ করে পড়ে থাকি"
rabindranath tagore,"কেবল একটি কথাই লুকিয়েছি, তারই জন্যে ভয়ে ভয়ে সারা হয়ে গেলুম, ঠাকুর কখন কী করেন"
rabindranath tagore,"দেখো, আমার মনে হয় গোরাকে সকল কথা বলে ফেলি, তার পরে অদৃষ্টে যা থাকে তাই হবে"
rabindranath tagore,"ক্ষ্ণদয়াল ব্যস্ত হইয়া বলিয়া উঠিলেন, না না, আমি বেচে থাকতে কোনোমতেই সে হতে পারবে না"
rabindranath tagore,কথা শুনলে সে কী যে করে বসবে তা কিছুই বলা যায়
rabindranath tagore,তার পরে সমাজে একটা হুলস্থুল পড়ে যাবে৷ শুধু তাই
rabindranath tagore,"দিকে গবর্মেন্ট কী করে তাও বলা যায় যদিও গোরার বাপ লড়াইয়ে মারা গেছে, ওর মাও তো মরেছে জানি, কিন্তু সব হাঙ্গামা চুকে গেলে ম্যাজেস্টরিতে খবর দেওয়া উচিত ছিল"
rabindranath tagore,"এখন এই নিয়ে যদি একটা গোলমাল উঠে পড়ে তা হলে আমার সাধন-ভজন সমস্ত মাটি হবে, আরো কী বিপদ ঘটে বলা যায় না আনন্দময়ী নিরুত্তর হইয়া বসিয়া রহিলেন"
rabindranath tagore,"কৃষ্ণদয়াল কিছুক্ষণ পরে কহিলেন, গোরার বিবাহ সম্বন্ধে আমি একটা পরামর্শ মনে মনে করেছি"
rabindranath tagore,পরেশ ভট্চাজ আমার সঙ্গে একসঙ্গে পড়ত সে স্কুল- ইন্স্পেক্টরি কাজে পেনসন নিয়ে সম্প্রতি কলকাতায় এসে বসেছে
rabindranath tagore,সে ঘোর ব্রাহ্ম শুনেছি তার ঘরে অনেকগুলি মেয়েও আছে
rabindranath tagore,গোরাকে তার বাড়িতে যদি ভিড়িয়ে দেওয়া যায় তবে যাতায়াত করতে করতে পরেশের কোনো মেয়েকে তার পছন্দ হয়ে যেতেও পারে৷ তার পরে প্রজাপতির আনন্দময়ী
rabindranath tagore,গোরা ব্রাহ্মর বাড়ি যাতায়াত করবে
rabindranath tagore,সেদিন ওর আর নেই বলিতে বলিতে স্বয়ং গোরা তাহার মেঘমন্দ্র স্বরে মা বলিয়া ঘরের মধ্যে প্রবেশ করিল
rabindranath tagore,ক্ষ্ণদয়ালকে এখানে বসিয়া থাকিতে দেখিয়া সে কিছু আশ্চর্য হইয়া গেল
rabindranath tagore,"আনন্দময়ী তাডাতাড়ি উঠিয়া গোরার কাছে গিয়া দুই চক্ষে স্নেহ বিকীর্ণ করিতে করিতে কহিলেন, কী বাবা, কী চাই"
rabindranath tagore,"না বিশেষ কিছু না, এখন থাক্ বলিয়া গোরা ফিরিবার উপক্রম করিল"
rabindranath tagore,"কৃষ্ণদয়াল কহিলেন, একটু বোসো, একটা কথা আছে"
rabindranath tagore,আমার একটি ব্রাহ্মবন্ধু সম্প্রতি কলকাতায় এসেছেন; তিনি হেদোতলায় থাকেন পরেশবাবু নাকি
rabindranath tagore,তুমি তাঁকে জানলে কী করে
rabindranath tagore,"বিনয় তাঁর বাড়ির কাছেই থাকে, তার কাছে তাঁদের গল্প শুনেছি"
rabindranath tagore,আমি ইচ্ছা করি তুমি তাঁদের খবর নিয়ে এসো
rabindranath tagore,"গোরা আপন মনে একটু চিন্তা করিল, তার পরে হঠাৎ বলিল, আচ্ছা, আমি কালই যাব আনন্দময়ী কিছু আশ্চর্য হইলেন"
rabindranath tagore,"গোরা একটু ভাবিয়া আবার কহিল, না, কাল তো আমার যাওয়া হবে না ক্ষ্ণদয়াল"
rabindranath tagore,কাল আমাকে ব্রিবেণী যেতে হবে
rabindranath tagore,"ক্ষ্ণদয়াল আশ্চর্য হইয়া কহিলেন, ব্রিবেণী গোরা"
rabindranath tagore,তুই অবাক করলি গোরা করতে চাস কলকাতার গঙ্গা আছে
rabindranath tagore,ব্রিবেণী না হলে তোর স্নান হবে না-- তুই যে দেশসুদ্ধ সকল লোককে ছাড়িয়ে উঠলি
rabindranath tagore,"গোরা তাহার কোনো উত্তর না করিয়া চলিয়া গেল গোরা যে ব্রিবেণীতে করিতে সংকল্প করিয়াছে তাহার কারণ এই যে, সেখানে অনেক তীর্থযাত্রী একত্র হইবে সেই জনসাধারণের সঙ্গে গোরা নিজেকে এক করিয়া মিলাইয়া দেশের একটি বৃহৎ প্রবাহের মধ্যে আপনাকে সমর্পণ করিতে ও দেশের হৃদয়ের আন্দোলনকে আপনার হৃদয়ের মধ্যে অনুভব করিতে চায়"
rabindranath tagore,"যেখানে গোরা একটুমাত্র অবকাশ পায় সেখানেই সে তাহার সমস্ত সংকোচ, সমস্ত পূর্বসংস্কার সবলে পরিত্যাগ করিয়া দেশের সাধারণের সঙ্গে সমান ক্ষেত্রে নামিয়া দাঁড়াইয়া মনের সঙ্গে বলিতে চায়, আমি তোমাদের, তোমরা আমার"
rabindranath tagore,গোরা ভোরে উঠিয়া বিনয় দেখিল রাত্রির মধ্যেই আকাশ পরিষ্কার হইয়া সকাল-বেলাকার আলোটি দুধের ছেলের হাসির মতো নির্মল হইয়া ফুটিয়াছে
rabindranath tagore,দুই-একটা সাদা মেঘ নিতান্তই বিনা প্রয়োজনে আকাশে ভাসিয়া বেড়াইতেছে
rabindranath tagore,বারান্দায় দাঁড়াইয়া আর-একটি নির্মল প্রভাতের স্মৃতিতে যখন সে পুলকিত হইয়া উঠিতেছিল এমন সময় দেখিল পরেশ এক হাতে লাঠি ও অন্য হাতে সতীশের হাত ধরিয়া রাস্তা দিয়া ধীরে ধীরে চলিয়াছেন
rabindranath tagore,সতীশ বিনয়কে বারান্দায় দেখিতে পাইয়াই হাততালি দিয়া বিনয়বাবু বলিয়া চীৎকার করিয়া উঠিল
rabindranath tagore,পরেশও মুখ তুলিয়া চাহিয়া বিনয়কে দেখিতে পাইলেন
rabindranath tagore,"বিনয় তাড়াতাড়ি নীচে যেমন নামিয়া আসিল, সতীশকে লইয়া পরেশও তাহার বাসার মধ্যে প্রবেশ করিলেন"
rabindranath tagore,"সতীশ বিনয়ের হাত ধরিয়া কহিল, বিনয়বাবু, আপনি যে সেদিন বললেন আমাদের বাড়িতে যাবেন, কই গেলেন না তো"
rabindranath tagore,বিনয় সম্নেহে সতীশের পিঠে হাত দিয়া হাসিতে লাগিল
rabindranath tagore,"পরেশ সাবধানে তাহার লাঠিগাছটি টেবিলের গায়ে ঠেস দিয়া দাড় করাইয়া চৌকিতে বসিলেন ও কহিলেন, সেদিন আপনি না থাকলে আমাদের ভারি মুশকিল হত বড়ো উপকার করেছেন বিনয় ব্যস্ত হইয়া কহিল, কী বলেন, কীই বা সতীশ হঠাৎ তাহাকে জিজ্ঞাসা করিল, আচ্ছা বিনয়বাবু, আপনার কুকুর নেই"
rabindranath tagore,"না, কুকুর সতীশ জিজ্ঞাসা করিল, কেন, কুকুর রাখেন নি কেন"
rabindranath tagore,"বিনয় কহিল, কুকুরের কথাটা কখনো মনে হয় নি"
rabindranath tagore,"পরেশ কহিলেন, শুনলুম সেদিন সতীশ আপনার এখানে এসেছিল, খুব বোধ হয় বিরক্ত করে গেছে"
rabindranath tagore,"এত বকে যে, ওর দিদি ওকে বক্তিয়ার খিলিজি নাম দিয়েছে বিনয় কহিল, আমিও খুব বকতে পারি তাই আমাদের দুজনের খুব ভাব হয়ে গেছে"
rabindranath tagore,"কী বল সতীশবাবু সতীশ এ কথার কোনো উত্তর দিল না; কিন্তু পাছে তাহার নূতন নামকরণ লইয়া বিনয়ের কাছে তাহার গৌরবহানি হয় সেইজন্য সে ব্যস্ত হইয়া উঠিল এবং কহিল, বেশ তো, ভালোই তো বক্তিয়ার খিলিজি ভালোই তো"
rabindranath tagore,"আচ্ছা বিনয়বাবু, বক্তিয়ার খিলিজি তো লড়াই করেছিল"
rabindranath tagore,সে তো বাংলা দেশ জিতে নিয়েছিল
rabindranath tagore,"বিনয় হাসিয়া কহিল, আগে সে লড়াই করত, এখন আর লড়াইয়ের দরকার হয় না, এখন সে শুধু বক্তৃতা করে"
rabindranath tagore,আর বাংলা দেশ জিতেও নেয়
rabindranath tagore,"এমনি করিয়া অনেকক্ষণ কথাবার্তা হইল পরেশ সকলের চেয়ে কম কথা কহিয়াছিলেন-- তিনি কেবল প্রসন্ন শান্ত মুখে মাঝে মাঝে হাসিয়াছেন এবং দুটো-একটা কথায় যোগ দিয়াছেন বিদায় লইবার সময় চৌকি হইতে উঠিয়া বলিলেন, আমাদের আটাত্তর নম্বরের বাড়িটা এখান থেকে বরাবর ডান- হাতি গিয়ে-- সতীশ কহিল, উনি আমাদের বাড়ি জানেন উনি যে সেদিন আমার সঙ্গে বরাবর আমাদের দরজা পর্যন্ত নিয়েছিলেন এ কথায় লজ্জা পাইবার কোনোই প্রয়োজন ছিল না, কিন্তু বিনয় মনে মনে লজ্জিত হইয়া যেন কী-একটা তাহার ধরা পড়িয়া গেল"
rabindranath tagore,"বৃদ্ধ কহিলেন, তবে তো আপনি আমাদের বাড়ি জানেন তা হলে যদি কখনো আপনার-- বিনয়"
rabindranath tagore,সে আর বলতে হবে না
rabindranath tagore,আমাদের এ তো একই পাড়া-- কেবল কলকাতা বলেই এতদিন চেনা-শোনা হয় নি
rabindranath tagore,বিনয় রাস্তা পর্যন্ত পরেশকে পৌছাইয়া দিল দ্বারের কাছে কিছুক্ষণ সে দাড়াইয়া রহিল পরেশ লাঠি লইয়া ধীরে ধীরে চলিলেন-- আর সতীশ ক্রমাগত বকিতে বকিতে তাহার সঙ্গে সঙ্গে চলিল
rabindranath tagore,"বিনয় মনে মনে বলিতে লাগিল, পরেশবাবুর মতো এমন বৃদ্ধ দেখি নাই, পায়ের ধুলা লইতে ইচ্ছা করে"
rabindranath tagore,আর সতীশ ছেলেটি কী চমৎকার বাঁচিয়া থাকিলে এ একজন মানুষ হইবে-- যেমন বুদ্ধি তেমনি সরলতা এই বৃদ্ধ এবং বালকটি যতই ভালো হোক এত অল্পক্ষণের পরিচয়ে তাহাদের সম্বন্ধে এতটা পরিমাণে ভক্তি ও স্নেহের উচ্ছ্বাস সাধারণত সম্ভবপর হইতে পারিত না
rabindranath tagore,"কিন্তু বিনয়ের মনটা এমন অবস্থায় ছিল যে, সে অধিক পরিচয়ের অপেক্ষা রাখে তাহার পরে বিনয় মনে মনে ভাবিতে লাগিল-- পরেশবাবুর বাড়িতে যাইতেই হইবে, নহিলে ভদ্রতা রক্ষা হইবে না"
rabindranath tagore,"কিন্তু গোরার মুখ দিয়া তাহাদের দলের ভারতবর্ষ তাহাকে বলিতে লাগিল, ওখানে তোমার যাতায়াত চলিবে না"
rabindranath tagore,খবরদার বিনয় পদে পদে তাহাদের দলের ভারতবর্ষের অনেক নিষেধ মানিয়াছে
rabindranath tagore,"অনেক সময় দ্বিধা বোধ করিয়াছে, তবু মানিয়াছে"
rabindranath tagore,"আজ তাহার মনের ভিতরে একটা বিদ্রোহ দেখা দিল তাহার মনে হইতে লাগিল, ভারতবর্ষ যেন কেবল নিষেধেরই মূর্তি চাকর আসিয়া খবর দিল আহার প্রস্তুত-- কিন্তু এখনো বিনয়ের স্নানও হয় বারোটা বাজিয়া গেছে"
rabindranath tagore,"হঠাৎ এক সময় বিনয় সজোরে মাথা ঝাড়া দিয়া কহিল, আমি খাব না, তোরা যা বলিয়া ছাতা ঘাড়ে করিয়া রাস্তায় বাহির হইয়া পড়িল-- একটা চাদরও কাধে লইল বরাবর গোরাদের বাড়িতে গিয়া উপস্থিত হইল বিনয় জানিত একটা বাড়ি ভাড়া লইয়া হিন্দুহিতৈযীর আপিস বসিয়াছে; প্রতিদিন মধ্যাহ্ন গোরা আপিসে গিয়া সমস্ত বাংলা দেশে তাহার দলের লোক যেখানে যে আছে সবাইকে পত্র লিখিয়া জাগ্রত করিয়া রাখে"
rabindranath tagore,এইখানেই তাহার ভক্তরা তাহার মুখে উপদেশ শুনিতে আসে এবং তাহার সহকারিতা করিয়া নিজেকে ধন্য মনে করে
rabindranath tagore,সেদিনও গোরা সেই আপিসের কাজে গিয়াছিল
rabindranath tagore,বিনয় একেবারে যেন দৌড়িয়া অন্তঃপুরে আনন্দময়ীর ঘরে আসিয়া উপস্থিত হইল আনন্দময়ী তখন ভাত খাইতে বসিয়াছিলেন এবং লছমিয়া তাহার কাছে বসিয়া তাহাকে পাখা করিতেছিল
rabindranath tagore,"আনন্দময়ী আশ্চর্য হইয়া কহিলেন, কী রে বিনয়, কী হয়েছে তোর"
rabindranath tagore,"বিনয় তাহার সম্মুখে বসিয়া পড়িয়া কহিল, মা, বড়ো খিদে পেয়েছে, আমাকে খেতে দাও আনন্দময়ী ব্যস্ত হইয়া কহিলেন, তবেই তো মুশকিলে বামুন-ঠাকুর চলে গেছে-- তোরা যে আবার-- বিনয় কহিল, আমি কি বামুন-ঠাকুরের রান্না খেতে তা হলে আমার বাসার বামুন কী দোষ করলে"
rabindranath tagore,আমি তোমার পাতের প্রসাদ খাব মা
rabindranath tagore,"লছমিয়া, দে তো আমাকে এক জল এনে লছমিয়া জল আনিয়া দিতেই বিনয় ঢক্ ঢক্ করিয়া খাইয়া ফেলিল তখন আনন্দময়ী আর-একটা থালা আনাইয়া নিজের পাতের ভাত সযত্ে সেই থালে তুলিয়া দিতে থাকিলেন এবং বিনয় বহুদিনের বুভুক্ষুর মতো তাহাই খাইতে লাগিল আনন্দময়ীর মনের একটা বেদনা আজ দূর হইল"
rabindranath tagore,তাহার মুখে প্রসন্নতা দেখিয়া বিনয়েরও বুকের একটা বোঝা যেন নামিয়া গেল
rabindranath tagore,আনন্দময়ী বালিশের খোল সেলাই করিতে বসিয়া গেলেন; কেয়াখয়ের তৈরি করিবার জন্য পাশের ঘরে কেয়াফুল জড়ো হইয়াছিল তাহারই গন্ধ আসিতে লাগিল; বিনয় আনন্দময়ীর পায়ের কাছে উর্ধোথিত একটা হাতে মাখা রাখিয়া আধ-শোয়া রকমে পড়িয়া রহিল এবং পৃথিবীর আর সমস্ত ভুলিয়া ঠিক সেই আগেকার দিনের মতো আনন্দে বকিয়া যাইতে লাগিল
rabindranath tagore,গোরা এই একটা বাঁধ ভাঙিয়া যাইতেই বিনয়ের হৃদয়ের নূতন বন্যা আরো যেন উদ্দাম হইয়া উঠিল
rabindranath tagore,আনন্দময়ীর ঘর হইতে বাহির হইয়া রাস্তা দিয়া সে যেন একেবারে উড়িয়া চলিল ; মাটির স্পর্শে তাহার যেন পায়ে ঠেকিল না; তাহার ইচ্ছা করিতে লাগিল মনের যে কথাটা লইয়া সে এ-কয়দিন সংকোচে পীড়িত হইয়াছে তাহাই আজ মুখ তুলিয়া সকলের কাছে ঘোষণা করিয়া দেয়
rabindranath tagore,"বিনয় যে মুহূর্তে নম্বরের দরজার কাছে আসিয়া পৌঁছিল ঠিক সেই সময়েই পরেশও বিপরীত দিক দিয়া সেখানে আসিয়া উপস্থিত হইলেন আসুন আসুন, বিনয়বাবু, বড়ো খুশি হলুম এই বলিয়া পরেশ বিনয়কে তাহার রাস্তার ধারের বসিবার ঘরটাতে লইয়া গিয়া বসাইলেন একটি ছোটো টেবিল, তাহার এক ধারে পিঠওয়ালা বেঞ্চি, অন্য ধারে একটা কাঠের ও বেতের চৌকি ; দেয়ালে এক দিকে রঙ-করা ছবি এবং অন্য দিকে কেশববাবুর ফোটোগ্রাফ টেবিলের উপর দুই-চারি দিনের খবরের কাগজ ভাজ করা, তাহার উপরে সীসার কাগজ-চাপা"
rabindranath tagore,"কোণে একটি ছোটো আলমারি, তাহার উপরের থাকে থিয়োডোর পার্কারের বই সারি সারি সাজানো রহিয়াছে দেখা যাইতেছে"
rabindranath tagore,আলমারির মাথার উপরে একটি কাপড় দিয়া ঢাকা রহিয়াছে
rabindranath tagore,বিনয় বসিল ; তাহার বুকের ভিতর হৃৎপিণ্ড ক্ষুব্ধ হইয়া উঠিল ; মনে হইতে লাগিল তাহার পিঠের দিকের খোলা দরজা দিয়া যদি কেহ ঘরের ভিতরে আসিয়া প্রবেশ করে
rabindranath tagore,"পরেশ কহিলেন, সোমবারে সুচরিতা আমার একটি বন্ধুর মেয়েকে পড়াতে যায়, সেখানে সতীশের একটি সমবয়সী ছেলে আছে তাই সতীশও তার সঙ্গে গেছে"
rabindranath tagore,আমি তাদের সেখানে পৌছে দিয়ে ফিরে আসছি
rabindranath tagore,আর একটু দেরি হলেই তো আপনার সঙ্গে দেখা হত না খবরটা শুনিয়া বিনয় একই কালে একটা আশাভঙ্গের খোঁচা এবং আরাম মনের মধ্যে অনুভব করিল
rabindranath tagore,পরেশের সঙ্গে তাহার কথাবার্তা দিব্য সহজ হইয়া আসিল গল্প করিতে করিতে একে একে পরেশ আজ বিনয়ের সমস্ত খবর জানিতে পারিলেন
rabindranath tagore,বিনয়ের বাপ-মা নাই; খুড়িমাকে লইয়া খুড়া দেশে থাকিয়া বিষয়কর্ম দেখেন
rabindranath tagore,"তাহার খুড়তুতো দুই ভাই তাহার সঙ্গে এক বাসায় থাকিয়া পড়াশুনা করিত-- বড়োটি উকিল হইয়া তাহাদের জেলা-কোর্টে ব্যবসায় চালাইতেছে, ছোটোটি কলিকাতায় থাকিতেই ওলাউা হইয়া মারা গিয়াছে; খুড়ার ইচ্ছা বিনয় ডেপুটি ম্যাজিস্ট্রেটির চেষ্টা করে, কিন্তু বিনয় কোনো চেষ্টাই না করিয়া নানা বাজে কাজে নিযুক্ত আছে"
rabindranath tagore,"এমনি করিয়া প্রায় এক ঘন্টা কাটিয়া গেল বিনা প্রয়োজনে আর বেশিক্ষণ থাকিলে অভদ্রতা হয়, তাই বিনয় উঠিয়া পড়িল ; কহিল, বন্ধু সতীশের সঙ্গে আমার দেখা হল না, দুঃখ রইল; তাকে খবর দেবেন আমি এসেছিলুম পরেশবাবু কহিলেন, আর-একটু বসলেই তাদের সঙ্গে দেখা হত"
rabindranath tagore,তাদের ফেরবার বড়ো আর দেরি নেই
rabindranath tagore,"এই কথাটুকুর উপরে নির্ভর করিয়া আবার বসিয়া পড়িতে বিনয়ের লজ্জা বোধ হইল আর-একটু পীড়াপীড়ি করিলে সে বসিতে পারিত-- কিন্তু পরেশ অধিক কথা বলিবার বা পীড়াপীড়ি করিবার লোক নহেন, সুতরাং বিদায় লইতে হইল পরেশ বলিলেন, আপনি মাঝে মাঝে এলে খুশি হব রাস্তায় বাহির হইয়া বিনয় বাড়ির দিকে ফিরিবার কোনো প্রয়োজন অনুভব করিল না"
rabindranath tagore,"বিনয় কাগজে লিখিয়া থাকে-- তাহার ইংরেজি লেখার সকলে খুব তারিফ করে, কিন্তু গত কয়দিন হইতে লিখিতে বসিলে লেখা মাথায় আসে টেবিলের সামনে বেশিক্ষণ বসিয়া থাকাই দায়-- মন ছট্ফট্ করিয়া উঠে বিনয় তাই আজ বিনা কারণেই উল্টা দিকে চলিল"
rabindranath tagore,"দু পা যাইতেই একটি বালক-ক্ঠের চীৎকারধৃনি শুনিতে পাইল, বিনয়বাবু, বিনয়বাবু"
rabindranath tagore,মুখ তুলিয়া দেখিল একটি ভাড়াটে গাড়ির দরজার কাছে ঝুঁকিয়া পড়িয়া সতীশ তাহাকে ডাকাডাকি করিতেছে
rabindranath tagore,"গাড়ির ভিতরের আসনে খানিকটা শাড়ি, খানিকটা সাদা জামার আস্তিন, যেটুকু দেখা গেল তাহাতে আরোহীটি যে কে তাহা বুঝিতে কোনো সন্দেহ রহিল বাঙালি ভদ্রতার সংস্কার অনুসারে গাড়ির দিকে দৃষ্টি রক্ষা করা বিনয়ের পক্ষে শক্ত হইয়া উঠিল"
rabindranath tagore,"ইতিমধ্যে সেইখানেই গাড়ি হইতে নামিয়া সতীশ আসিয়া তাহার হাত ধরিল; কহিল, চলুন আমাদের বাড়ি বিনয় কহিল, আমি যে তোমাদের বাড়ি থেকে এখনই আসছি সতীশ বা, আমরা যে না, আবার চলুন"
rabindranath tagore,সতীশের পীড়াপীড়ি বিনয় অগ্রাহ্য করিতে পারিল না
rabindranath tagore,"বন্দীকে লইয়া বাড়িতে প্রবেশ করিয়াই সতীশ উচ্চস্বরে কহিল, বাবা, বিনয়বাবুকে এনেছি বৃদ্ধ ঘর হইতে বাহির হইয়া ঈষৎ হাসিয়া কহিলেন, শক্ত হাতে ধরা পড়েছেন, ছাড়া পাবেন না"
rabindranath tagore,"সতীশ, তোর দিদিকে ডেকে দে বিনয় ঘরে আসিয়া বসিল, তাহার হৃৎপিণ্ড বেগে উঠিতে পড়িতে লাগিল"
rabindranath tagore,"পরেশ কহিলেন, হাপিয়ে পড়েছেন বুঝি সতীশ ভারি দুরন্ত ছেলে ঘরে যখন সতীশ তাহার দিদিকে লইয়া প্রবেশ করিল তখন বিনয় প্রথমে একটি মৃদু সুগন্ধ অনুভব করিল-- তাহার পরে শুনিল পরেশবাবু বলিতেছেন, রাধে, বিনয়বাবু এসেছেন"
rabindranath tagore,"একে তো তুমি বিনয় চকিতের মতো মুখ তুলিয়া দেখিল, সুচরিতা তাহাকে নমস্কার করিয়া সামনের চৌকিতে বসিল-- এবার বিনয় প্রতিনমনস্কার করিতে ভুলিল সুচরিতা কহিল, উনি রাস্তা দিয়ে যাচ্ছিলেন"
rabindranath tagore,"ওকে দেখবামাত্র সতীশকে আর ধরে রাখা গেল না, সে গাড়ি থেকে নেমেই ওকে টেনে নিয়ে এল আপনি হয়তো কোনো কাজে যাচ্ছিলেন-- আপনার তো কোনো অসুবিধে হয় নি"
rabindranath tagore,সুচরিতা বিনয়কে সম্বোধন করিয়া কোনো কথা কহিবে বিনয় তাহা প্রত্যাশাই করে নাই
rabindranath tagore,"সে হইয়া ব্যস্ত হইয়া বলিয়া উঠিল, না, আমার কোনো কাজ ছিল না, অসুবিধে কিছুই হয় নি সতীশ সুচরিতার কাপড় ধরিয়া টানিয়া কহিল, দিদি, চাবিটা দাও-না"
rabindranath tagore,"আমাদের সেই আর্গিনটা এনে বিনয়বাবুকে দেখাই সুচরিতা হাসিয়া কহিল, এই বুঝি শুরু হল"
rabindranath tagore,"যার সঙ্গে বক্তিয়ারের ভাব হবে তার আর রক্ষে নেই- - আর্গিন তো তাকে শুনতেই হবে, আরো অনেক দুঃখ তার কপালে আছে"
rabindranath tagore,"বিনয়বাবু, আপনার এই বন্ধুটি ছোটো, কিন্তু এর বন্ধুত্বের দায় বড়ো বেশি-- সহ্য করতে পারবেন কি না জানি নে বিনয় সুচরিতার এইরূপ অক্ুণ্ঠিত আলাপে কেমন করিয়া বেশ সহজে যোগ দিবে কোনোমতেই ভাবিয়া পাইল না"
rabindranath tagore,"লজ্জা করিবে না দৃঢ় প্রতিজ্ঞা করিয়াও কোনো প্রকারে ভাঙাচোরা করিয়া একটা জবাব দিল, না, কিছুই না-- আপনি সে-- আমি-- আমার ও বেশ ভালোই লাগে সতীশ তাহার দিদির কাছ হইতে চাবি আদায় করিয়া আর্গিন আনিয়া উপস্থিত করিল"
rabindranath tagore,একটা চৌকা কাচের আবরণের মধ্যে তরঙ্গিত সমুদ্রের অনুকরণে নীল-রঙ-করা কাপড়ের উপর একটা খেলার জাহাজ রহিয়াছে
rabindranath tagore,সতীশ চাবি দিয়া দম লাগাইতে আর্গিনের সুরে-তালে জাহাজটা দুলিতে লাগিল এবং সতীশ একবার জাহাজের দিকে ও একবার বিনয়ের মুখের দিকে চাহিয়া মনের অস্থিরতা সম্বরণ করিতে পারিল না
rabindranath tagore,"এমনি করিয়া সতীশ মাঝখানে থাকাতে অল্প অল্প করিয়া বিনয়ের সংকোচ ভাঙিয়া গেল, এবং ক্রমে সুচরিতার সঙ্গে মাঝে মাঝে মুখ তুলিয়া কথা তাহার পক্ষে অসম্ভব হইল না"
rabindranath tagore,"সতীশ অপ্রাসঙ্গিক হঠাৎ এক সময় বলিয়া উঠিল, আপনার বন্ধুকে একদিন আমাদের এখানে আনবেন না"
rabindranath tagore,"ইহা হইতে বিনয়ের বন্ধু সম্বন্ধে প্রশ্ন উঠিয়া পড়িল পরেশবাবুরা নূতন কলিকাতায় আসিয়াছেন, তাহারা গোরা সম্বন্ধে কিছুই জানিতেন না"
sarat chandra chattopadhyay,চরিত্রহীন এক পশ্চিমের একটা বড় শহরে এই সময়টায় শীত পড়ি-পড়ি করিতেছিল পরমহংস রামকৃষ্ণের একে চেলা কি একটা সংকর্মের সাহায্যকল্পে ভিক্ষা সংগ্রহ করিতে এই শহরে আসিয়া পড়িয়াছেন
sarat chandra chattopadhyay,"তাহারই বনক্তৃতা-সভায় উপেন্দ্রকে সভাপতি হইতে হইবে এবং তৎপদমর্যাদানুসারে যাহা কর্তব্য তাহারও অনুষ্ঠান করিতে হইবে এই প্রস্তাব লইয়া একদিন সকালবেলায় কলেজের ছাত্রের দল উপে্দ্রকে ধরিয়া পড়িল জিজ্ঞাসা করিলেন, সংকর্মটা কি শুনি"
sarat chandra chattopadhyay,"তাহারা কহিল, সেটা এখনো ঠিক জানা নাই"
sarat chandra chattopadhyay,"স্বামীজী বলিয়াছেন, ইহাই তিনি আহুত সভায় বিশদরূপে বুঝাইয়া বলিবেন এবং সভার আয়োজন ও প্রয়োজন অনেকটা এইজন্যই উপেন্দ্র আর কোন প্রশ্ন না করিয়াই রাজী হইলেন এটা তাহার অভ্যাস বিশ্ববিদ্যালয়ের পরীক্ষাগুলি এতই ভাল করিয়া পাশ করিয়াছিলেন যে, ছাত্রমহলে তাহার শ্রদ্ধা ও সম্মানের অবধি ছিল না"
sarat chandra chattopadhyay,"ইহা তিনি জানিতেন তাই, কাজে-কর্মে, আপদে-বিপদে তাহারা যখনই আসিয়া পড়িয়াছে, তাহাদের আবেদন ও উপরোধকে মমতায় কোনদিন উপেক্ষা করিয়া ফিরাইতে পারেন নাই"
sarat chandra chattopadhyay,"বিশ্ববিদ্যালয়ের সরস্বতীকে ডিঙ্গাইয়া আদালতের লক্ষ্মীর সেবায় নিয়ুক্ত হইবার পরও ছেলেদের জিম্ন্যান্টিকের আখড়া হইতে ফুটবল, ক্রিকেট ও ডিবেটিং ক্লাবের সেই উচু স্থানটিতে গিয়া পূর্বের মত তাহাকে বসিতে হইত কিন্তু এই জায়গাটিতে শুধু চুপ করিয়া বসিয়া থাকা যায় না-কিছু বলা আবশ্যক একজনের দিকে চাহিয়া বলিলেন, কিছু বলা চাই ত হে"
sarat chandra chattopadhyay,সভাপতি সেজে সভার উদ্দেশ্য সম্বন্ধে একেবারে অজ্ঞ থাকা তা আমার কাছে ভাল ঠেকে না-কি বল তোমরা
sarat chandra chattopadhyay,কিন্তু তাহাদের কাহারো কিছুই জানা ছিল না
sarat chandra chattopadhyay,"বাহিরের প্রাঙ্গণের একধারে একটা প্রাচীন জবা বৃক্ষের তলায় এই ছেলের দলটি যখন মাঝখানে লইয়া সংসারের যাবতীয় সম্ভব-অসম্ভব সংকর্মাবলীর তালিকা করিতে ব্যস্ত হইয়া পড়িয়াছিল, তখন দিবাকরের ঘর হইতে একজন নিঃশব্দে সকলের দৃষ্টি এড়াইয়া বাহির হইয়া আসিল উপে্দ্র দিবাকরের মামাতো ভাই শিশু অবস্থায় দিবাকর মাতৃ-পিতৃহীন হইয়া মামার বাড়িতে মানুষ হইতেছিল বাহিরের একটি ছোট ঘরে দিনের বেলায় তাহার লেখাপড়া এবং রাত্রে শয়ন চলিত বয়স প্রায় উনিশ; এফ এ পাস করিয়া বি এ পড়িতেছিল"
sarat chandra chattopadhyay,"উপে্দ্রর দৃষ্টি এই পলাতকের উপর পড়িবামাত্র উচ্চৈঃস্বরে ডাকিয়া উঠিলেন, সতীশ, চুপি চুপি পালিয়ে যাচ্ছিস যে"
sarat chandra chattopadhyay,"ধরা পড়িয়া সতীশ অপ্রতিভভাবে কাছে আসিয়া দাড়াইল জিজ্ঞাসা করিলেন, এতদিন দেখিনি যে"
sarat chandra chattopadhyay,"অপ্রতিভ ভাবটা সারিয়া লইয়া সতীশ হাসিমুখে বলিল, এতদিন এখানে ছিলাম না উপীনদা, এলাহাবাদে কাকার কাছে গিয়েছিলাম কথাটা ভাল করিয়া শেষ না হইতেই একজন ছাটা-দাড়ি টেরি-চশমাধারী যুবক চোখ টিপিয়া দাত বাহির করিয়া বলিয়া বসিল, মনের দুঃখে নাকি সতীশ"
sarat chandra chattopadhyay,"পরীক্ষায় এবারেও তাহাকে পাঠান হয় নাই এ সংবাদ সকলেই জানিত, তাই কথাটা এমন বেয়াড়া বিশ্রী শুনাইল যে, উপস্থিত সকলেই লজ্জায় মুখ নত করিয়া মনে মনে ছি ছি করিতে লাগিল যুবকটির পরিহাস ও দাতের হাসি কোথাও আশ্রয় না পাইয়া তখনি মিলাইয়া গেল বটে, কিন্তু সতীশ তাহার হাসিমুখ লইয়া বলিল, ভূপতিবাবু, মন থাকলেই মনে দুঃখ হয়"
sarat chandra chattopadhyay,"পাস করার আশাই বলুন আর ইচ্ছেই বলুন, আমার ভাল করে জ্ঞান হবার পর থেকেই ছেড়েছি"
sarat chandra chattopadhyay,"শুধু বাবা ছাড়তে পারেননি তাই, মনের দুঃখে কাউকে হতে হলে তার হওয়াই উচিত ছিল; অথচ তিনি দিব্যি অটল হয়ে তার ওকালতি করে গেলেন"
sarat chandra chattopadhyay,"কিন্তু যা বল উপীনদা, এবারে তারও চোখ ফুটেছে সকলেই হাসিয়া উঠিল হাসির কথা ইহাতে ছিল না, কিন্তু এই ভুপতিবাবুর অভদ্র পরিহাস যে সতীশকে ক্ষুণ্ন করিতে পারে নাই, ইহাতেও সকলে অত্যন্ত তৃপ্তি বোধ করিল"
sarat chandra chattopadhyay,"প্রশ্ন করিল, এবারে তা হলে তুই ছেড়ে দিলি"
sarat chandra chattopadhyay,"সতীশ বলিল, আমি কি কোনদিন ধরেছিলাম যে আজ ছেড়ে দেব"
sarat chandra chattopadhyay,"আমি কোনদিন ধরিনি উপীনদা, লেখাপড়া আমাকে ধরেছিল এবারে আমি আত্মরক্ষা করব"
sarat chandra chattopadhyay,"এমন দেশে গিয়ে বাস করব যেখানে পাঠশালাটি পর্যন্ত নেই উপেন্দ্র বলিলেন, কিন্তু কিছু করা দরকার মানুষ একেবারে চুপ করে থাকতেও পারে না, পারা উচিতও সতীশ বলিল, না, চুপ করে থাকব এলাহাবাদ থেকে একটা নূতন মতলব পেয়ে এসেছি"
sarat chandra chattopadhyay,একবার ভাল করে চেষ্টা করে দেখব সেটার কি করতে পারি
sarat chandra chattopadhyay,"বিস্তারিত বিবরণের আশায় সকলে তাহার মুখপানে চাহিয়া আছে দেখিয়া সে সলজ্জ হাস্যে বলিল, আমাদের গাঁয়ে যেমন ম্যালেরিয়া, তেমনি ওলাওঠা পীচ- সাতটা গ্রামের মধ্যে সময়ে হয়ত একজনও ডাক্তার পাওয়া যায় আমি সেইখানে গিয়ে হোমিওপ্যাথিক চিকিৎসা শুরু করে দেব"
sarat chandra chattopadhyay,আমার মা তার মৃত্যুর পূর্বে আমাকে হাজার-কয়েক টাকা দিয়ে গিয়েছিলেন
sarat chandra chattopadhyay,সে টাকা আমার কাছেই আছে
sarat chandra chattopadhyay,"দিয়ে আমাদের দেশের বাড়ির বৈঠকখানাঘরে ডিস্পেনসারি খুলে দেব তুমি হেসো না উপীনদা, তুমি নিশ্চয় দেখো, এ আমি করব বাবাকেও সম্মত করেছি"
sarat chandra chattopadhyay,"তাকে বলেছি, মাস-খানেক পরেই কলকাতা গিয়ে হোমিওপ্যাথি স্কুলে ভর্তি হয়ে জিজ্ঞাসা করিলেন, মাস-খানেক পরে কেন"
sarat chandra chattopadhyay,"সতীশ বলিল, একটু কাজ আছে"
sarat chandra chattopadhyay,"দক্ষিণপাড়া নবনাট্যসমাজ ভেঙ্গে একটা ফ্যাকড়া বার হয়ে গেছে, আমাদের বিপিনবাবু হয়েছেন ওই দলের কর্তা টেলিগ্রাফের উপর টেলিগ্রাফ করে তিনিই আমাকে এনেছেন, আমি কথা দিয়েছি তাদের কনসার্ট পার্টি ঠিক করে দিয়ে তবে অন্য কাজে হাত দেব"
sarat chandra chattopadhyay,"শুনিয়া সকলে হো হো করিয়া হাসিয়া উঠিল, সতীশও হাসিতে লাগিল কিছুক্ষণে উচ্চহাসি মৃদু হইয়া আসিলে সতীশ বলিল, একটা অভাব হচ্ছে, সেইজন্যেই আজ দিবাকরের কাছে এসেছিলাম যদি থিয়েটারের রাতটায় আমাকে উদ্ধার করে দেয় ত আর বেশী ছুটোছুটি করে বেড়াতে হয় জিজ্ঞাসা করিলেন, কি বলে ওঃ সতীশ বলিল, আর কি বলবে- পরীক্ষা সন্নলিকট"
sarat chandra chattopadhyay,"এটা আমার মাথাতে ঢোকে না উপীনদা, দুই বৎসরের পড়াশুনার পরীক্ষা কেমন করে লোকের একটা রাতের অবহেলায় নষ্ট হয়ে যায়"
sarat chandra chattopadhyay,"আমি বলি, যাদের সত্যিই যায় তাদের যাওয়াই উচিত এমন পাস করার মর্যাদা যাদের কাছে থাকে থাক আমার কাছে ত নেই তুমি রাগ করতে পারবে না উপীনদা, আমি তোমাকে যত জানি এঁরা তার সিকিও জানেন না"
sarat chandra chattopadhyay,"জিমন্যান্টিকের আখড়া থেকে ফুটবল ক্রিকেটে চিরদিন তোমার সাক্রেদি করে সঙ্গে সঙ্গে ফিরে, অনেকদিন অনেক রকমেই তোমার সময় নষ্ট হতে দেখেছি, অনেকগুলো পরীক্ষা দিতেও দেখলাম, সেগুলো রীতিমত স্কলারশিপ নিয়ে পাস করতেও দেখলাম, কিন্তু কোনদিন তোমাকে ত একজামিনের দোহাই পাড়তে শুনলাম না"
sarat chandra chattopadhyay,"উপেন্দ্র কথাটা চাপা দিবার জন্য বলিলেন, আমি যে বাশী বাজাতে জানিনে সতীশ সতীশ বলিল, আমিও অনেক সময়ে ওই কথাই ভাবি সংসারের এই জিনিসটা কেন যে তুমি জানলে না, আমার ভারী আশ্চর্য বোধ কিন্তু সে কথা যাক- তোমাদের দুপুর রোদের এ কমিটিটি কিসের"
sarat chandra chattopadhyay,"শীতের রৌদ্র পিঠে করিয়া মাথায় র্যাপার জড়াইয়া ইহাদের এই বৈঠকটি দিব্যি জমিয়া উঠিয়াছিল ৷ বেলা যে এত বাড়িয়া উঠিয়াছে তাহা কেহই নজর করে সতীশের কথায় বেলার দিকে চাহিয়া সকলেই এককালে চিন্তিত হইয়া উঠিয়া দীড়াইল সভাভঙ্গের মুখে ভূপতি জিজ্ঞাসা করিল, উপে্দ্রবাবু তা হলে"
sarat chandra chattopadhyay,"উপেন্দ্র বলিলেন, আমি ত বলেছি, আমার আপত্তি নেই তবে তোমাদের স্বামীজীর উদ্দেশ্যটা যদি পূর্বাহ্নে একটু জানা যেতো ত ভারী স্বস্তি পেতাম নিতান্ত বোকার মত কোথাও যেতে বাধবাধ ঠেকে কহিল, কিন্তু কোন কথাই তিনি বলেন বরং এমনও বলেন, যাহা জটিল ও দুর্বোধ্য, তাহা বিশদভাবে পরিষ্কার করিয়া বুঝাইয়া বলিবার সময় ও সুবিধা না হওয়া পর্যন্ত একেবারে না বলাই ভাল ইহাতে অধিকাংশ সময়ে সুফলের পরিবর্তে কুফলই ফলে চলিতে চলিতে কথা হইতেছিল এতক্ষণে সকলেই বাহির হইয়া রাস্তার একধারে আসিয়া দীড়াইল সতীশ ধরিয়া বসিল, ব্যাপারটা কি উপীনদা"
sarat chandra chattopadhyay,"উপে্দ্রকে বাধা দিয়া ভূপতি কহিল, সতীশবাবু আপনাকেও চীাদার খাতায় সই করতে হবে৷ কেন, এখন আমরা ঠিক করে বলতে পারব না"
sarat chandra chattopadhyay,"পরশু কলেজের হলে স্বামীজী নিজেই বুঝিয়ে বলবেন সতীশ বলিল, তা হলে আমার বোঝা হলো না ভূপতিবাবু পরশু আমাদের পুরো রিয়ার্সেল--আমি অনুপস্থিত থাকলে চলবে ভূপতি আশ্চর্য হইয়া বলিল, সে কি সতীশবাবু"
sarat chandra chattopadhyay,থিয়েটারের সামান্য ক্ষতির ভয়ে এরূপ মহৎ কাজে যোগ দেবেন না
sarat chandra chattopadhyay,"লোকে শুনলে বলবে কিঃ সতীশ কহিল, লোকে না শুনেও অনেক কথা বলে- সে কথা কথা আপনাদের নিয়ে কিছু না জেনেও এই অনুষ্ঠানটিকে আপনারা যতটা মহৎ বলে নিঃসংশয়ে বিশ্বাস করতে পেরেছেন, আমি যদি ততটা না পারি ত আমাকে দোষ দেবেন না"
sarat chandra chattopadhyay,"বরং যা জানি, যার ভালমন্দ কিসে হয় না হয় বুঝি, সেটা উপেক্ষা করে, তার ক্ষতি করে একটা অনিশ্চিত মহত্তের পিছনে ছুটে বেড়ানো আমার কাছে ভাল ঠেকে না"
sarat chandra chattopadhyay,"উপস্থিত ছাত্রমণ্ডলীর মধ্যে বয়সে এবং লেখাপড়ায় ভূপতিই সবচেয়ে শ্রেষ্ঠ বলিয়া তিনি কথা বলিতেছিলেন সতীশের কথায় হাসিয়া বলিলেন, সতীশবাবু, স্বামীজীর মত মহৎ ব্যক্তি যে ভাল কথাই বলবেন, তার উদ্দেশ্য যে ভালই হবে, এ বিশ্বাস করা ত শক্ত নয়"
sarat chandra chattopadhyay,"সতীশ বলিল, ব্যক্তিবিশেষের কাছে শক্ত নয় মানি"
sarat chandra chattopadhyay,"এই দেখুন না, পাস করাও শক্ত কাজ নয়, অথচ পাস করা দূরে থাক, তিন-চার বৎসরের মধ্যে আমি তার কাছে ঘেঁষতে পারলাম আচ্ছা, এই স্বামীজী লোকটিকে পূর্বে কখনও দেখেছেন কিংবা এর সম্বন্ধে কোনদিন কিছু শুনেছেন"
sarat chandra chattopadhyay,"কেহই কিছু জানে না, তাহা সকলেই স্বীকার করিল সতীশ বলিল, এই দেখুন, এক গেরুয়া বসন ছাড়া আর তার কোন সার্টিফিকেট অথচ আপনারা মেতে উঠেছেন এবং আমি নিজে কাজ ক্ষতি করে তার বক্তৃতা শুনতে পারিনে বলে সবাই রাগ করছেন"
sarat chandra chattopadhyay,"বলিল, মেতে উঠি কি সাধে সতীশবাবু"
sarat chandra chattopadhyay,এই গেরুয়া কাপড়-পরা লোকগুলি সংসারে যে অনেক জিনিসই দিয়ে গেছেন
sarat chandra chattopadhyay,"সে যাই হোক, আমি রাগ করিনি, দুঃখ করছি"
sarat chandra chattopadhyay,জগতের সমস্ত বস্তা ই সাফাই সাক্ষীর হাত ধরে হাজির হতে পারে না বলে মিথ্যা বলে ত্যাগ করতে হলে অনেক ভালো জিনিস হতেই আমাদের বঞ্চিত হয়ে থাকতে হয়
sarat chandra chattopadhyay,"আপনিই বলুন দেখি, যখন সঙ্গীতের সা-রে-গা-মা সাধতেন, তখন কতটুকু রসের আস্বাদ পেয়েছিলেন"
sarat chandra chattopadhyay,"সতীশ কহিল, আমিও ঠিক সেই কথাই বলছি"
sarat chandra chattopadhyay,"সঙ্গীতের একটা আদর্শ যদি আমার সুমুখে না থাকত, মিষ্ট রসাস্বাদের আশা যদি না করতাম, তা হলে এত কষ্ট করে সা-রে-গা-মা সাধতাম না"
sarat chandra chattopadhyay,"ওকালতির মধ্যে টাকার গন্ধ আপনি যদি অত করে না পেতেন, তা হলে একবার ফেল করেই ক্ষান্ত দিতেন, বারংবার এমন প্রাণপাত পরিশ্রম করে আইনের বইগুলো মুখস্থ করতেন না"
sarat chandra chattopadhyay,"উপীনদাও হয়ত একটা ইস্কুল-মাস্টারি নিয়ে এতদিন সভ্তুষ্ট হয়ে থাকতেন উপে্দ্র হাসিতে লাগিলেন, কিন্তু ভূপতির মুখ লাল হইয়া উঠিল একগুণ খোঁচা যে দশগুণ করিয়া সতীশ ফিরাইয়া দিয়াছে, তাহা উপস্থিত সকলেই বুঝিতে পারিল"
sarat chandra chattopadhyay,"রোষ চাপিয়া রাখিয়া ভূপতি কহিলেন, আপনার সঙ্গে তর্ক করা বৃথা একটা জিনিসের ভালমন্দ যে কত রকমে প্রমাণ হতে পারে, তাই হয়ত আপনি জানেন না"
sarat chandra chattopadhyay,"কথায় কথায় সকলেই ক্রমশঃ রাস্তার একধারে উবু হইয়া বসিয়া পড়িয়াছিল সতীশ দাঁড়াইয়া উঠিয়া হাতজোড় করিয়া বলিল, মাপ করুন ভূপতিবাবু"
sarat chandra chattopadhyay,"ছয় রকম ও ছত্রিশ রকম প্রত্যক্ষে র আলোচনা এত রোদে সহ্য হবে তার চেয়ে বরং সন্ধ্যার পর বাবার বৈঠকখানায় যাবেন, যেখানে দুপুর-রাত্রি পর্যন্ত কালোয়াতি তর্ক হতে পারবে প্রফেসার নবীনবাবু, সদর-আলা গোবিন্দবাবু, মায় এ-বাড়ির ভট্চায্যিমশাই পর্যন্ত এই নিয়ে গভীর রাত পর্যন্ত চুলোচুলি করতে থাকেন"
sarat chandra chattopadhyay,"পাশের ঘরেই আমার আড্ডা হেরফেরগুলো বেশ কায়দা করে এখনও পেকে উঠেনি বটে, কিন্তু গায়ে আমার রং ধরেচে অসময়ে পেকে গাছতলায় পড়ে শিয়াল-কুকুরের পেটে যেতে চাইনে তাই, এটা বাদ দিয়ে আর কিছু যদি বলবার থাকে ত বলুন, না হয় অনুমতি করুন, বিদায় হই যুক্তহস্তে সতীশের কথার ভঙ্গীতে সকলেই হাসিয়া উঠিল রুষ্ট দ্বিগুন উদ্দীপ্ত হইয়া উঠিলেন"
sarat chandra chattopadhyay,রাগের মাথায় তর্কের সূত্র হারাইয়া গেল এবং এমন অবস্থায় যাহা প্রথমেই মুখে আসে তাহাই তর্জন করিয়া বলিয়া ফেলিলেন- আপনি তা হলে দেখছি ঈশ্বরও মানেন না
sarat chandra chattopadhyay,"কথাটা যে নিতান্তই অসংলগ্ন ও ছেলেমানুষের মত হইল, তাহা ভূপতির নিজের কানেও ঠেকিল"
sarat chandra chattopadhyay,"সতীশ ভূপতির আরক্ত মুখের 'পরে একবার দৃষ্টিপাত করিয়া উপেন্দ্রের মুখপানে চাহিয়া হোহো করিয়া হাসিয়া উঠিল বলিল, ও উপীনদা, ভূপতিবাবু এবারে কোণ নিয়েচেন"
sarat chandra chattopadhyay,"আমার মত দশ-বারোটা কুকুরেও এবারে পারবে ভূপতির প্রতি চাহিয়া বলিল, ঠিক করেছেন ভূপতিবাবু, 'চোর-চোর' খেলায় ছুটতে না পারলে বুড়ি ছুঁয়ে ফেলাই ভাল এই অপবাদের আঘাতে আগুন হইয়া উঠিয়া দীড়াইতেই ধরিয়া বলিলেন, তুমি চুপ কর ভুপতি, আমি এ লোকটিতে কচ্ছি"
sarat chandra chattopadhyay,"বুড়ি ছোয়া, কোণ নেওয়া, এ-সব কি কথা রে সতীশ"
sarat chandra chattopadhyay,"বাস্তবিক তোর যেরূপ সন্দিগ্ধ প্রকৃতি, তাতে সন্দেহ হতেই পারে, তুই ঈশ্বর পর্যন্ত মানিস নে"
sarat chandra chattopadhyay,"সতীশ গভীর বিস্ময় প্রকাশ করিয়া বলিল, হা অদৃষ্ট"
sarat chandra chattopadhyay,"থিয়াটারের আড্ডা ভাঙ্গবার পরে দুপুর-রাত্রে গোরস্থানের পাশ দিয়ে একলা ফিরবার পথে যখন বিশ্বাসের জোরে বুকের রক্ত বরফ হয়ে যায়, তোমরা ভালমানুষের দল তার কি খবর রাখ"
sarat chandra chattopadhyay,"হাসছ কি উপীনদা, ভূত-প্রেত মানি, আর ঈশ্বর মানিনে"
sarat chandra chattopadhyay,তাহার কথায় ক্রুদ্ধ পর্যন্ত হাসিয়া উঠিলেন
sarat chandra chattopadhyay,"বলিলেন, সতীশবাবু, ভূতের ভয় করলেই ঈশ্বর স্বীকার করা হয়- এ দুটি কি তবে আপনার কাছে এক"
sarat chandra chattopadhyay,"সতীশ বলিল, একেবারে এক পাশাপাশি রাখলে চেনবার জো নেই শুধু আমার কাছেই নয়, আপনার কাছেও বটে, উপীনদার কাছেও বটে, এবং যারা শান্তর লেখেন তাঁদের কাছেও বটে ৷ ও এক কথাই না মানেন ত বহুৎ আচ্ছা, কিন্তু মানলে আর রক্ষা নেই দায়ে-ঘায়ে, আপদে-বিপদে, অনেক তরফ দিয়ে অনেক রকম করে ভেবে দেখেছি, বাগ্বিতপ্তাও বিস্তর শুনেছি, কিন্তু যে অন্ধকার সেই অন্ধকার ছোট একটুখানি নিরাকার মানো, আর হাত-পা-ওয়ালা তেত্রিশ কোটি দেবতাই স্বীকার কর, কোন ফন্দিই খাটে সমস্ত এক শিকলে একটিকে টান দিলেই সব এসে হাজির হবে ওই স্বর্গ-নরক আসবে, ইহকাল- পরকাল আসবে, অমর আত্মা এসে পড়বে, তখন কবরস্থানের দেবতাগুলিকে ঠেকাবে কি দিয়ে"
sarat chandra chattopadhyay,সাধ্য কি তোমার একজনকে চুপি চুপি কিছু দিয়ে পরিত্রাণ পাও
sarat chandra chattopadhyay,নিমেষের মধ্যে যে যেখানে আছেন এসে ঘিরে ধরবেন ঈশ্বর মানি আর ভূতের ভয় করিনে- সে হবার জো নেই ভূপতিবাবু
sarat chandra chattopadhyay,"যেরূপ করিয়া সে কথার উপসংহার করিল, তাহাতে সকলেই উচ্চরবে হাসিয়া অপেক্ষাকৃত লমঘুবয়স্ক দুইজন বালকের হাস্য-কোলাহলে রবিবারের অলস মধ্যাহ্ন চঞ্চল হইয়া উঠিল স্ত্রী সুরবালার প্রেরিত যে চাকরটা দূরে দীড়াইয়া এতক্ষণ বিড়বিড় করিতেছিল, সে পর্যন্ত মুখ ফিরাইয়া মৃদু মৃদু হাসিতে লাগিল কলহের যে মেঘখানা ইতিপূর্বে আকার ধারণ করিতেছিল, এই সমস্ত হাসির ঝড়ে তাহা কোথায় উড়িয়া গেল তাহার উদ্দেশ রহিল না৷ কেহই হুঁশ করিল না, দ্বিপ্রহর বহুক্ষণ উত্তীর্ণ হইয়া গিয়াছে এবং এতক্ষণে বাড়ির ভিতরে সক্ষুর্বপিপাসাতুর ঝি-র দল উঠানে দাঁড়াইয়া চেঁচামেচি করিতেছে ও রান্নাঘরে বামুনঠাকুরেরা কর্মত্যাগের দৃঢ় সন্কল্প পুনঃ পুনঃ ঘোষণা করিয়া দিতেছে"
sarat chandra chattopadhyay,"দুই মাস-তিনেক পরে কলিকাতার একটা বাসায় একদিন সকালবেলায় ঘুম ভাঙ্গিয়া সতীশ বিছানায় এ-পাশ ও-পাশ করিতে করিতে হঠাৎ স্থির করিয়া বসিল, আজ সে স্কুলে যাইবে না"
sarat chandra chattopadhyay,সে হোমিওপ্যাথি স্কুলে পড়িতেছিল এই কামাই করিবার সঙন্কল্পটা তাহার মনের মধ্যে সুধা বর্ষণ করিল এবং মুহূর্তের মধ্যে বিকল দেহটাকে সবল করিয়া তুলিল সে প্রফুল্প-মুখে উঠিয়া বসিয়া তামাকের জন্য হাকাহাকি করিতে লাগিল ঘরে ঢুকিল সাবিত্রী
sarat chandra chattopadhyay,"সে অনতিদূরে মেঝের উপর বসিয়া পড়িয়া হাসিমুখে জিজ্ঞাসা করিল, ঘুম ভাঙলো বাবু"
sarat chandra chattopadhyay,সাবিত্রী বাসার ঝি এবং গৃহিণী ৷ চুরি করিত না বলিয়া খরচের টাকাকড়ি সমস্তই তাহার হাতে
sarat chandra chattopadhyay,"একহারা অতি সুশ্রী গঠন বয়স বোধ করি একুশ-বাইশের কাছাকাছি, কিন্তু মুখ দেখিয়া যেন আরও কম বলিয়া মনে হয়"
sarat chandra chattopadhyay,"সাবিত্রী ফরসা কাপড় পরিত এবং ঠোট-দুটি পান ও দোক্তার রসে দিবারাত্রি রাঙ্গা করিয়া সে হাসিয়া কথা কহিতে যেমন জানিত, সে হাসির দামটিও ঠিক তেমনি গৃহসুখ-বঞ্চিত বাসার সকলের উপরই তাহার একটা আন্তরিক মমতা অথচ, কেহ সুখ্যাতি করিলে বলিত, যত্ন না করলে আপনারা রাখবেন কেন বাবু"
sarat chandra chattopadhyay,"তা ছাড়া, বাড়ি গিয়ে গিনীদের কাছে নিন্দে করে বলবেন, বাসার এমন ঝি যে, পেট ভরে দুবেলা খেতেও দেয় না-ও অপযশের চেয়ে একটু খাটা ভালো, বলিয়া হাসিমুখে কাজে চলিয়া যাইত বাসার মধ্যে শুধু সতীশই তাহার নাম ধরিয়া ডাকিত যা-তা পরিহাস করিত এবং যখন-তখন বকশিশ দিত সতীশের উপর তাহার স্নেহটা কিছু অতিরিক্ত ছিল সারা দিন সমস্ত কাজকর্মের মধ্যে বোধ করি এইজন্যই সে তাহার একটি চোখ এবং একটি কান এই উননত বলিষ্ঠ চারুদর্শন যুবকটির উদ্দেশে নিযুক্ত রাখিত বাসার সকলেই ইহা জানিত, এবং কেহ কেহ সকৌতুকে ইঙ্গিত করিতেও না"
sarat chandra chattopadhyay,"সাবিত্রী জবাব দিত না, মুখ টিপিয়া হাসিয়া কাজে চলিয়া যাইত সতীশ কহিল, হী, ঘুম ভাঙলো বলিয়াই বালিশের তলা হইতে একটা টাকা করিয়া ফেলিয়া দিল সাবিত্রী টাকাটা তুলিয়া লইয়া বলিল, সকালবেলায় আবার কি আনতে হবে"
sarat chandra chattopadhyay,"কিন্তু আমার জন্যে এখন রেখে দাও, রাত্রে তোমার বাবুর জন্যে কিনে নিয়ে যেও সাবিত্রী রাগ করিয়া টাকাটা বিছানার উপর ফেলিয়া দিয়া বলিল, রেখে দিন আপনার টাকা আমার বাবু সন্দেশ খেতে ভালবাসে না"
sarat chandra chattopadhyay,"সতীশ টাকাটা পুনরায় ফেলিয়া অনুনয়ের স্বরে কহিল, আমার মাথা খাও সাবিত্রী, এ টাকা আমাকে কিছুতেই ফিরুতে পারবে না, আমি সত্যি তোমার বাবুকে সন্দেশ খেতে দিয়েছি"
sarat chandra chattopadhyay,"সাবিত্রী মুখ ভার করিয়া বলিল, যখন-তখন আপনি মেয়েমানুষের মত মাথার দিব্যি দেন, এ ভারী অন্যায়"
sarat chandra chattopadhyay,"বাবু আমার আপনি- আপনারা সতীশ হাসিয়া বলিল, আচ্ছা, দাও টাকা কিন্তু বলো, আমরা ছাড়া যদি আর কোন বাবু থাকে ত তার মাথা খাই"
sarat chandra chattopadhyay,"সাবিত্রী হাসিয়া ফেলিল বলিল, আমার বাবু কি আপনার সতীন যে, মাথা খাচ্ছেন"
sarat chandra chattopadhyay,"সতীশ কহিল, আমি তার মাথা খাচ্ছি, না তিনি আমার খাচ্ছেন"
sarat chandra chattopadhyay,আমি ত বরং তাকে সন্দেশ খাওয়াচ্ছি
sarat chandra chattopadhyay,"সাবিত্রী মুখ ফিরাইয়া হাসি দমন করিয়া হঠাৎ গম্ভীর হইয়া বলিল, চাকর-দাসীর সঙ্গে এ-রকম করে কথা কইলে ছোটলোক প্রশ্রয় পেয়ে যায়, আর মানে না, একটু বুঝে সমঝে কথা কইতে হয় বাবু, নইলে লোকেও নিন্দা বলিয়া টাকাটা তুলিয়া লইয়া সে ঘরের বাহির হইয়া গেল"
sarat chandra chattopadhyay,"কিন্তু অনতিকাল পরেই ফিরিয়া আসিয়া বলিল, আজ এ বেলা কি রান্না হবে"
sarat chandra chattopadhyay,"সম্পর্কীয় যাবতীয় ব্যাপারে সতীশ যে একজন গুণী লোক সে পরিচয় সাবিত্রী পূর্বেই পাইয়াছিল ৷ সেইজন্য প্রত্যহ সকালবেলা একবার করিয়া আসিয়া সতীশের হুকুম লইয়া যাইত, এবং নিজে দাঁড়াইয়া থাকিয়া বামুনঠাকুরের দ্বারা সমস্তটুকু নিখুত করিয়া সম্পন্ন করাইয়া লইত ইতিমধ্যে চাকর তামাক দিয়া গিয়াছিল, সতীশ আর একবার কাত হইয়া শুইয়া পড়িয়া বলিল, যা খুশি"
sarat chandra chattopadhyay,"সাবিত্রী বলিল, আবার রাগও আছে যে"
sarat chandra chattopadhyay,"সতীশ দেওয়ালের দিকে মুখ ফিরাইয়া তামাক টানিতে টানিতে বলিল, পুরুষমানুষ, রাগ থাকবে না"
sarat chandra chattopadhyay,"আজ আমি খাবও না সাবিত্রী বলিল, আর কোথাও জুটেছে বোধ হয়"
sarat chandra chattopadhyay,"কিন্তু সে যাই হোক সতীশবাবু, আপনাকে যেতেই হবে তা বলে রাখছি"
sarat chandra chattopadhyay,"এই অল্পকালের মধ্যেই নিয়মিত স্কুলে যাওয়া ব্যাপারটা পুনরায় সতীশকে বোঝার মত চাপিয়া ধরিতেছিল, এবং নানা ছলে নানা উপলক্ষে সে যে কামাই করিতে শুরু করিয়াছিল, সাবিত্রী তাহা লক্ষ্য করিয়া দেখিতেছিল আজ সেই ছলনার পুনরাবৃত্তির সূত্রপাতেই সে টের পাইল সতীশ ধড়মড় করিয়া উঠিয়া বসিয়া কৃত্রিম ক্রোধের স্বরে বলিল, শুভকর্মের গোড়াতেই টুকো না বলচি"
sarat chandra chattopadhyay,"সাবিত্রী কহিল, তা ত বললেন"
sarat chandra chattopadhyay,"কিন্তু করতে চব্বিশ বছর কেটে গেল, এই ডাক্তারি পাস করতে কেটে যাবে যে"
sarat chandra chattopadhyay,"সতীশ রাগতভাবে বলিল, মিথ্যা কথা বলো না সাবিত্রী"
sarat chandra chattopadhyay,"আমি করিনি সাবিত্রী হাসিয়া উঠিল বলিল, এটাও করেননি"
sarat chandra chattopadhyay,"সতীশ ঘাড় নাড়িয়া বলিল, না"
sarat chandra chattopadhyay,হিংসুটে মাস্টারগুলো আমাকে পাস করতে যেতেই দেয়নি
sarat chandra chattopadhyay,"সাবিত্রী এবার মুখে কাপড় দিয়া হাসিতে লাগিল তারপরে বলিল, তবে এটা হবে কি"
sarat chandra chattopadhyay,"সতীশ খানিকক্ষণ চুপ করিয়া থাকিয়া বলিল, আচ্ছা সাবিত্রী, গাধার মত লোকগুলো একজামিন-পাস করে কি ক'রে বলতে পার"
sarat chandra chattopadhyay,"সাবিত্রী হাসি চাপিয়া বলিল, গাধার মতন, কিন্তু গাধা নয়"
sarat chandra chattopadhyay,"যারা ঠিক গাধা, তারা পারে সতীশ ব্যস্তভাবে দরজার বাহিরে গলা বাড়াইয়া একবার দেখিয়া লইল, পরক্ষণেই স্থির হইয়া বসিয়া একটু হইয়া বলিল, কেউ যদি শোনে ত সত্যিই নিন্দে করবে আমার মুখের সামনে দাড়িয়ে আমাকে গাধা বলছ, এর কোন কৈফিয়তই দেওয়া চলবে না"
sarat chandra chattopadhyay,কর্মদোষে আজ সাবিত্রী বাসার দাসী
sarat chandra chattopadhyay,"তাই সে এই আঘাতটুকু সহ্য করিয়া লইয়া বলিল, তা বটে"
sarat chandra chattopadhyay,"বলিয়াই ধীরে ধীরে বাহির হইয়া গেল সতীশ আর একবার অলসের মত বিছানায় শুইয়া পড়িল তাহার মনের মধ্যে কর্মহীন সারা দিনের যে ছবিটা উজ্জ্বল হইয়া উঠিতেছিল, সাবিত্রীর কথার ঘায়ে তাহার অনেকটাই মলিন হইয়া গেল এবং যে ব্যথাটুকু বহন করিয়া সাবিত্রী নিজে চলিয়া গেল, তাহাও তাহার ছুটির আনন্দকে বাড়াইয়া দিয়া গেল না, এবং যদিচ সে মনে মনে বুঝিল আজ আর কামাই করিয়া লাভ হইবে না, তত্রাচ কিছুই না করিবার লোভও সে ত্যাগ করিতে না পারিয়া অলস বিরক্ত মুখে বিছানাতেই পড়িয়া রহিল কিন্তু যথাসময়ে স্নানের জন্য তাগিদ পড়িল সতীশ উঠিল না; বলিল, তাড়াতাড়ি কি"
sarat chandra chattopadhyay,"আমি আজ ত বার হবো সাবিত্রী ঘরে ঢুকিয়া কহিল, সে হবে না"
sarat chandra chattopadhyay,"আপনাকে ইস্কুলে যেতেই হবে- যান, আপনি স্নান করে খেয়ে নিন"
sarat chandra chattopadhyay,"সতীশ বলিল, তোমাকে কি আমার অছি বহাল করা হয়েছে যে, এমন করে পীড়াপীড়ি লাগিয়েছ"
sarat chandra chattopadhyay,আজ আমি পাদমেকং ন গচ্ছামি
sarat chandra chattopadhyay,"সাবিত্রী একটুখানি হাসিল; বলিল, না যান ত স্নান করে খেয়ে নিন"
sarat chandra chattopadhyay,আপনার কুড়েমিতে দাসী-চাকরে কষ্ট পায় সেটা দেখতে পান নাঃ
sarat chandra chattopadhyay,"সতীশ বলিল, এ কি রকম দাসী-চাকর যে বাজতে না বাজতে কষ্ট পায়"
sarat chandra chattopadhyay,"নাঃ--এ বাসা আমাকে বদলাতেই হবে, না হলে শরীর টিকবে না দেখচি"
sarat chandra chattopadhyay,"সাবিত্রী হাসিয়া ফেলিল; বলিল, তা হলে আমাকেও বদলাতে হবে কিন বলিয়া ফেলিয়া সে তাড়াতাড়ি নিজের কথাটা চাপা দিয়া বলিয়া উঠিল, ততক্ষণ আপনাকে এই বাসার নিয়মই মেনে চলকে হবে-ইস্কুলেও যেতে হবে নিন, উঠুন, বেলা হয়ে যাচ্ছে"
sarat chandra chattopadhyay,"বলিয়াই সতীশের ধুতি ও গামছা স্নানের ঘরে রাখিয়া আসিতে দ্রুতপদে বাহির হইয়া গেল সতীশ প্রত্যহ নিয়মিত সন্ধ্যাহিক করিত আজ সে স্নান করিয়া আসিয়া পূজার আসনে বসিয়া দেরি করিতে লাগিল সাবিত্রী দুই-তিনবার আসিয়া দেখিয়া গিয়া দরজার বাহির হইতে ডাকিয়া বলিল, আর কেন, বাড়া ভাত ঠাণ্ডা হয়ে গেল যে"
sarat chandra chattopadhyay,"ইস্কুলে যেতে হবে না আপনাকে, দয়া করে দুটি খেয়ে নিয়ে আমাদের মাথা কিনুন সতীশ আরও মিনিট-পাঁচেক নিঃশব্দে বসিয়া থাকিয়া, দাড়াইয়া উঠিয়া বলিল, পূজা-আহ্নিকের সময় গোলমাল করলে কি হয় জানো"
sarat chandra chattopadhyay,"সাবিত্রী বলিল, কোশাকুশি সামনে নিয়ে ছল করলে কি হয় জানেন"
sarat chandra chattopadhyay,"সতীশ চোখ কপালে তুলিল, ছল করছিলাম"
sarat chandra chattopadhyay,"সাবিত্রী কি একটা বলিতে গিয়া চাপিয়া গেল তারপরে বলিল, তা আপনিই জানেন, কিন্তু আপনারও অন্যদিন এত দেরি হয় না- যান, ভাত দেওয়া হয়েছে; বলিয়া চলিয়া গেল"
sarat chandra chattopadhyay,আজ শীতের মধুর মধ্যাহ্নে বাসা নির্জন ও নিস্তব্ধ
sarat chandra chattopadhyay,বাসার সকলেই কেরানী তাহারা অফিসে গিয়াছেন
sarat chandra chattopadhyay,"বামুনঠাকুর বেড়াইতে গিয়াছে, বেহারী বাজার করিতে গিয়াছে, সাবিত্রীরও কোন সাড়া-শব্দ পাওয়া যায় না"
sarat chandra chattopadhyay,সতীশ নিজের ঘরে প্রথমে দিবানিদ্রার মিথ্যা চেষ্টা করিয়া এইমাত্র উঠিয়া বসিয়া যা-তা ভাবিতেছিল তাহার শিয়রের দিকের জানালাটা বন্ধ ছিল ৷ সেটা খুলিয়া দিয়া সম্মুখের খোলা ছাদের দিকে চাহিয়াই তৎক্ষণাৎ বন্ধ করিয়া ফেলিল ছাদের একপ্রান্তে বসিয়া সাবিত্রী চুল শুকাইতেছিল এবং ঝুঁকিয়া পড়িয়া কি একটা বই দেখিতেছিল জানালা খোলা-দেওয়ার শব্দে সে চকিত হইয়া মাথার উপরে আঁচল তুলিয়া দিয়া উঠিয়া দীড়াইয়া দেখিল জানালা বন্ধ হইয়া গিয়াছে
sarat chandra chattopadhyay,"অনতিকাল পরেই সে ঘরে ঢুকিয়া বলিল, ডাকছিলেন আমাকে"
sarat chandra chattopadhyay,"সতীশ মাথা নাড়িয়া বলিল, আনো সাবিত্রী পান, জল আনিয়া বিছানার কাছে রাখিয়া দিয়া, ঘরের সমস্ত দরজা জানালা একে একে বেশ করিয়া খুলিয়া দিয়া মেঝের উপর বলিল, যাই, আপনার তামাক সেজে আনি"
sarat chandra chattopadhyay,"সতীশ জিজ্ঞাসা করিল, বেহারী কোথায়"
sarat chandra chattopadhyay,"বাজারে গেছে, বলিয়া সাবিত্রী চলিয়া গেল এবং ক্ষণকাল পরে তামাক সাজিয়া আনিয়া হাজির করিয়া খোলা দরজার সুমুখে বসিয়া পড়িয়া হাসিমুখে বলিল, আজ মিথ্যে কামাই করলেন"
sarat chandra chattopadhyay,"আমার ধাতটা কিছু স্বতন্ত্র, তাই মাঝে মাঝে এ-রকম না করলে অসুখ হয়ে তা ছাড়া আমি রীতিমতো ডাক্তার হতেও চাইনে অল্প-স্বল্প কিছু কিছু শিখে নিয়ে আমাদের দেশের বাড়িতে ফিরে গিয়ে একটা বিনি-পয়সার ডাক্তারখানা খুলে দেব চিকিৎসার অভাবে দেশের গরীব দুঃখীরা ওলাওঠায় উজাড় হয়ে যায়, তাদের চিকিৎসা করাই আমার উদ্দেশ্য সাবিত্রী বলিল, বিনি-পয়সার চিকিৎসায় বুঝি ভাল শেখার দরকার নেই"
sarat chandra chattopadhyay,"ভাল ডাক্তার কেবল বড়লোকের জন্যে, আর গরীবের বেলাই হাতুড়ে কিন্তু তাই-বা হবে কি করে"
sarat chandra chattopadhyay,আপনি চলে গেলে বিপিনবাবুর ভারী মুশকিল হবে যে
sarat chandra chattopadhyay,"বিপিনবাবুর উল্লেখে সতীশ লজ্জিত হইয়া বলিল, মুশকিল আবার কি, আমার মত তার ঢের জুটে যাবে৷ তা ছাড়া, ওখানে আমি আর যাইনে"
sarat chandra chattopadhyay,"সাবিত্রী আশ্চর্য হইয়া বলিল, যান না"
sarat chandra chattopadhyay,তা হলে আর ওঁকে গান-বাজনা শেখায় কে
sarat chandra chattopadhyay,"সতীশ অত্যন্ত বিরক্ত হইয়া বলিল, গান-বাজনা বুঝি আমি শেখাই"
sarat chandra chattopadhyay,"সাবিত্রী বলিল, কি জানি বাবু, লোক ত বলে কেউ বলে না--এ তোমার বানানো কথা আপনাকে বিপিনবাবুর মোসাহেব বলে; এও বুঝি আমার বানানো কথা কথা শুনিয়া সতীশ আগুন হইয়া উঠিল তাহার কারণ ছিল বিপিনের সহিত ঘনিষ্ঠ সংযোগ বাহিরের লোকের সমালোচনার বিষয় হইলে সেই সমালোচনার ফল সাধারণতঃ কি দাড়ায়, ইহা সে বিদিত ছিল কলিকাতাবাসী বিপিনের সাংসারিক অবস্থা ও তাহার আমোদ-প্রমোদের অপর্যাপ্ত সাজ-সরঞ্জামের মাঝখানে প্রবাসী সতীশের লোকের চোখে যে নীচে নামিয়াই পড়িবে, সতীশের অন্তরঙ্গ এই উৎকণ্ঠিত সংশয় সাবিত্রীর তীক্ষু ঘায়ে একেবারে উশ্রমূর্তি ধরিয়া বাহিরে বাসিয়া পড়িল ৷ সে দুই চোখ দীপ্ত করিয়া গর্জিয়া উঠিল, কি, আমি মোসাহেব- কে বলে শুনি"
sarat chandra chattopadhyay,"সাবিত্রী মনে মনে হাসিয়া বলিল, কার নাম করব বাবু"
sarat chandra chattopadhyay,"যাই, রাখালবাবুর বিছানাটা রোদে দিয়ে আসি"
sarat chandra chattopadhyay,"সাবিত্রী হাসিয়া বলিল, কুমুদিনী ৷ সতীশ বিশ্মিত হইয়া বলিল, তাকে তুমি জানলে কি করে"
sarat chandra chattopadhyay,"সাবিত্রী বলিল, তিনি আমাকে কাজ করবার জন্যে ডেকে পাঠিয়েছিলেন তোমাকে"
sarat chandra chattopadhyay,"এখনো বলিনি- ভাবচি বেশী মাইনে, কম কাজ, তাই লোভ হচ্চে"
sarat chandra chattopadhyay,"সতীশের চোখ দিয়া অগ্নিস্কুলিঙ্গ বাহির হইতে লাগিল সে বলিল, এ বিপিনের মতলব তোমার নাম সে প্রায়ই করে বটে সাবিত্রী হাসি চাপিয়া বলিল, করেন"
sarat chandra chattopadhyay,তা হলে বোধ করি আমাকে মনে ধরেছে
sarat chandra chattopadhyay,"সতীশ সাবিত্রীর মুখের প্রতি ক্রুর দৃষ্টিক্ষেপ করিয়া বলিল, ধরাচ্ছি; এক শ টাকা ফাইন দিয়ে অবধি লোকজনকে আর চাবকাই নি-আবার দেখচি কিছু দিতে হলো"
sarat chandra chattopadhyay,"আচ্ছা, তুমি যাও সাবিত্রী চলিয়া গেল রাখালের বিছানাগুলি রৌদ্রে দিয়া তাড়াতাড়ি ফিরিয়া আসিয়া জানালার ফাঁক দিয়া দেখিল, সতীশ জামা গায়ে দিয়াছে, এবং বাক্স খুলিয়া একতাড়া নোট লুকাইয়া পকেটের মধ্যে লইতেছে"
sarat chandra chattopadhyay,"সাবিত্রী দুই চৌকাঠে হাত দিয়া পথরোধ করিয়া দীড়াইয়া বলিল, কোথায় যাওয়া হবে"
sarat chandra chattopadhyay,কাজ আছে- পথ ছাড়ো কি কাজ শুনি
sarat chandra chattopadhyay,"সতীশ হইয়া বলিল, সাবিত্রী সরিল না"
sarat chandra chattopadhyay,"হাসিয়া বলিল, ভগবান আপনাকে কোন গুণ থেকে বঞ্চিত করেন নি দেখচি ইতিপূর্বে জরিমানা দেওয়াও হয়ে গেছে"
sarat chandra chattopadhyay,"সতীশ ভু-কুঞ্চিত করিল, কথা কহিল সাবিত্রী কহিল, এ ত আপনার ভারী অন্যায়"
sarat chandra chattopadhyay,"কোথায় কাজ করি, না-করি আমার ইচ্ছে আপনি কেন বিবাদ করতে চান"
sarat chandra chattopadhyay,"সতীশ বলিল, বিবাদ করি না-করি আমার ইচ্ছে, তুমি কেন পথ আটকাও"
sarat chandra chattopadhyay,"সাবিত্রী হাতজোড় করিয়া বলিল, আচ্ছা, একটু সবুর করুন, আমি এলে যাবেন সতীশ ফিরিয়া গিয়া খাটের উপর বসিতেই সাবিত্রী বাহিরে আসিয়া খট্ করিয়া দরজায় শিকল তুলিয়া দিয়া জানালা দিয়া আস্তে আস্তে বলিয়া গেল, শান্ত না হলে দোর খুলব না- নীচে চললুম বলিয়া সে সত্যই নীচে নামিয়া গেল বাহিরে যাইতে না পারিয়া সতীশ খানিকক্ষণ চুপ করিয়া বসিয়া থাকিয়া গায়ের জামাটা মাটিতে ছুড়িয়া ফেলিয়া দিয়া চিত হইয়া শুইয়া পড়িল বিপিনের সহিত তাহার আলাপ এলাহাবাদে কলিকাতায় আসিয়া ইহা যথেষ্ট ঘনীভূত হইলেও এই বাসার মধ্যে তাহার যখন-তখন আসা যাওয়াটা যে বাড়াবাড়িতে দীড়াইতেছিল, ইহা সে নিজেও লক্ষ্য করিতেছিল আজ সাবিত্রীর কথায় সেই হেতুটা একেবারে সুস্পষ্ট হইয়া উঠিল সতীশের বন্ধু বলিয়া এবং বড়লোক বলিয়া এ বাসায় তাহার যথেষ্ট সন্ত্রম ছিল"
sarat chandra chattopadhyay,"সতীশের অনুপস্থিতিতেও তাহার আদর-যত্রেের না হয়, এ ভার সতীশ নিজেই সাবিত্রীর উপরে দিয়াছিল এই খাতির-যত্ন বিপিনবাবু যে পুরা মাত্রায় আদায় করিয়া লইতেছেন এ সংবাদ বাসায় ফিরিয়া আসিয়া সতীশ যখন-তখন পাইতেছিল নিজের মনের এই সরল উদারতার তুলনায় বিপিনের এই কদাকার লুক্ধতা গভীর কৃতঘ্নতার মত আজ তাহাকে বিধিল এবং সমস্ত নিমন্ত্রণ, আমন্ত্রণ, সৌহার্দ্য, ঘনিষ্ঠতা একমুহূর্তেই তাহার কাছে বিষ হইয়া গেল সে চুপ করিয়া পড়িয়া রহিল বটে, কিন্তু মর্মান্তিক আক্রোশ পিঞ্জরাবদ্ধ পশুর মত ক্রমাগত তাহার অন্তরের মধ্যে এ-কোণ ও-কোণ করিতে লাগিল"
sarat chandra chattopadhyay,"ঘণ্টা-খানেক পরে ফিরিয়া আসিয়া সাবিত্রী জানালার বাহির হইতে আস্তে আস্তে বলিল, রাগ পড়ল বাবু"
sarat chandra chattopadhyay,"দোর খুলিয়া সাবিত্রী ঘরে আসিয়া দীড়াইল, বলিল, আচ্ছা এ কি অত্যাচার বলুন সতীশ কোনদিকে না চাহিয়া জিজ্ঞাসা করিল, কিসের অত্যাচার"
sarat chandra chattopadhyay,"সাবিত্রী বলিল, সকলেই নিজের ভাল খোঁজে আমিও কোথাও যদি একটু ভাল কাজ পাই, আপনি তাতে বাদ সাধেন কেন"
sarat chandra chattopadhyay,"সতীশ উদাসভাবে বলিল, বাদ সাধব কেন"
sarat chandra chattopadhyay,তোমার ইচ্ছে হলে যাবে বৈ কি
sarat chandra chattopadhyay,"সাবিত্রী কহিল, অথচ, আমার নূতন মনিবটিকে মারধর করবার আয়োজন কচ্চেন"
sarat chandra chattopadhyay,"সতীশ উঠিয়া বসিয়া বলিল, তুমি কি করতে সাবিত্রী"
sarat chandra chattopadhyay,তোমার জিনিসটি যদি কেউ ভূলিয়ে নিয়ে যায়- কিন্তু আমি কি আপনার জিনিস
sarat chandra chattopadhyay,"বলিয়াই সাবিত্রী ফিক করিয়া হাসিয়া ফেলিল ৷ সতীশ লজ্জিত হইয়া বলিল, দূর্- তা- নয় কিন্তু সাবিত্রী বলিল, কিন্তৃতে আর কাজ নেই- আমি যাব না"
sarat chandra chattopadhyay,"সতীশের পিরানটা মাটিতে লুটাইতেছিল, সাবিত্রী তুলিয়া লইয়া পকেট হইতে নোটগুলি বাহির করিয়া ফেলিল বাক্সে চাবি লাগানই ছিল, নোটগুলি ভিতরে রাখিয়া চাবি বন্ধ করিয়া চাবি নিজের পরাইতে পরাইতে বলিল, আমার কাছে রইল টাকার আবশ্যক হলে চেয়ে নেবেন"
sarat chandra chattopadhyay,"সতীশ বলিল, যদি চুরি কর"
sarat chandra chattopadhyay,"সাবিত্রী সে কথায় হাসিয়া আচল-বীধা চাবির গোছা ঝনাৎ করিয়া পিঠের উপর ফেলিয়া দিয়া বলিল, আমি চুরি করলে আপনার গায়ে লাগবে না"
sarat chandra chattopadhyay,"সতীশ সাবিত্রীর মুখের পানে ক্ষণকাল স্থিরদৃষ্টিতে চাহিয়া রহিল ৷ সেই ক্ষণিকের দৃষ্টিতে সে কি দেখিতে পাইল সে-ই জানে, চমকিয়া বলিয়া উঠিল, সাবিত্রী তোমাদের বাড়ি কোন্ দেশে"
sarat chandra chattopadhyay,বাঙলা দেশে তার বেশী আর বলবে না
sarat chandra chattopadhyay,"বাড়ি কোথায় না বল, কি জাত বল"
sarat chandra chattopadhyay,"সাবিত্রী একটুখানি হাসিয়া বলিল, তাই বা জেনে কি হবে"
sarat chandra chattopadhyay,"সতীশ ক্ষণকাল ভাবিয়া কহিল, সম্ভব নয়"
sarat chandra chattopadhyay,কিন্তু জোর করে একেবারে না বলতেও পারিনে
sarat chandra chattopadhyay,"সাবিত্রী তাহার দুই আয়ত উজ্জ্বল চক্ষু সতীশের মুখের উপর নিবদ্ধ করিয়া মুহূর্তকাল পরেই হাসিয়া ছেলেমানুষের মত মাথা নাড়িয়া কণ্ঠস্বরে অনির্বচনীয় সোহাগ ঢালিয়া দিয়া বলিল, না বলতে পারেন না--কেন বলুন অকস্মাৎ সতীশের মাথায় যেন ভূত চাপিয়া গেল তাহার বুকের রক্ত তোলপাড় করিয়া উঠিল, সে তৎক্ষণাৎ গাঢ়-স্বরে বলিয়া ফেলিল, কেন জানিনে সাবিত্রী, কিন্তু তুমি রেঁধে দিলে খাব না বলা আমার পক্ষে শক্ত"
sarat chandra chattopadhyay,"আচ্ছা, সে একদিন দেখা যাবে"
sarat chandra chattopadhyay,"এ-যাঃ- রাখালবাবুর পাশ-বালিশটা রোদে দিতে ভুলেছি, বলিয়াই চক্ষের নিমিষে সে ঘরের বাহির হইয়া গেল"
sarat chandra chattopadhyay,"একটা কথা শুনে যাও সাবিত্রী, বলিয়াই সতীশ সম্মুখে ঝুঁকিয়া পড়িয়া হাত বাড়াইয়া তাহার অঞ্চলের ক্ষুদ্র একপ্রান্ত ধরিয়া ফেলিল সাবিত্রী দুই চক্ষে বিদ্যুৎ বর্ষণ করিয়া ছি"
sarat chandra chattopadhyay,"বলিয়া এক টান মারিয়া নিজেকে মুক্ত করিয়া লইয়া দ্রুতপদে অদৃশ্য হইয়া গেল হঠাৎ কি যেন একটা কাণ্ড ঘটিয়া গেল তাহার এই অকস্মাৎ সত্রাস পলায়ন, এই চাপা-গলায় , এই চোখের বিদ্যুৎ বজ্রাধ্নির মত সতীশের সমস্ত দুর্বুদ্ধিকে এক নিমেষে পুড়াইয়া ভস্ম করিয়া ফেলিল কুৎসিত লজ্জার ধিক্কারে তাহার সমস্ত শরীর শূলবিদ্ধ সর্পের মত গুটাইয়া উঠিতে লাগিল তাহার মনে হইল, ইহজন্যে সে আর সাবিত্রীকে মুখ দেখাইতে পারিবে না এবং পাছে কোনো প্রয়োজনে সে আবার আসিয়া পড়ে, এই আশঙ্কায় সে তৎক্ষণাৎ একখানা র্যাপার টানিয়া লইয়া ঝড়ের বেগে বাহির হইয়া পড়িল তিন-চারিটা সিঁড়ি বাকী থাকিতে সতীশ উপর হইতে সাবিত্রীর গলা আবার শুনিতে পাইল"
sarat chandra chattopadhyay,"সে রান্নাঘর হইতে ছুটিয়া আসিয়া মুখ বাড়াইয়া ডাকিয়া বলিতেছিল, একেবারে খাবার খেয়ে যান বাবু, নইলে ফিরে আসতে দেরি হলে সমস্ত নষ্ট হয়ে যাবে৷ যেন শুনিতেই পাইল না, এইভাবে সতীশ উর্ধ্বশ্বাসে বাহির হইয়া গেল৷ পরদিন সকালবেলা সাবিত্রী যখন রান্নার কথা জিজ্ঞাসা করিতে আসিল, সতীশ আস্তে আস্তে বলিল, কিছু মনে করো না সাবিত্রী"
sarat chandra chattopadhyay,"সাবিত্রী বিস্ময়ের স্বরে প্রশ্ন করিল, কি মনে করব না"
sarat chandra chattopadhyay,"সতীশ ঘাড় হেঁট করিয়া চুপ করিয়া রহিল ৷ সাবিত্রী মৃদু হাসিয়া বলিল, বেশ যা হোক"
sarat chandra chattopadhyay,আমার সময় নেই- কি রান্না হবে বলুন
sarat chandra chattopadhyay,"আচ্ছা, বলিয়া সাবিত্রী চলিয়া গেল, দ্বিতীয় প্রশ্ন করিল না"
sarat chandra chattopadhyay,"ঘণ্টা-দুই পরে ফিরিয়া আসিয়া বলিল, কি কাণ্ড বলুন"
sarat chandra chattopadhyay,আজো পাদমেকং ন গচ্ছামি নাকি
sarat chandra chattopadhyay,"সতীশ চুপ করিয়া রহিল সাবিত্রী বলিল, নটা বেজে গেছে যে"
sarat chandra chattopadhyay,"সময় উত্তীর্ণ হইবার সংবাদে সতীশ লেশমাত্র উদ্বেগ প্রকাশ না করিয়া বলিল,বাজুক গে--আমার আর ভাল লাগছে না"
sarat chandra chattopadhyay,"এই সকল অন্যায় আলস্য, বৃথা সময় নষ্ট, সাবিত্রী একেবারে দেখিতে পারিত তাই সে কিছুদিন হইতেই ভিতরে ভিতরে এবং অসহিষ্ণু হইয়া উঠিতেছিল একটু রুক্ষস্বরেই প্রশ্ন করিল, বলি, কি ভাল লাগচে না"
sarat chandra chattopadhyay,সতীশ নিজেও মনে মনে বিরক্ত হইয়া উঠিতেছিল- জবাব দিল না
sarat chandra chattopadhyay,"তাহার মুখের পানে চাহিয়া সাবিত্রী ইহা বুঝিল এবং ক্ষনকাল মৌন থাকিয়া কণ্ঠস্বর মৃদু করিয়া বলিল, লেখাপড়া ভাল লাগছে না"
sarat chandra chattopadhyay,এখন ভাল লাগছে বুঝি মেয়েমানুষের আচল ধরে টানাটানি করা
sarat chandra chattopadhyay,"যান আপনি অনর্থক বাসায় বসে থেকে উপদ্রব করবেন তাহার তিরস্কারের মধ্যে যদিচ আন্তরিক স্নেহ ও একান্ত মঙ্গলেচ্ছা ব্যতীত আর কিছুই ছিল না, কিন্তু কথার ভঙ্গীটা সতীশের সর্বাঙ্গে যেন বিছুটি মাখাইয়া দিল দেখিতে দেখিতে চোখ-মুখ তাহার ক্রোধে রাঙ্গা হইয়া উঠিল বলিল, যা মুখে আসে তাই যে বল প্রশ্রয় পেলে শুধু কুকুরই মাথায় ওঠে না, মানুষকেও মনে করে দিতে এ যে গালি-গালাজ"
sarat chandra chattopadhyay,"সাবিত্রী মুহূর্তকাল চুপ করিয়া থাকিয়া কণ্ঠস্বর আরো নত করিয়া বলিল, হয় বৈ কি সতীশবাবু"
sarat chandra chattopadhyay,"না হলে আপনাকেই বা মনে করে দিতে হবে কেন এটা ভদ্রলোকের বাসা, বৃন্দাবন নয়"
sarat chandra chattopadhyay,"বলিয়াই দ্রুতপদে বাহির হইয়া গেল দুঃসহ বিস্ময়ে হইয়া রহিল সাবিত্রী যে তাহাকে এমন করিয়া বিধিতে পারে, এ কথা সে ত মনে স্থান দিতেও পারিত না"
sarat chandra chattopadhyay,"কতক্ষণ একভাবে বসিয়া থাকিয়া হঠাৎ সে উঠিয়া দীড়াইল এবং কোনমতে স্নানাহার সম্পন্ন করিয়া লইয়া পড়িবার ছলে বাহির হইয়া গেল সেদিন সমস্ত দিন ধরিয়া তাহার অপমানাহত ক্ষুব্ধ চিত্ত তাহার প্রবৃত্তিকে শাসন করিতে লাগিল এবং যতই সে নিজের এই অভাবনীয় অদ্ভুত ব্যবহারের কোন তাৎপর্য খুঁজিয়া পাইল না, ততই তাহার মনের মধ্যে একটা কথাই বারংবার আনাগোনা করিয়া দাগ কাটিতে লাগিল কেন যে সে আচল ধরিয়াছিল, কি কথা তাহার বলিবার ছিল, এবং সাবিত্রী অমন করিয়া পলাইয়া না গেলে সে কি বলিত, কি করিত, তাহার অপদস্থ অসন্তঃকরণ নিরন্তর এই সমস্ত তিক্ত প্রশ্নে সাবিত্রীর অপেক্ষাও তাহাকে অধিকতর নিষ্ঠুরভাবে অবিশ্রাম বিধিতে লাগিল এমনি করিয়া সারা দিন সে নিজের অস্ত্রে নিজে ক্ষত-বিক্ষত হইয়া দিন- শেষে গঙ্গার ধারে আসিয়া উপস্থিত হইল এবং কোনমতে খেয়ার মাঝিদের বিনীত আক্রমণ এড়াইয়া নির্জীবের মত একখণ্ড পাথরের উপর গিয়া বসিয়া পড়িল কাল যখন সাবিত্রীর কাছে মনের দুর্বলতা হঠাৎ প্রকাশ হইয়া পড়ার লজ্জায় বাসা হইতে পলাইয়াছিল, তখন সে লজ্জার মধ্যে কেমন করিয়া যেন একটু মাধুর্য মিশিয়াছিল ৷ কে যেন আড়ালে থাকিয়া অংশ লইয়াছিল কিন্তু আজ সাবিত্রীর বিদ্রুপের বহ্নিতে সেই রসের লেশটুকু পর্যন্ত শুকাইয়া গিয়া নিঃসঙ্গ লজ্জা একেবারে শুষ্ক কঠিন হইয়া তাহার বুকের মধ্যে আড় হইয়া বাধিল"
sarat chandra chattopadhyay,"সেদিন তাহার আত্মসন্ত্রম শুধু মাথা হেঁট করিয়াছিল, আজ তাহার ঘাড় ভাঙ্গিয়া পড়িল আবার সবচেয়ে বাজিতে লাগিল এই দুঃখটা যে, এই স্ত্রীলোকটিকে সে যতদিন যত পরিহাস করিয়াছে, তাহার সমস্তরই আজ একটা কদর্থ করা হইবে কাল সকালবেলা পর্যন্ত সত্যই যে তাহার পরিহাসের মধ্যে রহস্য ভিন্ন দ্বিতীয় অর্থ ছিল না, নির্জন মধ্যাহ্নের ওইটুকু অসংযমের পরে সে কথা ত মুখে আনিবারও আর পথ রহিল না"
sarat chandra chattopadhyay,"আসক্তি যে বহুদিন হইতে লুকাইয়া অপেক্ষা করিয়া ছিল না, এ কথা ত সাবিত্রী কোন মতেই বিশ্বাস করিবে না"
sarat chandra chattopadhyay,"সে বলিবে, এর মনে এই ছিল"
sarat chandra chattopadhyay,কিন্তু তার মনে ত কিছুই ছিল না
sarat chandra chattopadhyay,এই সত্যটা বুঝাইয়া বলিবার সময়-সুযোগ তাহার কবে মিলিবে
sarat chandra chattopadhyay,"সে সৎ ছেলে নয়, সে লজ্জাও তাহার খুব বেশী ছিল না, কিন্তু অপবাদ সহ্য করিবে সে কি করিয়া"
sarat chandra chattopadhyay,"সে মনে মনে বলিল, যদি চোর, তবে চোরের মত সিদকাঠি-হাতেই ধরা পড়িল না কেন"
sarat chandra chattopadhyay,"সাবিত্রী যেন মনে মনে হাসিয়া বলিবে, এই সাধু জটা-কমগুলু পিঠে বাঁধিয়া ত্রিশূল দিয়া সিদ খুঁড়িতেছিল- ধরা পড়িয়াছে"
sarat chandra chattopadhyay,"এই অপবাদের কল্পনা তাহাকে দগ্ধ করিতে লাগিল এমনি ভাবে বসিয়া কখন যে রাত্রি বাড়িয়া উঠিল, সে জানিতে পারিল না"
sarat chandra chattopadhyay,"কখন ভাটা শেষ হইয়া জোয়ারের জল পায়ের কাছে উঠিয়াছে, কখন কলিকাতার গ্যাসের আলোয় উজ্জ্বল হইয়া উঠিয়াছে, কখন মাথার উপরে আকাশ কালো হইয়া নক্ষত্র ফুটিয়াছে, কিছুই সে টের পায় নাই"
sarat chandra chattopadhyay,"শীতের জোলো হাওয়ায় তাহার শীত করিতে লাগিল এবং ওপারের চটকলের ঘড়িতে বারটা বাজিয়া গেল ৷ তখন সতীশ উঠিয়া পড়িয়া বাসার অভিমুখে চলিল এই সময়টায় কিছুক্ষণের জন্য বোধ করি, সে তাহার কাল্পনিক আশঙ্কাটা ভুলিয়াছিল; কিন্তু চলিতে চলিতে বাসার দূরত্ব পাইতে লাগিল, মন তাহার পুনর্বার সেই অনুপাতেই ছোট হইয়া আসিতে লাগিল অবশেষে গলির মোড়ের কাছে আসিয়া পা আর উঠে না, এমনি হইল ধীরে ধীরে কোনমতে সে বাসার দরজার সম্মুখে আসিয়া চুপ করিয়া দীড়াইয়া রহিল বাসা নিস্তব্ধ"
sarat chandra chattopadhyay,"কোথাও যে জাগিয়া আছে এমন মনে হইল না এবং যদিচ সে জানিত, এত রাত্রে সাবিত্রী নিশ্চয়ই ঘরে ফিরিয়া গেছে, তথাপি দ্বারে ঘা দিতে, শব্দ করিতে সাহস হইল না"
sarat chandra chattopadhyay,"ভয় করিতে লাগিল, পাছে সে-ই আসিয়া দোর খুলিয়া দেয়"
sarat chandra chattopadhyay,"ঠিক এমনি সময়ে আপনি খুলিয়া গেল একমুহূর্ত সতীশ কথা কহিতে পারিল না, তাহার পরে বলিল, কে, বেহারী"
sarat chandra chattopadhyay,"আত্ঞা হা, আমাকে বসে থাকতে বলে এইমাত্র গেল শুনিয়া সতীশ বাঁচিয়া গেল খুশী হইয়া তাকে দরজা বন্ধ করিতে বলিয়া, প্রফুল্লমুখে উপরে উঠিয়া গেল বেহারী আসিয়া বলিল, বাবু, আপনার খাবার- খাবার থাক খেয়ে এসেছি"
sarat chandra chattopadhyay,"বেহারা বলিল, আপনার পান, জল ওই টেবিলের উপর আছে"
sarat chandra chattopadhyay,"আচ্ছা, তুই শুগে বেহারী চলিয়া গেলে সতীশ বিছানায় শুইয়া পড়িল এবং তৎক্ষণাৎ ঘুমাইয়া পড়িল কলহ করিয়া অবধি সাবিত্রীর মন ভাল ছিল না"
sarat chandra chattopadhyay,"সতীশ তাহাকে কটুক্তি করিলেও ফিরাইয়া বলা যে তাহার উচিত হয় নাই, এই অনুতাপ তাহাকে সমস্ত দুপরবেলাটা ক্লেশ দিয়াছিল তাই সন্ধ্যার পরে কোন একসময়ে নিভৃতে ক্ষমা ভিক্ষা করিয়া লইবার আশায় অপেক্ষা করিতে করিতে যখন সন্ধ্যা উত্তীর্ণ হইয়া গেল, তখন তাহার আশা আশঙ্কায় পরিণত হইতে লাগিল সে জানিত এ কলিকাতায় বিপিন ভিন্ন সতীশের যাইবার স্থান নাই তাই সর্বাগ্রেই ভয় হইল পাছে সে সেই দলেই মিশিয়া থাকে৷ ক্রমশঃ রাত্রি বাড়িতে লাগিল, সতীশ আসিল না"
sarat chandra chattopadhyay,"আর কোথাও যাইবার কথা মনে করিতে না পারিয়া সংশয় যখন বিশ্বাসে দৃঢ় হইয়া উঠিল, তখন প্রতীক্ষা করাও তাহার পক্ষে অসম্ভব হইয়া উঠিল"
sarat chandra chattopadhyay,"বস্তুতঃ তাহার ঘৃণাবোধ হইতে লাগিল যে, ক্ষমা চাহিবার জন্য সে এমন লোকেরও পথ চাহিয়া আছে তাই বেহারীকে বসিতে বলিয়া সাবিত্রী অনেক রাত্রে ঘরে ফিরিয়া গেল ঘরে গিয়া বিছানায় পড়িয়া রহিল, চোখে ঘুম আসিল না"
sarat chandra chattopadhyay,"সমস্ত দেহটা কি এক অদ্ভুত অস্বস্তিতে প্রভাতের জন্য ছটফট করিতে লাগিল ঘরের ছোট টাইমপিস্টিতে সবক টা বাজিয়া গেল, সে জাগিয়া থাকিয়া শুনিল এবং প্রভাতের জন্য আর অপেক্ষা করিতে না পারিয়া ভোর থাকিতেই উঠিয়া পড়িয়া কাপড় ছাড়িয়া চোখে মুখে জল দিয়া বাহির হইয়া পড়িল ৷ পথ দিয়া তখন রমণীরা দল বাঁধিয়া গান গাহিয়া গঙ্গাম্নানে চলিয়াছিল, সেইদিকে মুখ করিয়া সাবিত্রী যেই বলিল, মা গঙ্গা, গিয়ে যেন সব ভাল দেখি,তাহার ওষ্ঠাধর কীপিয়া উঠিয়া তপ্ত অশ্রুতে দুই চোখ ভরিয়া উঠিল এবং এই কল্পিত আশঙ্কায় সমস্ত মন পরিপূর্ণ করিয়া সে পথ দিয়া দ্রুতপদে হাঁটিতে হাটিতে সহস্বার মনে মনে উচ্চারণ করিতে লাগিল, ভাল থাক যা ইচ্ছে করুক, কিন্তু ভাল থাক বাসায় পৌছিয়া ডাকাডাকির পরে বেহারী দরজা খুলিয়া দিয়াই সংবাদ দিল--সতীশবাবু অনেক রাত্রে আসিয়াছিলেন এবং কোথা হইতে খাইয়া আসিয়াছিলেন এ সংবাদ যে প্রথমেই দেওয়া প্রয়োজন এই বৃদ্ধের তাহা অজ্ঞাত ছিল না সাবিত্রী উপরে উঠিতেছিল, থমকিয়া দাড়াইয়া পড়িল ললাট কুঞ্চিত করিয়া প্রশ্ন করিল, খাননি বুঝি"
sarat chandra chattopadhyay,"না, তার খাবার ত ঢাকা পড়ে রয়েচে"
sarat chandra chattopadhyay,সাবিত্রী শুধু একটা ইঁ বলিয়া উপরে চলিয়া গেল তাহার দুশ্চিন্তাগ্রস্ত মন নির্ভয় হইবামাত্রই আবার ইর্ষায় জ্বলিয়া উঠিল
sarat chandra chattopadhyay,পরদিন বেলা হইলে সতীশের ঘুম ভাঙিল এবং ঘুম ভাঙ্গিয়াই মনে হইল সাবিত্রী
sarat chandra chattopadhyay,"ঠিক মুহূর্তেই সমস্ত মুখ মেঘাচ্ছন্ন করিয়া সাবিত্রী আসিয়া দীড়াইল তাহার মুখের পানে একবারমাত্র চাহিয়াই সতীশ মাথা হেট করিল খানিক পরে সাবিত্রী বলিল, কি রান্না হবে জানতে এলুম সতীশ কোনদিকে না চাহিয়া বলিল, রোজ যা হয় তাই হোক আচ্ছা , বলিয়া সাবিত্রী চলিয়া যাইতে উদ্যত হইয়াই আবার দাঁড়াইল, কহিল, লেখাপড়ার মত বাবুর কি খাওয়া-দাওয়াও আর ভাল লাগছে না"
sarat chandra chattopadhyay,"সতীশ আস্তে আস্তে বলিল, আমি খেয়ে এসেছিলাম"
sarat chandra chattopadhyay,"সে ভয়ে মিথ্যা বলিয়া ফেলিল কিনতু কোথায়, এ কথাও সাবিত্রী ঘৃণায় জিজ্ঞাসা করিল খানিকক্ষণ চুপ করিয়া থাকিয়া বলিল, আজ দুদিন ধরে আপনি পালিয়ে বেড়াচ্ছেন কিসের ভয়ে শুনি"
sarat chandra chattopadhyay,অসুবিধা হলে আমাকে ত জবাব দিতেই পারেন
sarat chandra chattopadhyay,"সতীশ মুখ তুলিয়া বলিল, তোমার অপরাধ"
sarat chandra chattopadhyay,"তা ছাড়া আমিত জবাব দেবার কর্তা নই, বাসা আমার একলার নয়"
sarat chandra chattopadhyay,"সাবিত্রী বলিল, একলার হলে জবাব দিতেন বোধ হয়"
sarat chandra chattopadhyay,"আচ্ছা, আমি না হয় নিজেই যাচ্চি"
sarat chandra chattopadhyay,"সতীশ উত্তর দিল না, মৌন হইয়া রহিল দেখিয়া মনে মনে অধিকতর জ্বলিয়া উঠিয়া বলিল, আমি গেলে আপনি খুশী হন"
sarat chandra chattopadhyay,"আপনার পায়ে পড়ি সতীশবাবু, হা না একটা জবাব দিন"
sarat chandra chattopadhyay,"তবু সতীশ নিরুত্তর হইয়া রহিল কারণ, সাবিত্রী যে এ বাসার কতখানি, তাহা সে জানিত এবং এমন করিয়া সে হঠাৎ চলিয়া গেলে কিছুই চাপা থাকিবে না, তখন সমস্ত কথাটা মুখে মুখে ঘাটাঘাটি হইতে হইতে কিরূপ জঘন্য আকার ধারণ করিবে, তাহাই নিশ্চয় অনুমান করিয়া সে ভয় পাইয়া গেল ক্ষণকাল চুপ করিয়া থাকিয়া মৃদুকণ্ঠে কহিল, আমাকে মাপ কর সাবিত্রী"
sarat chandra chattopadhyay,"যে ক'টা দিন আমি আছি, সে ক'টা দিন অন্ততঃ তুমি কোথাও যেও না"
sarat chandra chattopadhyay,"অন্য কোনো সময় হইলে সে তখনি ক্ষমা করিত, কিন্তু ইহার সম্বন্ধে নাকি অমূলক সন্দেহ মনে মনে পোষণ করিতেছিল, তাই এই মৃদু কণ্ঠস্বরকে ছলনা কল্পনা করিয়া নির্দয় হইয়া উঠিল এবং তাহারি গলার অনুকরন করিয়া তৎক্ষণাৎ বলিয়া ফেলিল, আপনি এত আড়ম্বর করে মাপ চাচ্চেন কিসের জন্যে"
sarat chandra chattopadhyay,"আমার মত নীচ স্ত্রীলোকের আচল ধরে এই কি নূতন টেনেছেন যে, লজ্জায় একেবারে মরে যাচ্ছেন"
sarat chandra chattopadhyay,"তার চেয়ে বাড়ি চলে যান, কলকাতায় থেকে মিথ্যে নষ্ট হবেন না"
sarat chandra chattopadhyay,"লেখাপড়া আপনার কাজ যে সতীশ উগ্র-প্রকৃতিতে কাহাকেও গ্রাহ্য করিত না, কথা সহ্য করা যাহার কোনদিন স্বভাব নয়, সে এখন এতবড় অপমানের কথাতেও নির্বাক হইয়া রহিল অপরাধী মন তাহার অসহ্য গুরুভারগ্রস্ত ভারবাহী জীবের মত এমনি নিরুপায়ভাবে পথের উপরে দুমড়াইয়া পড়িয়াছিল যে, সাবিত্রীর এই পুনঃপুনঃ নিষ্ঠুর আঘাতেও সে কিছুতেই মাথা তুলিয়া দাড়াইতে পারিল না"
sarat chandra chattopadhyay,"সাবিত্রীর কিন্তু চমক ভাঙ্গিয়া গেল তাহার স্পর্ধা যে ক্রোধকেও ডিঙ্গাইয়া গেল, ইহা তাহার নিজের কানেও বাজিল"
sarat chandra chattopadhyay,সে অনেকক্ষণ নিঃশব্দে দীড়াইয়া থাকিয়া ধীরে ধীরে বাহির হইয়া গেল
sarat chandra chattopadhyay,তিন আজও সাবিত্রী সমস্ত কাজকর্মে ব্যাপৃত থাকিয়া সারা দিন উৎকণ্ঠিত হইয়া রহিল সতীশ যদি কালকের মত আজও রাগ করিত কিংবা একটা কথারও উত্তর করিত ভাল হইত কিন্তু সে কিছুই করিল না
sarat chandra chattopadhyay,গম্ভীর বিষণ্ন মুখে যথানিয়মে আহারাদি শেষ করিয়া পড়িতে চলিয়া গেল এবং ঠিক সময়ে ফিরিয়া আসিয়া নিস্তব্ধ হইয়া ঘরে বসিয়া রহিল আড়ালে থাকিয়া সাবিত্রী সমস্তই লক্ষ করিতে লাগিল; কিন্তু কোনরকম করিয়াও আজ তাহার ঘরে ঢুকিতে সাহস করিল না
sarat chandra chattopadhyay,"প্রত্যহ সন্ধ্যার পূর্বে সে নিজে গিয়া তাহার ঘর ঝাঁট দিয়া আসিত, আজ বেহারীকে পাঠাইয়া দিল এবং সন্ধ্যার সময় সে-ই গিয়া আলো স্্বালিয়া দিয়া আসিল"
sarat chandra chattopadhyay,"রোজ এই সময়টায় রাখালবাবুর ঘরে পাশার আড্ডা বসিত, আজও বসিল এবং ঘোর কলরব থাকিয়া থাকিয়া হইতে লাগিল সামনের খোলা ছাদে কেহই ছিল ) সাবিত্রী ঘরের মধ্যে আসিয়া দীড়াইল সতীশ বিছানায় চিত হইয়া পড়িয়া বোধ করি কড়িকাঠ গুণিতেছিল, উঠিয়া বসিল ৷ ক্ষণকাল নীরব থাকিয়া বলিল, আপনার জায়গা করে দেব"
sarat chandra chattopadhyay,সতীশ কোন উত্তর করিল না
sarat chandra chattopadhyay,"সাবিত্রী বলিল, আপনি আমাকে থাকতে বললেন, কিন্তু নিজে কি রকম করছেন বলুনদেখি"
sarat chandra chattopadhyay,"সতীশ গল্ভীরভাবে বলিল, আমি কোন কাণ্ডই করিনি, চুপ করে আছি মাত্র"
sarat chandra chattopadhyay,"সাবিত্রী বলিল, এই চুপ করে থাকাটাই সবচেয়ে বিশ্রী"
sarat chandra chattopadhyay,"সবাই যখন চুপ করে নেই, আপনি তখন চুপ করে থাকলেই ত কথা উঠবে- ওটা কি সাধ"
sarat chandra chattopadhyay,"মুহূর্তকাল স্থির থাকিয়া বলিল, এঁ যে খুঁচিয়ে ঘা করার একটা কথা আছে আপনি ঠিক তাই করছেন"
sarat chandra chattopadhyay,"দোষ নেই, অথচ দোষী সেজে বসে আছেন এই নিয়ে পাচজন কানাকানি করবে, হাসি-কৌতুক করবে, এ যদি বা আপনার বরদাস্ত হয়, আমার ত হবে না- আমাকে দেখছি তা হলে নিতান্তই যেতে হবে"
sarat chandra chattopadhyay,"সতীশ মনে মনে অস্থির হইয়া বলিল, দোষ কি কিছুই করিনি"
sarat chandra chattopadhyay,"একটু তলিয়ে ভেবে দেখুন দেখি, মনটা আপনি পরিষ্কার হয়ে যাবে"
sarat chandra chattopadhyay,আমার সম্বন্ধে আপনার মত দোষ- সাবিত্রী আর বলিতে পারিল না
sarat chandra chattopadhyay,"ধাবমান অশ্ব অকস্মাৎ গভীর খাদের মুখে আসিয়া তাহার দুই পা অগ্রসৃত করিয়া যেভাবে প্রাণপণে রুখিয়া দীড়ায় সাবিত্রীর চলন্ত জিহ্বা ঠিক সেইভাবে তাহার এই আকস্মিক নিস্তব্ধতায় বিস্মিত সতীশ মুখ তুলিতেই চোখাচোখি হইল- নিজের লজ্জায় সাবিত্রী নিজেই মরিয়া গেল সে যে এই কথাটাই বলিতে গিয়াছিল যে, তাহার মত নারীর সম্বন্ধে ওরূপ অপরাধে লজ্জার হেতু নাই, এই লজ্জাতেই তাহার চুল পর্যন্ত শিহরিয়া উঠিল সতীশও কি-একটা বলিতে যাইতেছিল, কিন্তু সাবিত্রী থামাইয়া দিয়া বলিল, চুপ করুন"
sarat chandra chattopadhyay,আপনিও বুঝুন মিথ্যে তিলকে তাল করে কষ্ট পাবেন না
sarat chandra chattopadhyay,"বেহারী,বাবুর আহ্নিখের জায়গাটা একটু শিগগির করে ধুয়ে দাও, আমি অনেকক্ষণ আসন নিয়ে দাড়িয়ে রয়েচি"
sarat chandra chattopadhyay,"বেহারী কি-একটা কাজে এদিকে আসিতেছিল, তৎক্ষণাৎ জল আনিতে ফিরিয়া গেলে সাবিত্রী লাঞ্ছিত অভিমানের সুরে কহিল, আপনার ব্যবহারে আজ দুদিন যে আমি উত্তরোত্তর কি রকম অতিষ্ঠ হয়ে উঠচি, এ কি চোখ চেয়ে একবার দেখতেও পাচ্ছেন না"
sarat chandra chattopadhyay,"তাহার এত দ্রুত এত কথা সম্পূর্ণ হৃদয়ঙ্গম করিবার অবকাশ সতীশের ঘটিল না, তবুও তাহার ভিতরকার গ্লানিটা যেন স্বচ্ছ হইয়া আসিল এবং পরক্ষণেই ক্ষমাপ্রাপ্ত অপরাধীর ন্যায় অনুতণু-কণ্ঠে বলিল, কিন্তু তোমাকে কি অপমান করিনি"
sarat chandra chattopadhyay,"সাবিত্রী অধীর হইয়া বলিল, না বুঝলে আপনাকে আমি বোঝাব কি করে"
sarat chandra chattopadhyay,"বলচি, ওতে আমার মত মেয়েমানুষের কোন অপমান হয়নি আপনি দয়া করে সুস্থ হোন- এইটুকু শুধু আপনার পায়ে আমি মিনতি জানাচ্ছি"
sarat chandra chattopadhyay,"প্রত্যুত্তর সতীশ কি একটা বলিতে যাইতেছিল, সাবিত্রী তাহার দুই ভ্রু কুঞ্চিত করিয়া ইঙ্গিতে নিষেধ করিয়া তাড়াতাড়ি বলিয়া উঠিল, এই যে বেহারী"
sarat chandra chattopadhyay,"বেহারী ঘটিতে জল আনিয়া উপস্থিত হইয়াছিল,সাবিত্রী তাহার হাত হইতে ঘটি লইয়া ঘরের একটা কোণ বেশ করিয়া ধুইয়া ফেলিয়া আঁচল দিয়া মুছিয়া সতীশকে উদ্দেশ করিয়া বলিল, যান,হাত-পা ধুয়ে এসে কাপড় ছেড়ে সন্ধ্যে করতে বসুন"
sarat chandra chattopadhyay,"কোশাকুশি ওই কুলুঙ্গিতে আছে, বলিয়া হাত দিয়া দেখাইয়া দিয়া সতীশের দুর্বিষঞ হৃদয়-ভারটা নিঃশষে তুলিয়া লইয়া বেহারীকে সঙ্গে করিয়া ধীর পদে বাহির হইয়া গেল৷ সতীশ মন দিয়া সান্ধ্যকৃত্য সমাপন করিয়া উঠিয়াই দেখিল ইতিমধ্যে কে নিঃশব্দে আসিয়া আসন পাতিয়া তাহার খাবার রাখিয়া গিয়াছে"
sarat chandra chattopadhyay,"যদিও ঘরে আর কেহ ছিল না, তথাপি সে নিশ্চয় বুঝিল সে একা নহে"
sarat chandra chattopadhyay,"আসনে বসিয়া সে আস্তে আস্তে বলিল, এখন এত বেশী খেলে আর ত খেতে পারব বাহির হইতে জবাব আসিল, খেতেও হবে না, বিপিনবাবুর ওখান থেকে নিমন্ত্রণ করে গেছে সতীশ হাসিয়া ফেলিল বলিল, যাও- জ্বালাতন করো না, আমি কোথাও যেতে পারব না সাবিত্রী আড়াল হইতে বলিল, সে কি হয়"
sarat chandra chattopadhyay,বলে গেছেন কোথায় যেতে হবে আপনি জানেন এবং না গেলে তাদের সমস্ত পণ্ড হয়ে যাবে
sarat chandra chattopadhyay,"গান-বাজনা হয় হোক, বলিয়া সতীশ এ প্রসঙ্গ বন্ধ করিয়া দিয়া নিঃশব্দে আহার করিতে লাগিল এবং শেষ হইয়া গেলে বিছানার শিয়রে আলো তুলিয়া আনিয়া ভালোছেলের মত একখানা ডাক্তারি বই খুলিয়া চিত হইয়া শুইয়া পড়িল কিন্তু সেদিকে কোনমতেই মন দিতে পারিল তাহার দুশ্চিন্তামুক্ত মন বন্ধন-মুক্ত ঘোড়ার মতই বিনা প্রয়োজনে সর্বত্র ছুটিয়া বেড়াইতে লাগিল"
sarat chandra chattopadhyay,রান্নাঘরে তখন রান্না চাপাইয়া দিয়া বামুনঠাকুর বেহারীকে দিয়া গাজা ডলাইতেছিল এবং রাখাল বাবুর ঘরে পাশার কোলাহল উত্তরোত্তর দুরন্ত হইয়া উঠিতেছিল
sarat chandra chattopadhyay,"সাবিত্রী তখনও চৌকাঠের বাহিরে বসিয়া ছিল, বলিল, আজ্ঞে"
sarat chandra chattopadhyay,"সতীশ কহিল, আমি জানি কোন্ জায়গায় তার গান-বাজনার আয়োজন চলছে শুধু সেই স্থানটায় যাওয়াই একটা পাপের বেশ ত, তেমন স্থানে নাই গেলেন"
sarat chandra chattopadhyay,"সতীশ উত্তেজিত হইয়া বলিল, নিশ্চয়ই যাব না"
sarat chandra chattopadhyay,কিন তারা যে সহজে আমাকে নিষ্কৃতি দেবে এমন মনে হয় না
sarat chandra chattopadhyay,"তাই আগে থেকেই সাবধান করে দিচ্ছি-যদি কেউ আসে- ফিরিয়ে দিয়ো বলো, আমি বাড়ি নেই- রাত্রে আসব না, বুঝেছ"
sarat chandra chattopadhyay,"সাবিত্রী বলিল, বুঝেচি ৷ সতীশ একটা কর্তব্য পালন করিয়া সুস্থভাবে নিঃশ্বাস ফেলিয়া ক্ষণকাল নীরব থাকিয়া বলিল, কোথা দিয়ে জোলো হাওয়া আসছে সাবিত্রী--জানালাগুলো বন্ধ করে দাও সাবিত্রী ঘরে ঢুকিয়া জানালা বন্ধ করিতে লাগিল সতীশ একদৃষ্টে চাহিয়া রহিল চাহিয়া চাহিয়া অকস্মাৎ কৃতজ্ঞতায় তাহার বুক ভরিয়া উঠিল; কহিল, সাবিত্রী, তুমি নিজেকে নীচ স্ত্রীলোক বল কেন"
sarat chandra chattopadhyay,"সাবিত্রী ফিরিয়া দীড়াইয়া বলিল, সত্যি কথা বলব না"
sarat chandra chattopadhyay,"সতীশ বলিল, এ কথা কিছুতেই সত্য নয়"
sarat chandra chattopadhyay,তুমি একগলা গঙ্গাজলে দাড়িয়ে বললেও আমি বিশ্বাস করব না
sarat chandra chattopadhyay,"সাবিত্রী মৃদু হাসিয়া বলিল, কেন করবেন না"
sarat chandra chattopadhyay,"বোধ হয়, সত্যি নয় বলেই নীচের মত তোমার ব্যবহার নয়, কথাবার্তা নয়, আকৃতি নয়- -এত লেখাপড়াই বা তুমি শিখলে কোথায়"
sarat chandra chattopadhyay,"সাবিত্রী অদূরে মেঝের উপর বসিয়া পড়িয়া আবার হাসিয়া বলিল, এত-কত শুনি"
sarat chandra chattopadhyay,"সতীশ তাহাই ব্যাখ্যা করিতে খোলা বই একপাশে রাখিয়া হঠাৎ হা করিয়াই থামিয়া গেল অদূরে বাহিরে অতি দ্রুত জুতার শব্দ শোনা গেল, এবং মুহূর্ত পরেই তাহার ঘরের অতি সন্নিকটে মুক্তকণ্ঠে গম্ভীর ডাক আসিল, সতীশবাবু"
sarat chandra chattopadhyay,"সতীশ বুঝিল, এ বিপিনের দল, তাহাকেই ধরিতে আসিয়াছে"
sarat chandra chattopadhyay,"আর কোন কথা ভাবিল না- বিবর্ণমুখে ফস করিয়া দিয়া আলো নিবাইয়া দিয়া শুইয়া পড়িল অদূরে মেঝের উপর বসিয়া সাবিত্রী ব্যাকুল হইয়া বলিয়া উঠিল, ও কি করলেন"
sarat chandra chattopadhyay,"পর মুহূর্তেই অন্ধকার কবাটের সম্মুখে দুই মূর্তি আসিয়া খাড়া হইল ৷ একজন কহিল, এই সতীশবাবুর ঘর আর একজন কহিল, বেহারাটা যে বললে বাবু ঘরেই আছেন"
sarat chandra chattopadhyay,"প্রথম ব্যক্তি রাগ করিয়া কহিল, ঘর ত অন্ধকার ভদ্রলোকে কি কখন সন্ধ্যার সময় বাসায় থাকে"
sarat chandra chattopadhyay,"তোমার যত- দ্বিতীয় ব্যক্তি তাহার উত্তরে অস্কুটে কি একটা বলিয়া পকেট হাতড়াইয়া দেশলাই বাহির করিয়া অনিশ্চিত কম্পিত-হস্তে আলো জ্বালিতে প্রবৃত্ত হইল বিছানার মধ্যে সতীশের দেহের রক্ত জল হইয়া গেল সে বিলাতী কম্বলটা আগাগোড়া মুড়ি দিয়া ঘামিতে লাগিল, এবং অন্ধকার মেঝের উপর সাবিত্রী লজ্জায় ঘৃণায় কাঠ হইয়া বসিয়া রহিল দীপ-শলাকা জ্বলিয়া উঠিল এই যে এখানে বসে কে হে"
sarat chandra chattopadhyay,"প্রথম ব্যক্তি ঘরে ঢুকিয়া সন্ধান করিয়া আলো জ্বালিতেই সাবিত্রী উঠিয়া দীড়াইল দ্বিতীয় ব্যক্তি একটুখানি সরিয়া দাঁড়াইয়া প্রশ্ন করিল, সতীশবাবু কোথায়"
sarat chandra chattopadhyay,সাবিত্রী নিঃশব্দে বিছানা দেখাইয়া বাহির হইয়া গেল সে চলিয়া যাইতেই মাতাল দুইজন অট্টহাসি জুড়িয়া দিল সে হাসির শব্দ ও অর্থ সাবিত্রীর কানে গিয়া পৌছিল এবং কম্বলের মধ্যে সতীশ বারংবার নিজের মৃত্যু কামনা করিতে লাগিল তাহারা সতীশকে টানিয়া তুলিল এবং জোর করিয়া ধরিয়া লইয়া গেল; এবং যতক্ষণ না তাহাদের বিকট হাস্যধ্বনি বাটীর বাহিরে সম্পূর্ণ মিলাইয়া গেল ততক্ষণ পর্যন্ত সাবিত্রী একটা অন্ধকার কোণে দেওয়ালে মাথা রাখিয়া বজ্রীহতের মত কঠিন হইয়া দীড়াইয়া রহিল কিন্তু বাসার কেহ কিছুই জানিতে পারিল না
sarat chandra chattopadhyay,"রান্নাঘরে বামুনঠাকুর এইমাত্র গাজার কলিকাটি নিঃশেস করিয়া ইহার মোক্ষ দান করিবার আশ্চর্য ক্ষমতা বেদে কিরূপ লেখা আছে তাহাই ভক্ত বেহারীকে বুঝাইয়া বলিতেছিল, এবং ও-ঘরে রাখালবাবুর দল হাড়ের পাশা মানুষের চীৎকার শুনিতে পায় কি না তাহাই যাচাই করিতে লাগিল"
sarat chandra chattopadhyay,"রাস্তায় আসিয়া তিনজনেই একখানা গাড়িতে চড়িয়া বসিল ইহাদের উন্মত্ত হাসি আর সহ্য করিতে না পারিয়া সতীশ তীক্ষনভাবে বলিল, হয় আপনারা থামুন, না হয় মাপ করুন, আমি নেমে যাই"
sarat chandra chattopadhyay,"প্রথম ব্যক্তি 'আচ্ছা' বলিয়াই ভয়ঙ্কর রবে হাসিয়া উঠিল, এবং তাহার সঙ্গী তাহাকে ধমক দিয়া থামিতে বলিয়া তাহার অপেক্ষাও জোরে হাসিয়া উঠিল এই মাতাল দুটার সহিত বাক্যব্যয় বিফল বুঝিয়া সতীশ নিষ্ফল ক্রোধে জানালার বাহিরে পথের দিকে চাহিয়া নিঃশব্দে বসিয়া রহিল ৷ রাত্রে, অন্ধকার বারান্দায় সাবিত্রী চুপ করিয়া বসিয়াছিল ৷ বোধ করি, সন্ধ্যার লঙ্জাকর ঘটনাই মনে মনে আলোচনা করিতেছিল এমন সময় বেহারী আসিয়া দাড়াইল এবং তাহাকে লক্ষ্য করিয়া বলিল, মা, সকলের খাওয়া হয়ে গেছে, ঠাকুরমশায় তোমাকে জল খেতে ডাকছেন সাবিত্রী মুখ তুলিয়া অবসন্নভাবে কহিল, আজ আমি খাব না বেহারী"
sarat chandra chattopadhyay,"বেহারী সাবিত্রীকে স্নেহ করিত, মান্য করিত চিন্তিত হইয়া জিজ্ঞাসা করিল, খাবে না কেন মা, অসুখ করেনি না, অসুখ করেনি, কিন্তু খাবার ইচ্ছে তোমরা খাও গে বেহারী"
sarat chandra chattopadhyay,"বেহারী বলিল, তবে চল, তোমাকে পৌছে দিয়ে আসি সাবিত্রী বলিল, আচ্ছা চল কিন্তু একটা কথা আছে বেহারী, সতীশবাবু এখনো ফেরেন নি, তুমি জেগে থাকতে পারবে বেহারী উদ্বিগ্ন হইয়া বলিল,আমি"
sarat chandra chattopadhyay,"কিন্তু আমার সেই কোমরের বাতটা- তবে কি হবে বেহারী- বেহারী একটুখানি ভাবিয়া বলিল, আজ যদি তুমি ঠাকুরমশাইকে হুকুম দিয়ে সাবিত্রী তাড়াতাড়ি বলিল, সে হবে না বেহারী বামুন মানুষকে আমি শীতে কষ্ট দিতে পারব অনিচ্ছুক বেহারী ক্ষণকাল নীরব থাকিয়া বলিল, আচ্ছা,আমিই না হয় থাকব তবে চল, তোমাকে রেখে আসি"
sarat chandra chattopadhyay,"সাবিত্রী উঠিয়া দীড়াইল দুই-এক পা অগ্রসর হইয়া থামিয়া বলিল, কাজ নেই বেহারী, তুমি খেয়ে নাও গে- তার পরেই যাব"
sarat chandra chattopadhyay,"বেহারী চলিয়া গেলে সাবিত্রী সেইখানেই ফিরিয়া আসিয়া বলিল, এবং অন্ধকার আকাশের পানে চাহিয়া চুপ করিয়া রহিল"
sarat chandra chattopadhyay,"আজ সতীশের সম্বন্ধে তাহার যথেষ্ট আশঙ্কা ছিল সে মাতালের হাতে পড়িয়াছে, ইহা চোখে দেখিয়া তাহার কোনমতেই ঘরে ফিরিতে মন সরিতেছিল যচিদ, ইতিপূর্বে ইহারই নির্বুদ্ধিতায় নিদারুণ লাঞ্ছিত হইয়া জ্বালায় ছটফট করিয়া সে প্রত্যুষেই কর্মত্যাগের স্থির-নিশ্চয় করিয়া রাখিয়াছিল, কিন্তু আজ রাত্রের মত এই লোকটিকে মনে মনে ক্ষমা না করিয়া, তাহার অবশ্যম্ভাবী দুর্গতির কোন একটা উপায় না করিয়া সে কোনমতেই ঘরে ফিরিতে পারিল না"
sarat chandra chattopadhyay,"বেহারী খাইয়া আসিলে বলিল, তুমি শুতে যাও বেহারী, আমিই আছি"
sarat chandra chattopadhyay,"বেহারী আশ্চর্য হইয়া বলিল, ঘরে যাবে না"
sarat chandra chattopadhyay,বাবু ফিরে আসুন তার পরে আমাকে রেখে আসতে পারবে না
sarat chandra chattopadhyay,"তবে সেই ভাল আমি আছি, তুমি শোও গে বেহারী খুশী হইয়া চলিয়া গেলে সাবিত্রী সেইখানেই একটা র্যাপার গায়ে দিয়া বসিয়া রহিল এই মাতাল দুটো যাহা চোখে দেখিয়া গিয়াছে, তাহা প্রকাশ করিবেই ইহাতেও তাহার যেমন লেশমাত্র সংশয় ছিল না, এ ঘটনার দ্বিতীয় অর্থও যে কেহ গ্রহণ করিবে না, ইহাতেও তাহার তেমনি সন্দেহ রহিল বিপিনবাবু লোকটিকে সাবিত্রী জানিত সে এ কথা নিশ্চয় শুনিবে এবং এ বাসায় যখন তাহার গতিবিধি আছে তখন কেহই বঞ্চিত থাকিবে না"
sarat chandra chattopadhyay,তাহার পরেও আর কোন মুখে সতীশ এখানে একদণ্ডও থাকিবে
sarat chandra chattopadhyay,এই অভিশস্তির লজ্জা সে কি করিয়া সহ্য করিবে
sarat chandra chattopadhyay,"দৈবাৎ যাহা ঘটিয়া গেল, তাহা ত গেলই; নিজের সম্বন্ধে সে এইখানে থামিল বটে, কিন্তু পুনঃ পুনঃ আলোচনা করিয়াও সতীশের সম্বন্ধে কোন বুদ্ধিই খুঁজিয়া পাইল না ক্রমশ রাত্রি বাড়িতে লাগিল, অথচ সতীশের দেখা নাই নিকটে কোন প্রতিবেশীর ঘরের ঘড়িতে টং-টং করিয়া দুটা বাজিয়া গেল- নিস্তব্ধ গভীর রাত্রে তাহা স্পষ্ট শোনা গেল এলোমেলা শীতল বায়ু খোলা ছাদের উপর দিয়া বহিয়া আসিয়া তাহার দুটি চক্ষুকে ঘুমে চাপিয়া ধরিতে লাগিল, তথাপি সে জাগিয়া থাকিয়া বাহির-দরজার পার্শ্বে আসিয়া সতর্ক হইয়া দাড়াইল পাছে আর কেহ থাকে এই ভয়ে সহসা খুলিতে সাহস করিল না"
sarat chandra chattopadhyay,"বিলম্ব হইতে লাগিল, কেহ দরজায় ঘা দিল না"
sarat chandra chattopadhyay,যে গাড়িখানা আসিয়াছিল তাহাও ফিরিয়া গেল অকস্মাৎ সাবিত্রী আশঙ্কায় পরিপূর্ণ হইয়া ক্ষিপ্রহস্তে অর্গল মুক্ত করিয়া ফেলিল সতীশ বাহিরের চৌকাঠে হেলান দিয়া পাংশুমুখে চোখ বুজিয়া বসিয়া আছে
sarat chandra chattopadhyay,"তাহার কাপড়ে চাদরে কাদা, মাথা এবং কপালের একধারে রক্তের রেখা অদূরবর্তী গ্যাসের আলোকে স্পষ্ট দেখিতে পাইয়া সাবিত্রী কীদিয়া ফেলিল চক্ষের নিমেষে তাহার সম্মুখে আসিয়া হাটু গাড়িয়া বসিয়া দুই হাতে সতীশের মুখ তুলিয়া ধরিয়া বলিল, বাবু, ওপরে চলুন সতীশ মাথা নাড়িয়া বলিল, না, বেশ আছি"
sarat chandra chattopadhyay,"সাবিত্রী ধমক দিয়া বলিল, উঠুন বলছি"
sarat chandra chattopadhyay,"ধমক খাইয়া সতীশ রক্তবর্ণ বিহবল-চক্ষে খানিকক্ষণ চাহিয়া থাকিয়া তাহার দিকে দুই হাত বাড়াইয়া বলিল, চল তখন তাহারি কাধে ভর দিয়া সতীশ উঠিয়া দীড়াইল এবং তাহাকেই আশ্রয় করিয়া বহু ক্লেশে বহু বিলম্বে টলিতে টলিতে অন্ধকার সিঁড়ি বাহিয়া ঘরে আসিয়া শুইয়া পড়িল জড়িত-কণ্ঠে বলিতে লাগিল, সাবিত্রী, তোমার খণ আমি কোন জন্যে পারব না"
sarat chandra chattopadhyay,"সাবিত্রী বলিল, আচ্ছা, আপনি ঘুমোন"
sarat chandra chattopadhyay,"সতীশ চোখের নিমেষে উঠিয়া বসিয়া বলিল, কি ঘুমোব, কখৃখন পুনর্বার সাবিত্রী ধমক দিয়া উঠিল, আবার"
sarat chandra chattopadhyay,"সতীশ শুইয়া পড়িল ক্ষণকাল চুপ করিয়া থাকিয়া বলিল, কিন্তু তোমার ধার- সাবিত্রী 'আচ্ছা' বলিয়া উঠিয়া গেল এবং আলো কাছে আনিয়া ক্ষত পরীক্ষা করিয়া ধুইয়া দিয়া জিজ্ঞাসা করিল, কোথায় পড়ে গেলেন"
sarat chandra chattopadhyay,"সতীশ মাথা নাড়িয়া বলিল, না, পড়িনি"
sarat chandra chattopadhyay,"সাবিত্রী সজল-কণ্ঠে বলিল, আর যদি কোনদিন মদ খান আপনার পায়ে মাথা খুঁড়ে মরব ৷ সতীশ তৎক্ষণাৎ বলিল, কোনদিন খাব আমাকে ছুঁয়ে দিব্যি করুন, বলিয়া সাবিত্রী তাহার দক্ষিণ হস্ত বাড়াইয়া দিল সতীশ নিজের দুই হাতের মধ্যে তাহার জলসিক্ত শীতল হাতখানি লইয়া বলিল, দিব্যি কচ্ছি"
sarat chandra chattopadhyay,"সাবিত্রী হাত টানিয়া লইয়া বলিল, মনে থাকবে"
sarat chandra chattopadhyay,না থাকলে তুমি মনে ক'রে দিয়ো
sarat chandra chattopadhyay,"আচ্ছা, আমি আসচি আপনি ঘুমোন, বলিয়া সাবিত্রী নিঃশব্দে সাবধানে কবাট বন্ধ করিয়া বাহিরে আসিয়া দীড়াইল ঠিক সুমুখেই শুকতারা দপদপ করিয়া জ্বলিতেছিল, সেইদিকে চাহিয়া সাবিত্রী দুই হাত জোড় করিয়া কীদিয়া বলিল, ঠাকুর"
sarat chandra chattopadhyay,"তুমি সাক্ষী থেকো রাত্রের অন্ধকার তখন স্বচ্ছ হইয়া আসিতেছিল এবং তাহাই ভেদ করিয়া পথে গরুর শব্দ এবং ও-পাড়ার ময়দার কলের শোনা যাইতে লাগিল সাবিত্রী দ্রুতপদে নীচে নামিয়া গিয়া রান্নাঘরের একটা কোণে র্যাপার মুড়ি দিয়া শুইয়া পড়িল এবং পরক্ষণেই নিদ্রা-কাতর দুই চক্ষু তাহার ঘুমে মুদ্রিত হইয়া গেল চার বেলা দশটার পর কোনমতে স্নানাহ্নিক সারিয়া লইয়া দিবাকর রান্নাঘরের সুমুখে দাঁড়াইয়া খাতির করিয়া ডাক দিল, ঠাকুরমশাই গো"
sarat chandra chattopadhyay,"তাড়াতাড়ি ভাত বাড়ো,বড় বেলা হয়ে গেছে"
sarat chandra chattopadhyay,"তাহার গলার শব্দে মামাতো বড়বোন মহেশ্বরী বাহিরে আসিয়া বলিলেন,ও দিবু, তোর জন্যেই অপেক্ষা কচ্ছি দাদা"
sarat chandra chattopadhyay,"একবার ওপরে গিয়ে ঠাকুরপুজোটি সেরে এস সমস্ত যোগাড় ঠিক আছে, লক্ষ্মী ভাইটি আমার যাও মহেশ্বরী এ-বাড়ির বড় মেয়ে এবং"
sarat chandra chattopadhyay,বছর-চারেক পূর্বে বিধবা হইয়া বাপের বাড়ি আসিয়াছেন
sarat chandra chattopadhyay,"দিবাকর হইয়া গেল ক্ষণকাল চুপ করিয়া থাকিয়া বলিল, আমি পারব না দিদি"
sarat chandra chattopadhyay,"আমার কলেজের প্রথম ঘণ্টা আজো তা হলে নষ্ট হয়ে যাবে৷ হাসিয়া বলিলেন, তোর প্রথম ঘণ্টা নষ্ট হবে বলে ঠাকুরপূজো হবে না রে"
sarat chandra chattopadhyay,"দিবাকর প্রশ্ন করিল, ভট্চাষ্যিমশাই কোথা"
sarat chandra chattopadhyay,"মহেশ্বরী কহিলেন, তিনি বাবার সঙ্গে পাশায় বসেচেন"
sarat chandra chattopadhyay,এখন কত বেলায় যে উঠবেন তার ঠিকানা কি
sarat chandra chattopadhyay,"দিবাকর কহিল, মেজদাকে বল দিদি; আজ তার কাছারি বন্ধ আছে মহেশ্বরী বলিলেন, ধীরেনের কাল থেকে শরীর ভাল নেই সে স্নান করবে না-পূজো করবে কি করে"
sarat chandra chattopadhyay,"তবে ছোটদাকে বল তিনি সেই বারোটার পরে আদালতে বার হন, এখনো তার ঢের দেরি আছে"
sarat chandra chattopadhyay,"মহেশ্বরী বিরক্ত হইয়া বলিলেন, কি যে তর্ক করিস দিবা, তার কোন ঠিকানা নেই"
sarat chandra chattopadhyay,"কাল রাত্তিরে উপীন থিয়েটার দেখতে গিয়েছিল , এখন পর্যন্ত ঘুম থেকে ওঠেনি এতটা বেলা হলো মুখ ধুলে না, চা খেলে রাত জেগে তার দেহটাই কি ভাল আছে"
sarat chandra chattopadhyay,তাছাড়া সে কি কোনদিন পূজো করে যে আজ যাবে পূজো করতে
sarat chandra chattopadhyay,এদিকে বামুনঠাকুর ভাত দিয়া ডাকাডাকি করিতেছে
sarat chandra chattopadhyay,"দিবাকর কহিল, কোন-না কোন কাজে একটা-না-একটা বিঘ্ন এসে প্রায় রোজ আমার প্রথম ঘণ্টা নষ্ট হয়ে যায়- আমি পরীক্ষা দেব কেমন করে"
sarat chandra chattopadhyay,"মহেশ্বরী রাগিয়া উঠিতেছিলেন, বলিলেন, পরীক্ষা না দিলেও যদি-বা চলে, ঠাকুরপুজো না হলে চলতে পারে না"
sarat chandra chattopadhyay,দাড়িয়ে তোমার সঙ্গে তর্ক করবার সময় আমার নেই- আরো কাজ আছে
sarat chandra chattopadhyay,"বামুনঠাকুর হাক দিল- ভাত দিয়ে দীড়িয়ে আছি না শিগ্গির তাহাকে তর্জন করিয়া উঠিলেন, তোমার কোন আক্কেল নেই ঠাকুর"
sarat chandra chattopadhyay,"আমি ওকে পূজো করতে পাঠাচ্ছি তুমি কচ্চ ডাকাডাকি ভাত তুলে নিয়ে যাও-পূজো করে এলে দিয়ো, বলিয়াই ভাড়ার-ঘরে পুনঃপ্রবেশ করিলেন"
sarat chandra chattopadhyay,দিবাকর কিছুক্ষণ স্তব্ধ থাকিয়া ধীরে ধীরে উপরে চলিয়া গেল ৷ সেখানে পূজার সাজ প্রস্তুত ছিল গৃহে নারায়ণ-শিলা প্রতিষ্ঠিত
sarat chandra chattopadhyay,তাহার নিত্যপূজার নিমিত্ত একজন পুরোহিত নিয়ুক্ত আছেন তিনি বাড়িতেই থাকেন কর্তা শিবপ্রসাদের ন্যায় তাহারও পাশাখেলার খুব বেশী শিবপ্রসাদ কিছুদিন হইল সরকারী চাকরিতে পেনশন লইয়া তাহার পশ্চিমের বাটাতে আসিয়া বসিয়াছেন
sarat chandra chattopadhyay,"সকালে চা-পানের পরে পুরোহিত মশায়কে ডাক পাড়ে , ভট্চায্যিমশাইকে একবার ডাক একদান রঙে বসা যাক একদান দু দান করিয়া বেলা বাড়িয়া উঠে- পুরোহিতের পূজা করিবার অবকাশ হয় না"
sarat chandra chattopadhyay,"ইতিপূর্বে পূজোর জন্য তাগিদ দিয়া মহেশ্বরী চাকর পাঠাইতেন, কিন্তু উঠি উঠি করিয়াও আর উঠা হইত না- পুজার সময় বহুক্ষণ অতিবাহিত হইয়া যাইত, কাহারো হুঁশ হইত না"
sarat chandra chattopadhyay,"ইদানিং পিতার শরীর ভাল নাই, তাই খেলার ঝৌঁকে থাক ভাল মনে করিয়া মহেশ্বরী আর পুরোহিতকে ডাকেন না--একে-ওকে তাকে দিয়া, অর্থাৎ দিবাকরকে দিয়া নিত্যপূজা সারিয়া লন"
sarat chandra chattopadhyay,"সকালে চা খাইবার অভ্যাস এবং অবকাশ দিবাকরের ছিল না প্রভাতেই তাহাকে চাকরের সঙ্গে বাজারে যাইতে হইত আজ বাজার হইতে ফিরিয়া কোনমতে নিত্যকর্ম সারিয়া লইয়া সে ভাত খাইতে আসিয়াছিল দিবাকর পূজা করিতে গেল, কিন্তু আসনে বসিয়া ভাবিতে লাগিল, পরের বাড়ি থাকার সুখ এই"
sarat chandra chattopadhyay,"যদিও সে তাহার ভাল করিয়া জ্ঞান হইবার পর হইতেই এই পরের বাড়িতে আছে এবং ইহার অনেক দুঃখ অভ্যাসও হইয়াছে, কিন্তু মানুষের যে জিনিসটি কোন দুঃখেই মরে না--সেই ভবিষ্যতের আশা- আঘাত খাইয়া তাহার বুকের ভিতর হইতে আজ ঘাড় বাকাইয়া মাথা তুলিয়া দীড়াইল রাগে তাহার সর্বশরীর জ্বালা করিতেছিল, সে সিংহাসন হইতে ঠাকুর নামাইয়া ঠক্ করিয়া তাম্রকুপ্ডের উপর ফেলিল, এবং বিনা মন্ত্রেগায়ে জল ঢালিয়া দিয়া ভিজা ঠাকুর তুলিয়া রাখিল তার ফুল দেওয়া, তুলসীপত্র সাজাইয়া দেওয়া, ঘণ্টা বাজান প্রভৃতি হাতের কাজগুলা অভ্যাসমত হইতে লাগিল বটে, কিন্তু বিদ্বেষের জ্বালায় জিহ্বা তার একটি আবৃত্তি করিল না"
sarat chandra chattopadhyay,"এমনি করিয়া পূজার তামাশা শেষ করিয়া যখন সে উঠিয়া দীড়াইয়াছে, তখন মনে হইল বটে পূজা করা একেবারেই হয় নাই এবং ফিরিয়া বসিবে কি না সে দ্বিধাও একবার জাগিল বটে, কিন্তু সেই সঙ্গেই মনে পড়িল তাহার কলেজের প্রথম ঘণ্টা শেষ হইতেছে"
sarat chandra chattopadhyay,"আর সে কোনদিকে না চাহিয়া দ্রুতপদে সিঁড়ি বাহিয়া নীচে নামিয়া গেল সোজা বাহিরে চলিয়া যাইতেছিল, মহেশ্বরী ভাড়ার হইতে দেখিতে পাইয়া ডাকিয়া বলিলেন, খেয়ে গেলিনে রে"
sarat chandra chattopadhyay,"মহেশ্বরী বলিলেন, তবে কলেজ থেকে একটু সকাল করে ফিরে আসিস, ও বামুনঠাকুর, দিবাবাবুর জন্যে যেন সমস্ত ঠিক থাকে দিবাকর উত্তর না দিয়া চলিয়া গেল তাহার বাহিরের ছোট ঘরটিতে ফিরিয়া আসিয়া কাপড় পরিতে পরিতে চোখে জল আসিয়া পড়িল"
sarat chandra chattopadhyay,"সামনের বৈঠকখানা হইতে তখনও পাশাখেলার হুঙ্কার শোনা যাইতেছিল হঠাৎ দ্বারের কাছে শব্দ শুনিয়া দিবাকর পিছন ফিরিয়া দেখিল, ঝি দাঁড়াইয়া আছে"
sarat chandra chattopadhyay,"তাড়াতাড়ি জামার হাতায় চোখ মুছিয়া জিজ্ঞাসা করিল, কি"
sarat chandra chattopadhyay,"যাচ্ছি, তুমি যাও চলিয়া গেলে দিবাকর ছোটো টাইমপিসটির পানে চাহিয়া মুহূর্তকাল ইতস্ততঃ করিয়া হাতের বইগুলা টেবিলের উপর রাখিয়া দিয়া জামার হাতায় আর একবার ভাল করিয়া চোখ মুছিয়া লইয়া ভিতরে ফিরিয়া গেল দিবাকরকে ডাকিতে পাঠাইয়া সুরবালা নিজের ঘরের সুমুখেই অপেক্ষা করিতেছিল দিবাকর কাছে আসিয়া বলিল, কি"
sarat chandra chattopadhyay,"সুরবালা প্রকাশ্যে কথা না, আড়ালে মাথার কাপড়টা আরো একটু টানিয়া দিয়া বলিল, একবার ঘরে এস; বলিয়াই ঘরে ঢুকিয়া দেখাইয়া দিল- মেঝের উপর আসন পাতা, একবাটি দুধ এবং রেকাবিতে দুই-চারিটি সন্দেশ, - দেখাইয়া দিয়া বলিল, খেয়ে তবে যাও দিবাকর কোন কথা না বলিয়া খাইতে বসিয়া গেল"
sarat chandra chattopadhyay,"অদূরে শয্যার উপর তাহার ছোটদাদা উপেন্দ্রনাথ তখনও নির্দিতের মত পড়িয়া ছিলেন, দিবাকর খাইয়া চলিয়া যাইতেই মাথা তুলিয়া স্ত্রীকে ডাকিয়া বলিলেন, এ আবার কি"
sarat chandra chattopadhyay,"সুরবালা খাবার জায়গাটা পরিষ্কার করিয়া ফেলিতেছিল, চমকিয়া জিজ্ঞাসা করিল, তুমি জেগে আছ নাকি"
sarat chandra chattopadhyay,ঘণ্টা-দুই ৷ এগারোটা পর্যন্ত মানুষ ঘুমুতে পারে
sarat chandra chattopadhyay,"সুরবালা হাসিয়া কহিল, তুমি সব পার নইলে মানুষে এগারোটা পর্যন্ত পড়ে থাকতে পারে"
sarat chandra chattopadhyay,"উপেদ্দ্র কহিলেন, সকলে পারে না, কিন্তু আমি পারি"
sarat chandra chattopadhyay,"তার কারণ, শুয়ে থাকার মত ভাল জিনিস সংসারে আমি দেখতে পাইনে ৷ সে যাই হোক, দিবাকরের- সুরবালা বলিল, ঠাকুরপো রাগ করে না খেয়ে কলেজে যাচ্ছিলেন, তাই ডেকে পাঠিয়েছিলুম"
sarat chandra chattopadhyay,"সুরবালা বলিল, রাগ সত্যিই ও বেচারার সকালে পড়বার জো নেই- বাজারে যেতে হবে, ফিরে এসে ঠ্কুকরপূজো করতে কোনদিন এগারোটা- বারোটা বেজে যায় বল দেখি, কখনই বা খায়, কখনই বা পড়তে যায়"
sarat chandra chattopadhyay,"সুরবালা কহিল, জ্বর হবে কেন"
sarat chandra chattopadhyay,আর তারই বা অপরাধ কি
sarat chandra chattopadhyay,বাবা ডেকে পাঠালে ত তিনি না বলতে পারেন না
sarat chandra chattopadhyay,"উপেন্দ্র কহিল,তা ত পারেন না, কিন্তু আগে তিনি চাকরের সঙ্গে সকালে বাজারে যেতেন না"
sarat chandra chattopadhyay,"সুরবালা কহিল, দিন-কতক শখ করে গিয়েছিলেন মাত্র"
sarat chandra chattopadhyay,না হলে ঠাকুরপোকেই বরাবর যেতে হয়
sarat chandra chattopadhyay,"হু, বলিয়া উপেন্দ্র পাশ ফিরিবার উপক্রম করিতেই সুরবালা সভয়ে বলিয়া উঠিল, কর কি, আবার পাশ ফেরো যে"
sarat chandra chattopadhyay,"চুপ করিয়া আরো মিনিট-পাঁচেক পড়িয়া থাকিয়া উঠিয়া পড়িলেন, এবং নিঃশব্দে বাহিরে চলিয়া গেলেন"
sarat chandra chattopadhyay,"সেইদিন ঠাকুরপূজা হইল না, এই কথা ভাবিতে ভাবিতে দিবাকর মুখে ধীরে ধীরে কলেজ চলিয়াছিল বাড়িতে এইমাত্র যে-সব ব্যাপার ঘটিয়া গেল, সে আলোচনা ভিন্ন ভাবিতেছিল ঠাকুরের পূজা হইল অনেকদিন অনেক অসুবিধা সত্তেও এ কাজটিকে সে অবহেলা করে নাই, করিবার কথাও কোনদিন মনে উদয় হয় বিশেষ করিয়া এই কারণেই সে আজিকার কথা স্মরণ করিয়া পীড়া অনুভব করিতে লাগিল যদিও যুক্তিতর্ক দ্বারা বারংবার মনকে সান্ত্বনা দিতে লাগিল যে, ভগবান একটিমাত্র স্থানেই আবদ্ধ নহেন, সুতরাং একস্থানে ভোগ না জুটিলেও অন্যত্র জুটিয়াছে; তবু সেই যে তাহাদের অভুক্ত গৃহদেবতাটি তাহার নিত্যপূজা ও ভোগ হইতে বঞ্চিত হইয়া সিংহাসনে বসিয়া রহিলেন, তাহার প্রতিহিংসার আশঙ্কা তাহার মন হইতে কিছুতেই ঘুচিতে চাহিল না"
sarat chandra chattopadhyay,"কলেজে গিয়া শুনিল, প্রফেসারের অসুখ হওয়ায় প্রথম ঘণ্টার ক্লাশ বসে নাই শুনিয়া দিবাকর প্রফুল্ল হইল পরীক্ষা নিকট হইতেছে বলিয়া ছাত্রেরা হাজিরির নিমিত্ত কলেজের কেরানীকে ব্যস্ত করিয়া তুলিয়াছে"
sarat chandra chattopadhyay,"আজ অন্যান্য ছাত্রেরা যখন ওই উদ্দেশ্যে অফিস-ঘরের দিকে যাইবার উদ্যেগে করিতেছিল, তখন দিবাকরও প্রস্তুত হইল কিন্তু অফিসের সম্মুখে আসিয়া ঠাকুরপূজা না করিবার কথা স্মরণ হইবামাত্র সে থামিয়া দীড়াইল একজন জিজ্ঞাসা করিল, দীড়ালে যে"
sarat chandra chattopadhyay,"দিবাকর সংক্ষেপে উত্তর করিল, আজ থাক থাকবে কেন, এস না, আজই দেখে নিই না থাক, বলিয়া সে ফিরিয়া গেল"
sarat chandra chattopadhyay,"হাজিরি সম্বন্ধে মনে মনে তাহার যথেষ্ট সন্দেহ ছিল, সেই সন্দেহের মীমাংসা করিবার সাহস আজিকার দিনে তাহার কোনমতেই হইল না"
sarat chandra chattopadhyay,খাইয়া না আসিলেও তাহার বাটী ফিরিবার তাড়া ছিল না
sarat chandra chattopadhyay,"নানা কারণে আজ ক্ষুধা ছিল না ছুটির পরে কলেজের ফঠকের নিকটে আসিয়া দেখিল, তাহাদের বি এ ক্লাসের ছাত্রের দল দূরে দাঁড়াইয়া তর্ক-কোলাহল করিতেছে, দিবাকর অন্যদিকে মুখ ফিরাইয়া সরিয়া গেল এবং যে পথটা বরাবর গঙ্গায় গিয়া পড়িয়াছে, সেইদিকে চলিয়া গেল ভাঙ্গা বাধানো- ঘাট মৃতের মত পড়িয়া আছে"
sarat chandra chattopadhyay,"একদিন যে ইহার দেহ ছিল, রূপ ছিল, প্রাণ ছিল, স্থানে স্থানে ইটের সেই কথাই বলে, আর কিছুই বলে কবে, কে বাধাইয়াছিল, কে আসিয়া বসিত,কাহারা স্নান করিত, কোথাও কোন সাক্ষ্য বিদ্যমান নাই শীতের শীর্ণ গঙ্গা তাহারি এক প্রান্ত দিয়া অবিশ্রাম একটানা সোতে সমুদ্রে চলিয়াছে"
sarat chandra chattopadhyay,তীরে পলির উপরে যবের শীষ মাথা তুলিয়া রৌদ্রের উত্তাপ ও গঙ্গার বায়ু গ্রহণ করিতেছে
sarat chandra chattopadhyay,"তাহারি একধারে বালুময় সঙন্ধীর্ণ পথ দিয়া দিবাকর ঘাটে আসিয়া দীড়াইল একদিকে ছোট একখও্ড ইষ্টস্তূপের উপর জুতা খুলিয়া , পিরান খুলিয়া ভারী বাঁধান বইগুলা চাপা দিল তাহার পরে জলে নামিয়া হাতমুখ ধুইয়া মাথায় গঙ্গাজলের ছিটা দিয়া অভুক্ত গৃহদেবতাকে স্মরণ করিল আগাগোড়া সমস্ত মন্ত্র সাবধানে আবৃত্তি করিয়া গঙ্গায় জলগঞ্ভুয ভাসাইয়া দিয়া প্রণাম করিয়া যখন সে উঠিয়া দাড়াইল, তখন তাহার হৃদয়ের ভার অনেক লঘু হইয়া গিয়াছে"
sarat chandra chattopadhyay,"জামা গায়ে দিয়া, জুতা পরিয়া,বৰই লইয়া যখন সে চলিয়া গেল তখনো একটু বেলা ছিল তখনো হিন্দুস্থানী রমণীরা ঘাটের একান্তে বসিয়া মাথায় সাজিমাটি ঘষিতেছিল"
sarat chandra chattopadhyay,"পাচ সুরবালার পিতা ঠিকাদারির কাজে বিপুল সম্পত্তি করিয়া তাহার বক্সারের বাটীতে বাস করিতেছিলেন তাহার দুই মেয়ে সুরবালা বড়, শচী ছোট ৷ তাহার এখনো বিবাহ হয় নাই, বোপের বাড়ি বক্সারেই থাকে"
sarat chandra chattopadhyay,"বাপের বাড়িতে সুরবালার ডাকনাম ছিল পশুরাজ ৷ এইটি তাহার পিতামহের দেওয়া পাড়ার কানা- খোঁড়া কুকুর-বিড়াল, বিলাতী ইদুর, পায়রা-পাখিতে প্রায় শতাধিক জীব তাহার আশ্রয়ে শ্রীবৃদ্ধি লাভ করিয়াছিল তাহার কোনটিকে কোন দিন সে মমতায় বিদায় করিতে পারে নাই, এখনো তাহারা শচীর কর্তৃত্ব অক্ষয় হইয়া আছে"
sarat chandra chattopadhyay,"সুরবালার নামের বিবরণ মহেশ্বরী জানিতেন,তাহার দ্বারাই নামটি এখানেও প্রচলিত হইয়া গিয়াছিল যাহারা বড়, তাহারা সংক্ষেপে পশু বলিয়া ডাকিতেন, চাকর-দাসীরাও কেহ বা পোশ-বৌঠাক্রদন কেহ বা ছোট বৌগঠাক্রণ্ন বলিয়া ডাকিত"
sarat chandra chattopadhyay,"অনেক রাত্রে কাজকর্ম সারা হইলে সুরবালা ঘরে আসিলে উপেন্দ্র বলিলেন, পশু, তোমার বাবা শচীর পাত্র ঠিক করতে আবার তাগিদ দিয়ে চিঠি লিখেছেন"
sarat chandra chattopadhyay,শচী তোমার চেয়ে কত ছোটো জানো
sarat chandra chattopadhyay,"সুরবালা বলিল, তা আর জানিনে"
sarat chandra chattopadhyay,"আমার কোলে একটি ভাই হয়ে আতুড়েই মারা যায়, তার পরে শচী তা হলে আমার চেয়ে প্রায় বছরের ছোটো এ হিসাবে তার বয়স বার-তের"
sarat chandra chattopadhyay,রোগা বলেই শুধু এতদিন পর্যন্ত রাখা গেছে
sarat chandra chattopadhyay,"আমার মতন বাড়ন্ত গড়ন হলে ভারী বিপদ হতো হাসিয়া বলিলেন, বিপদ আর কিসের"
sarat chandra chattopadhyay,"তোমার বাপের টাকার অভাব ত নেই, ও জিনিসটা থাকলে সব জিনিসই সুলভ হয়ে পড়ে তোমার সময়ে আমি যে-রকম তাড়া করে গিয়েছিলাম, সে-রকম তাড়া করে যাবার লোক সংসারে কম নেই সুরবালা বলিয়া উঠিল, তুমি কি বাবার টাকা দেখে গিয়েছিলে"
sarat chandra chattopadhyay,"না বলতে পারলেই তোমার কাছে মান থাকে বটে, কিন্তু মিথ্যে কথাই বা বলি কেমন করে"
sarat chandra chattopadhyay,কিন্তু এইটেই যে মিথ্যে কথা মিথ্যে কথা কেন
sarat chandra chattopadhyay,"মিথ্যে বলেই মিথ্যে কথা তুমি যখন-তখন বল বটে, কিন্তু তুমি বাবার টাকা দেখে যাওনি বাবার টাকা থাক না থাক, তোমাকে যেতেই হতো আমি যেখানে, যে ঘরে জন্মাতুম, আমাকে আনবার জন্যে তোমাকে সেইখানেই যেতে হতো--বুঝতে পাচ্ছ"
sarat chandra chattopadhyay,"ভান করিয়া বলিলেন, কতক পাচ্ছি"
sarat chandra chattopadhyay,"কিন্তু ধর, যদি তুমি কায়েতের ঘরে জন্মাতে"
sarat chandra chattopadhyay,"সুরবালা খিলখিল করিয়া হাসিয়া বলিল, বেশ যা হোক তুমি বামুনের ঘরের মেয়ে কখন কায়েতের ঘরে জন্মায়"
sarat chandra chattopadhyay,এই বুদ্ধি নিয়ে বুঝি ওকালতি কর
sarat chandra chattopadhyay,"উপেন্দ্র অধিকতর হইয়া বলিলেন,তাও বটে এইজন্যই বোধ করি পসার হচ্ছে সুরবালা নিজের কথায় ব্যথিত হইয়া সান্ত্বনার স্বরে তাড়াতাড়ি বলিয়া উঠিল, কেন পসার হবে না, খুব পসার হবে তবে, একটু দেরি হতে পারে, এই কিন্তু তাও বলি, তোমার পসারের দরকারই বা কি"
sarat chandra chattopadhyay,"হাসিয়া বলিল, বারোটা থেকে চারটা পর্যন্ত আমার সামনে হাজির থাকলে আমি তোমাকে পাঁচ শ' টাকা করে দিতে পারি বাবা আমাকে মাসে মাসে ত আড়াই শ' টাকা দেন, আরো আড়াই শ' টাকা না হয় চেয়ে নেব"
sarat chandra chattopadhyay,"বলিলেন, তা যেন নিলে; কিন্তু আমাকে করতে হবে কি"
sarat chandra chattopadhyay,বারোটা থেকে চারটে পর্যন্ত তোমার সামে নদাীড়িয়ে থাকতে হবে
sarat chandra chattopadhyay,"সুরবালা বলিল, হা আর নিতান্ত দাড়াতে না পারলে না হয় বসো আর নিতান্ত বসতে না পারলে না হয় শোবো"
sarat chandra chattopadhyay,"সুরবালা মুখ টিপিয়া হাসিয়া বলিল, না, শুতে পারবে না"
sarat chandra chattopadhyay,বসতে না পারলে আবার দাঁড়াতে হবে হাকিমের সামনে বেয়াদপি করলে তোমার ফাইন হবে ফাইন দিতে না পারলে
sarat chandra chattopadhyay,আটক থাকতে হবে চারটের পরেও বের হতে পাবে না-বুঝেছ
sarat chandra chattopadhyay,"মাথা নাড়িয়া বলিলেন, বুঝেছি হাকিম কিছু কড়া, চাকরি বজায় রাখতে পারলে হয় সুরবালা তাহার দুটি কোমল বাহুদ্বারা স্বামীর কণ্ঠ বেষ্টন করিয়া বলিল, হাকিম কড়া নয় গো, কড়া নয়"
sarat chandra chattopadhyay,"চাকরি তোমার বজায় থাকবে- একটি দিন শুধু পরীক্ষা করেই দেখ না ক্ষণকাল পরে সুরবালা নিজেকে মুক্ত করিয়া লইয়া প্রশ্ন করিল, বাবার চিঠির জবাব দেবে"
sarat chandra chattopadhyay,"উপেন্দ্র কহিল, খোঁজাখুঁজির প্রয়োজন নেই, পাত্র আপনি হাজির হবে- এই জবাব ছিঃ, ও কি কথা"
sarat chandra chattopadhyay,তার সঙ্গে কি তামাশা চলে
sarat chandra chattopadhyay,এতক্ষণ তবে কি তুমি আমার সঙ্গে তামাশা কচ্ছিলে
sarat chandra chattopadhyay,"সুরবালা অপ্রতিভ হইয়া বলিল, দেখ, তামাশা করিনি, কিন্তু বাবাকে এ কথা লেখবার দরকার নেই সত্যিই আমি বিশ্বাস করি শচীর পাত্র ঠিক হয়েই আছে এবং সে ছাড়া তার অন্য পথও নেই, কিন্তু তোমার মুখে ও-কথা শুনলে বাবা রাগ করবেন হাসিয়া বলিলেন, সত্যিই শচীর পাত্র ঠিক হয়ে আছে তাকে আমিও জানি, তুমিও জানো সুরবালা উৎসুক হইয়া জিজ্ঞাসা করিল, কে বল না"
sarat chandra chattopadhyay,"সব ঠিক করে তবে তোমাকে জানাব সুরবালা ক্ষণকাল নীরব থাকিয়া বলিল, আচ্ছা"
sarat chandra chattopadhyay,"কিন্তু একটা কথা তোমাকে জানিয়ে রাখি- শচীর একটু দোষ আছে, সেই দোষটুকু গোপন করে পাত্র স্থির করা উচিত নয়"
sarat chandra chattopadhyay,তাতে ফল ভাল হবে না
sarat chandra chattopadhyay,"উদ্বিগ্ন হইয়া প্রশ্ন করিলেন, দোষ আবার কি"
sarat chandra chattopadhyay,বাবার ইচ্ছে বোধ হয় ওইটুকু দোষ গোপন রাখা না হলে তিনি নিজেই তোমাকে জানাতেন
sarat chandra chattopadhyay,"শচী দেখতে-শুনতে লেখাপড়ায় ভালই, বাবার টাকাও আছে সত্যি, কিন্তু শচীকে কি তুমি ভাল করে দেখনি"
sarat chandra chattopadhyay,"বলিলেন, দেখেছি, কিন্তু ভাল করে দেখবার সাহস- পায়ে পড়ি তোমার আগে আমার কথা শোন, তারপর যা খুশি বলো তুমি ত , শচী ছেলেবেলা থেকে রোগা দু-তিনবার ভারী ভারী ব্যামোতে মরতে মরতে বেঁচেচে"
sarat chandra chattopadhyay,"তারি একবার ব্যারাম সেরে গেল, কিন্তু বা পা আগাগোড়া ফুলে পেকে উঠল ডাক্তার অস্ত্র করে তাকে বাঁচালেন বটে, কিন্তু পা আর সোজা হলো না"
sarat chandra chattopadhyay,"সেই অবধি একটু খুঁড়িয়ে চলে ডাক্তার বলেছিলেন, বয়স হলে সেরে যেতেও পারে, কিন্তু এই আশ্বাসের উপর বিশ্বাস করে কে বিয়ে করতে সম্মত হবে"
sarat chandra chattopadhyay,"যে সত্যিই ভাল ছেলে, তার ভাল মেয়েও জুটবে- জেনেশুনে সে শচীর মত মেয়েকে বিয়ে করবে না"
sarat chandra chattopadhyay,"আর যে শুধুমাত্র টাকার লোভে রাজী হবে সে অসৎ পাত্র উপে্ত স্থির হইয়া শুনিয়া বলিলেন, আমি ত শচীকে অনেকবারই দেখেছি, কিন্তু কোনদিন খুঁড়িয়ে চলতে ত দেখিনি"
sarat chandra chattopadhyay,"সুরবালা মৃদু হাসিয়া কহিল, পুরুষেরা কোন্ জিনিসটা দেখতে পায়"
sarat chandra chattopadhyay,"কিন্তু মেয়েদের চোখতে ত ফাকি দেওয়া চলবেনা- তারা চক্ষের নিমেষে দোষ ধরে ফেলবে উপন্দ্রে বলিলেন, কিন্তু তার ত মেয়েদের সঙ্গে বিয়ে দিতে হবে না যে, মেয়েদের চোখকে ভয় করতে হবে"
sarat chandra chattopadhyay,"ঠকিয়ে বিয়ে দেবার ইচ্ছে থাকলে ত কানা মেয়েও বিয়ে দেওয়া যায়, কিন্তু পরে"
sarat chandra chattopadhyay,"উপেন্দ্র ভাবিতেছিলেন, কথা কহিলেন না"
sarat chandra chattopadhyay,"সুরবালা পুনরায় বলিল, গত পূজার সময় আমাদের বক্সারের বাড়িতে ঠিক এই রকম কথাই হয়েছিল পিসীমা ও মা দুজনেই বলেছিলেন যে, বিয়ের আগে এ-সব আলোচনার প্রয়োজন নেই হয়ে গেলে জামাইকে বলে দিলেই হবে উপেল্দ্র বলিলেন, বেশ"
sarat chandra chattopadhyay,"বেশ নয়, আমি এই কথাই বলি আমি বলি যে, শাশুড়ী-ননদকে বাদ দিয়ে একলা জামাই নিয়ে চলে না"
sarat chandra chattopadhyay,"শচীর যে স্বামী হবে, সে ওকে ভালবাসবেই, কিন্তু তুচ্ছ একটা খুঁত নিয়ে প্রথমেই যদি ও তাদেরি বিদ্বেষের চোখে পড়ে যায় তা কোনদিন সুখে করতে পারবে উপে্ত্র বলিলেন, পারবে"
sarat chandra chattopadhyay,"কেননা, দিবাকর তোমার বোনকে অযত্ন করতে পারবে না, তুমি কিংবা দিদিও শচীকে গঞ্জনা দেবে কথা শুনিয়া সুরবালা অবাক হইয়া গেল অনেকক্ষণ স্থিরভাবে বসিয়া থাকিয়া বলিল, তবে কি ঠাকুরপোর সঙ্গে বিয়ে"
sarat chandra chattopadhyay,"উপেদ্ত্র বলিলেন, হা কিন্তু বাবা ত রাজী হবেন না"
sarat chandra chattopadhyay,"ওর মা-বাপ নেই, বাড়ি-ঘর নেই--এক কথায় কিছুই নেই যে"
sarat chandra chattopadhyay,"উপেদ্দ্র সংক্ষেপে বলিলেন, সব আছে, কেননা আমি আছি"
sarat chandra chattopadhyay,"সুরবালা বলিলেন, তবুও বাবা রাজী হবেন উপেন্দ্র সংক্ষেপে বলিল, আর তুমিও হবে না এইটেই বোধ করি আসল কথা"
sarat chandra chattopadhyay,"ক্ষণকাল নিস্তব্ধ থাকিয়া হঠাৎ অপরদিকে পাশ ফিরিয়া অত্যন্ত নীরস কণ্ঠে বলিলেন, আচ্ছা, রাত অনেক হলো--এখন ঘুমোও সে রাত্রে অনেক রাত্রি পর্যন্ত সুরবালা জাগিয়া রহিল হঠাৎ একসময়ে যখন তাহার নিশ্চয় বোধ হইল স্বামী নির্বিঘ্নে নিদ্রা যাইতেছেন, তখন দুই চক্ষে তপ্ত অশ্রু তাহার উচ্দ্বসেত হইয়া উঠিল"
sarat chandra chattopadhyay,"স্বামীর অসীম স্নেহে সে সন্দিহান নহে, কিন্তু কাদিতে কাদিতে এই কথাই ভাবিতে লাগিল যে, এ সাত-আট বৎসরের ঘনিষ্ঠ মিলনেও কেন সে এই লোকটির অন্ত পাইল না"
sarat chandra chattopadhyay,"প্রথম প্রথম অনেকবার সে মনে করিয়াছে যে, এই খামখেয়ালী লোকটির মেজাজের কিছুই ঠিক কখন কি হেতু যে ইহার রাগ হইয়া পড়ে জানিবার বা বুঝিবার জো নাই, কিন্তু শেষে একসময়ে জিজ্ঞাসা করিয়া এটুকু সে বুঝিয়াছিল, ইহাকে সম্যক্ বুঝিবার ক্ষমতা তাহার কোনদিন হউক বা না হউক, ইহার কোন কাজ বা কথা অহেতুক বা অনিশ্চিত-প্রকৃতি লোকের মত নহে বিশেষ করিয়া সেইজন্যই দুর্বোধ্য স্বামীটিকে লইয়া তাহার ভয় ও ভাবনার অন্ত ছিল খোঁচা খাইয়া সে যখন-তখন এই দুঃখই করিত, ভগবান তাহার অদৃষ্ট যদি এমন ভালই করিলেন তবে সেই অদৃষ্টকে মানাইয়া চলিবার মত বুদ্ধি তাহাকে দিলেন না কেন"
sarat chandra chattopadhyay,"আজিও যতই সে মনে মনে এই কথার আলোচনা করিয়া ভিতরে ভিতরে কারণ খুঁজিয়া ফিরিতে লাগিল, ততই সে নিজের কোন দোষ না পাইয়া হতাশ হইয়া পড়িতে লাগিল ভগিনীর সম্বন্ধে ভগিনীর এই স্বাভাবিক আশঙ্কা কি কারণে যে দোষাবহ এই কথা সে কোনমতেই ভাবিয়া পাইল না"
sarat chandra chattopadhyay,বাহিরে শীতের সুদীর্ঘ অন্ধকার রাত্রি স্তব্ধ হইয়া রহিল এবং তাহারি পরিমাণ করিয়া দূরে সরকারী কাছারির ঘণ্টা একে একে বাজিয়া যাইতে লাগিল ছয় পরদিন দ্বিপ্রহরের পরে মহেশ্বরী আহারে বসিলে ঢুকিয়া অদূরে মেঝের উপর বসিয়া পড়িল
sarat chandra chattopadhyay,"মহেশ্বরী চাহিয়া দেখিয়া বলিলেন, মেজবৌ, উপীনকে একটা আসন পেতে দাও কহিল, আসন থাক দিদি তোমাকে একটা কথা জিজ্ঞাসা করতে এসেছি"
sarat chandra chattopadhyay,শুনিবার জন্য মহেশ্বরী তাহার মুখপানে চাহিয়া রহিলেন
sarat chandra chattopadhyay,"বলিলেন, শ্বশুরমশাই শচীর পাত্র ঠিক করবার জন্যে পরশু একখানা জরুরী চিঠি লিখেছেন তুমি ওদের সমস্ত কথা যত জানো তত আর কেউ জানো তাই জিজ্ঞাসা করছি, শচীর দেহে কি কোন দোষ আছে"
sarat chandra chattopadhyay,"মহেশ্বরীর স্বামী ভগ্নস্বাস্থ্য হইয়া শেষদিকে প্রায় চার-পীচ বৎসর বসক্সারে প্র্যাকটিস করিয়াছিলেন সেখানে অবস্থিতিকালে সুরবালার পিতারই একটা বাড়ি ভাড়া করিয়া কাছাকাছি ছিলেন বলিয়া উভয় পরিবারে অতিশয় ঘনিষ্ঠতা জন্মিয়াছিল সুরবালার বিবাহের সম্বন্ধ মহেশ্বরীই স্থির করিয়াছিলেন মহেশ্বরী ক্ষণকাল উপেন্দ্রর মুখপানে চাহিয়া বলিলেন, পশু কি বলে"
sarat chandra chattopadhyay,"সে বলে, শচী একটু খোঁড়া"
sarat chandra chattopadhyay,"মহেশ্বরী ঈষৎ হাসিয়া বলিলেন, খোঁড়া নয়; তার ছেলেবেলায় অস্ত্র হবার দরুন বী পাটা একটু টেনে চলত- তা এতদিনে বোধ করি সেরে গেছে"
sarat chandra chattopadhyay,শুনি ত শ্বশুরমশায়ের অগাধ সম্পত্তি--তোমার কি মনে হয় দিদি
sarat chandra chattopadhyay,আমারও ত তাই মনে হয়
sarat chandra chattopadhyay,"তখন আর একটু কাছে সরিয়া আসিয়া গলা খাটো করিয়া বলিল, তবে তোমাকে একটা কথা বলি দিদি শচীরা দুই বোনেই যখন ভবিষ্যতে সম্পত্তির অধিকারিণী হবে, তখন এত বিষয় বেহাত হতে দেওয়া ত সুবুদ্ধির কাজ নয়"
sarat chandra chattopadhyay,"মহেশ্বরী হাসিমুখে বলিলেন, তা ত নয়; কিন্তু উপায়টা কি শুনি"
sarat chandra chattopadhyay,"হাসিয়া বলিল, হাসি নয় দিদি পশুকেও সক্ষ্যাপাবার জন্যে এ কথা বলিনি"
sarat chandra chattopadhyay,আমি দিবার কথা মনে করেছি
sarat chandra chattopadhyay,"শুনিবামাত্রই মহেশ্বরীর মুখ কালি হইয়া গেল তিনি দিবাকরকে দেখিতে পারিতেন না তীক্ষুদৃষ্টি উপেন্দ্র তাহা দেখিতে পাইয়াও বলিল, কি বল দিদি"
sarat chandra chattopadhyay,"মহেশ্বরী নতমুখে চিন্তার ভান করিয়া ভাত মাখিতেছিলেন, মুখ তুলিয়া হাসি টানিয়া আনিয়া বলিলেন, বেশ"
sarat chandra chattopadhyay,"কহিল, শুধু বেশ ত চলবে না দিদি, এ কাজ তোমারি পশুর বিয়ে তুমিই দিয়েছিলে, এখন সে বলে, তার মত ভাগ্যবতী যেন সবাই হয়"
sarat chandra chattopadhyay,"আমার বিশ্বাস, তুমি যাতে হাত দেবে তাতে সোনা মহেশ্বরী চিন্তিত-মুখে কহিলেন, কিন্তু শচার একটু খুঁত আছে যে"
sarat chandra chattopadhyay,"উপেন্দ্র কহিল, আছে বলেই ত তোমাকে হাত দিতে বলছি"
sarat chandra chattopadhyay,"তোমার পুণ্যে সমস্ত নিখুত হয়ে যাবে৷ উপেন্দ্রের কথায় মহেশ্বরীর চিত্ত ক্রমশঃ আর্দ্র হইয়া আসিতেছিল, বলিলেন, কিন্তু উপীন, দিবাকরের মেজাজ বুঝতে পারিনে"
sarat chandra chattopadhyay,"বাড়ির মধ্যে থেকেও সে যে বাড়ি-ছাড়া পর সেইজন্যেই ভয় হয়, পাছে ওইটুকু খুঁত নিয়ে শেষে একটা মস্ত অ-সুখের কারণ হয়ে এক কথা- দিবাকর কি রাজী হবে"
sarat chandra chattopadhyay,"সংসারে তার আপনার বলতে কিছুই নেই সমস্তই যাকে নিজের হাতে না করলে মাথা গুঁজে দাঁড়াবার জায়গা হবে না, তার এ সুবিধে ত্যাগ করা শুধু বোকামি নয়- পাপ"
sarat chandra chattopadhyay,"মহেশ্বরী হাসিতে লাগিলেন বলিলেন, একি তোর ওকালতি ব্যবসা উপীন যে, শুধু মক্কেলের টাকার পরেই দুটি চোখ রেখে আর সমস্ত দিক থেকে দৃষ্টি তুলে নিতে হবে"
sarat chandra chattopadhyay,"পছন্দ-অপছন্দ বলে একটা কথা আছে ব্যগ্রতায় মহেশ্বরী কৌতুক বোধ করিলেন বলিলেন, সে বোধ হয় আজ কলেজে যায়নি; একবার জিজ্ঞাসা করেই দেখ না, তার মতটা কি"
sarat chandra chattopadhyay,বোধ করি সে তার ঘরেই আছে
sarat chandra chattopadhyay,"একবার দিবাবাবুকে ডেকে দে ত রে, বল, দিদি একবার ডাকচেন"
sarat chandra chattopadhyay,"ক্ষণকাল পরে দিবাকর ঘরে ঢুকিতেই উপেদ্দ্র বলিয়া উঠিলেন, তোর বিয়ের সম্বন্ধ স্থির করলাম দিবা"
sarat chandra chattopadhyay,পরীক্ষা-শেষেই দিন স্থির করা যাবে
sarat chandra chattopadhyay,"দিদি, ভট্চায্যিমহাশয়কে পাজিটা দেখতে বলো, আর বাবাকে জিজ্ঞাসা করে তার মতটাও একবার জেনে নিয়ো শচীর সঙ্গে বিয়ে হবে শুনলে তিনি ভারী খুশী তুই হা করে চেয়ে রইলি যে"
sarat chandra chattopadhyay,তোর ছোট-বৌঠাকুরুনের ছোটবোন শচী- তাকে দেখেছিস না
sarat chandra chattopadhyay,"তা শচীকে দেখবার প্রয়োজনও একটু পূর্বেই দিদিকে বলছিলাম, তার মত মেয়েকে যার পছন্দ হয় না, তার বিবাহ করা চলে না"
sarat chandra chattopadhyay,"ছেলেবেলায় বা আয়ে হওয়ায় এই একটু টেনে চলত সে কথায় এইমাত্র আমি দিদিকে বলতে যাচ্ছিলাম যে, একটু খুঁত, একটু ত্রুটি, দিবাকর আত্মীয় হয়ে যদি মার্জনা করতে না পারে ত অপরে করবে কি করেঃ"
sarat chandra chattopadhyay,"তা ছাড়া, ছোটোখাটো খুঁটিনাটি নিয়ে করা ত উচ্চশিক্ষার ফল নয়- সে নির্দোষ নিখুঁত এ জগতে পাওয়া যায় না, সে আশা করে বসে থাকা আর পাগলামি যে এক, দিবা তা বোঝে আর তোমাকে বলতে কি দিদি, দিবাকরের সঙ্গে বিয়ে হবে শুনলে সুরবালার আনন্দের সীমা থাকবে না"
sarat chandra chattopadhyay,ওঃ- তোর বুঝি সময় নষ্ট হচ্ছে
sarat chandra chattopadhyay,"তবে এখন যা--আমিও শ্বশুরমশায়কে একটা চিঠি লিখে দি গে, বলিয়াই উঠিয়া পড়িলেন এবং মহেশ্বরীকে কটাক্ষে ইঙ্গিত করিয়া চলিয়া গেলেন মহেশ্বরী মুখ নীচু করিয়া ভাত নাড়িতে লাগিলেন এবং দিবাকর হইয়া দাঁড়াইয়া রহিল প্রবল ঝড় যেমন করিয়া খড়কুটা ধূলাবালি উড়াইয়া লইয়া যায়, উপেদ্দ্র যে তেমনি করিয়া বাধা-বিঘ্ন ওজর আপত্তি নিজের ইচ্ছামত উড়াইয়া লইয়া গেলেন, নিস্তব্ধ হইয়া দুইজনে তাহাই ভাবিতে লাগিলেন বহুক্ষণেও যখন কোনও কথা উঠিল না, তখন দিবাকর ধীরে ধীরে বলিল, এ-সব কি দিদি"
sarat chandra chattopadhyay,"মহেশ্বরী মুখ না তুলিয়াই বলিলেন, সবই ত শুনলে"
sarat chandra chattopadhyay,"দিবাকর প্রশ্ন করিল, এত তাড়া কিসের জন্যে"
sarat chandra chattopadhyay,"মহেখ্বরী বলিলেন, শচীর বিয়ের বয়স উত্তীর্ণ হয়ে যাচ্ছে এবং আগামী সমস্ত বছরই অকাল ৷ ইহার পরে আর কোনও কথা দিবাকরের মাথায় আসিল না, কিন্তু মনে পড়িল, উপেল্দ্র এতক্ষন পত্র লিখিতেছেন এবং একটু পরেই জরুরী পত্র লইয়া চাকর ডাকঘরে ছুটিয়া যাইবে সে কোনও দিন বিবাহ করিবে না, এই তাহার জীবনের ৷ এই এমন অকস্মাৎ একটানে ভাসিয়া যাইতেছে মনে হইবামাত্র সে অস্থির হইয়া উপেন্দ্রের ঘরের অভিমুখে চলিয়া গেল ঘরে ঢুকিতেই সুরবালা তাহার অপ্রসন্ন মুখের পরে কাপড় টানিয়া দিয়া আলমারির পাশে সরিয়া গেল"
sarat chandra chattopadhyay,"উপেদ্দ্র টেবিলের কাছে কাগজ কলম লইয়া বসিয়াছিলেন, মুখ তুলিয়া জিজ্ঞাসা করিলেন, আবার কি"
sarat chandra chattopadhyay,"দিবাকর যাহা বলিতে আসিয়াছিল, তাহা ঠিকমত ভাবিয়া দেখিবার সময়ও পায় নাই এবং ওদিকে অঞ্চলের একপ্রান্ত আলমারির পাশে দেখা যাইতে লাগিল, সে চুপ করিয়া দাঁড়াইয়া রহিল উপেন্দ্র কহিলেন, কি রে"
sarat chandra chattopadhyay,দিবাকর কথা না কহিয়া আলমারির দিকে দৃষ্টি নিক্ষেপ করিল
sarat chandra chattopadhyay,"সে ইঙ্গিত দেখিয়াও দেখিলেন না, বলিলেন, আমার সময় নেই দিবা দিবাকর কাছে সরিয়া আসিয়া মৃদুস্বরে কহিল, এত তাড়াতাড়ি কেন"
sarat chandra chattopadhyay,"উপেদ্দ্র বলিলেন, না, তাড়াতাড়ি ত নয়, এখনো যেমন করে হোক মাস-দুই সময় আছে- তোর পরীক্ষা হয়ে গেলে তবে আজই চিঠি লেখার প্রয়োজন কি"
sarat chandra chattopadhyay,কিছুদিন পরে লিখলেও ত হয়
sarat chandra chattopadhyay,"হতে পারে, কিছুদিন পরে লিখলে কি সুবিধে হবে শুনি"
sarat chandra chattopadhyay,"দিবাকর আস্তে আস্তে বলিল, ভেবে দেখা উচিত বলিলেন, উচিত বৈ কি"
sarat chandra chattopadhyay,"তুমি বিয়ের ভাবনা ভাবো, তোমার পরীক্ষার ভাবনা আমি ভাবি গে কিন্তু এরূপ দায়িত্ব-গ্রহণের পূর্বে বিজ্ঞের মত কিছু বলা আবশ্যক আচ্ছা, ওই চেয়ারে ভেবে কি দেখতে চাও শুনি"
sarat chandra chattopadhyay,"উপেদ্ত্র বলিলেন, দেখ দিবাকর, যে হোক, শেষ পর্যন্ত ভেবে দেখা মানুষের সাধ্য নয়"
sarat chandra chattopadhyay,"যিনি যতবড় বিচক্ষন পণ্তিতই হোন না কেন, শেষ ফলটুকু ভগবানের হাত থেকেই নিতে হয়"
sarat chandra chattopadhyay,"তবে আগে থেকে যেটুকু ভেবে দেখতে পারা যায় সেটুটুর জন্যে ত আধ-ঘণ্টার অধিক সময় লাগে না, তুমি কিছুদিনের সময় চাও কেন"
sarat chandra chattopadhyay,"দিবাকর মুখ তুলিয়া বলিল, সকলেই কি এত দ্রুত ভাবতে পারে"
sarat chandra chattopadhyay,"পারে, কিন্তু এটা মনে রাখা চাই যে, এলোমেলা ভাবনার অন্তও নেই, আর মীমাংসাও হয় না"
sarat chandra chattopadhyay,"দু-চার দিন কেন, দু-চার বছরেও স্থির হয় না"
sarat chandra chattopadhyay,"তবে এ সম্বন্ধে মোটামোটি যেটুকু লোকে ভেবে দেখে, সেটুকু এই যে, প্রতিপালন করতে পারব কি না"
sarat chandra chattopadhyay,বিয়ে করলে সে চিন্তা তোমাকে কোনও দিনই করতে হবে না
sarat chandra chattopadhyay,"অবশ্য, সে মীমাংসা একজনের হয়ে অপরে করতে পারে তুই কি সেই কথাই ভাবছিস"
sarat chandra chattopadhyay,"শচীর রূপের ইঙ্গিতে দিবাকরের অত্যন্ত লজ্জা করিয়া উঠিল; সে তাড়াতাড়ি বলিয়া উঠিল না, কখখন তা হলে ত ভালই হলো কেননা, এই কথাটা যতই অন্তঃসারশূন্য হোক না কেন, বাইরের আড়ম্বর আছেই প্রথমেই ওই যে রূপের কথাটা এসে পড়ে, সেটা মানুষের অন্তরে বাইরে এমনি ভেলকি লাগিযে দেয় যে, ওরই ভালমন্দ অত্যন্ত সাবধানে নিরূপণ করাই মুখ্যবস্তু হয়ে বস্তুতঃ, ওটা ত কিছুই যে বস্তুটি না পেয়ে লোকে সারাজীবন হায় হায় করে, সেটি আড়ালেই থেকে যায়"
sarat chandra chattopadhyay,"পছন্দ করবার যে সার সামগ্রী, সে জিনিসটি লাভ করতে না পারলে সংসার বিফল হয়ে দাড়ায়, সেটির উপরে ত জোর চলে না, তাই তাকে বিনা-পরীক্ষায় নির্বিচারে ভগবানের দোহাই দিয়ে লোকে গ্রহণ করে, আর যেটা কিছুই নয়, দু- চারদিনেই যা নষ্ট হতে পারে, চোখ চাইলেই যার দোষ-গুণ ধরা পড়ে, তার পরীক্ষার জন্যে গুরুজনের অবাধ্য হয়ে বিদ্রোহ করো না, বরং আমি আশীর্বাদ করি, তোমার ভবিষ্যৎ উজ্জ্বল হতে উজ্জ্বলতর হোক, কোনদিন এ কথাটা ভুলো না যে, রূপই মানুষের সবটুকু নয়, কিংবা শুদ্ধমাত্র সৌন্দর্যচর্চাই বিবাহের উদ্দেশ্য নয়"
sarat chandra chattopadhyay,"দিবাকর মাথা নীচু করিয়া নিরুত্তর হইয়া রহিল উপেল্দ্রও অনেক্ষণ চুপ করিয়া থাকিয়া শেষকালে বলিলেন, এখন তবে তুই যা দিবাকর মাথা নীচু করিয়া ধীরে ধীরে বলিল, আমার রুচি নেই ছোড়দা, আমাকে মাপ কর বিশেষ বড়লোকের মেয়ে এরূপ উত্তর ক্ষণকালের নিমিত্ত উপেন্দ্রকে অভিভূত করিয়া ফেলিল ৷ তিনি অল্পভাষী দিবাকরের কথার গুরুত্ব বুঝিতেন"
sarat chandra chattopadhyay,কিন্তু কোন বিষয়ে অকৃতকার্য হওয়াও তাহার স্বভাব নয়
sarat chandra chattopadhyay,"সুমুখের কাগজ কলম একপাশে ঠেলিয়া দিয়া বলিলেন, রুচি নেই"
sarat chandra chattopadhyay,"তা না থাকতে পারে, বড়লোকের মেয়ের অপরাধটা কি শুনি"
sarat chandra chattopadhyay,"দিবাকর কহিল, অপরাধ নয়, কিন্তু আমি দরিদ্র ৷ উপেদ্দ্র বলিলেন, এর অর্থ এই যে, গরীবের ঘরের মেয়ে তোমাকে যেরূপ সম্মান বা শ্রদ্ধা-ভক্তি করবে, ধনীর মেয়ে সেরূপ করবে কিন্তু জিজ্ঞাসা করি, স্ত্রীর কাছে সম্মান বা ভক্তির কতটুকু ধারণা তোমার আছে"
sarat chandra chattopadhyay,"অবশ্য যদি গৌ ধরে বসো যে, বিয়ে করবে না, সে আলাদা কথা, কিন্তু নিতান্ত অসঙ্গত অমূলক দোষের ভার আর একজনের কীধে তুলে দিয়ে নিজের দারিদ্রের জবাবদিহি করতে চেয়ো না"
sarat chandra chattopadhyay,আমাদের পুরাণ ইতিহাস ত পড়েছ
sarat chandra chattopadhyay,"দেবদাস প্রথম পরিচ্ছেদ একদিন বৈশাখের দ্বিপ্রহরে রৌদ্রেরও অন্ত ছিল না, উত্তাপেরও সীমা ছিল না"
sarat chandra chattopadhyay,"ঠিক সেই সময়টিতে মুখুয্যেদের দেবদাস পাঠশালা-ঘরের এক কোণে ছেঁড়া মাদুরের উপর বসিয়া, হাতে লইয়া, চক্ষু চাহিয়া, বুজিয়া, পা ছড়াইয়া, হাই তুলিয়া, অবশেষে হঠাৎ খুব চিন্তাশীল হইয়া উঠিল; এবং নিমিষে স্থির করিয়া ফেলিল যে, এই পরম রমণীয় সময়টিতে মাঠে মাঠে ঘুড়ি উড়াইয়া বেড়ানোর পরিবর্তে পাঠশালায় আবদ্ধ থাকাটা কিছু নয়"
sarat chandra chattopadhyay,"উর্বর মস্তিষ্কে একটা উপায়ও গজাইয়া উঠিল সে শ্লেট-হাতে উঠিয়া দীড়াইল ৷ পাঠশালায় এখন টিফিনের ছুটি হইয়াছিল বালকের দল নানারূপ ভাবভঙ্গী ও শব্দসাড়া করিয়া অনতিদূরের বটবৃক্ষতলে ডাংগুলি খেলিতেছিল দেবদাস সেদিকে একবার চাহিল টিফিনের ছুটি সে পায় না- কেননা গোবিন্দ পণ্তিত অনেকবার দেখিয়াছেন যে, একবার পাঠাশালা হইতে বাহির হইয়া পুনরায় প্রবেশ করাটা দেবদাস নিতান্ত অপছন্দ করে"
sarat chandra chattopadhyay,তাহার পিতারও নিষেধ ছিল নানা কারণে ইহাই স্থির হইয়াছিল যে এই সময়টিতে সে সর্দার-পোড়ো ভুলোর জিম্মায় থাকিবে
sarat chandra chattopadhyay,"এখন ঘরের মধ্যে শুধু পণ্ডিত মহাশয় দ্বিপ্রাহরিক আলস্যে চক্ষু মুদিয়া শয়ন করিয়াছিলেন এবং সর্দার-পোড়ো ভুলো এক কোণে হাত-পা ভাঙ্গা বেঞ্চের উপর ছোটখাটো পণ্ডিত সাজিয়া বসিয়াছিল এবং মধ্যে মধ্যে নিতান্ত তাচ্ছিল্যের সহিত কখন বা ছেলেদের খেলা দেখিতেছিল, কখন বা দেবদাস এবং পার্বতীর প্রতি আলস্য-কটাক্ষ নিক্ষেপ করিতেছিল পার্বতী এই মাসখানেক হইল পণ্ডিত মহাশয়ের আশ্রয়ে এবং তত্ত্বাবধানে আসিয়াছে"
sarat chandra chattopadhyay,"পণ্ডিত মহাশয় সম্ভবতঃ এই অনল্পসময়ের মধ্যেই তাহার একান্ত মনোরঞ্জন করিয়াছিলেন, তাই সে নিবিষ্টমনে, নিরতিশয় ধৈর্যের সহিত সুপ্ত পণ্ডিতের প্রতিকৃতি বোধোদয়ের শেষ পাতাটির উপর কালি দিয়া লিখিতেছিল এবং দক্ষ চিত্রকরের ন্যায় নানাভাবে দেখিতেছিল যে, তাহার বহু-যত্বের চিত্রটি আদর্শের সহিত কতখানি মিলিয়াছে"
sarat chandra chattopadhyay,"বেশী যে মিল ছিল তাহা নয়; কিন্তু পার্বতী ইহাতেই যথেষ্ট আনন্দ ও আত্মপ্রসাদ উপভোগ করিতেছিল এই সময় দেবদাস শ্লেট-হাতে উঠিয়া দীড়াইল এবং ভুলোর উদ্দেশে ডাকিয়া বলিল, অঙ্ক হয় ভুলো শান্ত গষ্ভীরমুখে কহিল, কি আক"
sarat chandra chattopadhyay,"মণকষা- শেলেটটা দেখি ভাবটা এই যে, তাহার নিকট এ-সব কাজে শ্লেটখানি হাতে পাওয়ার অপেক্ষা মাত্র"
sarat chandra chattopadhyay,"দেবদাস তাহার হাতে দিয়া নিকটে দাড়াইল ভুলো ডাকিয়া লিখিতে লাগিল যে, এক মণ তেলের দাম যদি চৌদ্দ টাকা নয় আনা তিন গণ্তা হয়, তাহা হইলে- এমনি সময়ে একটা ঘটনা ঘটিল হাত-পা-ভাঙ্গা বেঞ্চখানার উপর সর্দার-পোড়ো তাহার পদমর্যাদার উপযুক্ত আসন নির্বাচন করিয়া যথানিয়মে আজ তিন বৎসর ধরিয়া প্রতিদিন বসিয়া আসিতেছে"
sarat chandra chattopadhyay,তাহার পশ্চাতে একরাশি চুন গাদা করা ছিল
sarat chandra chattopadhyay,"এটি পণ্ডিত মহাশয় কবে কোন্ যুগে নাকি দরে কিনিয়া রাখিয়াছিলেন, মানস ছিল, সময় ভাল হইলে ইহাতে কোঠা-দালান দিবেন কবে যে সে শুভদিন আসিবে তাহা জানি কিন্তু এই থ্বেত-চূর্ণের প্রতি তাহার সতর্কতা এবং যত্নের অবধি ছিল সংসারানভিজ্ঞ, অপরিণামদর্শী কোন অলক্ষ্মী-আশ্রিত বালক ইহার রেণুমাত্র নষ্ট না করিতে পারে, এইজন্য প্রিয়পাত্র এবং অপেক্ষাকৃত বয়ঙ্ক ভোলানাথ এই সমযত্ন-সঞ্চিত বস্তুটি সাবধানে রক্ষা করিবার ভার পাইয়াছিল এবং তাই সে বেঞ্চের উপর বসিয়া ইহাকে আগুলিয়া থাকিত ভোলানাথ লিখিতেছিল- এক মণ তেলের দাম যদি চৌদ্দ টাকা নয় আনা তিন হয়, তাহা হইলে,- ওগো বাবা গো- তাহার পর খুব শব্দ-সাড়া হইল পার্বতী ভয়ানক উচ্চকণ্ঠে চেচাইয়া হাততালি দিয়া মাটিতে লুটাইয়া পড়িল সদ্যঃনিদ্রোখিত গোবিন্দ পণ্ডিত রক্তনেত্রে একেবারে উঠিয়া দীড়াইলেন; দেখিলেন, গাছতলায় ছেলের দল একেবারে সার বাঁধিয়া হৈহৈ শব্দে ছুটিয়া চলিয়াছে, এবং তখনি চক্ষে পড়িল যে, ভগ্ন বেঞ্চের উপর একজোড়া পা নাচিয়া বেড়াইতেছে এবং চুনের মধ্যে আগ্নেয়গিরির অগ্যুৎপাত হইতেছে চীৎকার করিলেন, কি- কি-কি রে"
sarat chandra chattopadhyay,বলিবার মধ্যে শুধু পার্বতী ছিল
sarat chandra chattopadhyay,কিন্তু সে তখন ভূমিতলে লুটাইতেছে এবং করতালি দিতেছে
sarat chandra chattopadhyay,"পণ্ডিত মহাশয়ের বিফল প্রশ্ন ত্রুদ্ধভাবে ফিরিয়া গেল, কি কি-কি রে"
sarat chandra chattopadhyay,"তাহার পর খথ্বেতমূর্তি ভোলানাথ চুন ঠেলিয়া উঠিয়া দীড়াইল মহাশয় আবার চীৎকার করিলেন, গুয়োটা তুই"
sarat chandra chattopadhyay,দেবা শালা-ঠেলে- আ্যা-আ্যা- মণকষা- আবার
sarat chandra chattopadhyay,"কিন্তু পরক্ষণেই সমস্ত ব্যাপারটা বুঝিয়া লইয়া, মাদুরের উপর উপবেশন করিয়া প্রশ্ন করিলেন, দেবা ঠেলে ফেলে দিয়ে পালিয়েচে"
sarat chandra chattopadhyay,"ভুলো আরো কীদিতে লাগিল- আ্যা-আ্যা- আ্যা- তাহার পর অনেকক্ষণ ধরিয়া চুন ঝাড়াঝাড়ি হইল, কিন্তু সাদা এবং কাল রঙে সর্দার-পোড়োকে কতকটা ভূতের মত দেখাইতে লাগিল এবং তখনও তাহার ভ্রন্দনের নিবৃত্তি হইল না"
sarat chandra chattopadhyay,"বলিলেন, দেবা ঠেলে ফেলে পালিয়েচে"
sarat chandra chattopadhyay,"ভুলো বলিল- আ্যা- আ্যা পণ্ডিত বলিলেন, এর শোধ নেব"
sarat chandra chattopadhyay,"ভুলো কহিল, আ্যা-আ্যা-আ্যা পণ্ডিত প্রশ্ন করিলেন, ছোৌড়াটা কোথায় তাহার পর ছেলেদের দল রক্তমুখে হাপাইতে হাপাইতে ফিরিয়া আসিয়া জানাইল, দেবাকে ধরা গেল না উঃ- যে ইট ছোড়ে"
sarat chandra chattopadhyay,"আর একজন বালক পূর্বকথার প্রতিধ্বনি করিল-উঃ- যে- থাম বেটা সে ঢোক গিলিয়া একপাশে সরিয়া গেল ৷ নিষ্ফল-ক্রোধে পণ্তিতমশাই প্রথমে পার্বতীকে খুব ধমকাইয়া উঠিলেন; তাহার পর ভোলানাথের হাত ধরিয়া কহিলেন, চল্, একবার কাছাড়িবাড়িতে কর্তাকে বলে আসি ইহার অর্থ এই যে, জমিদার নারায়ণ মুখুয্যের নিকট তাহার পুত্রের আচরণের নালিশ করিবেন তখন বেলা তিনটা আন্দাজ হইয়াছিল নারায়ণ মুখুয্যেমশায় বাহিরে বসিয়া গড়গড়ায় তামাক খাইতেছিলেন এবং একজন হাতপাখা লইয়া বাতাস করিতেছিল সছাত্র পণ্তিতের অসময় আগমনে কিছু বিস্মিত হইয়া কহিলেন, গোবিন্দ যে"
sarat chandra chattopadhyay,গোবিন্দ জাতিতে কায়স্থ ভূমিষ্ঠ হইয়া প্রণাম করিয়া ভুলোকে দেখাইয়া সমস্ত কথা সবিস্তারে বর্ণনা করিলেন
sarat chandra chattopadhyay,"মুখুয্যেমশায় বিরক্ত হইলেন; বলিলেন, তাইত, দেবদাস যে শাসনের বাইরে গেছে দেখচি"
sarat chandra chattopadhyay,"কি করি, আপনি হুকুম করুন৷ জমিদারবাবু নলটা রাখিয়া দিয়া কহিলেন, কোথা গেল সে"
sarat chandra chattopadhyay,"যারা ধরতে গিয়েছিল, তাদের ইট মেরে তাড়িয়েচে"
sarat chandra chattopadhyay,তাহারা দুইজনেই কিছুক্ষণ চুপ করিয়া রহিলেন
sarat chandra chattopadhyay,"নারায়ণবাবু বলিলেন, বাড়ি এলে যা হয় গোবিন্দ ছাত্রের হাত ধরিয়া পাঠশালায় ফিরিয়া গিয়া মুখ ও চোখের ভাবভঙ্গীতে সমস্ত পাঠশালা সন্ত্রাসিত করিয়া তুলিলেন এবং প্রতিজ্ঞা করিলেন যে, দেবদাসের পিতা সে অঞ্চলের জমিদার হইলেও তাহাকে আর পাঠশালে ঢুকিতে দিবেন না"
sarat chandra chattopadhyay,"সেদিন পাঠশালার ছুটি কিছু পূর্বেই হইল; যাইবার সময় ছেলেরা অনেক কথা বলাবলি করিতে লাগিল একজন কহিল, উঃ"
sarat chandra chattopadhyay,"আর একজন কহিল, ভুলোকে আচ্ছা জব্দ উঃ, কি ঢিল ছোড়ে"
sarat chandra chattopadhyay,"আর একজন ভূুলোর তরফ হইতে কহিল,- ভুলো শোধ নেবে দেখিস ইস্-সে ত আর পাঠশালায় আসবে না যে শোধ নেবে"
sarat chandra chattopadhyay,"এই ক্ষুদ্র দলটির একপাশে পার্বতীও বই-শ্লেট লইয়া বাড়ি আসিতেছিল সে নিকটবতী একজন ছেলের হাত ধরিয়া জিজ্ঞাসা করিল, মণি, দেবদাদাকে আর পাঠশালায় সত্যি আসতে দেবে না"
sarat chandra chattopadhyay,পার্বতী সরিয়া গেল- -কথাটা তার বরাবরই ভাল লাগে নাই
sarat chandra chattopadhyay,"পার্বতীর পিতার নাম নীলকণ্ঠ চক্রবর্তী ৷ চক্রবর্তী মহাশয় জমিদারের প্রতিবেশী অর্থাৎ মুখুয্যে মহাশয়ের খুব বড় বাড়ির পার্শ্বে তাহার ছোট এবং পুরাতন সেকেলে ইটের বাড়ি তাহার দু-দশ বিঘা জমিজমা আছে, দু-চার ঘর যজমান আছে, জমিদারবাড়ির আশা-প্রত্যাশাটা আছে,- বেশ স্বচ্ছন্দ পরিবার--বেশ দিন কাটে প্রথমে ধর্মদাসের সহিত পার্বতীর সাক্ষাৎ হইল"
sarat chandra chattopadhyay,সে দেবদাসের বাটার এক বৎসর বয়স হইতে আজ দ্বাদশবর্ষ বয়স পর্যন্ত তাহাকে লইয়াই আছে- পাঠশালায় পৌঁছিয়া দিয়া আসে এবং ছুটির সময় সঙ্গে করিয়া বাটী ফিরাইয়া আনে
sarat chandra chattopadhyay,"কাজটি সে যথানিয়মে প্রত্যহ করিয়াছে এবং আজিও সেইজন্যই পাঠশালায় যাইতেছিল পার্বতীকে দেখিয়া কহিল, কৈ পারু, তোর দেবদাদা কোথায়"
sarat chandra chattopadhyay,"পালিয়ে গেছে ধর্মদাস ভয়ানক আশ্চর্য হইয়া বলিল, পালিয়ে গেছে কি রে"
sarat chandra chattopadhyay,"তখন পার্বতী ভোলানাথধের দুর্দশার কথা মনে করিয়া আবার নূতন করিয়া হাসিতে শুরু করিল,-দেখ্ ধর্ম, দেবদা- হি হি হি- একেবারে চুনের গাদায়- হি হি- হু হু--একেবারে ধন্ম চিৎ করে ধর্মদাস সব কথা বুঝিতে না পারিলেও হাসি দেখিয়া খানিকটা হাসিয়া লইল; পরে হাস্য সংবরণ করিয়া জিদ করিয়া কহিল, বল না পারু, কি হয়েচে"
sarat chandra chattopadhyay,"দেবদা ঠেলে ফেলে দিয়ে- ভুলোকে- চুনের গাদায়- হি হি হি ধর্মদাস এবার বাকীটা বুঝিয়া লইল এবং অতিশয় চিন্তিত হইল; বলিল, পারু সে এখন কোথায় আছে জানিস"
sarat chandra chattopadhyay,তুই জানিস- বলে দে আহা তার বোধ হয় খুব খিদে পেয়েচে
sarat chandra chattopadhyay,তা ত পেয়েচে- আমি কিন্তু বলব কেন বলবি নে
sarat chandra chattopadhyay,বললে আমাকে বড় মারবে আমি খাবার দিয়ে আসব
sarat chandra chattopadhyay,"হইল- কহিল, তা দিয়ে আসিস, আর সন্ধ্যের আগে ভূুলিয়ে-ভালিয়ে বাড়ি ডেকে আনিস আনব বাটাতে আসিয়া পার্বতী দেখিল, তাহার মা এবং দেবদাসের মা উভয়েই সব কথা শুনিয়াছেন তাহাকেও এ কথা জিজ্ঞাসা করা হইল ৷ হাসিয়া গম্ভীর হইয়া সে যতটা পারিল কহিল তাহার পর আঁচলে মুড়ি বাঁধিয়া জমিদারদের একটা আমবাগানের ভিতর প্রবেশ করিল বাগানটা তাহাদেরই বাটার নিকটে, এবং ইহারই একান্তে একটা ছিল সে জানিত, লুকাইয়া তামাক খাইবার জন্য দেবদাস এই বীশঝাড়ের মধ্যে কতকটা স্থান পরিষ্কার করিয়া রাখিয়াছিল পলাইয়া লুকাইয়া থাকিতে হইলে ইহাই তাহার গুপ্তস্থান"
sarat chandra chattopadhyay,"ভিতরে প্রবেশ করিয়া পার্বতী দেখিল, বাশঝোপের মধ্যে দেবদাস ছোট একটা হুঁকা-হাতে বসিয়া আছে এবং বিজ্ঞের মত ধূমপান করিতেছে"
sarat chandra chattopadhyay,মুখখানা বড় গষ্ভীর- যথেষ্ট দুর্ভাবনার চিহ্ন তাহাতে প্রকাশ পাইতেছে
sarat chandra chattopadhyay,"পার্বতীকে দেখিতে পাইয়া সে খুব খুশী হইল, কিন্তু বাহিরে প্রকাশ করিল না তামাক টানিতে টানিতে গল্ভীরভাবেই কহিল, আয় পার্বতী কাছে আসিয়া বসিল আচলে যাহা বীধা ছিল, তৎক্ষণাৎ দেবদাসের চক্ষে পড়িল"
sarat chandra chattopadhyay,"কোন কথা জিজ্ঞাসা না করিয়া সে তাহা খুলিয়া খাইতে আরম্ভ করিয়া কহিল, পারু, পণ্তিতমশাই কি বললে রে"
sarat chandra chattopadhyay,"দেবদাস নামাইয়া চক্ষু বিস্ফারিত করিয়া কহিল, বাবাকে বলে দিয়েচে"
sarat chandra chattopadhyay,তোমাকে আর পাঠশালায় যেতে দেবে না
sarat chandra chattopadhyay,"এই সময়ে তাহার খাদ্যদ্রব্য প্রায় ফুরাইয়া আসিল, দেবদাস পার্বতীর মুখপানে চাহিয়া বলিল, সন্দেশ দে সন্দেশ ত আনিনি"
sarat chandra chattopadhyay,"বিরক্ত হইয়া দেবদাস কহিল, কিছুই নেই, এসেচিস কেন"
sarat chandra chattopadhyay,"তাহার পার্বতীর ভাল লাগিল না; কহিল, আমি আবার যেতে পারিনে- তুমি খেয়ে আসবে আমি কি এখন যেতে পারি"
sarat chandra chattopadhyay,"এইখানে থাকব, তারপর চলে যাব- পার্বতীর মনটা খারাপ হইয়া গেল দেবদাসের আপাত-বৈরাগ্য দেখিয়া এবং কথাবার্তা শুনিয়া তাহার চোখে জল আসিতেছিল,- - কহিল, দেবদা, আমিও যাব"
sarat chandra chattopadhyay,"পার্বতী মাথা নাড়িয়া কহিল, যাবই- না,- যেতে হবে না- তুই আগে জল নিয়ে আয়- পার্বতী আবার মাথা নাড়িয়া বলিল, আমি যাবই- আগে জল নিয়ে আয়- আমি যাব না- তুমি তা হলে পালিয়ে যাবে"
sarat chandra chattopadhyay,"কিন্তু পার্বতী কথাটা বিশ্বাস করিতে পারিল না, তাই বসিয়া রহিল দেবদাস পুনরায় হুকুম করিল, যা বলচি"
sarat chandra chattopadhyay,আমি যেতে পারব রাগ করিয়া দেবদাস পার্বতীর চুল ধরিয়া টান দিয়া ধমক দিল- যা বলচি
sarat chandra chattopadhyay,পার্বতী চুপ করিয়া রহিল তারপর তাহার পিঠে একটা কিল পড়িল- যাবিনে
sarat chandra chattopadhyay,পার্বতী কাদিয়া ফেলিল--আমি কিছুতেই যাব দেবদাস একদিকে চলিয়া গেল
sarat chandra chattopadhyay,"পার্বতীও কাঁদিতে একেবারে দেবদাসের পিতার সুমুখে আসিয়া উপস্থিত হইল ৷ মুখুয্যেমশাই পার্বতীকে বড় ভালবাসিতেন বলিলেন, পারু, কাদচিস কেন মা"
sarat chandra chattopadhyay,"বীশবাগানে বসে তামাক খাচ্ছিল একে পণ্ডিত মহাশয়ের আগমন হইতেই তিনি চটিয়া বসিয়াছিলেন- -এখন এই সংবাদটা তাহাকে একেবারে অগ্নিমূর্তি করিয়া দিল বলিলেন, দেবা বুঝি আবার তামাক খায়"
sarat chandra chattopadhyay,"হা খায়, রোজ বীাশবাগানে তার হুঁকো নুকোন আছে- এতদিন আমাকে বলিস নি কেন"
sarat chandra chattopadhyay,"কথাটা কিন্তু ঠিক তাই নহে প্রকাশ করিলে দেবদাস পাছে শাস্তি ভোগ করে, এই ভয়ে সে কোন কথা বলে আজ কথাটা শুধু রাগের মাথায় বলিয়া দিয়াছে এই তাহার সবে আট বৎসরমাত্র বয়স--রাগ এখন বড় বেশী; কিন্তু তাই বলিয়া তাহার বুদ্ধি-বিবেচনা নিতান্ত কম ছিল না"
sarat chandra chattopadhyay,"বাড়ি গিয়া বিছানায় শুইয়া অনেকক্ষণ কীদিয়া-কাটিয়া ঘুমাইয়া পড়িল,- সে রাত্রে ভাত পর্যন্ত খাইল না"
sarat chandra chattopadhyay,"দ্বিতীয় পরিচ্ছেদ দেবদাসকে পরদিন খুব মারধর করা হইল-সমস্তদিন ঘরে রুদ্ধ করিয়া রাখা হইল তাহার পর, তাহার জননী যখন ভারী কান্নাকাটি করিতে লাগিলেন, তখন দেবদাসকে ছাড়িয়া দেওয়া হইল পরদিন ভোরবেলায় সে পলাইয়া আসিয়া পার্বতীর ঘরের জানালার নিকট দীড়াইল- ডাকিল, পারু"
sarat chandra chattopadhyay,"পার্বতী জানালা খুলিয়া কহিল, দেবদা"
sarat chandra chattopadhyay,"দেবদাস ইশারা করিয়া বলিল, শিগগির আয় দু'জনে একত্র হইলে দেবদাস বলিল, তামাক খাবার কথা বলে দিলি কেন"
sarat chandra chattopadhyay,তুই জল আনতে গেলি না কেন
sarat chandra chattopadhyay,"পার্বতী চুপ করিয়া রহিল দেবদাস বলিল, তুই বড় গাধা- আর যেন বলে দিসনে ৷ পার্বতী মাথা বলিল, না"
sarat chandra chattopadhyay,"তবে চল্, ছিপ কেটে আনি আজ বাঁধে মাছ ধরতে হবে বাশঝাড়ের নিকট একটা নোনাগাছ ছিল, দেবদাস তাহাতে উঠিয়া পড়িল বহুকষ্টে একটা বাশের ডগা নোয়াইয়া পার্বতীকে ধরিতে দিয়া কহিল, দেখিস যেন ছেড়ে দিসনে, তা হলে পড়ে যাব"
sarat chandra chattopadhyay,"পার্বতী প্রাণপণে টানিয়া ধরিয়া রহিল দেবদাস সেইটা ধরিয়া একটা নোনাডালে পা রাখিয়া, ছিপ কাটিতে লাগিল পার্বতী নীচে হইতে কহিল, দেবদা, পাঠশালে যাবে না"
sarat chandra chattopadhyay,"বাবা আপনি বলেচেন, আমি আর ওখানে পড়ব না"
sarat chandra chattopadhyay,"বাড়িতে পণ্ডিত আসবে পার্বতী একটু চিন্তিত হইয়া উঠিল পরে বলিল, কাল থেকে গরমের জন্য আমাদের সকালবেলা পাঠশালা বসে, আমি এখনি যাব"
sarat chandra chattopadhyay,"দেবদাস উপর হইতে চক্ষু রাঙ্গাইয়া বলিল, না, যেতে হবে না"
sarat chandra chattopadhyay,"এই সময়ে পার্বতী একটু অন্যমনস্ক হইয়া পড়িল,- অমনি বাশের ডগা উপরে উঠিয়া গেল এবং সঙ্গে সঙ্গে দেবদাস নোনাডাল হইতে নীচে পড়িয়া গেল বেশী উঁচু ছিল না বলিয়া তেমন লাগিল না, কিন্তু গায়ে অনেক স্থানে ছড়িয়া গেল নীচে আসিয়া দেবদাস একটা শুষ্ক কঞ্চি তুলিয়া লইয়া পার্বতীর পিঠের উপর, গালের উপর, যেখানে-সেখানে সজোরে ঘা-কতক বসাইয়া দিয়া বলিল, যা, দূর হয়ে প্রথমে পার্বতী নিজেই লজ্জিত হইয়া পড়িয়াছিল; কিন্তু যখন ছড়ির পর ছড়ি ক্রমাগত পড়িতে লাগিল, তখন সে ক্রোধে ও অভিমানে চক্ষু-দুটি আগুনের মত করিয়া কীদিয়া বলিল, এই আমি জ্যাঠামশায়ের কাছে যাচ্ছি দেবদাস রাগিয়া আর এক ঘা বসাইয়া দিয়া বলিল, যা, এখনি বলে দিগে যা--বয়ে গেল পার্বতী চলিয়া গেল যখন অনেকটা গিয়াছে, তখন দেবদাস ডাকিল, পারু"
sarat chandra chattopadhyay,"পার্বতী শুনিয়াও শুনিল না- আরও দ্রুত চলিতে লাগিল দেবদাস আবার ডাকিল, ও পারু, শুনে যা না"
sarat chandra chattopadhyay,"দেবদাস বিরক্ত হইয়া, কতকটা চীৎকার করিয়া, কতকটা আপনার মনে বলিল, যাক-মরুক গে পার্বতী চলিয়া গেলে, দেবদাস যেমন- তেমন করিয়া দুই-একটা ছিপ কাটিয়া লইল তাহার মনটা বিগড়াইয়া গিয়াছিল কাঁদিতে পার্বতী বাড়ি ফিরিয়া আসিল তাহার গালের উপর ছড়ির দাগ নীল হইয়া ফুলিয়া রহিয়াছে প্রথমেই ঠাকুরমার চক্ষে পড়িল তিনি চেঁচাইয়া উঠিলেন- ওগো, মা গো, কে এমন করে মারলে"
sarat chandra chattopadhyay,"চোখ মুছিতে মুছিতে পার্বতী কহিল, পণ্তিতমশাই ঠাকুরমা তাহাকে লইয়া ভয়ানক হইয়া কহিলেন, চল্ ত একবার নারাণের কাছে যাই, দেখি সে কেমন পণ্ডিত"
sarat chandra chattopadhyay,আহা- বাছাকে একেবারে মেরে ফেলেচে
sarat chandra chattopadhyay,"পার্বতী পিতামহীর গলা জড়াইয়া কহিল, চল মুখুয্যে মহাশয়ের নিকট আসিয়া পিতামহী পণ্ডিত মহাশয়ের অনেকগুলি পুরুষের উল্লেখ করিয়া তাহাদিগের পারলৌকিক অশুভ ইচ্ছা প্রকাশ করিলেন এবং খাদ্যদ্রব্যেরও তেমন ভাল ব্যবস্থা করিলেন না"
sarat chandra chattopadhyay,"শেষে স্বয়ং গোবিন্দকে নানামতে গালি পাড়িয়া বলিলেন, নারাণ, দেখ ত মিনসের আস্পর্ধা"
sarat chandra chattopadhyay,শুদ্দুর হয়ে বামুনের মেয়ের গায়ে হাত তোলে
sarat chandra chattopadhyay,কি করে মেরেচে একবার দেখ বলিয়া গালের উপর নীল দাগগুলা বৃদ্ধা অত্যন্ত বেদনার সহিত দেখাইতে লাগিলেন
sarat chandra chattopadhyay,"নারায়ণবাবু তখন পার্বতীকে প্রশ্ন করিলেন, কে মেরেচে পারু"
sarat chandra chattopadhyay,"পার্বতী চুপ করিয়া রহিল তখন ঠাকুরমাই আর একবার চীৎকার করিয়া বলিলেন, আবার কে"
sarat chandra chattopadhyay,পার্বতী এবারও কথা কহিল না
sarat chandra chattopadhyay,"মুখুয্যেমশাই বুঝিলেন, কোন দোষ করার জন্য মার খাইয়াছে- কিন্তু এরূপ আঘাত করা উচিত হয় নাই, প্রকাশ করিয়া তাহাই বলিলেন শুনিয়া পার্বতী পিঠ খুলিয়া বলিল, এখানেও মেরেচে পিঠের দাগগুলা আরও স্পষ্ট, আরো গুরুতর ৷ তাই দু'জনেই নিতান্ত ক্রুদ্ধ হইয়া গেলেন"
sarat chandra chattopadhyay,"পণ্ডিত মহাশয়কে ডাকিয়া কৈফিয়ত তলব করিবেন, মুখুয্যে মহাশয় এরূপ অভিসন্ধিও প্রকাশ করিলেন; এবং স্থির হইল যে, এরূপ পণ্ডিতের নিকট ছেলেমেয়ে পাঠান উচিত নহে"
sarat chandra chattopadhyay,"রায় শুনিয়া পার্বতী খুশী হইয়া ঠাকুরমার কোলে চড়িয়া বাড়ি ফিরিয়া আসিল বাটীতে পৌছিয়া পার্বতী জননীর জেরায় পড়িল তিনি ধরিয়া বসিলেন, কেন মেরেচে বল্"
sarat chandra chattopadhyay,"পার্বতী বলিল, মিছিমিছি মেরেচে জননী কন্যার খুব করিয়া কান দিয়া বলিলেন, মিছিমিছি কেউ কখন মারে"
sarat chandra chattopadhyay,"দালান দিয়া সেই সময় শাশুড়ী যাইতেছিলেন, তিনি ঘরের চৌকাঠের কাছে আসিয়া বলিলেন, বৌমা, মা হয়ে তুমি মিছিমিছি মারতে পার, আর সে মুখপোড়া পারে না"
sarat chandra chattopadhyay,"বৌমা বলিল, শুধু-শুধু কখনো মারেনি যে শান্ত মেয়ে কি করেচে, তাই মার খেয়েচে শাশুড়ী বিরক্ত হইয়া বলিলেন- আচ্ছা, তাই নাহয় হলো, কিন্তু ওকে আর আমি পাঠশালে যেতে দেব একটু লেখাপড়া শিখবে না"
sarat chandra chattopadhyay,"একটা-আধটা চিঠিপত্র লিখতে পারলে, দু'ছত্র রামায়ণ-মহাভারত পড়তে শিখলেই ঢের পার কি তোমার জজিয়তি করবে, না উকিল হবে"
sarat chandra chattopadhyay,"বৌমা অগত্যা চুপ করিয়া রহিল সেদিন দেবদাস বড় ভয়ে-ভয়েই বাড়িতে প্রবেশ করিল পার্বতী যে ইতিমধ্যে সমস্তই বলিয়া দিয়াছে, তাহাতে তাহার আর কিছুমাত্র সংশয় ছিল না"
sarat chandra chattopadhyay,"কিন্তু বাড়ি আসিয়া যখন তাহার অণুমাত্র আভাসও প্রকাশ পাইল না, বরঞ্চ মায়ের কাছে শুনিতে পাইল- আজ গোবিন্দ পণ্ডিত পার্বতীকেও অত্যন্ত প্রহার করিয়াছে, তাই আর সে পাঠশালায় যাইবে না-তখন আনন্দের আতিশয্যে তাহার ভাল করিয়া আহার করাই হইল না; কোনমতে নাকে-মুখে গুঁজিয়া পার্বতীর কাছে ছুটিয়া আসিয়া হাফাইতে হাফাইতে বলিল, তুই আর পাঠশালে যাবিনে"
sarat chandra chattopadhyay,"আমি বললুম, মেরেচে দেবদাস খুব একগাল হাসিয়া, তাহার পিঠ ঠুকিয়া দিয়া মত প্রকাশ করিল যে, তাহার মত বুদ্ধিমতী এ পৃথিবীতে আর তাহার পর ধীরে ধীরে সে পার্বতীর গালের নীল দাগগুলি সযত্নে পরীক্ষা করিয়া নিঃশ্বাস ফেলিয়া কহিল, আহা"
sarat chandra chattopadhyay,"পার্বতী একটু হাসিয়া মুখপানে চাহিয়া বলিল, কি"
sarat chandra chattopadhyay,"বড় লেগেচে, না রে পারু"
sarat chandra chattopadhyay,"আহা, কেন অমন করিস, তাই ত রাগ হয়- তাই ত মারি"
sarat chandra chattopadhyay,"পার্বতীর চোখে জল আসিল; মনে ভাবিল জিজ্ঞাসা করে, কি করি"
sarat chandra chattopadhyay,"দেবদাস তাহার মাথায় হাত রাখিয়া বলিল, আর অমন করো না, কেমন"
sarat chandra chattopadhyay,"দেবদাস আর একবার তাহার পিঠ দিয়া কহিল, আচ্ছা-আর কখনও তোকে আমি মারব না"
sarat chandra chattopadhyay,"তৃতীয় পরিচ্ছেদ দিনের পর দিন যায়- এ দুটি বালক-বালিকার আমোদের সীমা নাই সমস্ত দিন ধরিয়া রোদে রোদে ঘুরিয়া বেড়ায়, সন্ধ্যার সময় ফিরিয়া আসিয়া মারধর খায়, আবার সকালবেলায় ছুটিয়া পলাইয়া যায়--আবার তিরস্কার-প্রহার ভোগ করে রাত্রে নিশ্চিন্ত-নিরুদ্বেগে নিদ্রা যায়; আবার সকাল হয়, আবার পলাইয়া খেলা করিয়া বেড়ায় অন্য বড় কেহ নাই, প্রয়োজনও হয় না"
sarat chandra chattopadhyay,পাড়াময় অত্যাচার উপদ্রব করিয়া বেড়াইতে দুইজনেই যথেষ্ট
sarat chandra chattopadhyay,"সেদিন সূর্যোদয়ের কিছু পরেই দুইজনে বাধে গিয়া নামিয়াছিল বেলা দ্বিপ্রহরে চক্ষু রক্তবর্ণ করিয়া, সমস্ত জল ঘোলা করিয়া,পনরটা পুঁটিমাছ ধরিয়া যোগ্যতা অনুসারে ভাগ করিয়া লইয়া বাটী ফিরিয়া আসিল পার্বতীর জননী কন্যাকে রীতিমত প্রহার করিয়া ঘরে আবদ্ধ করিয়া রাখিলেন দেবদাসের কথা ঠিক জানি না; কেননা এ-সব কাহিনী সে কিছুতেই প্রকাশ করে না"
sarat chandra chattopadhyay,"তবে পার্বতী যখন বসিয়া খুব করিয়া কাদিতেছিল, তখন-- বেলা দুইটা-আড়াইটার সময়, একবার জানালার নীচে আসিয়া অতি মৃদুকণ্ঠে ডাকিয়াছিল, পারু, ও পারু"
sarat chandra chattopadhyay,"পার্বতী বোধ হয় শুনিতে পাইয়াছিল, কিনু রাগ করিয়া উত্তর দেয় নাই"
sarat chandra chattopadhyay,তাহার পর সমস্ত দিনটা সে অদূরবর্তী একটা টাপাগাছে বসিয়া কাটাইয়া দিয়াছিল; এবং সন্ধ্যার পর বহু পরিশ্রমে ধর্মদাস তাহাকে নামাইয়া আনিতে পারিয়াছিল ৷ তবে শুধু সেই দিনটা মাত্র
sarat chandra chattopadhyay,"পরদিন পার্বতী সকালবেলা হইতে দেবদাদার প্রতীক্ষায় উন্মুখ হইয়া রহিল, কিন্তু দেবদাস আসিল না- সে পিতার সহিত নিকটবতী গ্রামে নিমন্ত্রণ রাখিতে গিয়াছিল দেবদাস যখন আসিল না, পার্বতী তখন ক্ষু্রমনে একাকী বাটার বাহির হইয়া পড়িল ৷ কাল বাধে নামিবার সময় দেবদাস তিনটা টাকা পার্বতীকে রাখিতে দিয়াছিল- পাছে হারাইয়া যায়"
sarat chandra chattopadhyay,আচলে সে টাকা-তিনটা বাধা ছিল
sarat chandra chattopadhyay,"সে আচল ঘুরাইয়া, নিজে ঘুরিয়া বহুক্ষণ একা কাটাইয়া দিল সঙ্গীসাী কেহ মিলিল না; কেননা তখন সকালবেলায় পাঠশালা বসে"
sarat chandra chattopadhyay,"পার্বতী তখন ওপাড়ায় চলিল সেখানে মনোরমাদের বাড়ি মনোরমা পাঠশালে পড়ে, বয়সে কিছু বড়, কিন্তু পারুর বন্ধু"
sarat chandra chattopadhyay,"অনেকদিন দেখাশুনা আজ সময় পাইয়া পার্বতী ওপাড়ায় তাহাদের বাটীতে প্রবেশ করিয়া ডাকিল, মনো, বাড়ি আছিস"
sarat chandra chattopadhyay,সে ত পাঠশালায় গেছে- তুমি যাওনি
sarat chandra chattopadhyay,"আমি পাঠশালায় যাইনি- দেবদাও যায় মনোরমার পিসীমাতা হাসিয়া কহিলেন,- তবে ভাল"
sarat chandra chattopadhyay,"তুমিও যাও না, দেবদাদাও যায় না"
sarat chandra chattopadhyay,আমরা কেউ যাইনে সে ভাল কথা; কিন্তু মনো পাঠশালায় গেছে
sarat chandra chattopadhyay,"পিসীমা বসিতে বলিলেন, কিন্তু পার্বতী ফিরিয়া আসিল পথে রসিক পালের দোকানের কাছে তিনজন বৈষ্ণবী রসকলি পরিয়া খঞ্জনী-হাতে ভিক্ষায় চলিয়াছিল, পার্বতী তাহাদিগকে ডাকিয়া বলিল, ও বোষ্টমী"
sarat chandra chattopadhyay,একজন ফিরিয়া চাহিল-জানি বৈ কি বাছা
sarat chandra chattopadhyay,"তবে গাও না তখন তিনজনেই ফিরিয়া দাড়াইল একজন কহিল, অমনি কি গান হয় মা, ভিক্ষে দিতে চল, তোমাদের বাড়ি গিয়ে গা'ব"
sarat chandra chattopadhyay,"না, এইখানে গাও পয়সা দিতে হয় যে মা"
sarat chandra chattopadhyay,"পার্বতী আচল দেখাইয়া কহিল, পয়সা নেই টাকা আছে"
sarat chandra chattopadhyay,"আঁচলে বাধা টাকা দেখিয়া তাহারা দোকান হইতে একটু দূরে গিয়া বসিল তাহার পর খঞ্জনী বাজাইয়া তিনজনে গলা মিলাইয়া গান ধরিল কি গান হইল, কি তাহার অর্থ- পার্বতী এ-সব কিছুই বুঝিল না"
sarat chandra chattopadhyay,ইচ্ছা করিলেও হয়ত বুঝিতে পারিত না কিন্তু মনটি তাহার সেই নিমেষে দেবদাদার কাছে ছুটিয়া গিয়াছিল
sarat chandra chattopadhyay,"গান শেষ করিয়া তাহারা কহিল, কৈ, কি ভিক্ষে দেবে দাও তো মা"
sarat chandra chattopadhyay,"পার্বতী আচলের খ্রন্ি খুলিয়া টাকা-তিনটা তাহাদের হাতে দিল তিনজনেই অবাক হইয়া তাহার মুখপানে কিছুক্ষণ চাহিয়া রহিল একজন বলিল, কার টাকা বাছা"
sarat chandra chattopadhyay,দেবদাদার ৷ সে তোমকে মারবে না
sarat chandra chattopadhyay,"পার্বতী একটু ভাবিয়া কহিল, না"
sarat chandra chattopadhyay,"একজন কহিল, বেঁচে থাক মা"
sarat chandra chattopadhyay,"পার্বতী হাসিয়া কহিল, তোমাদের তিনজনের বেশ ভাগে মিলেচে, না গো"
sarat chandra chattopadhyay,"তিনজনেই মাথা নাড়িয়া বলিল, তা মিলেচে"
sarat chandra chattopadhyay,"রাধারানী তোমার ভাল করুন বলিয়া তাহারা আন্তরিক আশীর্বাদ করিয়া গেল, যেন এই দানশীলা ছোট মেয়েটি শাস্তি ভোগ না করে"
sarat chandra chattopadhyay,"পার্বতী সেদিন সকাল সকাল বাড়ি ফিরিয়া আসিল পরদিন সকালবেলাই দেবদাসের সহিত তাহার দেখা হইল ৷ তার হাতে একটা লাটাই ছিল-- তবে ঘুড়ি নাই, সেইটা কিনিতে হইবে পার্বতীকে কাছে পাইয়া কহিল, পারু, টাকা দে ৷ পার্বতীর মুখ শুকাইল,- বলিল, টাকা নেই"
sarat chandra chattopadhyay,বোষ্টমীদের দিয়ে তারা গান গেয়েছিল
sarat chandra chattopadhyay,"সব দিয়ে দিয়েচিসঃ সব তিনটি টাকা ত ছিল দূর গাধা, সব বুঝি দিতে হয়"
sarat chandra chattopadhyay,তিন টাকা না দিলে তিনজনের কি ভাগে মেলে
sarat chandra chattopadhyay,"দেবদাস হইয়া বলিল, আমি হলে দুই টাকা দিতুম, বলিয়া সে লাটাইয়ের বাট দিয়া মাটির উপর আঁচড় কাটিয়া কহিল, তা হলে তারা দশ আনা তের কড়া এক ভাগে পেত পার্বতী ভাবিয়া কহিল, তারা কি তোমার মত আক কষতে জানে"
sarat chandra chattopadhyay,"দেবদাস মণকষা পর্যন্ত পড়িয়াছিল; পার্বতীর কথাটায় খুশী হইয়া কহিল, তা বটে"
sarat chandra chattopadhyay,"পার্বতী দেবদাসের হাত ধরিয়া বলিল, আমি ভেবেছিলুম তুমি আমাকে মারবে, দেবদা"
sarat chandra chattopadhyay,দেবদাস বিস্মিত হইল- মারব কেন
sarat chandra chattopadhyay,"বোষ্টমীরা বলেছিল, তুমি আমাকে মারবে কথা দেবদাস মহা খুশী হইয়া পার্বতীর কীধের উপর ভর দিয়া কহিল, দূর-না দোষ করলে কি আমি মারি"
sarat chandra chattopadhyay,"দেবদাস বোধ হয় মনে করিয়াছিল যে, পার্বতীর এ কাজটা তাহার পিনাল কোডের ভিতরে পড়ে না; কেননা, তিন টাকা তিনজনে বেশ ভাগ করিয়া লইতে পারিয়াছে"
sarat chandra chattopadhyay,"বিশেষতঃ, যে বোষ্টমীরা পাঠশালায় মণকষা পর্যন্ত পড়ে নাই তাহাদিগকে তিন টাকার বদলে দুই টাকা দিলে, তাহাদের প্রতি কতকটা অত্যাচার করা হইত তাহার পর সে পার্বতীর হাত ধরিয়া ঘুড়ি কিনিবার জন্য ছোটবাজারের দিকে চলিল,--লাটাইটা সেইখানে একটা ঝোপের মধ্যে লুকাইয়া রাখিয়া দিল"
sarat chandra chattopadhyay,"চতুর্থ পরিচ্ছেদ এমনি করিয়া এক বৎসর কাটিল বটে, কিন্তু আর কাটিতে চাহে দেবদাসের জননী বড় গোলযোগ করিতে লাগিলেন স্বামীকে ডাকিয়া বলিলেন, দেবা যে চাষা হয়ে গেল,- একটা যা হয় উপায় কর"
sarat chandra chattopadhyay,"তিনি ভাবিয়া বলিলেন, দেবা কলকাতায় যাক নগেনের বাসায় থেকে বেশ পড়াশুনা করতে পারবে নগেনবাবু সম্পর্কে দেবদাসের মাতুল হইতেন কথাটা সবাই শুনিল পার্বতী শুনিয়া ভীত হইয়া উঠিল দেবদাসকে একা পাইয়া তাহার হাত ধরিয়া ঝুলিতে ঝুলিতে বলিল, দেবদা, তুমি বুঝি কলকাতা যাবে"
sarat chandra chattopadhyay,দূর- আমি কিছুতে যাব না
sarat chandra chattopadhyay,আর যদি জোর করে পাঠিয়ে দেন
sarat chandra chattopadhyay,"দেবদাস এই সময় এমন একটা মুখের ভাব করিল, যাহাতে পার্বতী বেশ বুঝিল যে, জোর করিয়া কোন কাজ তাহাকে দিয়া করাইবার জন্য এ পৃথিবীতে কেহ নাই সেও তাহাই অতএব, নিরতিশয় আনন্দে আর একবার তাহার হাত ধরিয়া, আর একবার ঝুলিয়া এ-পাশ ও-পাশ করিয়া মুখপানে চাহিয়া হাসিয়া কহিল, দেখো, যেন যেয়ো না কখ্খন না এ প্রতিজ্ঞা কিন্তু তাহার রহিল না"
sarat chandra chattopadhyay,"তাহার পিতা রীতিমত বকাঝকা করিয়া, এমন কি তিরস্কার ও প্রহার করিয়া ধর্মদাসকে সঙ্গে দিয়া তাহাকে কলিকাতায় পাঠাইয়া দিলেন যাইবার দিন দেবদাস মনের মধ্যে বড় ক্লেশ অনুভব করিল; নূতন স্থানে যাইতেছে বলিয়া তাহার কিছুমাত্র কৌতূহল বা আনন্দ হইল পার্বতী সেদিন তাহাকে কিছুতেই ছাড়িতে চাহে কত কান্নাকাটি করিল, কিন্তু কে তাহার কথা শুনিবে"
sarat chandra chattopadhyay,"প্রথমে অভিমানে কিছুক্ষণ দেবদাসের সহিত কথা কহিল না; কিন্তু শেষে যখন দেবদাস ডাকিয়া বলিল, পারু, আবার শিগগির আসব; যদি না পাঠিয়ে দেয় ত পালিয়ে আসব তখন পার্বতী প্রকৃতিস্থা হইয়া নিজের ক্ষুদ্র হৃদয়ের অনেক কথা কহিয়া শুনাইল তাহার পর ঘোড়ার গাড়ি চড়িয়া, পোর্টমান্টো লইয়া, জননীর আশীর্বাদ ও চক্ষের জলের শেষ বিন্দুটি কপালে টিপের মত পরিয়া দেবদাস চলিয়া গেল৷ তখন পার্বতীর কত কষ্ট হইল; কত চোখের জলের ধারা গাল বহিয়া নীচে পড়িতে লাগিল; কত অভিমানে তাহার বুক ফাটিতে লাগিল প্রথম কয়েকদিন তাহার এইরূপে কাটিল ৷ তাহার পর হঠাৎ একদিন প্রাতঃকালে উঠিয়া দেখিতে পাইল, সমস্তদিনের জন্য তাহার কিছুই করিবার নাই"
sarat chandra chattopadhyay,"ইতিপূর্বে পাঠশালা ছাড়িয়া অবধি প্রাতঃকাল হইতে সন্ধ্যা পর্যন্ত শুধু গোলমালে, হুজুগে কাটিয়া যাইত; কত কি যেন তাহার করিবার আছে,-শুধু সময়ে কুলাইয়া উঠে না"
sarat chandra chattopadhyay,"এখন অনেক সময়, কিন্তু এতটুকু কাজ খুঁজিয়া পায় না"
sarat chandra chattopadhyay,সকালবেলা উঠিয়া কোনদিন চিঠি লিখিতে বসে
sarat chandra chattopadhyay,"বেলা দশটা বাজিয়া যায়, জননী বিরক্ত হইয়া উঠেন; পিতামহী শুনিয়া বলেন, আহা, তা লিখুক সকালবেলা ছুটোছুটি না করিয়া লেখাপড়া করা ভাল আবার যেদিন দেবদাসের পত্র আইসে, সেদিনটি পার্বতীর বড় সুখের দিন সিঁড়ির দ্বারে চৌকাঠের উপর কাগজখানি হাতে লইয়া সারাদিন তাহাই পড়িতে থাকে শেষে মাস-দুই অতিবাহিত হইয়া গেল পত্র লেখা কিংবা পাওয়া আর তত ঘন ঘন হয় না; উৎসাহটা যেন কিছু কিছু কমিয়া আসিয়াছে একদিন পার্বতী সকালবেলায় জননীকে বলিল, মা, আমি আবার পাঠশালায় যাব"
sarat chandra chattopadhyay,"পার্বতী ঘাড় নাড়িয়া বলিল, আমি নিশ্চয় যাব"
sarat chandra chattopadhyay,পাঠশালা যেতে আমি আর কবে তোকে মানা করেচি মা
sarat chandra chattopadhyay,"সেইদিন দ্বিপ্রহরে পার্বতী দাসীর হাত ধরিয়া, বহুদিন-পরিত্যক্ত শ্লেট ও বইখানি খুঁজিয়া বাহির করিয়া, সেই পুরাতন স্থানে গিয়া শান্ত, ধীরভাবে উপবেশন করিল দাসী কহিল, গুরুমশাই, আর মারধর করো না; আপনার ইচ্ছায় পড়তে এসেছে যখন তার ইচ্ছে হবে পড়বে, যখন ইচ্ছা হবে না বাড়ি চলে যাবে"
sarat chandra chattopadhyay,"পণ্ডিত মহাশয় মনে মনে কহিলেন, মুখে বলিলেন, তাই হবে"
sarat chandra chattopadhyay,"একবার তাহার এমন ইচ্ছাও হইয়াছিল যে জিজ্ঞাসা করেন, পার্বতীকেও কেন কলিকাতায় পাঠাইয়া দেওয়া হইল কিন্তু সে কথা কহিলেন না"
sarat chandra chattopadhyay,"পার্বতী দেখিল, সেইখানে সেই বেঞ্চের উপরেই সর্দার-পোড়ো ভুলো বসিয়া আছে"
sarat chandra chattopadhyay,"তাহাকে দেখিয়া প্রথমে একবার হাসি আসিবার মত হইল, , পরক্ষণেই চোখে জল আসিল তাহার পর তাহার ভুলোর উপর বড় রাগ হইল মনে হইল, যেন সে-ই শুধু দেবদাসকে গৃহছাড়া করিয়াছে"
sarat chandra chattopadhyay,"এমন করিয়াও অনেক দিন কাটিয়া অনেক দিনের পর দেবদাস বাটী ফিরিয়া আসিল পার্বতী কাছে ছুটিয়া আসিল- অনেক কথাবার্তা হইল তাহার বেশী কিছু বলিবার ছিল না,- থাকিলেও বলিতে পারিল না"
sarat chandra chattopadhyay,"কিন্তু দেবদাস অনেক কথা কহিল সমস্তই প্রায় কলিকাতার কথা তাহার পর, একদিন গ্রীন্মের ছুটি ফুরাইল দেবদাস আবার কলিকাতায় চলিয়া গেল এবারও কান্নাকাটি হইল বটে, কিন্তু সেবারের মত তাহাতে তেমন গভীরতা রহিল না"
sarat chandra chattopadhyay,"এমনি করিয়া চারি বৎসর কাটিয়া গেল এই কয় বৎসরে দেবদাসের স্বভাবের এত পরিবর্তন হইয়াছে যে, দেখিয়া পার্বতী গোপনে কীদিয়া অনেকবার চক্ষু মুছিল ইতিপূর্বে দেবদাসের যে-সমস্ত গ্রাম্যতা-দোষ ছিল, শহরে বাস করিয়া সে-সব আর একেবারে এখন তাহার বিলাতী জুতা, ভাল জামা, কাপড়, ছড়ি, সোনার ঘড়ি-চেন, বোতাম--এ-সব না হইলে বড় লজ্জা করে"
sarat chandra chattopadhyay,গ্রামে নদীতীরে বেড়াইতে আর সাধ যায় না; বরং তাহার পরিবর্তে বন্দুক-হাতে শিকারে বাহির হইতেই আনন্দ পায়
sarat chandra chattopadhyay,পুঁটিমাছ ধরার বদলে বড় মাছ খেলাইতে ইচ্ছে শুধু কি তাই
sarat chandra chattopadhyay,"সমাজের কথা,রাজনীতির চর্চা,সভা-সমিতি- ক্রিকেট, ফুটবলের আলোচনা হায় রে"
sarat chandra chattopadhyay,"কোথায় সেই পার্বতী, আর তাহাদের সেই তালসোনাপুর গ্রাম"
sarat chandra chattopadhyay,"বাল্যস্মৃতিজড়িত দুই-একটা সুখের কথা যে এখন আর মনে পড়ে না, তাহা নয়- কিন্তু নানা কাজের উৎসাহে সে-সকল আর বেশীক্ষণ হৃদয়ে স্থান পায় না"
sarat chandra chattopadhyay,"পূর্ব বৎসর খ্রীষ্মাবকাশে দেবদাস বিদেশ বেড়াইতে গিয়াছিল, বাটী যায় নাই"
sarat chandra chattopadhyay,"এবার পিতামাতা উভয়েই জিদ করিয়া পত্র লিখিয়াছেন, তাই ইচ্ছা না থাকিলেও দেবদাস বিছানাপত্র বাধিয়া তালসোনাপুর গ্রামের জন্য হাওড়া স্টেশনে আসিয়া উপস্থিত হইল ৷ যেদিন বাটা আসিল, সেদিন তাহার শরীর তেমন ভাল ছিল না, তাই বাহির হইতে পারিল পরদিন পার্বতীদের বাটীতে আসিয়া ডাকিল, খুড়ীমা"
sarat chandra chattopadhyay,"পার্বতীর জননী আদর করিয়া ডকিলেন, এস বাবা, ব'স"
sarat chandra chattopadhyay,"খুড়ীমার সহিত কিছুক্ষণ কথাবার্তার পর দেবদাস জিজ্ঞাসা করিল, পারু কোথায় এ বুঝি ওপরের ঘরে আছে"
sarat chandra chattopadhyay,"দেবদাস উপরে আসিয়া দেখিল, পার্বতী সন্ধ্যাদীপ জ্বালিতেছে; ডাকিল, পারু"
sarat chandra chattopadhyay,"প্রথমে পার্বতী চমকিত হইয়া উঠিল, তারপর প্রণাম করিয়া সরিয়া দীড়াইল কি হচ্ছে পারু"
sarat chandra chattopadhyay,"সে কথা আর বলিবার প্রয়োজন নাই- তাই পার্বতী চুপ করিয়া রহিল তার পর, দেবদাসের লজ্জা করিতে লাগিল- -কহিল, যাই, সন্ধ্যা হয়ে গেল শরীরটা ভাল নয়"
sarat chandra chattopadhyay,"দেবদাস চলিয়া গেল পঞ্চম পরিচ্ছেদ পার্বতী এই তের বছরে পা দিয়াছে- ঠাকুরমাতা এই কথা বলেন এই বয়সে শারীরিক সৌন্দর্য অকস্মাৎ যেন কোথা হইতে ছুটিয়া আসিয়া কিশোরীর সর্বাঙ্গ ছাইয়া ফেলে আত্মীয়স্বজন হঠাৎ একদিন চমকিত হইয়া দেখিতে পান যে, তাহাদের ছোট মেয়েটি বড় হইয়াছে"
sarat chandra chattopadhyay,তখন পাত্রস্থা করিবার জন্য বড় তাড়াহুড়া পড়িয়া যায়
sarat chandra chattopadhyay,চক্রবর্তী-বাড়িতে আজ কয়েক দিবস হইতেই সেই কথার আলোচনা হইতেছে
sarat chandra chattopadhyay,"জননী বড় বিষণ্ন; কথায় কথায় স্বামীকে শুনাইয়া বলেন, , পারুকে আর ত রাখা যায় না"
sarat chandra chattopadhyay,"তাহারা বড়লোক নহেন, তবে ভরসা এই যে, মেয়েটি অতিশয় সুশ্রী"
sarat chandra chattopadhyay,"জগতে রূপের যদি মর্যাদা থাকে, ত পার্বতীর জন্য ভাবিতে হইবে না"
sarat chandra chattopadhyay,"আরও একটা কথা আছে- সেটা এইখানেই বলিয়া রাখি চক্রবর্তী-পরিবারে ইতিপূর্বে কন্যার বিবাহে এতটুকু চিন্তা করিতে হইত না, পুত্রের বিবাহে করিতে হইত কন্যার বিবাহে পণ গ্রহণ করিতেন এবং পুত্রের বিবাহে পণ দিয়া মেয়ে ঘরে আনিতেন নীলকণ্ঠের পিতাও তাহার কন্যার বিবাহে অর্থ গ্রহণ করিয়াছিলেন কিছু নীলকণ্ঠ স্বয়ং এ প্রথাটাকে ঘৃণা করিতেন তাহার আদৌ ইচ্ছা ছিল না যে, পার্বতীকে বিক্রয় করিয়া অর্থলাভ করিবেন পার্বতীর জননী এ কথা জানিতেন; তাই স্বামীকে কন্যার জন্য তাগাদা করিতেন ইতিপূর্বে পার্বতীর জননী মনে মনে একটা দুরাশাকে স্থান দিয়াছিলেন- ভাবিয়াছিলেন, দেবদাসের সহিত যদি কোন সূত্রে কন্যার বিবাহ ঘটাইতে পারেন"
sarat chandra chattopadhyay,"আশা যে নিতান্ত অসম্ভব, তাহা মনে হইত ভাবিলেন, দেবদাসকে অনুরোধ করিলে বোধ হয় কোন সুরাহা হইতে পারে তাই বোধ হয় নীলকণ্ঠের জননী কথায় কথায় দেবদাসের মাতার কাছে কথাটা এইরূপে পাড়িয়াছিলেন- আহা বৌমা, দেবদাসে আর আমার পারুতে কি ভাব"
sarat chandra chattopadhyay,এমনটি কৈ কোথাও ত দেখা যায় না
sarat chandra chattopadhyay,"দেবদাসের জননী বলিলেন, তা আর হবে না খুড়ী, দু'জনে ভাইবোনের মতই যে একসঙ্গে মানুষ হয়ে এসেচে হা মা হা- তাইত মনে হয়, যদি দু'জনের--এই দেখ না কেন বৌমা, দেবদাস যখন কলকাতায় গেল, বাছা তখন সবে আট বছরের; সেই বয়সেই ভেবে ভেবে যেন কাঠ হয়ে গেল দেবদাসের একখানা চিঠি এলে, সেখানা যেন একেবারে ওর জপমালা হয়ে উঠত আমরা সবাই ত তা জানি"
sarat chandra chattopadhyay,"দেবদাসের জননী মনে মনে সমস্ত বুঝিলেন একটু হাসিলেন এ হাসিতে কতটুকু প্রচ্ছন্ন ছিল জানি না, কিন্তু, বেদনা অনেকখানি ছিল তিনিও সব কথা জানিতেন, পার্বতীকে ভালও বাসিতেন"
sarat chandra chattopadhyay,কিন্তু বেচা-কেনা ঘরের মেয়ে যে
sarat chandra chattopadhyay,তার ওপর আবার ঘরের পাশে কুটুম্ব
sarat chandra chattopadhyay,"বলিলেন, , কর্তার ত একেবারে ইচ্ছা নয় এই ছেলেবেলায়, বিশেষ পড়াশুনার সময়ে দেবদাসের বিয়ে তাই ত কর্তা আমাকে এখনও বলেন, বড়ছেলে দ্বিজদাসের ছেলেবেলায় বিয়ে দিয়ে কি সর্বনাশটাই করলে লেখাপড়া একেবারেই হল না পার্বতীর ঠাকুরমা একেবারে অপ্রতিভ হইয়া পড়িলেন তবুও কহিলেন, তা ত সব জানি বৌমা, কিন্তু কি জান- পারু, ষেটের বাছা একটু অমনি বেড়েচেও বটে, আর বাড়ন্ত গড়নও বটে, তাইতে- তাইতে- যদি নারাণের অমত- দেবদাসের জননী বাধা দিলেন; বলিলেন, না খুড়ী, এ কথা আমি তাকে বলতে পারব না"
sarat chandra chattopadhyay,দেবদাসের এ সময়ে বিয়ের কথা পাড়লে তিনি কি আমার মুখ দেখবেন
sarat chandra chattopadhyay,কথাটা এইখানেই চাপা পড়িয়া গেল কিন্তু স্ত্রীলোকের পেটে কথা থাকে না
sarat chandra chattopadhyay,"দেবদাসের জননী কর্তার খাবার সময় কথাটা পাড়িয়া বলিলেন, পারুর ঠাকুমা আজ তার বিয়ের কথা পেড়েছিলেন"
sarat chandra chattopadhyay,"কর্তা মুখ তুলিলেন; বলিলেন, হী, পারুর বয়স হল বটে; শীঘ্র বিবাহ দেওয়াই কর্তব্য তাইতে ত আজ কথা পেড়েছিলেন বললেন, দেবদাসের সঙ্গে যদি স্বামী ভ্রকুঞ্চিত করিলেন, তুমি কি বললে"
sarat chandra chattopadhyay,"দু'জনের বড় ভাব; কিন্তু তাই বলে কি বেচা-কেনা, চক্রবর্তী-ঘরের মেয়ে আনতে পারি"
sarat chandra chattopadhyay,তাতে আবার বাড়ির পাশে কুটুম্ব ছি ছি
sarat chandra chattopadhyay,"কর্তা সভতুষ্ট হইলেন; কহিলেন, ঠিক তাই কুলের কি মুখ হাসাব"
sarat chandra chattopadhyay,"এ-সব কথায় কান দিও গৃহিণী শুষ্কহাসি হাসিয়া কহিলেন, কান দিইনে; কিন্তু তুমিও যেন ভুলে যেয়ো কর্তা গম্ভীরমুখে ভাতের গ্রাস তুলিয়া বলিলেন, তা হলে এতবড় জমিদারি কোন্কালে উড়ে যেত"
sarat chandra chattopadhyay,"জমিদারি তাহার চিরদিন থাকুক, তাহতে আপত্তি নাই; কিন্তু পার্বতীর দুঃখের কথাটা বলি যখন এই প্রস্তাবটা নিতান্ত অগ্রাহ্য হইয়া নীলকণ্ঠের কানে গেল, তখন তিনি মাকে ডাকিয়া তিরস্কার করিয়া বলিলেন, মা, কেন এমন কথা বলতে গিয়েছিলে"
sarat chandra chattopadhyay,"মা চুপ করিয়া নীলকণ্ঠ কহিতে লাগিলেন, মেয়ের বিয়ে দিতে আমাদের পায়ে ধরে বেড়াতে হয় না, বরং অনেকেই আমার পায়ে ধরবে মেয়ে আমার কুৎসিত নয়"
sarat chandra chattopadhyay,"দেখো, তোমাদের বলে রাখলুম- এক হপ্তার মধ্যেই আমি সম্বন্ধ স্থির করে ফেলবো বিয়ের ভাবনা কি"
sarat chandra chattopadhyay,"কিন্তু যাহার জন্য পিতা এতবড় কথাটা বলিলেন, তাহার যে মাথায় বাজ ভাঙ্গিয়া পড়িল ছোটবেলা হইতে তাহার একটা ধারণা ছিল যে, দেবদাদার উপর তাহার একটু অধিকার আছে"
sarat chandra chattopadhyay,"অধিকার কেহ যে হাতে তুলিয়া দিয়াছে, তাহা নয়"
sarat chandra chattopadhyay,"প্রথম সে নিজেও ঠিকমত কিছুই বুঝিতে পারে নাই,- অজ্ঞাতসারে, অশান্ত মন দিনে দিনে এই অধিকারটি এমন নিঃশব্দে অথচ এতই দৃঢ় করিয়া প্রতিষ্ঠিত করিয়া লইয়াছিল যে, বাহিরে যদিও একটা বাহ্য আকৃতি তাহার এতদিন চোখে পড়ে নাই, কিন্তু আজ এই হারানোর কথা উঠিতেই তাহার সমস্ত হৃদয় ভরিয়া একটা ভয়ানক তুফান উঠিতে লাগিল কিন্তু দেবদাসের সম্বন্ধে এই কথাটা ঠিক খাটানো যায় না"
sarat chandra chattopadhyay,"ছেলেবেলায় যখন সে পার্বতীর উপর দখল পাইয়াছিল, তখন তাহা সে পরিপূর্ণভাবেই উপভোগ করিয়াছিল কিন্তু কলিকাতায় গিয়া কর্মের উৎসাহে ও অন্যান্য আমোদ-আরলাদের মধ্যে পার্বতীকে সে অনেকটা ছাড়িয়াই দিয়াছিল কিন্তু সে জানিত না যে, পার্বতী তাহার সেই একঘেয়ে গ্রাম্য-জীবনের মধ্যে নিশিদিন শুধু তাহাকেই ধ্যান করিয়া আসিয়াছে"
sarat chandra chattopadhyay,"সে ভাবিত, ছেলেবেলা হইতে যাহাকে নিতান্ত আপনার বলিয়াই জানিয়াছিল, ন্যায়-অন্যায় সমস্ত আবদারই এতদিন যাহার উপর খাটাইয়া লইয়াছে, যৌবনের প্রথম ধাপটিতে পা দিয়াই তাহা হইতে এমন অকস্মাৎ পিছলাইয়া পড়িতে হইবে না কিন্তু তখন কে ভাবিত বিবাহের কথা"
sarat chandra chattopadhyay,কে জানিত সেই কিশোর-বন্ধন বিবাহ ব্যতীত কোনমতেই চিরস্থায়ী করিয়া রাখা যায় না
sarat chandra chattopadhyay,"বিবাহ হইতে পারে , এই সংবাদটা হৃদয়ের সমস্ত আশা-আকাঙ্ক্ষা তাহার বুকের ভিতর হইতে যেন ছিড়িয়া ফেলিবার জন্য টানাটানি করিতে লাগিল কিন্তু দেবদাসকে সকালবেলাটায় পড়াশুনা করিতে হয়; দুপুরবেলা বড় গরম, ঘরের বাহির হওয়া যায় না, শুধু বিকেলবেলাটাতেই ইচ্ছা করিলে একটু বাহির হইতে পারা যায়"
sarat chandra chattopadhyay,"এই সময়টাতেই কোনোদিন বা সে জামাজোড়া পরিয়া, ভাল জুতা পায়ে দিয়া, ছড়ি-হাতে ময়দানে বাহির হইত যাইবার সময় চক্রবর্তীদের বাড়ির পাশ দিয়াই যাইত, পার্বতী উপরে জানালা হইতে চক্ষু মুছিতে মুছিতে তাহা দেখিত কত কথা মনে মনে পড়িত, দু'জনেই বড় হইয়াছে,- দীর্ঘ প্রবাসের পর পরের মত এখন পরস্পরকে বড় লজ্জা দেবদাস সেদিন অমনি চলিয়া গিয়াছিল; লজ্জা করিতেছিল,তাই ভাল করিয়া কথাই পারে নাই"
sarat chandra chattopadhyay,"এটুকু পার্বতীর বুঝিতে বাকী ছিল দেবদাসও প্রায় এমনি করিয়া ভাবে মাঝে মাঝে তাহার সহিত কথা কহিতে, তাহাকে ভাল করিয়া দেখিতে ইচ্ছা হয়; কিন্তু অমনি মনে হয়, ইহা কি ভাল দেখাইবে"
sarat chandra chattopadhyay,"এখানে কলিকাতার সেই কোলাহল নাই, আমোদ-আট্লাদ,থিয়েটার, গানবাজনা নাই- তাই কেবলই তাহার ছেলেবেলার কথা মনে পড়ে মনে পড়ে, সেই পার্বতী এই পার্বতী হইয়াছে"
sarat chandra chattopadhyay,"পার্বতী মনে করে, সেই দেবদাস - -এখন এই দেবদাসবাবু হইয়াছে"
sarat chandra chattopadhyay,"দেবদাস এখন প্রায়ই চক্রবর্তীদের বাটিতে যায় কোনদিন যদি-বা সন্ধ্যার সময় উঠানে দাঁড়াইয়া ডাকে, খুড়ীমা, কি হচ্ছে"
sarat chandra chattopadhyay,"খুড়ীমা বলেন, এসো বাবা, বোস"
sarat chandra chattopadhyay,"দেবদাস অমনি কহে- না থাক খুড়ীমা, একটু ঘুরে আসি তখন পার্বতী কোনদিন বা উপরে থাকে, কোনদিন বা সামনে পড়িয়া যায়"
sarat chandra chattopadhyay,"দেবদাস খুড়ীমার সহিত কথা কহে, পার্বতী ধীরে ধীরে সরিয়া যায়"
sarat chandra chattopadhyay,রাত্রে দেবদাসের ঘরে আলো জ্বলে গ্রীষ্মকালের খোলা জানালা দিয়া পার্বতী সেদিকে বহুক্ষণ হয়ত চাহিয়া থাকে- আর কিছুই দেখা যায় না
sarat chandra chattopadhyay,"পার্বতী চিরদিন অভিমানিনী সে যে ক্লেশ সহ্য করিতেছে, ঘুণাগ্রে এ কথা কেহ না বুঝিতে পারে, পার্বতীর ইহা কায়মন চেষ্টা"
sarat chandra chattopadhyay,আর জানাইয়াই বা লাভ কি
sarat chandra chattopadhyay,"সহানুভূতি সহ্য হইবে না, আর তিরস্কার-লাঞ্ছনা"
sarat chandra chattopadhyay,তা তার চেয়ে ত মরণ ভাল মনোরমার গত বৎসর বিবাহ হইয়াছে
sarat chandra chattopadhyay,"এখনও সে খ্বশুরবাড়ি যায় নাই, তাই মাঝে মাঝে বেড়াইতে আসে পূর্বে দুই সখীতে মিলিয়া মাঝে মাঝে এই-সব কথাবার্তা হইত, এখনও হয়; কিন্তু পার্বতী আর যোগ দেয় না- হয় চুপ করিয়া থাকে, নাহয় কথা উলটাইয়া দেয়"
sarat chandra chattopadhyay,পার্বতীর পিতা কাল রাত্রে বাটা ফিরিয়াছেন এ কয়দিন তিনি পাত্র স্থির করিতে বাহিরে গিয়াছিলেন
sarat chandra chattopadhyay,এখন বিবাহের সমস্ত স্থির করিয়া ঘরে আসিয়াছেন
sarat chandra chattopadhyay,প্রায় কুড়ি-পচিশ ক্রেমশ দূরে বর্ধমান জেলায় হাতীপোতা গ্রামের জমিদারই পাত্র
sarat chandra chattopadhyay,"তাহার অবস্থা ভাল, বয়স চল্লিশের নীচেই,- গত বৎসর স্ত্রীবিয়োগ হইয়াছে, তাই আবার বিবাহ করিবেন সংবাদটা যে বাটীর সকলেরই চিত্তরঞ্জন করিয়াছিল, তাহা নহে, বরং দুঃখের কারণই হইয়াছিল; তবে একটা কথা এই যে, ভুবন চৌধুরীর নিকট হইতে সর্বরকমে প্রায় দু'তেন হাজার টাকা ঘরে আসিবে তাই মেয়েরা চুপ করিয়া ছিলেন৷ একদিন দুপুরবেলা দেবদাস আহারে বসিয়াছিল মা কাছে বসিয়া কহিলেন, পারুর যে বিয়ে দেবদাস মুখ তুলিয়া জিজ্ঞাসা করিল, কবে"
sarat chandra chattopadhyay,এই মাসেই কাল মেয়ে দেখে গেছে
sarat chandra chattopadhyay,"দেবদাস কিছু বিস্মিত হইল,- কৈ, আমি ত কিছু জানিনে মা"
sarat chandra chattopadhyay,তুমি আর কি করে জানবে
sarat chandra chattopadhyay,"বর দোজবরে--বয়স হয়েছে; তবে বেশ টাকাকড়ি নাকি আছে, পারু সুখে-স্বচ্ছন্দে থাকতে পারবে দেবদাস মুখ নীচু করিয়া আহার করিতে লাগিল তাহার জননী পুনরায় কহিতে লাগিলেন, ওদের ইচ্ছা ছিল এই বাড়িতে বিয়ে দেয়"
sarat chandra chattopadhyay,"জননী হাসিলেন- ছিঃ, তা কি হয়"
sarat chandra chattopadhyay,"একে বেচা-কেনা ছোটঘর, তাতে আবার ঘরের পাশে বিয়ে, ছি ছি বলিয়া মা ওষ্ঠ করিলেন দেবদাস তাহা দেখিতে পাইল"
sarat chandra chattopadhyay,"কিছুক্ষণ চুপ করিয়া থাকিয়া মা পুনরায় কহিলেন, কর্তাকে আমি বলেছিলাম দেবদাস মুখ তুলিয়া জিজ্ঞাসা করিল, বাবা কি বললেন"
sarat chandra chattopadhyay,"এতবড় বংশের মুখ হাসাতে পারবেন না, তাই আমাকে শুনিয়ে দিলেন দেবদাস আর কথা কহিল না সেইদিন দ্বিপ্রহরে মনোরমা ও পার্বতীতে কথোপকথন হইতেছিল পার্বতীর চোখে জল,- মনোরমা বোধ করি এইমাত্র মুছিয়াছে"
sarat chandra chattopadhyay,"মনোরমা কহিল, তবে উপায় বোন"
sarat chandra chattopadhyay,"পার্বতী চোখ মুছিয়া কহিল, উপায় আর কি"
sarat chandra chattopadhyay,তোমার বরকে তুমি পছন্দ করে বিয়ে করেছিলে
sarat chandra chattopadhyay,"আমার কথা আলাদা আমার পছন্দ ছিল না, অপছন্দও হয়নি; তাই আমার কোন কষ্টই ভোগ করতে হয় কিন্তু তুমি যে নিজের পায়ে নিজে কুডুল মেরেচ বোন"
sarat chandra chattopadhyay,"পার্বতী জবাব দিল না,- ভাবিতে লাগলি"
sarat chandra chattopadhyay,"মনোরমা কি ভাবিয়া ঈষৎ হাসিয়া কহিল, পারু, বরটির বয়স কত"
sarat chandra chattopadhyay,"পার্বতী একটু হিসাব করিয়া বলিল, বোধ হয় উনিশ"
sarat chandra chattopadhyay,"মনোরমা অতিশয় বিস্মিত হইল; কহিল, সে কি, এই যে শুনলুম প্রায়"
sarat chandra chattopadhyay,"এবারে পার্বতীও একটু হাসিল; কহিল, মনোদিদি, কত লোকের বয়স চল্লিশ থাকে, আমি কি তার হিসাব রাখি"
sarat chandra chattopadhyay,আমার বরের বয়স উনিশ-কুড়ি এই পর্যন্ত জানি
sarat chandra chattopadhyay,"মুখপানে চাহিয়া মনোরমা জিজ্ঞাসা করিল, কি নাম রে"
sarat chandra chattopadhyay,পার্বতী আবার হাসিয়া উঠিল--এতদিনে বুঝি তাও জানো কি করে জানব
sarat chandra chattopadhyay,"আচ্ছা, বলে দিই একটু হাসিয়া, একটু গম্ভীর হইয়া পাবতী তাহার কানের কাছে মুখ আনিয়া বলিল, জানিস নে- শ্রীদেবদাস- মনোরমা প্রথমে একটু চমকাইয়া উঠিল পরে ঠেলিয়া দিয়া বলিল, আর ঠাট্টায় কাজ নেই নাম কি, এই বেলা বল্, আর ত বলতে পাবিনে- এই ত মনোরমা রাগ করিয়া কহিল, যদি দেবদাস নাম- তবে কান্নাকাটি করে মরচিস কেন"
sarat chandra chattopadhyay,"পার্বতী সহসা মলিন হইয়া গেল কি যেন একটু ভাবিয়া বলিল, তা বটে"
sarat chandra chattopadhyay,সব কথা খুলে বল্ না বোন
sarat chandra chattopadhyay,আমি কিছুই বুঝতে পারলুম না
sarat chandra chattopadhyay,"পার্বতী কহিল, যা বলবার সবই ত বললুম"
sarat chandra chattopadhyay,কিন্তু কিছুই যে বোঝা গেল না রে
sarat chandra chattopadhyay,"বলিয়া পার্বতী আর-একদিকে মুখ ফিরাইয়া রহিল মনোরমা ভাবিল, পার্বতী কথা লুকাইতেছে,- তাহার মনের কথা কহিবার ইচ্ছা নাই"
sarat chandra chattopadhyay,"বড় অভিমান হইল; দুঃখিত হইয়া কহিল, পারু, তোর যাতে দুঃখ, আমারও ত তাতে তাই বোন তুই সুখী হ, এই আমার আন্তরিক প্রার্থনা যদি কিছু তোর লুকোন কথা থাকে, আমাকে বলতে না , বলিস নে"
sarat chandra chattopadhyay,কিন্তু এমন করে আমাকে তামাশা করিস নে
sarat chandra chattopadhyay,"পার্বতীও দুঃখিতা হইল, কহিল, ঠাট্টা করিনি দিদি যতদূর নিজে জানি, তোমাকেও বলেচি আমি জানি, আমার স্বামীর নাম দেবদাস; বয়স উনিশ- কুড়ি সেই কথাই ত তোমাকে বলেচি"
sarat chandra chattopadhyay,"কিন্তু এই যে শুনলুম, তোর আর-কোথায় সম্বন্ধ স্থির হয়েচে"
sarat chandra chattopadhyay,"ঠাকুরমার সঙ্গে ত আর বিয়ে হবে না, হলে আমারই সঙ্গে হবে; আমি ত কৈ এ খবর শুনিনি"
sarat chandra chattopadhyay,"মনোরমা যাহা শুনিয়াছিল, তাহা এখন বলিতে গেল পার্বতী তাহাতে বাধা দিয়া বলিল, ও-সব শুনেচি তবে"
sarat chandra chattopadhyay,"মনোরমা হাসি চাপিয়া বলিল, তবে স্বয়ম্বরা বুঝি"
sarat chandra chattopadhyay,লুকিয়ে লুকিয়ে পাকা বন্দোবস্ত করা হয়ে গেছে
sarat chandra chattopadhyay,"কীচা-পাকা এখনও কিছুই হয়নি মনোরমা ব্যথিতস্বরে কহিল, তুই কি বলিস পারু, কিছুই ত বুঝতে পারিনে"
sarat chandra chattopadhyay,"পার্বতী কহিল, তা হলে দেবদাসকে জিজ্ঞাসা করে তোমায় বুঝিয়ে দেব"
sarat chandra chattopadhyay,"সে বিয়ে করবে কি না, তাই"
sarat chandra chattopadhyay,"পার্বতী ঘাড় নাড়িয়া বলিল, হা, তাই মনোরমা ভয়ানক আশ্চর্য হইয়া কহিল, বলিস কি পারু"
sarat chandra chattopadhyay,তুই নিজে এ কথা জিজ্ঞাসা করবি
sarat chandra chattopadhyay,মনোরমা একেবারে অবাক হইয়া গেল--বলিস কি রে
sarat chandra chattopadhyay,নিজেই নইলে আমার হয়ে আর কে জিজ্ঞাসা করবে দিদি
sarat chandra chattopadhyay,"আমি মেয়েমানুষ--তোর সই, কিন্তু সে যে পুরুষমানুষ পারু ৷ এবার পার্বতী হাসিয়া উঠিল; কহিল, তুমি সই, তুমি আপনার- কিন্তু তিনি কি পর"
sarat chandra chattopadhyay,"যে কথা তোমাকে বলতে পারি, সে কথা কি তাকে বলা যায় না"
sarat chandra chattopadhyay,মনোরমা অবাক হইয়া মুখপানে চাহিয়া রহিল
sarat chandra chattopadhyay,"পার্বতী হাসিমুখে কহিল, মনোদিদি, তুই মিছামিছি মাথায় সিঁদুর কাকে স্বামী বলে তাই জানিস নে"
sarat chandra chattopadhyay,"তিনি আমার স্বামী না হলে, আমার সমস্ত লজ্জা- শরমের অতীত না হলে, আমি এমন করে মরতে বসতুম না"
sarat chandra chattopadhyay,"তা ছাড়া দিদি, মানুষ যখন মরতে বসে, তখন সে কি ভেবে দেখে, বিষটা তেতো কি মিষ্টি"
sarat chandra chattopadhyay,"তার কাছে আমার কোন লজ্জা নেই মনোরমা মুখপানে চাহিয়া রহিল কিছুক্ষণ পরে বলিল, তঁকে কি বলবি"
sarat chandra chattopadhyay,বলবি যে পায়ে স্থান দাও
sarat chandra chattopadhyay,"পার্বতী মাথা নাড়িয়া বলিল, ঠিক তাই বলবো, দিদি আর যদি সে স্থান না দেয়"
sarat chandra chattopadhyay,"এবার পার্বতী বহুক্ষণ চুপ করিয়া রহিল তাহার পর কহিল, তখনকার কথা জানিনে দিদি বাটা ফিরিবার সময় মনোরমা ভাবিল, ধন্য সাহস"
sarat chandra chattopadhyay,"আমি যদি মরেও যাই ত এমন কথা মুখে আনতে কথাটা সত্য তাই ত পার্বতী বলিয়াছিল, ইহারা অনর্থক মাথায় সিন্দুর পরে, হাতে নোয়া দেয়"
sarat chandra chattopadhyay,ষষ্ঠ পরিচ্ছেদ রাত্রি বোধ হয় একটা বাজিয়া গিয়াছে
sarat chandra chattopadhyay,তখনও ম্লান জ্যোৎস্না আকাশের গায়ে লাগিয়া আছে
sarat chandra chattopadhyay,"পার্বতী বিছানার চাদরে আপাদমস্তক মুড়ি দিয়া ধীরপদবিক্ষেপে সিঁড়ি বাহিয়া নীচে নামিয়া আসিল চারিদিকে চাহিয়া দেখিল,- কেহ জাগিয়া তাহার পর দ্বার খুলিয়া নিঃশব্দে পথে আসিয়া উপস্থিত হইল পাড়াগ্রামের পথ, একেবারে স্তব্ধ, একেবারে নির্জন- কাহারও সাক্ষাতের আশঙ্কা ছিল না"
sarat chandra chattopadhyay,"সে বিনা বাধায় জমিদারবাড়ির সম্মুখে আসিয়া দাড়াইল দেউড়ির উপর বৃদ্ধ দরোয়ান কিষণ সিংহ খাটিয়া বিছাইয়া তখনও তুলসীদাসী রামায়ণ পড়িতেছিল; পার্বতীকে প্রবেশ করিতে দেখিয়া চোখ না তুলিয়াই কহিল, কে"
sarat chandra chattopadhyay,"দ্বারবানজী কণষ্ঠস্বরে বুঝিল স্ত্রীলোক দাসী মনে করিয়া, সে আর কোন কথা জিজ্ঞাসা না করিয়া, সুর করিয়া রামায়ণ পড়িতে লাগিল"
sarat chandra chattopadhyay,"গ্রীষ্মকাল; বাহিরে উঠানের উপর কয়েকজন ভৃত্য শয়ন করিয়া ছিল; তাহাদের মধ্যে কেহ-বা , কেহ-বা অর্ধ-জাগরিত তন্দ্রার ঘোরে পার্বতীকে দেখিতে পাইল, কিন্তু দাসী ভাবিয়া কথা কহিল না"
sarat chandra chattopadhyay,"পার্বতী নির্বিঘ্নে ভিতরে প্রবেশ করিয়া সিঁড়ি দিয়া উপরে উঠিয়া গেল ৷ এ বাটীর প্রতি কক্ষ, প্রতি গবাক্ষ তাহার পরিচিত দেবদাসের ঘর চিনিয়া লইতে তাহার বিলম্ব হইল কপাট খোলা ছিল এবং ভিতরে প্রদীপ জ্বলিতেছিল পার্বতী ভিতরে আসিয়া দেখিল, দেবদাস শয্যায় শিয়রের কাছে কি একখানা বই তখনও খোলা পড়িয়াছিল,- ভাবে বোধ হইল, সে এইমাত্র যেন ঘুমাইয়া পড়িয়াছে"
sarat chandra chattopadhyay,"দীপ উজ্জ্বল করিয়া দিয়া সে দেবদাসের পায়ের কাছে আসিয়া নিঃশব্দে উপবেশন করিল দেয়ালের গায়ে বড় ঘড়িটা শুধু টক্টক্ শব্দ করিতেছে, ইহা ভিন্ন সমস্ত নিস্তব্ধ, সমস্ত পায়ের উপর হাত রাখিয়া পার্বতী ধীরে ধীরে ডাকিল, দেবদা"
sarat chandra chattopadhyay,"দেবদাস ঘুমের ঘোরে শুনিতে পাইল, কে যেন ডাকিতেছে"
sarat chandra chattopadhyay,"চোখ না চাহিয়া সাড়া দিল, উঃ- ও দেবদা- এবার দেবদাস চোখ রগড়াইয়া উঠিয়া বসিল"
sarat chandra chattopadhyay,"পার্বতীর মুখে আবরণ নাই, ঘরে দীপও উজ্জ্বলভাবে জ্বলিতেছে; সহজেই দেবদাস চিনিতে পারিল"
sarat chandra chattopadhyay,কিন্তু প্রথমে যেন বিশ্বাস হইল না
sarat chandra chattopadhyay,"তাহার পর কহিল, এ কি"
sarat chandra chattopadhyay,"দেবদাস ঘড়ির পানে চাহিয়া দেখিল বিস্ময়ের উপর আরও বিস্ময় বাড়িল- কহিল, এত রাত্রে"
sarat chandra chattopadhyay,"পার্বতী উত্তর দিল না, মুখ নীচু করিয়া বসিয়া রহিল ৷ দেবদাস পুনরায় জিজ্ঞাসা করিল, এত রাত্রে কি একলা এসেচ নাকি"
sarat chandra chattopadhyay,"পার্বতী বলিল, হা ৷ দেবদাস উদ্বেগে, আশঙ্কায় কন্টকিত হইয়া কহিল, বল কি"
sarat chandra chattopadhyay,"পার্বতী মৃদু হাসিয়া কহিল, ভূতের ভয় আমার তেমন করে ভূতের ভয় না করুক, কিন্তু মানুষের ভয় করে"
sarat chandra chattopadhyay,"পার্বতী জবাব দিল না, কিন্তু মনে মনে কহিল, এ সময়ে আমার তাও বুঝি নেই বাড়ি ঢুকলে কি করে"
sarat chandra chattopadhyay,"দেবদাস চক্ষু বিস্ফারিত করিল, দরোয়ান দেখেচে"
sarat chandra chattopadhyay,উঠানে চাকরেরা শুয়ে আছে- তাদের মধ্যেও বোধ হয় কেউ দেখে থাকবে দেবদাস বিছানা হইতে লাফাইয়া উঠিয়া দ্বার রুদ্ধ করিয়া দিল
sarat chandra chattopadhyay,"পার্বতী কিছুমাত্র উৎকণ্ঠা প্রকাশ না করিয়া অত্যন্ত সহজভাবে বলিল, তারা সবাই আমাকে জানে, হয়ত-বা কেউ চিনে থাকবে বল কি"
sarat chandra chattopadhyay,এমন কাজ কেন করলে পারু
sarat chandra chattopadhyay,"পার্বতী মনে মনে কহিল, তা তুমি কেমন করে বুঝবে"
sarat chandra chattopadhyay,"কিন্তু কোন কথা কহিল না, অধোবদনে বসিয়া রহিল"
sarat chandra chattopadhyay,কাল মুখ দেখাবে কেমন করে
sarat chandra chattopadhyay,"মুখ নীচু করিয়াই পার্বতী বলিল, আমার সে সাহস আছে"
sarat chandra chattopadhyay,"কথা শুনিয়া দেবদাস রাগ করিল না, নিরতিশয় উৎকণ্ঠিত হইয়া বলিল, ছি ছি- -এখনও কি তুমি ছেলেমানুষ আছ"
sarat chandra chattopadhyay,"এখানে, এভাবে আসতে কি তোমার কিছুমাত্র লজ্জাবোধ হল না"
sarat chandra chattopadhyay,"পার্বতী মাথা নাড়িয়া কহিল, কিছু না কাল তোমার লজ্জায় কি মাথা কাটা যাবে"
sarat chandra chattopadhyay,"প্রশ্ন শুনিয়া পার্বতী করুণ দৃষ্টিতে দেবদাসের মুখপানে ক্ষণকাল চাহিয়া থাকিয়া কহিল, মাথা কাটাই যেতো- যদি না আমি নিশ্চয় জানুতম, আমার সমস্ত লজ্জা তুমি ঢেকে দেবে দেবদাস বিস্ময়ে হতবুদ্ধি হইয়া বলিল, আমি"
sarat chandra chattopadhyay,কিন্তু আমিই কি মুখ দেখাতে পারব
sarat chandra chattopadhyay,"পার্বতী তেমনি অবিচলিতকণ্ঠে উত্তর দিল, তুমি"
sarat chandra chattopadhyay,"কিন্তু তোমার কি একটুখানি মৌন থাকিয়া পুনরায় কহিল, তুমি পুরুষ মানুষ আজ নাহয় কাল তোমার কলঙ্কের কথা সবাই ভুলবে; দুদিন পরে কেউ মনে রাখবে না-কবে কোন্ রাত্রে হতভাগিনী পার্বতী তোমায় পায়ের উপর মাথা রাখবার জন্যে সমস্ত তুচ্ছ করে এসেছিল ও কি পারু"
sarat chandra chattopadhyay,"আর আমি- মন্ত্রমুগ্ধের মত দেবদাস কহিল, আর তুমি"
sarat chandra chattopadhyay,"না, আমার কলঙ্ক তোমার কাছে গোপনে এসেছিলাম বলে যদি আমার নিন্দে হয়, সে নিন্দে আমার গায়ে লাগবে ও কি পারু"
sarat chandra chattopadhyay,"দেবতা, নদীতে কত জল অত জলেও কি আমার কলঙ্ক চাপা পড়বে না"
sarat chandra chattopadhyay,সহসা দেবদাস পার্বতীর হাত দুখানি ধরিয়া ফেলিল- পার্বতী
sarat chandra chattopadhyay,"পার্বতী দেবদাসের পায়ের উপর মাখা রাখিয়া অবরুদ্ধস্বরে বলিয়া উঠিল--এইখানে একটু স্থান দাও, দেবদা"
sarat chandra chattopadhyay,"তাহার পর দুইজনেই চুপ করিয়া রহিল দেবদাসের পা বহিয়া অনেক ফৌটা অশ্রু শুভ্র শয্যার উপর গড়াইয়া পড়িল বহুক্ষণ পরে দেবদাস পার্বতীর মুখ তুলিয়া ধরিয়া বলিল, পারু, আমাকে ছাড়া কি তোমার উপায় নেই"
sarat chandra chattopadhyay,"তেমনি করিয়া পায়ের উপর মাথা পাতিয়া পড়িয়া রহিল নিস্তব্ধ ঘরের মধ্যে শুধু তাহার অশ্রব্যাকুল ঘন দীর্ঘশ্বাস দুলিয়া দুলিয়া, ফুলিয়া ফুলিয়া উঠিতে লাগিল টং টং করিয়া ঘড়িতে দুইটা বাজিয়া গেল ৷ দেবদাস ডাকিল, পারু"
sarat chandra chattopadhyay,"বাপ-মায়ের একেবারে অমত, তা শুনেচ"
sarat chandra chattopadhyay,"পার্বতী মাথা নাড়িয়া জবাব দিল যে, সে শুনিয়াছে"
sarat chandra chattopadhyay,"তাহার পর দুইজনেই চুপ করিয়া রহিল বহুক্ষণ অতিবাহিত হইবার পর দেবদাস দীর্ঘশ্বাস ফেলিয়া কহিল, তবে আর কেন"
sarat chandra chattopadhyay,"জলে ডুবিয়া মানুষ যেমন করিয়া অন্ধভাবে মাটি চাপিয়া ধরে, সেটা কিছুতেই ছাড়িতে চাহে না, ঠিক তেমনি করিয়া পার্বতী অজ্ঞানের মত দেবদাসের পা দুটি চাপিয়া ধরিয়া রাখিল মুখপানে চাহিয়া কহিল, আমি কিছুই জানতে চাইনে, দেবদা"
sarat chandra chattopadhyay,হও তুমি তাহলে কোথায় থাকবে
sarat chandra chattopadhyay,"পার্বতী কাঁদিয়া বলিল, তোমার পায়ে আবার দুইজনে স্তব্ধ হইয়া বসিয়া রহিল ঘড়িতে চারিটা বাজিয়া গেল"
sarat chandra chattopadhyay,"গ্রীষ্মকালের রাত্রি, আর অন্পক্ষণেই প্রভাত হইবে দেখিয়া দেবদাস পার্বতীর হাত ধরিয়া কহিল, চল, তোমাকে বাড়ি রেখে আসি- আমার সঙ্গে যাবে"
sarat chandra chattopadhyay,"যদি দুর্নাম রটে, হয়ত কতকটা উপায় হতে পারবে- তবে উভয়ে নিঃশব্দ পদক্ষেপে বাহির হইয়া গেল সপ্তম পরিচ্ছেদ পরদিন পিতার সহিত দেবদাসের অল্পক্ষণের জন্য কথাবার্তা হইল পিতা কহিলেন, তুমি চিরদিন আমাকে জ্বালাতন করিয়াছ, যতদিন বাঁচিব, ততদিনই জ্বালাতন হইতে হইবে৷ তোমার মুখে এ কথায় আশ্চর্য হইবার কিছু নাই দেবদাস নিঃশব্দে অধোবদনে বসিয়া রহিল"
sarat chandra chattopadhyay,"পিতা কহিলেন, আমি ইহার ভিতর নাই যা ইচ্ছা হয়, তুমি ও তোমার জননীতে মিলিয়া কর"
sarat chandra chattopadhyay,"দেবদাসের জননী এ কথা শুনিয়া কীদিয়া , এতও আমার ছিল"
sarat chandra chattopadhyay,"সেই দিন দেবদাস তোড়জোড় বাঁধিয়া কলিকাতায় চলিয়া গেল পার্বতী এ কথা শুনিয়া কঠোর মুখে আরও কঠিন হাসিয়া চুপ করিয়া রহিল ৷ গতরাত্রের কথা কেহই জানে না, সেও কাহাকে কহিল না"
sarat chandra chattopadhyay,"তবে মনোরমা আসিয়া ধরিয়া বসিল, পারু, শুনলাম দেবদাস চলে গেছে"
sarat chandra chattopadhyay,"হাঁ তবে, তোর উপায় কি করেচে"
sarat chandra chattopadhyay,"উপায়ের কথা সে নিজেই জানে না, অপরকে কি বলিবে"
sarat chandra chattopadhyay,"আজ কয়দিন হইতে সে নিরন্তর ইহাই ভাবিতেছিল কিন্তু কোনক্রমেই স্থির করিতে পারিতেছিল না যে, তাহার আশা কতখানি এবং নিরাশা কতখানি তবে একটা কথা এই যে, মানুষ এমনি দুঃসময়ের মাঝে আশা-নিরাশার কুলকিনারা যখন দেখিতে পায় না, তখন দুর্বল মনে বড় ভয়ে ভয়ে আশার দিকটাই চাপিয়া ধরিয়া থাকে যেটা হইলে তাহার মঙ্গল, সেইটাই আশা করে ইচ্ছায় বা অনিচ্ছায় সেই দিক পানেই নিতান্ত উৎসুক নয়নে চাহিয়া দেখিতে চাহে পার্বতীর এই অবস্থায় সে কতকটা জোর করিয়া আশা করিতেছিল যে, কাল রাত্রের কথাটা নিশ্চয়ই বিফল হইবে বিফল হইলে তাহার দশা কি হইবে, এটা তাহার চিন্তার বাহিরে গিয়া পড়িয়াছিল তাই সে ভাবিতেছিল, দেবদাদা আবার আসিবে, আবার আমাকে ডাকিয়া বলিবে, পারু, তোমাকে আমি সাধ্য থাকিতে পরের হাতে দিতে পারিব না"
sarat chandra chattopadhyay,"কিন্তু দিন-দুই পরে পার্বতী এইরূপ পত্র পাইল- পার্বতী, আজ দুইদিন হইতে তোমার কথাই ভাবিয়াছি"
sarat chandra chattopadhyay,"পিতামাতার কাহারও ইচ্ছা নহে যে, আমাদের বিবাহ হয়"
sarat chandra chattopadhyay,"তোমাকে সুখী করিতে হইলে, তাহাদিগকে এতবড় আঘাত দিতে হইবে, যাহা আমার দ্বারা অসাধ্য তা ছাড়া, তাহাদের বিরুদ্ধে এ কাজ করিবই বা কেমন করিয়া"
sarat chandra chattopadhyay,"তোমাকে আর যে কখন পত্র লিখিব, আপাততঃ এমন কথা ভাবিতে পারিতেছি না"
sarat chandra chattopadhyay,তাই এ পত্রেই সমস্ত খুলিয়া লিখিতেছি
sarat chandra chattopadhyay,"বেচা-কেনা ঘরের মেয়ে মা কোনমতেই ঘরে আনিবেন না; এবং ঘরের পাশে কুটুম্ব, ইহাই তাহার মতে নিতান্ত বাবার কথা-সে ত তুমি সমস্তই জান সে রাত্রের কথা মনে করিয়া বড় ক্লেশ পাইতেছি"
sarat chandra chattopadhyay,"কারণ, তোমার মত অভিমানিনী মেয়ে কতবড় ব্যথায় যে সে-কাজ পারিয়াছিল, সে আমি জানি"
sarat chandra chattopadhyay,"আর এক কথা- তোমাকে আমি যে বড় ভালবাসিতাম, তাহা আমার কোনদিন মনে হয় নাই--আজিও তোমার জন্য আমার অন্তরের মধ্যে নিরতিশয় ক্লেশ বোধ করিতেছি না"
sarat chandra chattopadhyay,"শুধু এই আমার বড় দুঃখ যে, তুমি আমার জন্য কষ্ট পাইবে চেষ্টা করিয়া আমাকে ভূুলিও, এবং আন্তরিক আশীর্বাদ করি, তুমি সফল হও"
sarat chandra chattopadhyay,"পত্রখানা যতক্ষণ দেবদাস ডাকঘরে নিক্ষেপ করে নাই, ততক্ষণ এক কথা ভাবিয়াছিল; কিন্তু রওনা করিবার পরমুহূর্ত হইতেই অন্য কথা ভাবিতে লাগিল হাতের ঢিল ছুঁড়িয়া দিয়া একদৃষ্টে সেই দিকে চাহিয়া রহিল"
sarat chandra chattopadhyay,"একটা অনির্দিষ্ট শঙ্কা তাহার মনের মাঝে ক্রমে ক্রমে জড় হইতেছিল সে ভাবিতেছিল, এ ঢিলটা তাহার মাথায় কিভাবে পড়িবে"
sarat chandra chattopadhyay,"বীচিবে সে-রাত্রে পায়ের উপর মাথা রাখিয়া সে কেমন করিয়া কীদিয়াছিল, পোস্ট অফিস হইতে বাসায় ফিরিবার পথে প্রতি পদক্ষেপে দেবদাসের ইহাই মনে পড়িতেছিল কাজটা ভাল হইল কি"
sarat chandra chattopadhyay,"এবং সকলের উপরে দেবদাস এই ভাবিতেছিল যে, পার্বতীর নিজের যখন কোন দোষ নাই, তখন কেন পিতামাতা নিষেধ করেনঃ বয়সের বৃদ্ধির সহিত, এবং কলিকাতায় থাকিয়া, সে এই কথাটি বুঝিতে পারিতেছিল যে, শুধু- লোক-দেখানো কুলমর্যাদা এবং একটা হীন খেয়ালের উপর নির্ভর করিয়া নিরর্থক একটা প্রাণনাশ করিতে নাই৷ যদি পার্বতী না বীচিতে চাহে, যদি সে নদীর জলে অন্তরের জ্বালা জুড়াইতে ছুটিয়া যায়, তা হইলে বিশ্বপতির চরণে কি একটা মহাপাতকের দাগ পড়িবে না"
sarat chandra chattopadhyay,"বাসায় আসিয়া দেবদাস আপনার ঘরে শুইয়া পড়িল আজকাল সে একটা মেসে থাকে মাতুলের আশ্রয় সে অনেকদিন ছাড়িয়া দিয়াছে, সেখানে তাহার কিছুতেই সুবিধা হইত যে ঘরে দেবদাস থাকে, তাহারই পাশের ঘরে চুনিলাল বলিয়া একজন যুবক আজ নয় বৎসর হইতে বাস করিয়া আসিতেছেন"
sarat chandra chattopadhyay,তাহার এই দীর্ঘ কলিকাতা বাস বি এ পাস করিবার জন্য অতিবাহিত হইয়াছে- আজিও সফলকাম হইতে পারেন নাই বলিয়া এখনো এইখানেই তাহাকে থাকিতে হইয়াছে
sarat chandra chattopadhyay,"চুনিলাল তাহার নিত্যকর্ম সান্ধ্যত্রমণে বাহির হইয়াছেন, ভোর নাগাদ বাটা ফিরিবেন বাসায় আর কেহ এখনও আসেন নাই ঝি আলো জ্বালিয়া দিয়া গেল, দেবদাস দ্বার রুদ্ধ করিয়া শুইয়া পড়িল তাহার পর একে একে সকলে ফিরিয়া আসিল খাইবার সময় দেবদাসকে ডাকাডাকি করিল, কিন্তু সে উঠিল না"
sarat chandra chattopadhyay,"চুনিলাল কোনদিন রাত্রে বাসায় আসে না, আজিও আসে নাই তখন রাত্রি একটা বাজিয়া গিয়াছে"
sarat chandra chattopadhyay,"বাসায় দেবদাস ব্যতীত কেহই জাগিয়া চুনিলাল পৃহপ্রত্যাবর্তন করিয়া দেবদাসের ঘরের সম্মুখে দীড়াইয়া দেখিল, দ্বার রুদ্ধ কিন্তু আলো জ্বলিতেছে; ডাকিল, দেবদাস কি জেগে আছ নাকি হে"
sarat chandra chattopadhyay,"দেবদাস ভিতর হইতে কহিল, আছি, তুমি এর মধ্যে ফিরলে যে"
sarat chandra chattopadhyay,"চুনিলাল ঈষৎ হাসিয়া কহিল, হা, শরীরটা আজ ভাল নেই, বলিয়া চলিয়া গেল কিছুক্ষণ পরে ফিরিয়া আসিয়া কহিল, দেবদাস, একবার দ্বার খুলতে পার"
sarat chandra chattopadhyay,বলিয়া দেবদাস দ্বার খুলিয়া দিল
sarat chandra chattopadhyay,"চুনিলাল তামাক সাজিতে বসিয়া কহিল; দেবদাস, এখনো জেগে কেন"
sarat chandra chattopadhyay,রোজ রোজই কি ঘুম হয়
sarat chandra chattopadhyay,"চুনিলাল যেন একটু করিয়া কহিল, আমি ভাবতুম তোমাদের মত ভাল ছেলেরা কখনো দুপুর রাত্রের মুখ দেখেনি- আমার আজ একটা নূতন শিক্ষা দেবদাস কথা কহিল চুনিলাল আপনার মনে তামাক খাইতে খাইতে কহিল, দেবদাস, বাড়ি থেকে ফিরে এসে পর্যন্ত যেন ভাল তোমার মনে যেন কি ক্লেশ আছে"
sarat chandra chattopadhyay,দেবদাস অন্যমনস্ক হইয়াছিল জবাব দিল না
sarat chandra chattopadhyay,"মনটা ভাল নেই, না হে"
sarat chandra chattopadhyay,দেবদাস হঠাৎ বিছানার উপর উঠিয়া বসিল
sarat chandra chattopadhyay,"ব্যগ্রভাবে তাহার মুখপানে চাহিয়া বলিল, আচ্ছা চুনিবাবু, তোমার মনে কি কোন ক্লেশ নেই"
sarat chandra chattopadhyay,চুনিলাল হাসিয়া উঠিল- কিছু কখন এ জীবনে পাওনিঃ এ কথা কেন
sarat chandra chattopadhyay,আমার শুনতে বড় সাধ হয়
sarat chandra chattopadhyay,"তা হলে আর একদিন শুনো দেবদাস বলিল, আচ্ছা, চুনি, তুমি সারারাত্রি কোথায় থাক"
sarat chandra chattopadhyay,"চুনিলাল মৃদু হাসিয়া কহিল, তা কি তুমি জানো না"
sarat chandra chattopadhyay,"চুনিলালের মুখ উৎসাহে উজ্জ্বল হইয়া উঠিল এ-সব আলোচনার মধ্যে আর কিছু না থাক, একটা চক্ষুলঙ্জাও যে আছে, দীর্ঘ অভ্যাসের দোষে সে তাহাও বিস্মৃত হইয়াছিল কৌতুক করিয়া চক্ষু মুদিয়া বলিল, দেবদাস, ভাল করে জানতে হলে কিনতু ঠিক আমার মত হওয়া চাই কাল আমার সঙ্গে"
sarat chandra chattopadhyay,"দেবদাস একবার ভাবিয়া দেখিল তাহার পর কহিল, শুনি, সেখানে নাকি খুব আমোদ পাওয়া যায় কোন কষ্ট মনে থাকে না; এ কি সত্যি"
sarat chandra chattopadhyay,"তা যদি হয়, ত আমাকে নিয়ে যেয়ো আমি যাবো"
sarat chandra chattopadhyay,"পরদিন সন্ধ্যার প্রাক্কালে চুনিলাল দেবদাসের ঘরে আসিয়া দেখিল, সে ব্যস্তভাবে জিনিসপত্র বীধিয়া গুছাইয়া সাজাইয়া লইতেছে"
sarat chandra chattopadhyay,"বিস্মিত হইয়া জিজ্ঞাসা করিল, কি হে, যাবে না"
sarat chandra chattopadhyay,"দেবদাস কোনদিকে না চাহিয়া কহিল, হী, যাবো বৈকি"
sarat chandra chattopadhyay,"চুনিলাল ঈষৎ হাসিয়া ভাবিল, মন্দ উদ্যোগ নয়; কহিল, ঘরবাড়ি কি সব সেখানে নিয়ে যাবে নাকি হে"
sarat chandra chattopadhyay,তবে কার কাছে রেখে যাব
sarat chandra chattopadhyay,"কহিল, জিনিসপত্র আমি কার কাছে রেখে যাই"
sarat chandra chattopadhyay,"সব ত বাসায় পড়ে দেবদাস যেন হঠাৎ সচেতন হইয়া চোখ তুলিল লজ্জিত হইয়া কহিল, চুনিবাবু, আজ আমি বাড়ি যাচ্ছি"
sarat chandra chattopadhyay,"দেবদাস মাথা নাড়িয়া বলিল, আমি আর আসব না বিস্ময়ে চুনিলাল তাহার মুখপানে চাহিয়া রহিল দেবদাস কহিতে লাগিল- -এই টাকা নাও; আমার যা কিছু ধার আছে, এই থেকে শোধ করে দিয়ো যদি কিছু বাচে, বাসার দাসী-চাকরকে বিলিয়ে দিয়ো"
sarat chandra chattopadhyay,"আমি আর কখনো কলকাতায় ফিরব মনে মনে বলিতে লাগিল, কলকাতায় এসে আমার অনেক গেছে, অনেক আজ যৌবনের কুয়াশাচ্ছন্ন আধার ভেদ করিয়া তাহার চোখে পড়িতেছে- সেই দুর্দান্ত দুর্বিনীত কিশোর বয়সের সেই অযাচিত পদদলিত রতন আজ সমস্ত কলিকাতার তুলনাতেও যেন অনেক বড়, অনেক দামী ৷ চুনিলালের মুখপানে চাহিয়া বলিল, চুনি শিক্ষা বিদ্যা বুদ্ধি জ্ঞান উন্নতি যা কিছু, সব সুখের জন্য যেমন করেই দেখ না কেন, নিজের সুখ বাড়ানো ছাড়া এ-সকল আর কিছুই নয়- চুনিলাল বাধা দিয়া বলিয়া উঠিল, তবে তুমি কি আর লেখাপড়া করবে না নাকি"
sarat chandra chattopadhyay,লেখাপড়ার জন্যে আমার যথেষ্ট ক্ষতি হয়েছে
sarat chandra chattopadhyay,"আগে যদি জানতাম, এতখানির বদলে আমার এইটুকু লেখাপড়া হবে, তাহলে আমি জন্মে কখনো কলিকাতার মুখ দেখতাম না"
sarat chandra chattopadhyay,"দেবদাস ভাবিতে বসিল; কিছুক্ষণ পরে কহিল, আবার যদি কখন দেখা হয়, সব কথা বলব রাত্রি তখন প্রায় নয়টা বাজিয়াছে"
sarat chandra chattopadhyay,"বাসায় সকলে এবং চুনিলাল নিরতিশয় বিস্মিত হইয়া দেখিল, দেবদাস গাড়িতে সমস্ত দ্রব্যাদি বোঝাই করিয়া চিরদিনের মত বাসা পরিত্যাগ করিয়া বাটী চলিয়া গেল ৷ সে চলিয়া গেলে চুনিলাল রাগ করিয়া বাসার অপর সকলকে বলিতে লাগিল--এইরকম ভিজে-বেড়ালগোছ লোকগুলোকে আদতে চিনিতে পারা যায় অষ্টম পরিচ্ছেদ সতর্ক এবং অভিজ্ঞ লোকদিগের স্বভাব এই যে, তাহারা চক্ষুর নিমিষে কোন দ্রব্যের দোষগুণ সম্বন্ধে দৃঢ় মতামত প্রকাশ করে না-সবটুকুর বিচার না করিয়া, সবটুকুর ধারণা করিয়া লয় না; দুটো দিক দেখিয়া চারিদিকের কথা কহে না"
sarat chandra chattopadhyay,"কিন্তু আর একরকমের লোক আছে, যাহারা ঠিক ইহার উলটা কোন জিনিস বেশীক্ষণ ধরিয়া চিন্তা করার ধৈর্য ইহাদের নাই, কোন-কিছু হাতে পড়িবামাত্র স্থির করিয়া ফেলে- ইহা ভাল কিংবা মন্দ; তলাইয়া দেখিবার পরিশ্রমটুকু ইহারা বিশ্বাসের জোরে চালাইয়া লয়"
sarat chandra chattopadhyay,"এ-সকল লোক যে জগতে কাজ করিতে পারে না তাহা নহে, বরঞ্চ অনেক সময় বেশী কাজ করে"
sarat chandra chattopadhyay,অদৃষ্ট হইলে ইহাদিগকে উন্নতির সর্বোচ্চ শিখরে দেখিতে পাওয়া যায়
sarat chandra chattopadhyay,"আর না হইলে, অবনতির গভীর কন্দরে চিরদিনের জন্য শুইয়া পড়ে; আর উঠিতে পারে না, আর বসিতে পারে না, আর আলোকের পানে চাহিয়া দেখে না; নিশ্চল, মৃত জড়পিণ্ডের মত পড়িয়া থাকে"
sarat chandra chattopadhyay,"এই শ্রেণীর মানুষ দেবদাস পরদিন প্রাতঃকালে সে বাড়ি আসিয়া উপস্থিত হইল মা আশ্চর্য হইয়া কহিলেন, দেবা, কলেজের কি আবার ছুটি হল"
sarat chandra chattopadhyay,"দেবদাস হা বলিয়া অন্যমনস্কের ন্যায় চলিয়া গেল পিতার প্রশ্নেও সে এমনি কি-একটা জবাব দিয়া পাশ কাটাইয়া সরিয়া গেল তিনি ভাল বুঝিতে না পারিয়া পৃহিণীকে প্রশ্ন করিলেন তিনি বুদ্ধি খাটাইয়া কহিলেন, গরম এখনো কমেনি বলে আবার ছুটি হয়েচে দিন-দুই দেবদাস ছটফট করিয়া বেড়াইল ৷ কেননা, যাহা কামনা তাহা হইতেছে না- পার্বতীর সহিত নির্জনে মোটেই সাক্ষাৎ হইল দিন-দুই পরে পার্বতীর জননী দেবদাসকে সুমুখে পাইয়া বলিলেন, যদি এসেচিস বাছা, ত পারুর বিয়ে পর্যন্ত থেকে দেবদাস কহিল, আচ্ছা"
sarat chandra chattopadhyay,"দুপুরবেলা আহারাদি শেষ হইবার পর পার্বতী নিত্য বাধে জল আনিতে যাইত কক্ষে পিত্তল-কলসী লইয়া আজিও সে ঘাটের উপর আসিয়া দাড়াইল; দেখিতে পাইল, অদূরে একটা কুলগাছের আড়ালে দেবদাস জলে ছিপ ফেলিয়া বসিয়া আছে"
sarat chandra chattopadhyay,"একবার তাহার মনে হইল, ফিরিয়া যায়; একবার মনে হইল, নিঃশব্দে জল লইয়া প্রস্থান করে; কিন্তু তাড়াতাড়ি কোন কাজটাই সে করিতে পারিল কলসীটা ঘাটের উপর রাখিতে গিয়া বোধ হয় একটু শব্দ হওয়ায় দেবদাস চাহিয়া দেখিল তাহার পর হাত নাড়িয়া ডাকিয়া কহিল, পারু, শুনে যাও পার্বতী ধীরে ধীরে কাছে গিয়া দীড়াইল দেবদাস একটিবার মাত্র মুখ তুলিল, তাহার পর বহুক্ষণ ধরিয়া শূন্যদৃষ্টিতে জলের পানে চাহিয়া রহিল পার্বতী কহিল, দেবদা, আমাকে কিছু বলবে"
sarat chandra chattopadhyay,"দেবদাস কোনদিকে না চাহিয়া কহিল, হু, বোসো পার্বতী বসিল না, আনতমুখে দাঁড়াইয়া রহিল কিন্তু কিছুক্ষণ পর্যন্ত যখন কোন কথাই হইল না, তখন পার্বতী এক-পা এক-পা করিয়া ধীরে ধীরে ঘাটের দিকে ফিরিয়া চলিতে লাগিল দেবদাস একবার মুখ তুলিয়া চাহিল; তাহার পর পুনরায় জলের প্রতি দৃষ্টি নিক্ষেপ করিয়া কহিল, শোন"
sarat chandra chattopadhyay,পার্বতী ফিরিয়া আসিল; কিন্তু তথাপি দেবদাস আর কোন কথা কহিতে পারিল না দেখিয়া সে আবার ফিরিয়া গেল
sarat chandra chattopadhyay,দেবদাস নিস্তব্ধ হইয়া বসিয়া রহিল অল্পক্ষণ পরে সে ফিরিয়া দেখিল; পার্বতী জল লইয়া প্রস্থানের উদ্যোগ করিতেছে
sarat chandra chattopadhyay,"তখন সে ছিপ গুটাইয়া ঘাটের নিকট আসিয়া দাড়াইল; কহিল, আমি এসেচি"
sarat chandra chattopadhyay,"পার্বতী ঘড়াটা শুধু নামাইয়া রাখিল, কথা কহিল না"
sarat chandra chattopadhyay,"পার্বতী কিছুক্ষণ কথা না কহিয়া, শেষে অতি মৃদুস্বরে জিজ্ঞাসা করিল, কেন"
sarat chandra chattopadhyay,"তুমি আসতে লিখেছিলে, মনে নেই"
sarat chandra chattopadhyay,সে-রাত্রের কথা মনে পড়ে না
sarat chandra chattopadhyay,তা কিন্তু সে-কথায় আর কাজ কি
sarat chandra chattopadhyay,"তাহার কণ্ঠস্বর স্থির, কিনতু অতি রুক্ষ"
sarat chandra chattopadhyay,"কিন্তু দেবদাস তাহার মর্ম বুঝিল না; কহিল, আমাকে মাপ কর, পারু"
sarat chandra chattopadhyay,চুপ ও-সব কথা আমার ভাল লাগে না
sarat chandra chattopadhyay,"আমি যেমন করিয়া পারি, মা-বাপের মত করিব শুধু তুমি পার্বতী দেবদাসের মুখপানে একবার দৃষ্টিপাত করিয়া বলিল, তোমার মা-বাপ আছেন, আমার নেই"
sarat chandra chattopadhyay,"দেবদাস লজ্জিত হইয়া কহিল, তা আছে বৈ কি পারু, কিন্তু তাদের অমত নেই,- তুমি শুধু কি করে জানলে তাদের অমত নেই"
sarat chandra chattopadhyay,"দেবদাস হাসিবার ব্যর্থ প্রয়াস করিয়া গো, তাদের একটুকুও নেই- সে আমি বেশ জানি শুধু তুমি পার্বতী কথার মাঝখানেই তীব্রকণ্ঠে বলিয়া উঠিল, শুধু আমি"
sarat chandra chattopadhyay,"চক্ষের পলকে দেবদাসের দুই চক্ষু আগুনের মত জ্বলিয়া উঠিল কঠিনকণ্ঠে কহিল, পার্বতী"
sarat chandra chattopadhyay,"প্রথমটা পার্বতী থতমত খাইল; কিন্তু পরক্ষণেই আত্মসংবরণ করিয়া লইয়া শান্ত কঠিনস্বরে জবাব দিল, না, ভুলব কেন"
sarat chandra chattopadhyay,"ছেলেবেলা থেকে তোমাকে দেখে আসচি, জ্ঞান হওয়া পর্যন্ত ভয় করে আসচি- তুমি কি তাই আমাকে ভয় দেখাতে এসেচ"
sarat chandra chattopadhyay,কিন্তু আমাকেই কি তুমি চেন না
sarat chandra chattopadhyay,"বলিয়া সে নিভীক দুই চক্ষু তুলিয়া দাড়াইল প্রথমে দেবদাসের বাক্য-নিঃসরণ হইল না; পরে কহিল, চিরকাল ভয় করেই আমাকে এসেচ,- আর কিছু না"
sarat chandra chattopadhyay,"পার্বতী দৃঢ়স্বরে বলিল, না, আর কিছুই সত্যি"
sarat chandra chattopadhyay,"হা, সত্যিই বলচি তোমাতে কিছুমাত্র আমার আস্থা নেই"
sarat chandra chattopadhyay,"আমি যার কাছে যাচ্ছি, তিনি ধনবান্ বুদ্ধিমান্- শান্ত এবং স্থির ৷ তিনি ধার্মিক"
sarat chandra chattopadhyay,"আমার মা-বাপ আমার মঙ্গল কামনা করেন; তাই তারা তোমার মত একজন অজ্ঞান, চঞ্চলচিত্ত, দুর্দান্ত লোকের হাতে আমাকে কিছুতেই দেবেন তুমি পথ ছেড়ে দাও একবার দেবদাস একটুখানি ইতস্ততঃ করিল, একবার যেন একটু পথ ছাড়িতেও উদ্যত হইল, পরক্ষণেই দৃঢ়পদে মুখ তুলিয়া কহিল--এত অহঙ্কার"
sarat chandra chattopadhyay,"তোমার রূপ আছে, গুণ নেই- আমার রূপ আছে, গুণও আছে তোমরা বড়লোক, কিন্তু আমার বাবাও ভিক্ষে করে বেড়ান না"
sarat chandra chattopadhyay,"তা ছাড়া, দুদিন পরে আমি নিজেও তোমাদের চেয়ে কোন অংশে হীন থাকবো না, সে তুমি জানো"
sarat chandra chattopadhyay,"দেবদাস অবাক হইয়া গেল পার্বতী পুনরায় কহিয়া উঠিল- তুমি ভাবচ যে, আমার অনেক ক্ষতি করবে অনেক না হোক, কিছু ক্ষতি করতে পার বটে, সে আমি জানি বেশ, তাই করো আমাকে শুধু পথ ছেড়ে দাও দেবদাস হতবুদ্ধি হইয়া কহিল, ক্ষতি কেমন করে করবো"
sarat chandra chattopadhyay,পার্বতী তৎক্ষণাৎ বলিয়া দিল--অপবাদ দিয়ে তাই দাও গে যাও কথা শুনিয়া দেবদাস বজ্্রীহতের মত চাহিয়া রহিল তাহার মুখ দিয়া শুধু বাহির হইল- অপবাদ দেব আমি
sarat chandra chattopadhyay,"পার্বতী বিষের মত একটুখানি হাসি হাসিয়া বলিল, যাও, শেষ সময়ে আমার নামে একটা কলঙ্ক রটিয়ে দাও গে; সে রাত্রে তোমার কাছে একাকী গিয়েছিলাম, এই কথা চারিদিকে রাষ্ট্র করে দাও গে মনের মধ্যে অনেকখানি সান্ত্বনা পেতে পারবে"
sarat chandra chattopadhyay,বলিয়া পার্বতীর দর্পিত ওষ্ঠাধর কীপিয়া কীপিয়া থামিয়া গেল
sarat chandra chattopadhyay,"কিন দেবদাসের বুকের ভিতরটায় রাগে অপমানে অগ্যুৎপাতের ন্যায় ভীষণ হইয়া উঠিল সে অব্যক্তস্বরে কহিল, মিথ্যে দুর্নাম রটিয়ে মনের মধ্যে সান্ত্বনা পাব আমি"
sarat chandra chattopadhyay,"এবং পরক্ষণেই সে ছিপের মোটা বাটটা সজোরে ঘুরাইয়া ধরিয়া ভীষণকষ্ঠে কহিল, শোন পার্বতী, অতটা রূপ থাকা ভাল অহঙ্কার বড় বেড়ে যায়"
sarat chandra chattopadhyay,"বলিয়া গলাটা একটু খাটো করিয়া কহিল, দেখতে পাও না, চাদের অত রূপ বলেই তাতে কলঙ্কের কালো দাগ; পদ্ম অত সাদা বলেই তাতে কালো ভ্রমর বসে থাকে"
sarat chandra chattopadhyay,"এস, তোমারও মুখে কিছু কলঙ্কের ছাপ দিয়ে দিই দেবদাসের সীমা অতিক্রম করিয়াছিল ৷ সে দৃঢ়মুষ্টিতে ছিপের বীট ঘুরাইয়া লইয়া সজোরে পার্বতীর মাথায় আঘাত করিল; সঙ্গে সঙ্গেই কপালের উপর বাম ভূর নীচে পর্যন্ত চিরিয়া গেল চক্ষের নিমিষে সমস্ত মুখ রক্তে ভাসিয়া গেল"
sarat chandra chattopadhyay,"পার্বতী মাটিতে লুটাইয়া পড়িয়া বলিল, দেবদা, করলে কি"
sarat chandra chattopadhyay,"দেবদাস ছিপটা টুকরা টুকরা করিয়া ভাঙ্গিয়া জলে ভাসাইয়া দিতে দিতে স্থিরভাবে উত্তর দিল, বেশী কিছু নয়, সামান্য খানিকটা কেটে গেছে মাত্র পার্বতী আকুলকণ্ঠে উঠিল- ও গো, দেবদা"
sarat chandra chattopadhyay,"দেবদাস নিজের পাতলা জামার খানিকটা ছিড়িয়া লইয়া, জলে ভিজাইয়া পার্বতীর কপালের উপর বাধিতে বাধিতে কহিল, ভয় কি পারু"
sarat chandra chattopadhyay,"আঘাত সেরে যাবে- শুধু দাগ থাকবে যদি কেউ কখনো এ কথা জিজ্ঞাসা করে, মিথ্যা কথা বলো; নাহয়, সত্য বলে নিজের কলঙ্ক নিজেই প্রকাশ করো"
sarat chandra chattopadhyay,"ছিঃ অমন করে না শেষ-বিদায়ের দিনে শুধু একটুখানি মনে রাখবার মত চিহ্ন রেখে গেলাম অমন সোনার মুখ আরশিতে মাঝে মাঝে দেখবে বলিয়া উত্তরের জন্য অপেক্ষামাত্র না করিয়া চলিতে উদ্যত হইল পার্বতী আকুল হইয়া কীদিয়া উঠিয়া বলিল, দেবদাদা গো- দেবদাস ফিরিয়া আসিল চোখের কোণে একফোটা জল বড় স্নেহজড়িতকণ্ঠে কহিল, কেন রে পারু"
sarat chandra chattopadhyay,"দেবদাস নিমেষে ঝুঁকিয়া দাঁড়াইয়া পার্বতীর চুলের উপর ওষ্ঠাধর স্পর্শ করিয়া বলিল, ছিঃ- তুই কি আমার পর পারু"
sarat chandra chattopadhyay,"তোর মনে নেই, দুষ্টামি করলে ছেলেবেলায় কত তোর কান মলে দিয়েচি দেবদাদা- মাপ কর আমাকে"
sarat chandra chattopadhyay,"তা তোকে বলতে হবে না ভাই সত্যিই কি পারু, আমাকে একেবারে ভূলে গেছিস"
sarat chandra chattopadhyay,কবে তোর ওপর রাগ করেছিলাম
sarat chandra chattopadhyay,"দেবদাদা- পার্বতী, তুমি ত জানো আমি বেশী কথা বলতে পারিনে; বেশী ভেবেচিন্তে কাজ করতেও পারিনে যখন যা মনে হয় করি"
sarat chandra chattopadhyay,"বলিয়া দেবদাস পার্বতীর মাথায় হাত দিয়া আশীর্বাদ করিয়া বলিল, তুমি ভালই করেছ"
sarat chandra chattopadhyay,আমার কাছে তুমি ত সুখ পেতে না; কিন্তু তোমার এই দেবদাদার অক্ষয় স্বর্গবাস ঘটত এই সময় বাধের অন্যদিকে কাহারা আসিতেছিল পার্বতী ধীরে ধীরে জলে আসিয়া নামিল
sarat chandra chattopadhyay,"দেবদাস চলিয়া গেল পার্বতী যখন বাটা ফিরিয়া আসিল, তখন বেলা পড়িয়া গিয়াছে ঠাকুমা না দেখিয়াই কহিতেছিলেন, পারু, পুকুর খুঁড়ে কি জল আনচিস দিদি"
sarat chandra chattopadhyay,"কিন্তু তার মুখের কথা মুখেই রহিয়া গেল পার্বতীর মুখপানে চাহিবামাত্রই চীৎকার করিয়া উঠিলেন, ও মা গো"
sarat chandra chattopadhyay,"ক্ষতস্থান দিয়া তখনও রক্তস্রাব হইতেছিল; প্রায় সমস্তটাই রক্তে রাঙ্গা কাদিয়া কহিলেন, ওগো মা গো"
sarat chandra chattopadhyay,"পার্বতী স্থিরভাবে কলসী নামাইয়া রাখিল মা আসিয়া কীদিয়া প্রশ্ন করিলেন, এ সর্বনাশ কি করে হলো, পারু"
sarat chandra chattopadhyay,"পারু সহজভাবে বলিল, ঘাটে পা পিছলে পড়ে গিয়েছিলুম ইটে মাথা লেগে কেটে তাহার পর সকলে মিলিয়া শুশ্রষা করিতে লাগিল দেবদাস সত্য কথাই কহিয়াছিল-- আঘাত বেশী নয়"
sarat chandra chattopadhyay,"আরো আট-দশ দিন অমনি গেল তাহার পর একদিন রাত্রে হাতীপোতা গ্রামের জমিদার শ্রীযুক্ত ভুবনমোহন চৌধুরী বর সাজিয়া বিবাহ করিতে আসিলেন উৎসবে ঘটাপটা তেমন হইল না ভূবনবাবু নির্বোধ লোক ছিলেন না,- শ্ৌঢ় বয়সে আবার বিবাহ করিতে আসিয়া ছোকরা সাজাটা ভাল বোধ করেন নাই বরের বয়স চল্লিশের নীচে নহে, কিছু উপর; গৌরবর্ণ, মোটাসোটা নন্দদুলাল ধরনের শরীর কীচাপাকা গৌফ, মাথার সামনে একটু টাক বর দেখিয়া কেহ হাসিল, কেহ চুপ করিয়া রহিল ভুবনবাবু শান্ত-গল্ভীরমুখে কতকটা যেন অপরাধীর মত, ছাদনাতলায় আসিয়া দীড়াইলেন কানমলা প্রভৃতি অত্যাচার উপদ্রব হইল না; কারণ, অতখানি বিজ্ঞ গম্ভীর লোকের কানে কাহারও হাত উঠিল না শুভদৃষ্টির সময় পার্বতী কটমট করিয়া চাহিয়া রহিল ওষ্ঠের কোণে একটু হাসির রেখা, ছেলেমানুষটির মত দৃষ্টি অবনত করিলেন"
sarat chandra chattopadhyay,পাড়ার মেয়েরা খিলখিল করিয়া হাসিয়া উঠিল চক্রবর্তী মহাশয় ছুটাছুটি করিয়া বেড়াইতে লাগিলেন
sarat chandra chattopadhyay,প্রবীণ জামাতা লইয়া তিনি কিছু ব্যস্ত হইয়া উঠিয়াছিলেন জমিদার নারাণ মুখুয্যে আজ
sarat chandra chattopadhyay,"পাকা লোক--কোন পক্ষে, কোনদিকেই ক্রুটি হইল না"
sarat chandra chattopadhyay,"শুভকর্ম সুশৃঙ্খলায় সমাধা হইয়া গেল পরদিন প্রাতঃকালে চৌধুরীমহাশয় একবাক্স অলঙ্কার বাহির করিয়া দিলেন পার্বতীর সর্বাঙ্গে সে-সকল ঝলমল করিয়া উঠিল জননী তাহা দেখিয়া আচল দিয়া চোখের কোণ মুছিলেন নিকটে জমিদার-গৃহিণী দাঁড়াইয়া ছিলেন, তিনি তিরস্কার করিয়া বলিলেন, আজ চোখের জল ফেলে অকল্যাণ করিস নে দিদি"
sarat chandra chattopadhyay,"সন্ধ্যার কিছু পূর্বে মনোরমা পার্বতীকে একটা নির্জন ঘরে টানিয়া লইয়া গিয়া আশীর্বাদ করিল- যা হল, ভালই হল এখন থেকে দেখবি- কত সুখে থাকবি পার্বতী অল্প হাসিয়া বলিল, তা থাকব যমের সঙ্গে কাল একটুখানি পরিচয় হয়েছে কিনা"
sarat chandra chattopadhyay,"মনোরমা তখন অন্য কথা পাড়িল; কহিল, একবার ইচ্ছে করে, দেবদাসকে ডেকে এনে এই সোনার প্রতিমা দেখাই"
sarat chandra chattopadhyay,পার্বতীর যেন চমক ভাঙ্গিল পারিস দিদি
sarat chandra chattopadhyay,একবার ডেকে আনতে পারা যায় না
sarat chandra chattopadhyay,"কণ্ঠস্বরে মনোরমা শিহরিয়া উঠিল,- কেন পারু"
sarat chandra chattopadhyay,"পার্বতী হাতের বালা ঘুরাইতে ঘুরাইতে অন্যমনস্কভাবে কহিল, একবার পায়ের ধূলা মাথায় নেব-আজ যাব কিনা"
sarat chandra chattopadhyay,"মনোরমা পার্বতীকে বুকের ভিতর টানিয়া লইয়া, দুজনে বড় কান্না কাদিল সন্ধ্যা হইয়া গিয়াছে, ঘর অন্ধকার- পিতামহী দ্বার ঠেলিয়া বাহির হইতে কহিলেন, ও পারু, ও মনো, তোরা বাইরে আয় দিদি"
sarat chandra chattopadhyay,সেই রাত্রিতেই পার্বতী স্বামীর ঘরে চলিয়া গেল নবম পরিচ্ছেদ আর দেবদাস
sarat chandra chattopadhyay,"সে রাত্রিটা সে কলিকাতা ইডেন গার্ডেনের একটা বেঞ্চের উপর বসিয়া কাটাইয়া দিল তাহার খুব যে ক্লেশ হইতেছিল, যাতনায় মর্মভেদ হইতেছিল, তাহা নয়"
sarat chandra chattopadhyay,কেমন একটা শিথিল গুদাস্য ধীরে ধীরে বুকের মধ্যে জমা হইয়া উঠিতেছিল
sarat chandra chattopadhyay,"নিদ্রার মধ্যে শরীরের কোন একটা অঙ্গে হঠাৎ পক্ষাঘাত হইলে, ঘুম ভাঙ্গিয়া সেটার উপর যেমন কোন অধিকার খুঁজিয়া পাওয়া যায় না, এবং বিশ্মিত স্তষ্তিত মন মুহূর্ত ঠাওরাইতে পারে না, কেন তাহার আজন্ম-সঙ্গী চিরদিনের বিশ্বস্ত অঙ্গটা তাহার আহ্বানে সাড়া দিতেছে না; তাহার পর ধীরে ধীরে বুঝিতে পারা যায়, ধীরে ধীরে জ্ঞান জন্মে যে, এটা আর তাহার নিজের নাই; দেবদাস এমনি ধীরে ধীরে সমস্ত রাত্রি ধরিয়া বুঝিতেছিল যে, সময়ে সংসারটার অকস্মাৎ পক্ষাঘাত হইয়া, তাহার সহিত চিরদিনের জন্য বিচ্ছেদ হইয়া গিয়াছে"
sarat chandra chattopadhyay,এখন তাহার উপর মিথ্যা রাগ-অভিমান আর কিছুই খাটিবে না
sarat chandra chattopadhyay,"সাবেক অধিকারের কথাটা ভাবিতে যাওয়াই ভুল হইবে তখন সূর্যোদয় হইতেছিল দেবদাস উঠিয়া দীড়াইয়া ভাবিল, কোথায় যাই হঠাৎ স্মরণ হইল তাহার কলিকাতার বাসাটা সেখানে চুনিলাল আছে"
sarat chandra chattopadhyay,"দেবদাস চলিতে লাগিল পথে বার-দুই ধাক্কা খাইল, খাইয়া অঙ্গুলি রক্তাক্ত করিল- টাল খাইয়া একজনের গায়ের উপর পড়িতেছিল,- সে মাতাল বলিয়া ঠেলিয়া দিল"
sarat chandra chattopadhyay,"এমনি করিয়া ঘুরিয়া দিনশেষে মেসের দরজায় আসিয়া দাড়াইল চুনিবাবু তখন বেশবিন্যাস করিয়া বাহির হইতেছিলেন - -এ কি, দেবদাস যে"
sarat chandra chattopadhyay,"মুখ শুকনো, স্নানাহার হয়নি-ও কি- কি"
sarat chandra chattopadhyay,"দেবদাস পথের উপরেই বসিয়া পড়িতেছিল, চুনিলাল হাত ধরিয়া ভিতরে লইয়া গেল নিজের শয্যার উপর বসাইয়া, শান্ত করিয়া জিজ্ঞাসা করিল, ব্যাপার কি দেবদাস"
sarat chandra chattopadhyay,ইডেন গার্ডেনে ৷ পাগল নাকি
sarat chandra chattopadhyay,"না বল, এখন খাওয়া-দাওয়া করো তোমার জিনিসপত্র কোথায়"
sarat chandra chattopadhyay,"তা হোক, এখন খেতে বোস"
sarat chandra chattopadhyay,"তখন জোর করিয়া চুনিলাল কিছু আহার করাইয়া,শয্যায় শুইতে আদেশ করিয়া দ্বার রুদ্ধ করিতে করিতে কহিল, একটু ঘুমোবার চেষ্টা কর, আমি রাত্রে এসে তোমাকে তুলব বলিয়া সে তখনকার মত চলিয়া গেল রাত্রি দশটার মধ্যে সে ফিরিয়া আসিয়া দেখিল, দেবদাস তাহার বিছানায় গভীর নিদ্রায় সুপ্ত"
sarat chandra chattopadhyay,"না ডাকিয়া, সে নিজে একখানা কম্বল টানিয়া লইয়া, নীচে মাদুর পাতিয়া শুইয়া পড়িল সারা রাত্রির মধ্যে দেবদাসের ঘুম ভাঙ্গিল না, প্রভাতেও না"
sarat chandra chattopadhyay,"বেলা দশটার সময় সে উঠিয়া বসিয়া কহিল, চুনিবাবু, কখন এলে হে"
sarat chandra chattopadhyay,তবে তোমার কোনরকম অসুবিধা হয়নি
sarat chandra chattopadhyay,"দেবদাস কিছুক্ষণ তাহার মুখপানে চাহিয়া থাকিয়া কহিল, চুনিবাবু, আমার যে কিছু নেই, তুমি আমাকে প্রতিপালন করবে"
sarat chandra chattopadhyay,"চুনিলাল হাসিল ৷ সে জানিত, দেবদাসের পিতা মহা ধনবান তাই হাসিয়া কহিল, আমি প্রতিপালন করব"
sarat chandra chattopadhyay,"বেশ কথা তোমার যতদিন ইচ্ছা থাক, কোন ভাবনা নেই"
sarat chandra chattopadhyay,"ভাই, আমার আয় সামান্য বাটীতে কিছু বিষয়-সম্পত্তি আছে, তা দাদার কাছে গচ্ছিত রেখে এখানে বাস করি"
sarat chandra chattopadhyay,তিনি প্রতিমাসে সত্তর টাকা হিসাবে পাঠিয়ে এতে তোমার আমার স্বচ্ছন্দে চলে যাবে
sarat chandra chattopadhyay,তুমি বাড়ি যাও না কেন
sarat chandra chattopadhyay,"চুনিলাল ঈষৎ মুখ ফিরাইয়া কহিল, সে অনেক কথা দেবদাস আর কিছু জিজ্ঞাসা করিল না"
sarat chandra chattopadhyay,"ক্রমে আহারাদির জন্য ডাক পড়িল তাহার পর দুইজনে স্নানাহার শেষ করিয়া পুনরায় ঘরে আসিয়া বসিলে চুনিলাল বলিল, দেবদাস, বাপের সঙ্গে ঝগড়া করেচঃ"
sarat chandra chattopadhyay,"দেবদাস তেমনি জবাব দিল, তাহার পর চুনিলালের হঠাৎ অন্য কথা স্মরণ হইল কহিল, ওহো, তোমার এখনো বিয়েই হয়নি যে"
sarat chandra chattopadhyay,"এই সময় দেবদাস অন্যদিকে মুখ ফিরাইয়া শুইয়া পড়িল অল্পক্ষণেই চুনিলাল দেখিল, দেবদাস ঘুমাইয়া পড়িয়াছে"
sarat chandra chattopadhyay,এমনি করিয়া ঘুমাইয়া ঘুমাইয়া আরও দুইদিন অতীত হইল ৷ তৃতীয় দিবসের প্রাতঃকালে দেবদাস সুস্থ হইয়া উঠিয়া বসিল
sarat chandra chattopadhyay,মুখ হইতে সেই ঘন ছায়া যেন অনেকটা সরিয়া গিয়াছে বোধ হইল
sarat chandra chattopadhyay,"চুনিলাল জিজ্ঞাসা করিল, আজ শরীর কেমন"
sarat chandra chattopadhyay,"বোধ হয় অনেকটা ভাল আচ্ছা চুনিবাবু, রাত্রে তুমি কোথায় যাও"
sarat chandra chattopadhyay,"আজ চুনিলাল লজ্জিত হইল; বলিল, হা, তা যাই বটে, কিন্তু সে কথা কেন"
sarat chandra chattopadhyay,"আচ্ছা, আর তুমি কেন কলেজে যাও না"
sarat chandra chattopadhyay,"না-লেখাপড়া ছেড়ে দিয়েচি ছিঃ, তা কি হয়"
sarat chandra chattopadhyay,"মাস-দুই পরে তোমার পরীক্ষা পড়াও তোমার মন্দ হয়নি, এবার কেন পরীক্ষা দাও না"
sarat chandra chattopadhyay,"না- পড়া ছেড়ে দিয়েচি চুনিলাল চুপ করিয়া রহিল দেবদাস পুনরায় জিজ্ঞাসা করিল, কোথায় যাও- -বলবে না"
sarat chandra chattopadhyay,"চুনিলাল দেবদাসের মুখপানে চাহিয়া বলিল, কি জান দেবদাস,আমি খুব ভাল জায়গায় যাইনে দেবদাস যেন আপনার মনে কহিল, ভাল আর মন্দ"
sarat chandra chattopadhyay,"চুনিবাবু, আমাকে সঙ্গে নেবে না"
sarat chandra chattopadhyay,"না, আমি যাবই ৷ যদি ভাল না লাগে, আর না হয় যাব না"
sarat chandra chattopadhyay,"কিন্তু তুমি যে সুখের আশায় প্রত্যহ উন্মুখ হয়ে থাকো- যাই হোক চুনিবাবু, আমি নিশ্চয়ই যাবো"
sarat chandra chattopadhyay,"চুনিলাল মুখ ফিরাইয়া একটু হাসিল; মনে মনে বলিল, আমার দশা"
sarat chandra chattopadhyay,"মুখে বলিল, আচ্ছা তাই যেয়ো অপরাহ্ণবেলায় ধর্মদাস জিনিসপত্র লইয়া উপস্থিত হইল দেবদাসকে দেখিয়া কাঁদিয়া ফেলিল দেব্তা"
sarat chandra chattopadhyay,আজ তিন-চারদিন ধরে মা কত যে কীদচেন- কেন রে
sarat chandra chattopadhyay,কিছু না বলে হঠাৎ চলে এলে কেন
sarat chandra chattopadhyay,"একখানা পত্র বাহির করিয়া হাতে দিয়া কহিল, মার চিঠি চুনি চন্দ্রমুখীকে কতকটা চিনিতে পারিয়াছিল ৷ ঘাড় নাড়িয়া বলিল, না- না, নোট-ফোটের লোক আলাদা- সে তুমি নও কিন্তু সত্যি কথাটা বল চন্দ্রমুখী কহিল, সত্যিই একটু মায়া পড়েচে"
sarat chandra chattopadhyay,"চুনি বিশ্বাস করিল না; হাসিয়া কহিল, এই পাচ-মিনিটের মধ্যে"
sarat chandra chattopadhyay,"এবার চন্দ্রমুখীও হাসিতে লাগিল বলিল, তা হোক মন ভালো হলে আর একদিন একবার দেখব আনবে কি জানি"
sarat chandra chattopadhyay,"দশম পরিচ্ছেদ পার্বতী আসিয়া দেখিল, তাহার স্বামীর মস্ত বাড়ি নূতন সাহেবী ফ্যাশনের নহে, পুরাতন সেকেলে ধরনের সদর মহল, অন্দর মহল, পূজার দালান, নাটমন্দির, অতিথিশালা, কাছারি-বাড়ি, তোশাখানা, কত দাসদাসী- পার্বতী অবাক হইয়া গেল সে শুনিয়াছিল, তাহার স্বামী বড়লোক, জমিদার কিন্তু এতটা ভাবে নাই"
sarat chandra chattopadhyay,"পরিণীতা প্রথম পরিচ্ছেদ শক্তিশেল বুকে পড়িবার সময় লক্ষ্মণের মুখের ভাব নিশ্চয় খুব খারাপ হইয়া গিয়াছিল, কিন্তু গুরুচরণের চেহারাটা বোধ করি তার চেয়েও মন্দ দেখাইল- যখন প্রত্যুষেই অন্তঃপুর হইতে সংবাদ পৌঁছিল, এইমাত্র নির্বিঘ্নে পঞ্চম কন্যার জন্মদান করিয়াছেন"
sarat chandra chattopadhyay,"গুরুচরণ ষাট টাকা বেতনের ব্যাঙ্কের কেরানী সুতরাং যেমন ঠিকাগাড়ির ঘোড়ার মত শুষ্ক শীর্ণ, চোখেমুখেও তেমনি তাহাদেরি মত একটা নিষ্কাম নির্বিকার নির্লিপ্ত ভাব"
sarat chandra chattopadhyay,"তথাপি এই ভয়ঙ্কর শুভ-সংবাদে আজ তাহার হাতের হুঁকাটা হাতেই রহিল, তিনি জীর্ণ পৈতৃক তাকিয়াটা ঠেস দিয়া বসিলেন"
sarat chandra chattopadhyay,একটা দীর্ঘথনিশ্বাস ফেলিবারও আর তাহার জোর রহিল না
sarat chandra chattopadhyay,"শুভ-সংবাদ আনিয়াছিল তাহার তৃতীয় কন্যা দশমবর্ষীয়া আন্নাকালী সে বলিল, বাবা, চল না দেখবে"
sarat chandra chattopadhyay,"গুরুচরণ মেয়ের মুখের দিকে চাহিয়া বলিলেন, মা, এক গেলাস জল আন ত খাই মেয়ে জল আনিতে গেল সে চলিয়া গেলে, গুরুচরণের সর্বাগ্রে মনে পড়িল সূতিকাগৃহের রকমারি খরচের কথা তার পরে, ভিড়ের দিনে স্টেশনে গাড়ি আসিলে দোর খোলা পাইলে থার্ড ক্লাসের যাত্রীরা পৌটলা-পোৌটলি লইয়া পাগলের মত যেভাবে লোকজনকে দলিত পিষ্ট করিয়া ঝাঁপাইয়া আসিতে থাকে, তেমনি মার-মার শব্দ করিয়া তাহার মগজের মধ্যে দুশ্চিন্তারাশি করিয়া ঢুকিতে লাগিল মনে পড়িল, গত বৎসর তাহার দ্বিতীয়া কন্যার শুভ-বিবাহে বৌবাজারের এই দ্বিতল ভদ্রাসনটুকু বীধা পড়িয়াছে এবং তাহারও ছয় মাসের সুদ বাকী দুর্গাপূজার আর মাসখানেক মাত্র বিলম্ব আছে- মেজমেয়ের ওখানে তত্ত্ব পাঠাইতে হইবে৷ অফিসে কাল রাত্রি আটটা পর্যন্ত ডেবিট ক্রেডিট মিলে নাই, আজ বেলা বারোটার মধ্যে বিলাতে হিসাব পাঠাইতে হইবে কাল বড়সাহেব হুকুম জারি করিয়াছেন, ময়লা পরিয়া কেহ অফিসে ঢুকিতে পারিবে না, ফাইন হইবে, অথচ গত সপ্তাহ হইতে রজকের সন্ধান মিলিতেছে না, সংসারের অর্ধেক কাপড়-চোপড় লইয়া সে বোধ করি নিরুদ্দেশ"
sarat chandra chattopadhyay,"গুরুচরণ আর ঠেস দিয়া থাকিতেও পারিলেন না, হুঁকাটা উচু করিয়া ধরিয়া এলাইয়া পড়িলেন"
sarat chandra chattopadhyay,"মনে মনে বলিলেন, ভগবান, এই কলিকাতা শহরে প্রতিদিন কত লোক গাড়ি-ঘোড়া চাপা পড়িয়া অপঘাতে মরে, তারা কি আমার চেয়েও তোমার পায়ে বেশী অপরাধী"
sarat chandra chattopadhyay,তোমার দয়ায় একটা ভারী মোটরগাড়ি যদি বুকের উপর দিয়া চলিয়া যায়
sarat chandra chattopadhyay,"আন্লাকালী জল আনিয়া বলিল, বাবা ওঠ, জল এনেছি গুরুচরণ উঠিয়া সমস্তটুকু এক নিশ্বাসে পান করিয়া ফেলিয়া বলিলেন, আঃ, যা মা, গেলাসটা নিয়ে সে চলিয়া গেলে গুরুচরণ আবার শুইয়া পড়িলেন"
sarat chandra chattopadhyay,"ললিতা ঘরে ঢুকিয়া বলিল, মামা, চা এনেচি ওঠ চায়ের নামে গুরুচরণ আর একবার উঠিয়া বসিলেন ললিতার মুখের পানে চাহিয়া তাহার অর্ধেক জ্বালা যেন নিবিয়া গেল, বলিলেন, সারারাত জেগে আছিস মা, আয় আমার কাছে এসে একবার ললিতা সলজ্জহাস্যে কাছে বসিয়া বলিল, আমি রাত্তিরে জাগিনি মামা এই জীর্ণ শীর্ণ গুরুভারণ্রস্ত অকালবৃদ্ধ মাতুলের হৃদয়ের প্রচ্ছন্ন সুগভীর ব্যথাটা তার চেয়ে বেশী এ সংসারে আর কেহ অনুভব করিত গুরুচরণ বলিলেন, তা হোক, আয়, আমার কাছে আয় ললিতা কাছে আসিয়া বসিতেই গুরুচরণ তাহার মাথায় হাত দিয়া সহসা বলিয়া উঠিলেন, আমার এই মা টিকে যদি রাজার ঘরে দিতে পারতুম, তবেই জানতুম একটা কাজ ললিতা মাথা হেঁট করিয়া চা ঢালিতে লাগিল তিনি বলিতে লাগিলেন, হা মা, তোর দুঃখী মামার ঘরে এসে দিনরাত্রি খাটতে হয়, না"
sarat chandra chattopadhyay,"ললিতা মাথা নাড়িয়া বলিল, দিবারাত্রি খাটতে হবে কেন মামা"
sarat chandra chattopadhyay,"সবাই কাজ করে, আমিও করি এইবার গুরুচরণ হাসিলেন চা খাইতে খাইতে বলিলেন, হা ললিতা, আজ তবে রান্নাবান্নার কি হবে মা"
sarat chandra chattopadhyay,"ললিতা মুখ তুলিয়া বলিল, কেন মামা, আমি রীধব যে"
sarat chandra chattopadhyay,"গুরুচরণ বিস্ময় প্রকাশ করিয়া জিজ্ঞাসা করিলেন, তুই রীধবি কি মা, রীধতে কি তুই জানিস"
sarat chandra chattopadhyay,জানি মামা আমি মামীমার কাছে সব শিখে নিয়েছি
sarat chandra chattopadhyay,"গুরুচরণ চায়ের বাটিটা নামাইয়া ধরিয়া বলিলেন, সত্যি"
sarat chandra chattopadhyay,"মামীমা দেখিয়ে দেন, আমি কতদিন যে"
sarat chandra chattopadhyay,"তাহার আনত মাথার উপর হাত রাখিয়া গুরুচরণ নিঃশব্দে আশীর্বাদ করিলেন তাহার একটা গুরুতর দুর্ভাবনা দূর হইল এই ঘরটি গলির উপরেই চা পান করিতে করিতে জানালার বাহিরে দৃষ্টি পড়ায় গুরুচরণ ডাকিয়া উঠিলেন, শেখর নাকি"
sarat chandra chattopadhyay,একজন দীর্ঘায়তন বলিষ্ঠ সুন্দর যুবা ঘরে প্রবেশ করিল
sarat chandra chattopadhyay,"গুরুচরণ বলিলেন, বসো, আজ সকালে তোমার খুড়ীমার শুনেচ বোধ হয়"
sarat chandra chattopadhyay,"শেখর মৃদু হাসিয়া বলিল, কাণ্ড আর কি, মেয়ে হয়েছে তাই"
sarat chandra chattopadhyay,"গুরুচরণ একটা নিশ্বাস ফেলিয়া বলিলেন, তুমি ত বলবে তাই, কিন্তু তাই যে কি সে শুধু আমিই জানি যে"
sarat chandra chattopadhyay,"শেখর কহিল, ও-রকম বলবেন না কাকা, খুঁড়ীমা শুনলে বড় কষ্ট পাবেন তা ছাড়া ভগবান যাকে পাঠিয়েছেন তাকে আদর-আরলা্দ করে ডেকে নেওয়া উচিত গুরুচরণ মুহূর্তকাল মৌন থাকিয়া বলিলেন, আদর-আ্াদ করা উচিত, সে আমিও জানি"
sarat chandra chattopadhyay,"কিন্তু বাবা, ভগবানও ত সুবিচার করেন না"
sarat chandra chattopadhyay,"আমি গরীব, আমার ঘরে এত কেন"
sarat chandra chattopadhyay,"এই বাড়িটুকু পর্যন্ত তোমার বাপের কাছে বাধা পড়েচে, তা পড় ক, সে জন্যে দুঃখ করিনে শেখর, কিন্তু এই হাতে-হাতেই দেখ না বাবা, এই যে আমার ললিতা, মাবাপ-মরা সোনার পুতুল, একে শুধু রাজার ঘরেই মানায়"
sarat chandra chattopadhyay,কি করে একে প্রাণ ধরে যার-তার হাতে তুলে দিই বল
sarat chandra chattopadhyay,"রাজার মুকুটে যে কোহিনুর জ্বলে, তেমনি কোহিনুর রাশীকৃত করে আমার এই মাটিকে ওজন করলেও দাম হয় না"
sarat chandra chattopadhyay,"পয়সার অভাবে এমন রত্নকেও আমাকে বিলিয়ে দিতে হবে বল দেখি বাবা, সে-সময়ে কি রকম শেল বুকে বাজবে"
sarat chandra chattopadhyay,"তেরো বছর বয়স হ লো, কিন্তু হাতে আমার এমন তেরোটা পয়সা নেই যে, একটা সম্বন্ধ পর্যন্ত স্থির করি"
sarat chandra chattopadhyay,"গুরুচরণের দুই চোখ অশ্রুপূর্ণ হইয়া উঠিল শেখর চুপ করিয়া রহিল গুরুচরণ পুনরায় কহিলেন, শেখরনাথ, দেখো বাবা, তোমার বন্ধুবান্ধবের মধ্যে যদি এই মেয়েটার কোন গতি করে দিতে পার আজকাল অনেক ছেলে শুনেচি টাকাকড়ির দিকে চেয়ে দেখে না, শুধু মেয়ে দেখেই পছন্দ করে তেমনি যদি দৈবাৎ একটা মিলে যায় শেখর, তা হলে বলচি আমি, আমার আশীর্বাদে তুমি রাজা হবে"
sarat chandra chattopadhyay,"আর কি বলব বাবা, এ পাড়ায় তোমাদের আশ্রয়ে আমি আছি, তোমার বাবা আমাকে ছোট ভায়ের মতই দেখেন শেখর মাথা নাড়িয়া বলিল, আচ্ছা তা গুরুচরণ বলিলেন, ভুলো না বাবা, দেখো ললিতা ত আট বছর বয়স থেকে তোমাদের কাছে লেখাপড়া শিখে মানুষ হচ্ছে, তুমি ত দেখতে পাচ্ছ ও কেমন বুদ্ধিমতী, কেমন শিষ্ট শান্ত"
sarat chandra chattopadhyay,"একফৌটা মেয়ে, আজ থেকে ও-ই আমাদের রীধাবাড়া করবে, দেবে-থোবে, সমস্তই এখন ওর মাথায়"
sarat chandra chattopadhyay,এই সময়ে ললিতা একটিবার চোখ তুলিয়াই নামাইয়া ফেলিল তাহার ওষ্ঠাধরের উভয় প্রান্ত ঈষৎ প্রসারিত হইল মাত্র
sarat chandra chattopadhyay,"গুরুচরণ একটা নিশ্বাস ফেলিয়া বলিলেন, ওর কি কিছু কম রোজগার করেচে, কিন্তু সমস্তই এমন করে দান করে গেল যে, এই একটা মেয়ের জন্যেও কিছু রেখে গেল না"
sarat chandra chattopadhyay,"শেখর চুপ করিয়া রহিল গুরুচরণ নিজেই আবার বলিয়া উঠিলেন, আর রেখে গেল না-ই বা বলি কি ক'রে"
sarat chandra chattopadhyay,"সে যত লোকের যত দুঃখ ঘুচিয়েছে, তার সমস্ত ফলটুকুই আমার এই মাটিকে দিয়ে গেছে, তা নইলে কি এতটুকু মেয়ে এমন অনুপূর্ণা হতে পারে"
sarat chandra chattopadhyay,"তুমিই বল না শেখর, সত্য কি না"
sarat chandra chattopadhyay,শেখর হাসিতে লাগিল জবাব দিল না
sarat chandra chattopadhyay,"সে উঠিবার উপক্রম করিতেই গুরুচরণ জিজ্ঞাসা করিয়া উঠিলেন, এমন সকালেই কোথা"
sarat chandra chattopadhyay,"শেখর বলিল, ব্যারিস্টারের বাড়ি- -একটা কেস আছে"
sarat chandra chattopadhyay,"বলিয়া উঠিয়া দীড়াইতেই গুরুচরণ আর একবার স্মরণ করাইয়া বলিলেন, কথাটা একটু মনে রেখো বাবা"
sarat chandra chattopadhyay,"একটু শ্যামবর্ণ বটে, কিন্তু চোখমুখ, এমন হাসি, এত দয়ামায়া পৃথিবী খুঁজে বেড়ালেও কেউ পাবে শেখর মাথা নাড়িয়া হাসিমুখে বাহির হইয়া গেল এই ছেলেটির বয়স পচিশ-ছাব্বিশ"
sarat chandra chattopadhyay,"এম এম পাশ করিয়া এতদিন শিক্ষানবিশি করিতেছিল, গত বৎসর হইতে এটর্নি হইয়াছে"
sarat chandra chattopadhyay,"তাহার পিতা নবীন রায় গুড়ের কারবারে লক্ষপতি হইয়া কয়েক বৎসর হইতে ব্যবসা ছাড়িয়া দিয়া ঘরে বসিয়া তেজারতি করিতেছিলেন, বড় ছেলে অবিনাশ উকিল,- -ছোট ছেলে এই শেখরনাথ তাহার প্রকাণ্ড তেতলা বাড়ি পাড়ার মাথায় উঠিয়াছিল এবং ইহার একটা খোলা ছাদের সহিত গুরুচরণের ছাদটা থাকায় উভয় পরিবারে অত্যন্ত আত্মীয়তা জন্মিয়াছিল বাড়ির মেয়েরা এই পথেই যাতায়াত করিত দ্বিতীয় পরিচ্ছেদ শ্যামবাজারের এক বড়লোকের ঘরে বহুদিন হইতেই শেখরের বিবাহের কথাবার্তা চলিতেছিল সেদিন তাহারা দেখিতে আসিয়া আগামী মাঘের কোন একটা শুভদিন স্থির করিয়া যাইতে চাহিলেন"
sarat chandra chattopadhyay,কিন্তু শেখরের জননী স্বীকার করিলেন না
sarat chandra chattopadhyay,"ঝিকে দিয়া বলিয়া পাঠাইলেন, ছেলে নিজে দেখিয়া পছন্দ করিলে তবে বিবাহ দিব"
sarat chandra chattopadhyay,"নবীন রায়ের চোখ ছিল শুধু টাকার দিকে, তিনি গৃহিণীর এই গোলমেলে কথায় অপ্রসমন হইয়া বলিলেন, এ আবার কি কথা"
sarat chandra chattopadhyay,"কথাবার্তা পাকা হয়ে যাক, তার পরে আশীর্বাদ করার দিন ভাল করে দেখলেই হবে তথাপি গৃহিণী সম্মত হইলেন না, পাকা কথা দিলেন না"
sarat chandra chattopadhyay,"নবীন রায় সেদিন রাগ করিয়া অনেক বেলায় আহার করিলেন এবং দিবানিদ্রাটা বাহিরের ঘরেই দিলেন শেখরনাথ লোকটা কিছু শৌখিন সে তেতলায় যে ঘরটিতে থাকে, সেটি অতিশয় সুসজ্জিত দিন পাচ-ছয় পরে একদিন অপরাহৃনবেলায় সে সেই ঘরের বড় আয়নার সম্মুখে দাঁড়াইয়া মেয়ে দেখিতে যাইবার জন্য প্রস্তুত হইতেছিল, ললিতা ঘরে ঢুকিল ক্ষণকাল নিঃশব্দে চাহিয়া থাকিয়া জিজ্ঞাসা করিল, বৌ দেখতে যাবে, না"
sarat chandra chattopadhyay,"শেখর ফিরিয়া চাহিয়া বলিল, এই যে"
sarat chandra chattopadhyay,কৈ বেশ করে সাজিয়ে দাও দেখি বৌ যাতে পছন্দ করে
sarat chandra chattopadhyay,"ললিতা হাসিল বলিল, এখন আমার সময় নেই শেখরদা--আমি টাকা নিতে এসেচি, বলিয়া বালিশের তলা হইতে চাবি লইয়া একটা দেরাজ খুলিয়া গণিয়া গণিয়া গুটি-কয়েক টাকা আঁচলে বাঁধিয়া লইয়া যেন কতকটা নিজের মনেই বলিল, টাকা ত দরকার হলেই নিয়ে যাচ্ছি, কিন্তু এ শোধ হবে কি করে"
sarat chandra chattopadhyay,"শেখর চুলের একপাশ বুরুশ দিয়া সযত্নে উপরের দিকে তুলিয়া দিয়া ফিরিয়া দীড়াইয়া বলিল, শোধ হবে, না হচ্ছে৷ ললিতা বুঝিতে পারিল না, চাহিয়া রহিল"
sarat chandra chattopadhyay,"শেখর বলিল, চেয়ে রইলে, বুঝতে পারলে না"
sarat chandra chattopadhyay,"ললিতা মাথা নাড়িয়া বলিল, না"
sarat chandra chattopadhyay,"আরও একটু বড় হও, তখন বুঝতে পারবে, বলিয়া শেখর জুতা পায়ে দিয়া বাহির হইয়া গেল রাত্রে শেখর একটা কোচের উপর চুপ করিয়া শুইয়া ছিল, মা আসিয়া ঘরে ঢুকিলেন"
sarat chandra chattopadhyay,"সে তাড়াতাড়ি উঠিয়া বসিল মা একটা চৌকির উপর বসিয়া পড়িয়া বলিলেন, মেয়ে কি রকম দেখে এলি রে"
sarat chandra chattopadhyay,"শেখর মায়ের মুখের দিকে চাহিয়া হাসিয়া বলিল, শেখরের মায়ের নাম ভূবনেশ্বরী বয়স প্রায় পঞ্চাশের কাছে আসিয়াছিল, কিন্তু এমনি সুন্দর তাহার দেহের বীধন যে দেখিলে পযঁয়ত্রিশ-ছত্রিশের অধিক মনে হইত না"
sarat chandra chattopadhyay,"আবার এই সুন্দর আবরণের মধ্যে যে মাতৃহৃদয়টি ছিল, তাহা আরও নবীন আরও কোমল তিনি পাড়াগায়ের মেয়ে; পাড়াগীয়ে জন্মিয়া সেইখানেই বড় হইয়াছিলেন বটে, কিন্তু শহরের মধ্যে তাহাকে একদিনের জন্য বেমানান শহরের চাঞ্চল্যসজীবতা এবং আচার-ব্যবহারও যেমন তিনি স্বচ্ছন্দ গ্রহণ করিতে পারিয়াছিলেন, জন্মভূমির নিবিড় নিস্তব্ধতা ও মাধুর্যও তেমনি হারাইয়া ফেলেন এই যে শেখরের কত বড় গর্বের বস্তু ছিল, সে-কথা তাহার মা-ও জানিতেন না"
sarat chandra chattopadhyay,"জগদীশ্বর শেখরকে অনেক বস্তু দিয়াছিলেন অনন্যসাধারণ স্বাস্থ্য, রূপ, , বুদ্ধি-কিন্তু এই জননীর সন্তান হইতে পারার ভাগ্যটাকেই সে কায়মনে ভগবানের সবচেয়ে বড় দান বলিয়া মনে করিত মা বলিলেন, বেশ' বলে চুপ করে রইলি যে রে"
sarat chandra chattopadhyay,"শেখর আবার হাসিয়া মুখ নীচু করিয়া বলিল, যা জিজ্ঞেস করলে তাই ত বললুম"
sarat chandra chattopadhyay,"মা-ও হাসিলেন বলিলেন, কৈ বললি"
sarat chandra chattopadhyay,"শেখর মুখ তুলিয়া বলিল, ললিতা ত কালো মা, ওর চেয়ে ফরসা মুখচোখ কেমন"
sarat chandra chattopadhyay,"এবার শেখর চুপ করিয়া রহিল মা ক্ষণকাল পুত্রের মুখের দিকে চাহিয়া থাকিয়া হঠাৎ জিজ্ঞাসা করিয়া উঠিলেন, হা রে, মেয়েটি লেখাপড়া শিখেচে কেমন"
sarat chandra chattopadhyay,"শেখর বলিল, সে ত জিজ্ঞাসা করিনি মা"
sarat chandra chattopadhyay,"অতিশয় আশ্চর্য হইয়া মা বলিলেন, জিজ্ঞেস করিস নি কি রে"
sarat chandra chattopadhyay,"যেটা আজকাল তোদের সবচেয়ে দরকারী জিনিস, সেইটেই জেনে আসিস নি"
sarat chandra chattopadhyay,"শেখর হাসিয়া বলিল, না মা, ওকথা আমার মনেই ছিল ছেলের কথা শুনিয়া এবার তিনি অতিশয় বিশ্মিত হইয়া ক্ষণকাল তাহার মুখপানে চাহিয়া থাকিয়া হাসিয়া উঠিয়া বলিলেন, তবে তুই ওখানে বিয়ে করবি নে দেখচি"
sarat chandra chattopadhyay,"শেখর কি একটা বলিতে যাইতেছিল, কিন্তু এই সময় ললিতাকে ঘরে ঢুকিতে দেখিয়া চুপ করিয়া গেল"
sarat chandra chattopadhyay,"ললিতা ধীরে ধীরে ভূবনেশ্বরীর পিছনে আসিয়া দাড়াইল তিনি বী হাত দিয়া তাহাকে সমুখের দিকে টানিয়া আনিয়া বলিলেন, কি মা"
sarat chandra chattopadhyay,"ললিতা চুপি চুপি বলিল, কিচ্ছু না মা"
sarat chandra chattopadhyay,"ললিতা পূর্বে ইহাকে মাসীমা বলিত, কিন্তু তিনি নিষেধ করিয়া দিয়া বলিয়াছিলেন, তোর আমি ত মাসী হইনে ললিতে, মা হই"
sarat chandra chattopadhyay,"তখন হইতে সে মা বলিয়া ডাকিত তাহাকে বুকের আরো কাছে টানিয়া লইয়া আদর করিয়া বলিলেন, কিচ্ছু না"
sarat chandra chattopadhyay,তবে বুঝি আমাকে শুধু একবার দেখতে এসেছিস
sarat chandra chattopadhyay,"শেখর কহিল, দেখতে এসেচে, রীধবে কখন"
sarat chandra chattopadhyay,"শেখর আশ্চর্য হইয়া জিজ্ঞাসা করিল, কে তবে ওদের রীধবে মা"
sarat chandra chattopadhyay,"ওর মামাও ত সেদিন বললেন, ললিতাই রীধাবাড়া সব কাজ করবে মা হাসিয়া উঠিলেন"
sarat chandra chattopadhyay,"বলিলেন, ওর মামার কি, যা হোক একটা বললেই হ'ল"
sarat chandra chattopadhyay,"ওর বিয়ে হয়নি, ওর হাতে খাবে কে"
sarat chandra chattopadhyay,"আমাদের বামুনঠাকরুনকে পাঠিয়ে দিয়েচি, তিনি রাধবেন বড়বৌমা আমাদের রান্নাবান্না করচেন- আমি দুপুরবেলা ওদের বাড়িতেই আজকাল খাই শেখর বুঝিল, মা এই দুঃখী পরিবারের গুরুভার হাতে তুলিয়া লইয়াছেন সে একটা তৃপ্তির নিঃশ্বাস ফেলিয়া চুপ করিল মাস-খানেক পরে একদিন সন্ধ্যার পর শেখর নিজের ঘরে কোচের উপর কাত হইয়া একখানি ইংরাজী নভেল পড়িতেছিল বেশ মন লাগিয়া গিয়াছিল,এমন সময় ললিতা ঘরে ঢুকিয়া বালিশের তলা হইতে চাবি লইয়া শব্দ-সাড়া করিয়া দেরাজ খুলিতে লাগিল শেখর বই হইতে মুখ না তুলিয়াই বলিল, কি"
sarat chandra chattopadhyay,"হু, বলিয়া শেখর পড়িতে লাগিল ললিতা আঁচলে টাকা বাঁধিয়া উঠিয়া দীড়াইল আজ সে সাজিয়া-গুজিয়া আসিয়াছিল, তাহার ইচ্ছা শেখর চাহিয়া দেখে কহিল, দশ টাকা নিলুম শেখরদা ৷ শেখর আচ্ছা বলিল, কিন্তু চাহিয়া দেখিল না"
sarat chandra chattopadhyay,"অগত্যা সে এটা-ওটা নাড়িতে লাগিল, মিছামিছি দেরি করিতে লাগিল, কিন্তু কিছুতেই কোন ফল হইল না, তখন ধীরে ধীরে বাহির হইয়া গেল কিন্তু গেলেই ত চলে না, আবার তাহাকে ফিরিয়া আসিয়া দোরগোড়ায় দীড়াইতে হইল"
sarat chandra chattopadhyay,"আজ তাহারা থিয়েটার দেখিতে যাইবে শেখরের বিনা হুকুমে সে যে কোথাও যাইতে পারে না, ইহা সে জানিত"
sarat chandra chattopadhyay,"কেহই তাহাকে ইহা বলিয়া দেয় নাই, কিংবা কেন, কি জন্য, এ-সব তর্কও কোনদিন মনে উঠে নাই জীবমাত্রেরই যে একটা স্বাভাবিক সহজবুদ্ধি আছে, সেই বুদ্ধিই তাহাকে শিখাইয়া দিয়াছিল; অপরে যাহা ইচ্ছা করিতে পারে যেখানে খুশি যাইতে পারে, কিন্তু সে পারে না"
sarat chandra chattopadhyay,সে স্বাধীনও নয় এবং মামা-মামীর অনুমতিই তাহার পক্ষে যথেষ্ট নয়
sarat chandra chattopadhyay,"সে দ্বারের অন্তরালে দাঁড়াইয়া আস্তে আস্তে বলিল, আমরা যে থিয়েটার দেখতে যাচ্ছি"
sarat chandra chattopadhyay,"তাহার কানে গেল জবাব দিল ললিতা তখন আরো একটু গলা চড়াইয়া বলিল, সবাই আমার জন্য দাড়িয়ে রয়েচে যে"
sarat chandra chattopadhyay,"এবার শেখর শুনিতে পাইল, বইখানা একপাশে নামাইয়া রাখিয়া জিজ্ঞাসা করিল, কি হয়েচে"
sarat chandra chattopadhyay,"ললিতা একটুখানি রুষ্টভাবে বলিল, এতক্ষণে বুঝি কানে গেল আমরা থিয়েটারে যাচ্চি যে"
sarat chandra chattopadhyay,"আমি, , চারুবালা, তার মামা মামাটি কে"
sarat chandra chattopadhyay,"ললিতা বলিল, তীর নাম পাঁচ-ছদিন হ'লো মুঙ্গেরের বাড়ি থেকে এসেচেন, এখানে বি এ পড়বেন-বেশ লোক বাঃ- নাম, ধাম, পেশা- এ যে দিব্যি আলাপ হয়ে গেছে তাতেই চার-পাঁচ দিন মাথার টিকিটি পর্যন্ত দেখতে পাইনি- তাস খেলা হচ্ছিল বোধ করি"
sarat chandra chattopadhyay,"হঠাৎ শেখরের কথা বলার ধরন দেখিয়া ললিতা ভয় পাইয়া গেল সে মনেও করে নাই, এরূপ একটা প্রশ্নও উঠিতে পারে"
sarat chandra chattopadhyay,"সে চুপ করিয়া রহিল শেখর বলিল, এ ক'দিন খুব তাস চলছিল, না"
sarat chandra chattopadhyay,"ললিতা ঢোক গিলিয়া মৃদুস্বরে কহিল, চার বললে যে ৷ চারু বললে"
sarat chandra chattopadhyay,"বলিয়া শেখর মাথা তুলিয়া একবার চাহিয়া দেখিয়া কহিল, একেবারে কাপড় পরে তৈরি হয়ে আসা হয়েছে, আচ্ছা যাও ললিতা গেল না, সেইখানেই চুপ করিয়া দাঁড়াইয়া রহিল পাশের বাড়ির চারুবালা তাহার সমবয়সী এবং সই তাহারা ব্রাহ্ম"
sarat chandra chattopadhyay,শেখর এ গিরীনকে ছাড়া তাহাদের সকলকেই চিনিত
sarat chandra chattopadhyay,"গিরীন পাঁচ-সাত বৎসর পূর্বে কিছুদিনের জন্য একবার আসিয়াছিল এতদিন বাঁকিপুরে পড়িত, কলিকাতায় আসিবার প্রয়োজনও হয় নাই, আসেও নাই তাই শেখর তাহাকে চিনিত না"
sarat chandra chattopadhyay,"ললিতা তথাপি দাঁড়াইয়া আছে দেখিয়া বলিল, মিছে দাড়িয়ে রইলে কেন, যাও বলিয়া মুখের সমুখেই বই তুলিয়া লইল মিনিট-পাচেক চুপ করিয়া থাকার পরে ললিতা আবার আস্তে আস্তে জিজ্ঞাসা করিল, যাব"
sarat chandra chattopadhyay,"যেতেই ত বললুম, ললিতা শেখরের ভাব দেখিয়া ললিতার থিয়েটার দেখিবার সাধ লোপ পাইল, কিন্তু তাহার না গেলেও যে নয়"
sarat chandra chattopadhyay,"কথা হইয়াছিল, সে অর্ধেক খরচ দিবে এবং চারুর মামা অর্ধেক দিবে চারুদের ওখানে সকলেই তাহার জন্য অধীর হইয়া অপেক্ষা করিতেছে এবং যত বিলম্ব হইতেছে তাহাদের অধৈর্যও তত বাড়িতেছে, ইহা সে চোখের উপর দেখিতে লাগিল, কিন্তু উপায়ও খুঁজিয়া পাইল না"
sarat chandra chattopadhyay,অনুমতি না পাইয়া যাইবে এত সাহস তাহার ছিল না
sarat chandra chattopadhyay,"আবার মিনিট দুই-তিন নিঃশব্দে থাকিয়া বলিল, শুধু আজকের দিনটি- যাব"
sarat chandra chattopadhyay,"শেখর বইটা একপাশে ফেলিয়া দিয়া ধমকাইয়া উঠিল, বিরক্ত করো না ললিতা, যেতে ইচ্ছে হয় যাও, ভালমন্দ বোঝবার তোমার যথেষ্ট বয়েস ললিতা চমকিয়া উঠিল শেখরের কাছে বকুনি খাওয়া তাহার নূতন নহে; অভ্যাস ছিল বটে, কিন্তু দু-তিন বৎসরের মধ্যে এরকম শুনে নাই"
sarat chandra chattopadhyay,"ওদিকে বন্ধুরা অপেক্ষা করিয়া আছে, সেও কাপড় পরিয়া প্রস্তুত হইয়াছে, ইতিমধ্যে টাকা আনিতে আসিয়া এই বিপত্তি ঘটিয়াছে"
sarat chandra chattopadhyay,এখন তাহাদের কাছেই বা সে কি বলিবে
sarat chandra chattopadhyay,"কোথাও যাওয়া-আসা সম্বন্ধে আজ পর্যন্ত তাহার শেখরের তরফ হইতে অবাধ স্বাধীনতা ছিল, সেই জোরেই সে একেবারে কাপড় পরিয়া সাজিয়া আসিয়াছিল, এখন শুধু যে সেই স্বাধীনতাই এমন রূঢ়ভাবে খর্ব হইয়া গেল তাহা নহে, যেজন্য হইল সে কারণটা যে কতবড় লজ্জার, তাহাই আজ তাহার তের বছর বয়সে প্রথম উপলব্ধি করিয়া সে মরমে মরিয়া যাইতে লাগিল অভিমানে চোখ অশ্রপূর্ণ করিয়া সে আরো মিনিট-পাঁচেক নিঃশব্দে দীড়াইয়া থাকিয়া চোখ মুছিতে মুছিতে চলিয়া গেল নিজের ঘরে গিয়া ঝিকে দিয়া আন্নাকালীকে ডাকাইয়া আনিয়া তাহার হাতে দশটা টাকা দিয়া কহিল, তোরা আজ যা কালী, আমার বড় অসুখ কচ্চে, সইকে বল গে আমি যেতে পারব না"
sarat chandra chattopadhyay,"কালী জিজ্ঞাসা করিল, কি অসুখ সেজদি"
sarat chandra chattopadhyay,"মাথা ধরেচে, গা বমি-বমি কচ্চে- ভারী অসুখ , বলিয়া সে বিছানায় পাশ ফিরিয়া শুইল তারপর চারু আসিয়া সাধাসাধি করিল, পীড়াপীড়ি করিল, মামীকে দিয়া সুপারিশ করাইল, কিন্তু কিছুতেই তাহাকে রাজী করিতে পারিল না"
sarat chandra chattopadhyay,"আন্নাকালী হাতে দশটা টাকা পাইয়া যাইবার জন্য ছটফট করিতেছিল পাছে এই-সব হাঙ্গামায় পড়িয়া যাওয়া না ঘটে, এই ভয়ে সে চারুকে আড়ালে ডাকিয়া টাকা দেখাইয়া বলিল, সেজদির অসুখ কচ্চে- সে নাই গেল চারুদি"
sarat chandra chattopadhyay,"আমাকে টাকা দিয়েছে, এই দ্যাখো-আমরা যাই চল"
sarat chandra chattopadhyay,"চারু বুঝিল, আন্নাকারী বয়সে ছোট হইলেও বুদ্ধিতে কাহারো খাটো নয়"
sarat chandra chattopadhyay,সে সম্মত হইয়া তাহাকে সঙ্গে করিয়া চলিয়া গেল তৃতীয় পরিচ্ছেদ চারুবালার মা মনোরমার তাস খেলার চেয়ে প্রিয় বস্তু সংসারে আর কিছুই ছিল না
sarat chandra chattopadhyay,কিন্তু খেলার ঝৌক যতটা ছিল দক্ষতা ততটা ছিল না
sarat chandra chattopadhyay,"তাহার এই ত্রুটি শুধরাইয়া যাইত ললিতাকে পাইলে ৷ সে খুব ভাল খেলিতে পারিত মনোরমার মামাত ভাই গিরীন্দ্র আসা পর্যন্ত এ-কয়দিন সমস্ত দুপুরবেলা তাহার ঘরে তাসের বিরাট আড্ডা বসিতেছিল গিরীন পুরুষমানুষ, খেলে ভাল, সুতরাং তার বিপক্ষে বসিতে গেলে মনোরমার ললিতাকে চাই-ই থিয়েটার দেখার পরের দিন যথাসময়ে ললিতা উপস্থিত হইল না দেখিয়া মনোরমা ঝিকে পাঠাইয়া দিলেন"
sarat chandra chattopadhyay,"ললিতা তখন একটি মোটা খাতায় একখানা ইংরাজি বই হইতে বাংলা তর্জমা করিতেছিল, গেল না তাহার সই আসিয়াও কিছু করিতে পারিল না, তখন মনোরমা নিজে আসিয়া তাহার খাতাপত্র একদিকে টান মারিয়া সরাইয়া দিয়া বলিলেন, নে, ওঠ ৷ বড় হয়ে তোকে জজিয়তি করতে হবে না, বরং তাস খেলতেই হবে- চল ললিতা মনে মনে অত্যন্ত বিপদগ্রস্ত হইয়া, কাদ-কীদ হইয়া জানাইল, আজ তহার কিছুতেই যাবার জো নাই, বরং কাল যাইবে মনোরমা কিছুতেই শুনিলেন না, অবশেষে মামীকে জানাইয়া তুলিয়া লইয়া গেলেন; সুতরাং তাহাকে আজও গিয়া গিরীনের বিপক্ষে বসিয়া তাস খেলিতে হইল কিন্তু, খেলা জামিল না"
sarat chandra chattopadhyay,সে এতটুকু মন দিতে পারিল না
sarat chandra chattopadhyay,"সমস্ত সময়টা আড় হইয়া রহিল এবং বেলা না পড়িতেই উঠিয়া পড়িল ৷ যাইবার সময় গিরীন বলিল, রাত্রে আপনি টাকা পাঠিয়ে দিলেন, কিন গেলেন না, কাল আবার যাই চলুন"
sarat chandra chattopadhyay,"ললিতা মাথা নাড়িয়া বলিল, না, আমার বড় অসুখ করেছিল গিরীন হাসিয়া বলিল, এখন ত অসুখ সেরেচে, চলুন কাল যেতে না, না, কাল আমার সময় হবে না, বলিয়া ললিতা দ্রুতপদে প্রস্থান করিল"
sarat chandra chattopadhyay,"আজ শুধু যে শেখরের ভয়ে তাহার খেলায় মন লাগে নাই তাহা নয়, তাহার নিজেরও ভারী লজ্জা করিতেছিল"
sarat chandra chattopadhyay,"শেখরের বাটার মত, এই বাটাতেও সে ছেলেবেলা হইতে আসা-যাওয়া করিয়াছে এবং ঘরের লোকের মতই সকলের সুমুখে বাহির হইয়াছে"
sarat chandra chattopadhyay,"তাই চারুর মামার সুমুখেও বাহির হইতে, কথা বলিতে, প্রথম হইতেই তাহার কোনও দ্বিধা হয় নাই"
sarat chandra chattopadhyay,"কিন্তু, আজ গিরীনের সুমুখে বসিয়া সমস্ত খেলার সময়টা কেমন করিয়া যেন তাহার কেবলি মনে হইতেছিল, এই কয়েকদিনের পরিচয়েই গিরীন্দ্র তাহাকে একটু বিশেষ প্রীতির চোখে দেখিতেছে"
sarat chandra chattopadhyay,"পুরুষের প্রীতির চক্ষু যে এতবড় লজ্জার বস্তু তাহা সে ইতিপূর্বে কল্পনাও করে বাড়িতে একবার দেখা দিয়াই সে তাড়াতাড়ি ও-বাড়িতে শেখরের ঘরে গিয়া ঢুকিল, এবং একেবারে কাজে লাগিয়া গেল ছেলেবেলা হইতে এ ঘরের ছোটখাটো কাজগুলি তাহাকেই করিতে হইত বই প্রভৃতি গুছাইয়া তুলিয়া রাখা, টেবিল সাজাইয়া দেওয়া, দোয়াত-কলম ঝাড়িয়া মুছিয়া ঠিক করিয়া রাখা, এ- সমস্ত সে না করিলে আর কেহ করিত না ছয়-সাত দিনের অবহেলায় অনেক কাজ জমিয়া গিয়াছিল, সেই সমস্ত ত্রুটি শেখরের ফিরিয়া আসিবার পূর্বেই নিঃশেষ করিয়া ফেলিতে কোমর বীধিয়া লাগিয়া গেল ললিতা সময় পাইলেই কাছে কাছে থাকিত এবং সে নিজে কাহাকেও পর মনে করিত না বলিয়া এ-বাড়িতে তাহাকেও কেহ পর মনে করিত না"
sarat chandra chattopadhyay,"আট বছর বয়সে মা-বাপ হারাইয়া মামার বাড়িতে প্রবেশ করিয়াছিল, তখন হইতে সে ছোটবোনটির মত শেখরের আশেপাশে ঘুরিয়া তাহার কাছে লেখাপড়া শিখিয়া মানুষ হইতেছে"
sarat chandra chattopadhyay,"সে যে শেখরের বিশেষ স্নেহের পাত্রী তাহা সবাই জানিত, শুধু সেই স্নেহ যে এখন কোথায় উঠিয়াছে তাহাই কেহ জানিত না, ললিতাও শিশুকাল হইতে শেখরের কাছে তাহাকে একইভাবে এত অপর্যাপ্ত আদর পাইতে সবাই দেখিয়া আসিয়াছে যে, আজ পর্যন্ত তাহার কোন আদরই কাহারই চোখে বিসদৃশ বোধ হয় না, কিংবা কোন ব্যবহারই কাহারও দৃষ্টি আকর্ষণ করে না"
sarat chandra chattopadhyay,"করে না বলিয়াই সে যে কোনও দিন এই গৃহে প্রতিষ্ঠিত হইতে পারে, সে সম্ভাবনাও কাহারও মনে উদয় হয় ললিতাদের বাড়িতেও হয় নাই, ভুবনেশ্বরীর মনেও হয় নাই ললিতা ভাবিয়া রাখিয়াছিল, কাজ শেষ করিয়া শেখর আসিবার পূর্বেই চলিয়া যাইবে; কিন্তু অন্যমনস্ক ছিল বলিয়া ঘড়ির দিকে নজর করে নাই হঠাৎ দ্বারের বাহিরে জুতার মসমস শব্দ শুনিয়া মুখ তুলিয়াই একপাশে সরিয়া দীড়াইল শেখর ঘরে ঢুকিয়াই বলিল, এই যে"
sarat chandra chattopadhyay,কাল তা হলে ফিরতে কত রাত হ'ল
sarat chandra chattopadhyay,"শেখর একটা গদিআঁটা আরাম-চৌকির উপর হেলান দিয়া শুইয়া পড়িয়া বলিল, ফেরা হ'ল কখন"
sarat chandra chattopadhyay,"ললিতা তেমনি চুপ করিয়া দাঁড়াইয়া রহিল শেখর বিরক্ত হইয়া বলিল, নীচে যাও, মা ডাকছেন"
sarat chandra chattopadhyay,"ভূবনেখ্বরী ভাঁড়ারের সুমুখে বসিয়া জলখাবার সাজাইতেছিলেন, ললিতা কাছে আসিয়া বলিল, ডাকছিলে মা"
sarat chandra chattopadhyay,"কৈ ডাকিনি ত, বলিয়া মুখ তুলিয়া তাহার মুখের পানে চাহিয়াই বলিলেন, মুখখানি এমন শুকনো কেন ললিতে"
sarat chandra chattopadhyay,"ভূবনেশ্বরী বলিলেন, আচ্ছা, যা তোর দাদাকে খাবার দিয়ে আমার কাছে আয় ললিতা খাবার হাতে করিয়া খানিক পরে, উপরে আসিয়া দেখিল, তখনো শেখর তেমনিভাবে চোখ বুঝিয়া পড়িয়া আছে, অফিসের পোশাকও ছাড়ে নাই, হাতমুখও ধোয় নাই কাছে আসিয়া আস্তে আস্তে বলিল, খাবার এনেচি শেখর চাহিয়া দেখিল না"
sarat chandra chattopadhyay,"বলিল, কোথাও রেখে দিয়ে যাও ললিতা রাখিয়া দিল না, হাতে করিয়া চুপ করিয়া দীড়াইয়া রহিল"
sarat chandra chattopadhyay,"শেখর না চাহিয়াও বুঝিতেছিল, ললিতা যায় নাই- দাঁড়াইয়া আছে মিনিট দুই-তিন নিঃশব্দে থাকিয়া বলিল, কতক্ষণ দাড়িয়ে থাকবে ললিতা, আমার দেরি আছে, রেখে নীচে যাও ললিতা চুপ করিয়া দীড়াইয়া মনে মনে রাগিতেছিল, মৃদুস্বরে বলিল, থাক দেরি, আমারো নীচে কোন কাজ নেই শেখর চোখ চাহিয়া হাসিয়া বলিল, এই যে কথা বেরিয়েছে"
sarat chandra chattopadhyay,নীচে কাজ না থাকে ও-বাড়িতে আছে
sarat chandra chattopadhyay,"তাও না থাকে, তার পরের বাড়িতেও আছে"
sarat chandra chattopadhyay,বাড়ি ত তোমার একটি নয় ললিতে
sarat chandra chattopadhyay,"বলিয়া রাগ করিয়া ললিতা খাবারের থালাটা দুম করিয়া টেবিলে রাখিয়া দিয়া হনহন করিয়া বাহির হইয়া গেল শেখর চেচাইয়া বলিল, সন্ধ্যের পরে একবার এসো একশ-বার আমি ওপর-নীচে করতে পারিনে, বলিয়া ললিতা চলিয়া গেল নীচে আসিবামাত্রই মা বলিলেন, দাদাকে তোর খাবার দিয়ে এলি, পান দিয়ে এলিনে রে"
sarat chandra chattopadhyay,"আমার ক্ষিদে পেয়েচে মা, আমি আর পারিনে, আর কেউ দিয়ে আসুক, বলিয়া ললিতা বসিয়া পড়িল"
sarat chandra chattopadhyay,"মা তাহার রুষ্ট মুখের পানে চাহিয়া একটুখানি হাসিয়া বলিলেন, আচ্ছা, তুই খেতে ব'স, ঝিকে পাঠিয়ে ললিতা প্রত্যুত্তর না করিয়া খাইতে বসিয়া গেল সে থিয়েটার দেখিতে যায় নাই--তবুও শেখর তাহাকে বকিয়াছিল, এই রাগে সে চার-পাঁচ দিন শেখরকে দেখা দেয় নাই, অথচ সে অফিসে চলিয়া গেলে দুপুরবেলা গিয়া ঘরের কাজ করিয়া দিত শেখর নিজের ভুল বুঝিতে পারিয়া তাহাকে দু'দিন ডাকিয়া পাঠাইয়াছিল, তথাপি সে যায় নাই চতুর্থ পরিচ্ছেদ এ পাড়ার একজন অতিবৃদ্ধ ভিক্ষুক মাঝে মাঝে ভিক্ষা করিতে আসিত, তাহার উপর ললিতার বড় দয়া ছিল, আসিলেই তাহাকে একটি করিয়া টাকা দিত টাকাটি হাত পাইয়া সে অপূর্ব এবং অসম্ভব আশীর্বাদ উচ্চারণ করিতে থাকিত, সেইগুলি শুনিতে সে অতিশয় ভালবাসিত সে বলিত, ললিতা পূর্বজন্যে তাহার আপনার মা ছিল, এবং ইহা সে ললিতাকে দেখিবামাত্রই কেমন করিয়া চিনিতে পারিয়াছিল ৷ সেই বুড়া ছেলেটি তাহার আজ সকালেই দ্বারে আসিয়া ডাক দিল, আমার মা-জননী কোথায় গো"
sarat chandra chattopadhyay,সন্তানের আহ্বানে আজ ললিতা কিছু বিব্রত হইয়া পড়িল
sarat chandra chattopadhyay,"এখন শেখর ঘরে আছে, সে টাকা আনিতে যায় কিরূপে"
sarat chandra chattopadhyay,"এদিক-সেদিক চাহিয়া মামীর কাছে গেল মামী এইমাত্র ঝির সহিত বকাবকি করিয়া বিরক্ত-মুখে রীধিতে বসিয়াছিলেন, তাহাকে কিছু না বলিতে পারিয়া সে ফিরিয়া আসিয়া মুখ বাড়াইয়া দেখিল, ভিক্ষুক দোরগোড়ায় লাঠিটি ঠেস দিয়া রাখিয়া বেশ চাপিয়া বসিয়াছে"
sarat chandra chattopadhyay,"ইতিপূর্বে ললিতা কখনও তাহাকে নিরাশ করে নাই, আজ শুধুহাতে ফিরাইয়া দিতে তাহার মন সরিল না"
sarat chandra chattopadhyay,"ভিক্ষুক আবার ডাক দিল আযন্নাকালী ছুটিয়া আসিয়া সংবাদ দিল, সেজদি, তোমার সেই ছেলে এসেচে ললিতা বলিল, কালী, একটা কাজ কর না ভাই আমার হাতজোড়া, তুই একটিবার ছুটে গিয়ে শেখরদার কাছ থেকে একটি টাকা নিয়ে আয় কালী ছুটিয়া চলিয়া গেল, খানিক পরে তেমনি ছুটিয়া আসিয়া ললিতার হাতে একটা টাকা দিয়া বলিল, এই নাও ললিতা জিজ্ঞাসা করিল, শেখরদা কি বললে রে"
sarat chandra chattopadhyay,"আমাকে বললে চাপকানের পকেট থেকে টাকা নিতে, আর নিয়ে এলুম আর কিছু বললে না"
sarat chandra chattopadhyay,"না, আর কিচ্ছু না, বলিয়া আন্নাকালী ঘাড় নাড়িয়া খেলা করিতে চলিয়া গেল ললিতা ভিক্ষুক বিদায় করিল; কিন্তু অন্যদিনের মত দাঁড়াইয়া থাকিয়া তাহার বাক্যচ্ছটা শুনিতে পারিল না- ভালই লাগিল এ কয়দিন তাহাদের আড্ডা পূর্ণ তেজে চলিতেছিল আজ দুপুরবেলা ললিতা গেল না, মাথা ধরিয়াছে বলিয়া শুইয়া রহিল আজ সত্য সত্যই তাহার ভারী মন খারাপ হইয়া গিয়াছিল বিকালবেলা কালীকে কাছে ডাকিয়া বলিল, কালী, তুই পড়া বলে নিতে শেখরদার ঘরে আর যাসনে"
sarat chandra chattopadhyay,"কালী মাথা নাড়িয়া বলিল, হী যাই"
sarat chandra chattopadhyay,আমার কথা শেখরদা জিজ্ঞেস করে না
sarat chandra chattopadhyay,"হী, হা, পরশু করেছিল তুমি দুপুরবেলা তাস খেল কিনা"
sarat chandra chattopadhyay,"ললিতা উদ্বিগ্ন হইয়া প্রশ্ন করিল, তুই কি বললি"
sarat chandra chattopadhyay,"কালী বলিল, তুমি দুপুরবেলা চারুদিদিদের বাড়ি তাস খেলতে যাও, তাই বললুম শেখরদা বললে, কে কে খেলে"
sarat chandra chattopadhyay,"আমি বললুম, তুমি আর সই-মা, চারুদিদি আর তার মামা আচ্ছা, তুমি ভাল খেলো, না চারুদিদির মামা ভাল খেলে সেজদি"
sarat chandra chattopadhyay,"সই-মা বলে তুমি ভালো খেলো, না"
sarat chandra chattopadhyay,"ললিতা সে কথার জবাব না দিয়া হঠাৎ অত্যন্ত বিরক্ত হইয়া বলিল, তুই অত কথা বলতে গেলি কেন"
sarat chandra chattopadhyay,"সব কথায় তোর কথা কওয়া চাই, আর কোনদিন তোকে আমি কিচ্ছু দেব না, বলিয়া রাগ করিয়া চলিয়া গেল৷ কালী অবাক হইয়া গেল তাহার এই আকস্মিক ভাবপরিবর্তনের হেতু সে কিছুই বুঝিল না মনোরমার তাস খেলা দু'দিন বন্ধ হইয়াছে- ললিতা আসে না"
sarat chandra chattopadhyay,"তাহাকে দেখিয়া অবধি গিরীন্দ্র যে আকৃষ্ট হইয়াছিল, তাহা প্রথম হইতেই মনোরমা সন্দেহ করিয়াছিলেন, তাহার সেই সন্দেহ আজ সুদৃঢ় হইল এই দুইদিন গিরীন কি একরকম উৎসুক ও অন্যমনস্ক হইয়াছিল বেড়াইতে যাইত না, যখন তখন বাড়ির ভিতরে আসিয়া এঘর-ওঘর করিত, আজ দুপুরবেলা আসিয়া বলিল, দিদি, আজও খেলা হবে না"
sarat chandra chattopadhyay,"মনোরমা বলিলেন, কি করে হবে গিরিন, লোক কৈ"
sarat chandra chattopadhyay,"না হয়, আয় আমরা তিনজনেই খেলি"
sarat chandra chattopadhyay,"গিরীন নিরুৎসাহভাবে বলিল, তিনজনে কি খেলা হয় দিদি"
sarat chandra chattopadhyay,"ও-বাড়ির ললিতাকে একবার ডাকতে পাঠাও সে আসবে গিরীন বিমর্ষ হইয়া জিজ্ঞাসা করিল, কেন, আসবে না, ওদের বাড়িতে মানা ক'রে দিয়েচে বোধ হয়, না"
sarat chandra chattopadhyay,"মনোরমা ঘাড় নাড়িয়া বলিলেন, না, ওর মামা-মামী সে-রকম মানুষ নয়- সে নিজেই আসে না"
sarat chandra chattopadhyay,"গিরীন হঠাৎ খুশী হইয়া বলিল, তা হলে তুমি নিজে আজ একবার গেলেই আসবেন,- কথাটা বলিয়া ফেলিয়া সে নিজের মনেই ভারী অপ্রতিভ হইয়া গেল৷ মনোরমা হাসিয়া ফেলিলেন,- আচ্ছা, তাই যাই, বলিয়া চলিয়া গেলেন এবং খানিক পরে ললিতাকে ধরিয়া আনিয়া তাস পাড়িয়া বসিলেন"
sarat chandra chattopadhyay,"দু'দিন খেলা হয় নাই, আজ অল্প সময়ের মধ্যেই বেশ জমিয়া গেল ললিতারা জিতিতেছিল ঘন্টা-দুই পরে সহসা কালী আসিয়া দাঁড়াইয়া বলিল, সেজদি, শেখরদা ডাকচেন- জলদি"
sarat chandra chattopadhyay,"ললিতার মুখ হইয়া গেল, তাস-দেওয়া বন্ধ করিয়া বলিল, শেখরদা অফিসে যাননি"
sarat chandra chattopadhyay,"কি জানি, চলে এসেচেন, বলিয়া সে ঘাড় নাড়িয়া প্রস্থান করিল ললিতা তাস রাখিয়া দিয়া মনোরমার মুখপানে চাহিয়া বলিল, যাই সই-মা মনোরমা তাহার হাত ধরিয়া বলিলেন, সে কি রে, আর দু-হাত দেখে ললিতা ব্যস্ত হইয়া উঠিয়া দীড়াইয়া বলিল, না সই-মা, ইনি তা হলে বড় রাগ করবেন, বলিয়া দ্রুতপদে চলিয়া গেল"
sarat chandra chattopadhyay,"গিরীন প্রশ্ন করিল, শেখরদাদা আবার কে দিদি"
sarat chandra chattopadhyay,"মনোরমা বলিলেন, এ যে সুমুখের ফটকওয়ালা বড় বাড়িটা গিরীন ঘাড় নাড়িয়া বলিল, ও- ওই বাড়ি"
sarat chandra chattopadhyay,"মনোরমা মেয়ের মুখের পানে চাহিয়া একটুখানি হাসিয়া বলিলেন, আত্মীয় কেমন"
sarat chandra chattopadhyay,ললিতাদের এ ভিটেটুকু পর্যন্ত বুড়ো আত্মসাৎ করবার ফিকিরে আছেন
sarat chandra chattopadhyay,"গিরীন আশ্চর্য হইয়া চাহিয়া রহিল মনোরমা তখন গল্প করিতে লাগিলেন, কেমন করিয়া গত বৎসর টাকার অভাবে গুরুচরণবাবুর মেজমেয়ের বিবাহ হইতেছিল না, পরে অসম্ভব সুদে নবীন রায় টাকা ধার দিয়া বাড়িখানি বাধা রাখিয়াছেন এ টাকা কোনোদিন শোধ হইবে না এবং অবশেষে বাড়িটা নবীন রায়ই গ্রহণ করিবেন"
sarat chandra chattopadhyay,"মনোরমা সমস্ত কথা বলিয়া পরিশেষে মন্তব্য প্রকাশ করিলেন, আন্তরিক ইচ্ছা গুরুচরণবাবুর ভাঙ্গা বাড়িটি ভাঙ্গিয়া ফেলিয়া এখানে ছোট ছেলে শেখরের জন্যে একটি বড় রকমের বাড়ি তৈরি করেন- দুই ছেলের দুই আলাদা বাড়ি মতলব মন্দ নয়"
sarat chandra chattopadhyay,"ইতিহাস শুনিয়া গিরীনের ক্লেশ বোধ হইতেছিল, জিজ্ঞাসা করিল, আচ্ছা দিদি, গুরুচরণবাবুর আরও ত মেয়ে আছে, তাদেরি বা বিয়ে কি করে দেবেন"
sarat chandra chattopadhyay,"মনোরমা বলিলেন, নিজের ত আছেই, তা ছাড়া ললিতা ওর বাপ-মা নেই, সমস্ত ভার এ গরীবের ওপর ৷ বড় হয়ে উঠেচে, এই বছরের মধ্যে বিয়ে না দিলেই নয়"
sarat chandra chattopadhyay,"ওদের সমাজে সাহায্য করতে কেউ নেই, জাত নিতে সবাই আছে- আমরা বেশ আছি গিরীন গিরীন চুপ করিয়া রহিল, তিনি বলিতে লাগিলেন, সেদিন ললিতার কথা নিয়েই ওর মামী আমার কাছে কেঁদে ফেললে- কি করে যে কি হবে তার কিছুই স্থির নেই- ওর ভাবনা ভেবেই গুরুচরণবাবুর পেটে অনু-জল যায় না, হা গিরীন, মুঙ্গেরে তোদের কোন বন্ধুবান্ধব এমন নেই যে, শুধু মেয়ে দেখে বিয়ে করে"
sarat chandra chattopadhyay,"অমন মেয়ে কিন্তু পাওয়া শক্ত গিরীন বিষণ্নভাবে মৃদু হাসিয়া বলিল, বন্ধুবান্ধব আর পাবো কোথায় দিদি, তবে টাকা দিয়ে আমি সাহায্য করতে পারি গিরীনের পিতা ডাক্তারি করিয়া অনেক টাকা এবং বিষয়-সম্পত্তি রাখিয়া গিয়াছেন, সে-সমস্তরই এখন সে মালিক"
sarat chandra chattopadhyay,"মনোরমা বলিলেন, টাকা তুই ধার দিবি"
sarat chandra chattopadhyay,"ধার আর কি দেব দিদি- ইচ্ছে হয়, উনি শোধ দেবেন, না হয় নাই দেবেন"
sarat chandra chattopadhyay,"মনোরমা বিস্তিত হইলেন বলিলেন, তোর টাকা দিয়ে লাভ"
sarat chandra chattopadhyay,"ওরা আমাদের আত্মীয়ও নয়, সমাজের লোকও নয়- এমনি কে কাকে টাকা দেয়"
sarat chandra chattopadhyay,"গিরীন তাহার বোনের মুখের পানে চাহিয়া হাসিতে লাগিল, তার পরে কহিল, সমাজের লোক নাই হলেন, বাঙ্গালী"
sarat chandra chattopadhyay,"ওঁর একান্ত অভাব, আর আমার বিস্তর তুমি একবার বলে দেখো না দিদি, উনি যদি নিতে রাজী হন, আমি দিতে পারি"
sarat chandra chattopadhyay,"ললিতা তাদেরও কেউ নয়, আমাদেরও কেউ নয়- তার বিয়ের সমস্ত খরচ না হয় আমিই দেব তাহার কথা শুনিয়া মনোরমা বিশেষ হইলেন না"
sarat chandra chattopadhyay,"ইহাতে তাহার নিজের ক্ষতিবৃদ্ধি কিছুই নাই বটে, তথাপি এত টাকা একজন আর একজনকে দিতেছে দেখিলে অনেক স্ত্রীলোকই প্রসন্ন-চিত্তে গ্রহণ করিতে পারে চারু এতক্ষণ চুপ করিয়া শুনিতেছিল, সে মহা খুশী হইয়া লাফাইয়া উঠিল, বলিল, তাই দাও মামা, আমি সই-মাকে বলে আসচি ৷ তাহার মা ধমক দিয়া বলিলেন, তুই থাম চারু, ছেলেমানুষ--এ-সব কথায় থাকিস বলতে হয় আমিই বলব গিরীন কহিল, তাই বলো দিদি পরশু রাস্তার উপর দাড়িয়ে গুরুচরণবাবুর সঙ্গে একটুখানি আলাপ হয়েছিল, কথায়বার্তায় মনে হল- বেশ সরল লোক; তুমি কি বল"
sarat chandra chattopadhyay,"মনোরমা বলিলেন, আমিও তাই বলি, সবাই তাই বলে ওঁরা স্বামী-স্ত্রী দু'জনেই বড় সাদাসিধে মানুষ সেইজন্যেই ত দুঃখ হয় গিরীন, অমন লোকটিকে হয়ত বাড়িঘর ছেড়ে নিরাশ্রয় হতে হবে"
sarat chandra chattopadhyay,"তার সাক্ষী দেখলি নে গিরীন, শেখরবাবু ডাকচেন বলতেই ললিতা কি-রকম তাড়াতাড়ি উঠে পালালো, বাড়িসুদ্ধ লোক ওদের কাছে যেন বিক্রি হয়ে আছে"
sarat chandra chattopadhyay,"কিন্তু, যত খোশামোদই করুক না কেন, নবীন রায়ের হাতে গিয়ে একবার যখন পড়েচে, রেহাই পাবে, এ ভরসা কেউ করে না"
sarat chandra chattopadhyay,"গিরীন জিজ্ঞাসা করল, তা হলে বলবে ত দিদি"
sarat chandra chattopadhyay,"দিয়ে যদি তুই উপকার করতে পারিস, ভালই ত বলিয়াই একটুখানি হাসিয়া বলিলেন, আচ্ছা, তোরই বা এত চাড় কেন গিরীন"
sarat chandra chattopadhyay,"চাড় আর কি দিদি, দুঃখ-কষ্টে পরস্পরের সাহায্য করতেই হয়, বলিয়া সে ঈষৎ সলজ্জ-মুখে প্রস্থান করিল দ্বারের বাহিরে গিয়াই আবার ফিরিয়া আসিয়া বসিল"
sarat chandra chattopadhyay,"তাহার দিদি বলিলেন, আবার বসলি যে"
sarat chandra chattopadhyay,"গিরীন হাসিমুখে বলিল, অত যে গাইলে দিদি, হয়ত সব সত্যি নয়"
sarat chandra chattopadhyay,"মনোরমা বিস্মিত হইয়া বলিলেন, কেন"
sarat chandra chattopadhyay,"গিরীন বলিতে লাগিল, ওদের ললিতা যেরকম টাকা খরচ করে সে ত দুঃখীর মত মোটেই নয় দিদি"
sarat chandra chattopadhyay,"সেদিন আমরা থিয়েটার দেখতে গেলুম, ও নিজে গেল না, তবু দশ টাকা ওর বোনকে দিয়ে পাঠিয়ে দিলে চারুকে জিজ্ঞেস কর না, কিরকম খরচ করে; মাসে কুড়ি-পঁচিশ টাকার কম ওর নিজের খরচই চলে না যে"
sarat chandra chattopadhyay,"চারু বলিল, সত্যি মা ও-সব শেখরবাবুর টাকা, শুধু এখন নয়, ছেলেবেলা থেকে ওই শেখরদার আলমারি খুলে টাকা নিয়ে আসে- কেউ ছিল বলে মনোরমা মেয়ের দিকে চাহিয়া সন্ধিগ্ধভাবে জিজ্ঞসা করিলেন, টাকা আনে শেখরবাবু জানেন"
sarat chandra chattopadhyay,"চারু মাথা নাড়িয়া বলিল, জানেন, সুমুখেই চাবি খুলে নিয়ে আসে গেল মাসে আন্নাকালীর পুতুলের বিয়েতে অত টাকা কে দিলে"
sarat chandra chattopadhyay,"সবই ত সই দিলে মনোরমা ভাবিয়া বলিলেন, কি জানি কিন্তু এ-কথাও ঠিক বটে, বুড়োর মত ছেলেরা অমন চামার নয়- ওরা সব মায়ের ধাত পেয়েচে- তাই দয়াধর্ম আছে"
sarat chandra chattopadhyay,"তা ছাড়া, ললিতা মেয়েটি নাকি খুব ভাল, ছেলেবেলা থেকে কাছে কাছে থাকে, দাদা বলে ডাকে, তাই ওকে মায়া-মমতাও সবাই করে"
sarat chandra chattopadhyay,"চারু, তুই ত যাওয়া-আসা করিস, ওদের শেখরের এই মাঘ মাসে নাকি বিয়ে হবে"
sarat chandra chattopadhyay,"শুনেচি, বুড়ো অনেক টাকা পাবে চারু বলিল, হী মা, এই মাঘ মাসেই হবে- সব ঠিক হয়ে গেছে"
sarat chandra chattopadhyay,"পঞ্চম পরিচ্ছেদ গুরুচরণ লোকটি সেই ধাতের মানুষ- যাহার সহিত যে-কোনও বয়সের লোক অসমঙ্কোচে আলাপ করিতে পারে দুই-চারিদিনের আলাপে গিরীনের সহিত তাহার একটা স্থায়ী সখ্যতা জনিযয়া গিয়াছিল গুরুচরণের চিত্তের বা মনের কিছুমাত্র দৃঢ়তা ছিল না বলিয়া তর্ক করিতেও তিনি যেমন ভালবাসিতেন, তর্কে পরাজিত হইলেও তেমনি কিছুমাত্র অসন্তোষ প্রকাশ করিতেন না"
sarat chandra chattopadhyay,"সন্ধ্যার পর চা খাইবার নিমন্ত্রণ তিনি গিরীনকে করিয়া রাখিয়াছিলেন অফিস হইতে ফিরিতেই তাহার দিবা অবসান হইয়া যাইত হাত-মুখ ধুইয়া বলিতেন, ললিতে, চা তৈরি হ'লো মা"
sarat chandra chattopadhyay,"কালী, যা যা, তোর গিরীনমামাকে এইবার ডেকে আন তারপর উভয়ে চা-খাওয়া এবং তর্ক চলিতে থাকিত ললিতা কোন কোন দিন মামার আড়ালে বসিয়া চুপ করিয়া শুনিত সেদিন গিরীনের যুক্তিতর্ক শতমুখে উৎসারিত হইতে থাকিত প্রায়ই আধুনিক সমাজের বিরুদ্ধেই হইত সমাজের হৃদয়হীনতা, অসঙ্গত উপদ্রব এবং অত্যাচার--এ-সমস্তই সত্য কথা একে ত সমর্থন করিবার বাস্তবিক কিছু নাই, তাহাতে গুরুচরণের উৎপীড়িত অশান্ত হৃদয়ের সহিত গিরীনের কথাগুলা বড়ই খাপ খাইত তিনি শেষকালে ঘাড় নাড়িয়া বলিতেন, ঠিক কথা গিরীন কার ইচ্ছে আর না করে নিজের মেয়েদের যথাসময়ে ভাল জায়গায় বিয়ে দিতে, কিন্তু দিই কি করে"
sarat chandra chattopadhyay,"সমাজ বলচেন দাও বিয়ে মেয়ের বয়স হয়েচে, কিন্তু দেবার বন্দোবস্ত করে ত দিতে পারেন যা বলেচ গিরীন, এই আমাকে দিয়েই দ্যাখ না কেন, বাড়িটুকু পর্যন্ত বন্ধক পড়েচে, দুদিন পরে ছেলেমেয়ের হাত ধরে পথে গিয়ে দাড়াতে হবে সমাজ তখন ত বলবেন না, এসো, আমার বাড়িতে আশ্রয় নাও বল হে"
sarat chandra chattopadhyay,"গিরীন হয়ত চুপ করিয়া থাকিত, গুরুচরণ নিজেই বলিতেন, খুব সত্য কথা এমন সমাজ থেকে জাত যাওয়াই মঙ্গল খাই না খাই, শান্তিতে থাকা যায়"
sarat chandra chattopadhyay,"যে সমাজ দুঃখীর দুঃখ বোঝে না, বিপদে সাহস দেয় না, শুধু চোখ রাঙ্গায় আর গলা চেপে ধরে সে সমাজ আমার নয়, আমার মত গরীবেরও নয়-এ সমাজ বড়লোকের জন্যে ভাল, তারাই থাক, আমাদের কাজ নাই বলিয়া গুরুচরণ সহসা চুপ করিতেন যুক্তিতর্কগুলি ললিতা শুধুই মন দিয়া শুনিত না, রাত্রে বিছানায় শুইয়া যতক্ষণ ঘুম না আসিত নিজের মনে বিচার করিয়া দেখিত প্রতি কথাটি তাহার মনের উপর গভীরভাবে মুদ্রিত হইয়া উঠিতেছিল সে মনে মনে বলিত, যথার্থই গিরীনবাবুর কথাগুলি অতিশয় ন্যায়সঙ্গত মামাকে সে অত্যন্ত ভালবাসিত, সেই মামার স্বপক্ষে টানিয়া গিরীন যাহাই কিছু বলিত, সমস্তই তাহার কাছে অভ্রান্ত সত্য বলিয়া মনে হইত তাহার মামা, বিশেষ করিয়া তাহারি জন্য ব্যতিব্যস্ত হইয়া উঠিতেছে, অনু-জল পরিত্যাগ করিতেছে- তাহার নির্বিরোধী দুঃখী মামা তাহাকে আশ্রয় দিয়াই--এত পাইতেছে"
sarat chandra chattopadhyay,"আজ আমার বিয়ে দিয়ে, কাল যদি বিধবা হয়ে ঘরে ফিরে আসি, তাহলে ত জাত যাবে না"
sarat chandra chattopadhyay,গিরীনের এই সমস্ত কথার প্রতিধ্বনি সে তাহার ভারাতুরা হৃদয় হইতে বাহির করিয়া আর একবার তনু তন্ন করিয়া আলোচনা করিতে করিতে ঘুমাইয়া পড়িত
sarat chandra chattopadhyay,"তাহার মামার হইয়া, মামার দুঃখ বুঝিয়া, যে-কেহ কথা কহিত, তাহাকে শ্রদ্ধা না করিয়া, তাহার মতের সহিত মত না মিলাইয়া ললিতার অন্য পথ ছিল না"
sarat chandra chattopadhyay,"সে গিরীনকে আন্তরিক শ্রদ্ধা করিতে লাগিল ক্রমশঃ গুরুচরণের মত সেও সন্ধ্যার চা-পানের সময়টির জন্য অপেক্ষা করিয়া থাকিত পূর্বে গিরীন ললিতাকে 'আপনি' বলিয়া ডাকিত গুরুচরণ নিষেধ করিয়া বলিয়াছিলেন, ওকে আবার 'আপনি কেন গিরীন, বলে ডেকো তখন হইতে সে তুমি বলিয়া ডাকিতে শুরু করিয়াছিল একদিন গিরীন জিজ্ঞাসা করিয়াছিল, তুমি চা খাও না ললিতা"
sarat chandra chattopadhyay,"ললিতা মুখ নীচু করিয়া ঘাড় নাড়িলে, গুরুচরণ বলিয়াছিলেন, ওর শেখরদার বারণ আছে মেয়েমানুষের চা খাওয়া সে ভালবাসে না"
sarat chandra chattopadhyay,"হেতু শুনিয়া যে গিরীন সুখী হইতে পারে নাই, ললিতা সেটুকু বুঝিতে পারিয়াছিল"
sarat chandra chattopadhyay,"আজ শনিবার অন্যদিনের অপেক্ষা এই দিনটার সভা ভাঙ্গিতে অধিক বিলম্ব হইল চা-খাওয়া শেষ হইয়া গিয়াছিল, গুরুচরণ আজ আলোচনায় তেমন উৎসাহের সহিত যোগ দিতে পারিতেছিলেন না, মাঝে মাঝে কি-একরকম অন্যমনস্ক হইয়া পড়িতেছিলেন"
sarat chandra chattopadhyay,"গিরীন সহজেই তাহা লক্ষ্য করিয়া প্রশ্ন করিল, আজ আপনার দেহটা বোধ করি তেমন ভাল নাই"
sarat chandra chattopadhyay,"গুরুচরণ হুঁকাটা মুখ হইতে সরাইয়া লইয়া বলিলেন, কেন"
sarat chandra chattopadhyay,দেহ ত বেশ ভালই আছে
sarat chandra chattopadhyay,"গিরীন সঙ্কোচের সহিত বলিল, তাহলে অফিসে কি কিছু না, তাও ত কিছু নয়, বলিয়া গুরুচরণ একটু বিস্ময়ের সহিত গিরীনের মুখের দিকে চাহিলেন তাহার ভিতরের উদ্বেগ যে বাহিরে প্রকাশ পাইতেছিল তাহা এই নিতান্ত সরল প্রকৃতির মানুষটি বুঝিতেই পারেন নাই ললিতা পূর্বে একেবারেই চুপ করিয়া থাকিত, কিন্তু আজকাল দু-একটা কথায় মাঝে মাঝে যোগ দিতেছিল সে বলিল, হী, মামা, আজ তোমার হয়ত মন ভাল গুরুচরণ হাসিয়া উঠিয়া বলিলেন, ও সেই কথা"
sarat chandra chattopadhyay,"হা মা, ঠিক ধরেচিস বটে, আজ আমার সত্যিই মন ভাল নেই ললিতা ও গিরীন উভয়েই তাহার মুখপানে চাহিয়া রহিল ৷ গুরুচরণ বলিলেন, নবীনদা সমস্ত জেনেশুনে গোটা-কতক শক্ত কথা পথে দাীড়িয়েই শুনিয়ে দিলেন"
sarat chandra chattopadhyay,"আর তারই বা দোষ কি, ছ'মাস হয়ে গেল, একটা পয়সা সুদ দিতে পারলুম না, তা আসল দুরে থাক ব্যাপারটা ললিতা বুঝিয়াই চাপা দিয়া ফেলিবার জন্য ব্যস্ত হইয়া উঠিল তাহার কাণ্ডজ্ঞানহীন মামা পাছে ঘরের লজ্জাকর কথাগুলা পরের কাছে ব্যক্ত করিয়া ফেলে এই ভয়ে সে তাড়াতাড়ি বলিয়া উঠিল, তুমি ভেবো না মামা, সে-সব পরে হবে"
sarat chandra chattopadhyay,কিন্তু গুরুচরণ সেদিক দিয়াও গেলেন না
sarat chandra chattopadhyay,"বরং বিষণ্নভাবে হাসিয়া বলিলেন, পরে আর কি হবে মা"
sarat chandra chattopadhyay,"তা নয় গিরীন, আমার এই চায় তার বুড়ো ছেলেটি যেন কিছু ভাবনা-চিন্তা না করে"
sarat chandra chattopadhyay,"কিন্তু বাইরের লোকে যে তোর দুঃখী মামার দুঃখটা চেয়ে দেখতেই চায় না, ললিতে গিরীন জিজ্ঞাসা করিল, নবীনবাবু আজ কি বললেন"
sarat chandra chattopadhyay,"গিরীন যে সমস্ত কথাই জানে ললিতা তাহা জানিত না, তাই তাহার প্রশ্নটাকে অসঙ্গত কৌতূহল মনে করিয়া অত্যন্ত ত্রুচ্দ্ধ হইয়া উঠিল গুরুচরণ খুলিয়া বলিলেন নবীন রায়ের স্ত্রী বহুদিন হইতে অজীর্ণ রোগে ভূগিতেছিলেন, সম্প্রতি রোগ কিছু বৃদ্ধি হওয়ায় চিকিৎসকেরা বায়ু-পরিবর্তনের ব্যবস্থা করিয়াছেন অর্থের প্রয়োজন, অতএব এই সময়ে গুরুচরণের সমস্ত সুদ এবং কিছু আসল দিতে হইবে গিরীন ক্ষণকাল স্থির থাকিয়া মৃদুকণ্ঠে বলিল, একটা কথা আপনাকে বলি বলি করেও বলতে পারিনি, যদি কিছু না মনে করেন আজ তা হলে বলি গুরুচরণ হাসিয়া উঠিলেন, বলিলেন, আমাকে কোন কথা বলতে কেউ কখন ত করে না গিরীন,- কি কথা"
sarat chandra chattopadhyay,"গিরীন বলিল, দিদির কাছে শুনেচি, নবীনবাবুর খুব বেশী সুদ তাই বলি, আমার অনেক টাকাই ত অমনি পড়ে রয়েছে, কোনও কাজেই আসে না, আর তারও দরকার, নাহয় এই খণটা শোধ করেই দিন না"
sarat chandra chattopadhyay,"ললিতা ও গুরুচরণ উভয়েই আশ্চর্য হইয়া তাহার দিকে চাহিয়া রহিলেন গিরীন অত্যন্ত সনঙ্কোচের সহিত বলিতে লাগিল, আমার এখন ত টাকার বিশেষ কোন আবশ্যক নাই, তাই যখন আপনার সুবিধা হবে, ফিরিয়ে দিলেই চলবে, ওঁদের আবশ্যক, সেইজন্যে বলছিলাম যদি- গুরুচরণ ধীরে ধীরে বলিলেন, সমস্ত টাকাটা তুমি দেবে"
sarat chandra chattopadhyay,"গিরীন মুখ নীচু করিয়া বলিল, বেশ ত, তাদের উপকার হয় গুরুচরণ প্রত্যুত্তরে কি একটা বলিতে যাইতেছিলেন, ঠিক এই সময়ে আন্নাকালী ছুটিয়া আসিয়া পড়িল"
sarat chandra chattopadhyay,"সেজদি, জলদি- শেখরদা কাপড় পরে নিতে বললেন- থিয়েটার দেখতে যেতে হবে,- বলিয়াই যেমন করিয়া আসিয়াছিল তেমনি করিয়া চলিয়া গেল তাহার ব্যগ্রতা দেখিয়া গুরুচরণ হাসিলেন ললিতা স্থির হইয়া রহিল ৷ আন্নাকালী মুহূর্ত পরেই ফিরিয়া আসিয়া বলিল, কৈ, উঠলে না সেজদি, আমরা সবাই দাড়িয়ে রয়েচি যে"
sarat chandra chattopadhyay,তথাপি ললিতা উঠিবার কোন লক্ষণ প্রকাশ করিল না
sarat chandra chattopadhyay,"সে শেষ পর্যন্ত শুনিয়া যাইতে চায়, কিন্তু গুরুচরণ কালীন মুখের দিকে চাহিয়া একটুখানি হাসিয়া ললিতার মাথায় একটা হাত দিয়া বলিলেন, তাহলে যা মা, দেরি করিস নে- তোর জন্যে বুঝি সবাই অপেক্ষা করে আছে"
sarat chandra chattopadhyay,"অগত্যা ললিতাকে উঠিতে হইল কিছু, যাইবার পূর্বে গিরীনের মুখের পানে সে যে গভীর কৃতজ্ঞদৃষ্টি নিক্ষেপ করিয়া ধীরে ধীরে বাহির হইয়া গেল, তাহা দেখিতে পাইল মিনিট-দশেক পরে কাপড় পরিয়া প্রস্তুত হইয়া সে পান দিবার ছুতা করিয়া আর একবার বাহিরের ঘরে নিঃশব্দ-পদক্ষেপে আসিয়া প্রবেশ করিল গিরীন চলিয়া গিয়াছে একাকী গুরুচরণ মোটা বালিশটা মাথায় দিয়া চোখ বুজিয়া শুইয়া আছেন, তাহার মুদিত চক্ষুর দুই পাশ বাহিয়া জল ঝরিতেছে"
sarat chandra chattopadhyay,"যে আনন্দাশ্রু, ললিতা তাহা বুঝিল বুঝিল বলিয়াই তাহার ধ্যান ভাঙ্গিয়া দিল না, যেমন নিঃশব্দে প্রবেশ করিয়াছিল, তেমনি নিঃশব্দে বাহির হইয়া গেল অনতিকাল পরে সে যখন শেখরের ঘরে আসিয়া উপস্থিত হইল, তখন তাহার নিজের চোখ দুটিও অশ্রুভারে ছলছল করিতেছিল কালী ছিল না, সে সকলের আগে গাড়িতে গিয়া বসিয়াছিল, একাকী শেখর তাহার ঘরের মাঝখানে চুপ করিয়া দাঁড়াইয়া বোধ করি ললিতার অপেক্ষাতেই ছিল, মুখ তুলিয়া তাহার চোখ দুটি লক্ষ্য করিল সে আট-দশ দিন ললিতাকে দেখিতে না পাইয়া মনে মনে অতিশয় বিরক্ত হইয়াছিল, কিন্তু এখন সে তাহা ভূলিয়া উদ্বিগ্ন হইয়া বলিয়া উঠিল, ও কি, কীদচ নাকি"
sarat chandra chattopadhyay,"ললিতা ঘাড় হেট করিয়া প্রবলবেগে মাথা এই কয়দিনের একান্ত অদর্শনে শেখরের মনের মধ্যে একটা পরিবর্তন ঘটিতেছিল, তাই সে কাছে সরিয়া আসিয়া দুই হাত দিয়া সহসা ললিতার মুখ তুলিয়া ধরিয়া বলিল, সত্যিই যে"
sarat chandra chattopadhyay,"ললিতা এবার নিজেকে আর সামলাইয়া রাখিতে পরিল না, সেইখানে বসিয়া পড়িয়া আচলে মুখ ঢাকিয়া কাঁদিয়া ফেলিল ৷ ষষ্ঠ পরিচ্ছেদ নবীন রায় সমস্ত সুদ আসল কড়াক্রান্তি গণিয়া লইয়া বন্ধকী কাগজখানা ফিরাইয়া দিয়া বলিলেন, বলি, টাকাটা দিলে কে হে"
sarat chandra chattopadhyay,"গুরুচরণ নম্ভাবে কহিলেন, সেটা জিজ্ঞেস করবেন না দাদা, বলতে নিষেধ আছে"
sarat chandra chattopadhyay,"টাকটা ফেরত পাইয়া নবীন কিছুমাত্র সন্তুষ্ট হন নাই, এটা আশাও করেন নাই, ইচ্ছাও করেন নাই"
sarat chandra chattopadhyay,"বরং বাড়িটা ভাঙ্গিয়া ফেলিয়া কিরূপ নূতন অট্টালিকা প্রস্তুত করিবেন, তাহাই ভাবিয়া রাখিয়াছিলেন শ্লেষ করিয়া বলিলেন, তা এখন নিষেধ ত হবেই ভায়া, দোষ তোমার নয়, দোষ আমার দোষ, টাকাটা ফিরে চাওয়ার, নইলে কলিকাল বলেচে কেন"
sarat chandra chattopadhyay,"গুরুচরণ অত্যন্ত ব্যথিত হইয়া বলিলেন, সে কি কথা দাদা"
sarat chandra chattopadhyay,"আপনার টাকার খণটাই শোধ করেচি, কিন্তু আপনার দয়ার খণ ত শোধ করতে পারিনি নবীন হাসিলেন তিনি পাকা লোক, এ-সকল কথা বিশ্বাস করিলে গুড় বেচিয়া এত টাকা করিতে পারিতেন না"
sarat chandra chattopadhyay,"বলিলেন, সে যদি সত্যিই ভাবতে ভায়া, তা হলে এমন করে শোধ করে দিতে না"
sarat chandra chattopadhyay,"না হয় একবার টাকাটাই চেয়েছিলাম, সেও তোমারই বৌঠানের অসুখের জন্যে, আমার নিজের জন্যে কিছু নয়, বলি কত সুদে বন্ধক রাখলে বাড়িটা"
sarat chandra chattopadhyay,"গুরুচরণ ঘাড় নাড়িয়া কহিলেন, বন্ধক রাখিনি- সুদের কথাও কিছু হয়নি নবীন বিশ্বাস করিলেন না, বলিলেন, বল কি, শুধু-হাতে"
sarat chandra chattopadhyay,"হা দাদা, একরকম তাই বটে ছেলেটি বড় সৎ, বড় দয়ার শরীর ছেলেটি"
sarat chandra chattopadhyay,"গুরুচরণ এ প্রশ্নের জবাব দিলেন না, মৌন হইয়া রহিলেন যতটা বলিয়া ফেলিয়াছিলেন এতটাও তাহার বলা উচিত ছিল নবীন তাহার মনের ভাব বুঝিয়া মৃদু হাসিয়া কহিলেন, যখন নিষেধ আছে তখন কাজ নেই, কিন্তু সংসারের অনেক জিনিসই দেখেচি বলে এইটুকু সাবধান করে দিই ভায়া, তিনি যেই হোন, এত ভাল করতে গিয়ে শেষকালে যেন ফ্যাসাদে না ফেলেন"
sarat chandra chattopadhyay,গুরুচরণ সে-কথায় আর জবাব না দিয়া নমস্কার করিয়া কাগজখানি হাতে করিয়া বাড়ি ফিরিয়া আসিলেন
sarat chandra chattopadhyay,প্রায় প্রতি বৎসরই ভূবনেশ্বরী এই সময়টায় কিছুদিনের জন্য পশ্চিমে ঘুরিয়া আসিতেন
sarat chandra chattopadhyay,"তাহার অজীর্ণ রোগ ছিল, ইহাতে উপকার হইত রোগ বশী নবীন গুরুচরণের কাছে সেদিন কার্যোদ্ধারের জন্যই বাড়াইয়া বলিয়াছিলেন যাই হোক, যাত্রার আয়োজন হইতেছিল সেদিন সকালবেলা একটা চামড়ার তোরঙ্গে শেখর তাহার আবশ্যকীয় শৌখিন জিনিসপত্র গুছাইয়া লইতেছিল আন্নাকালী ঘরে ঢুকিয়া বলিল, শেখরদা, তোমরা কাল যাবে, না"
sarat chandra chattopadhyay,"শেখর ভোরঙ্গ হতে মুখ তুলিয়া বলিল, কালী, তোর সেজদিকে ডেকে দে, কি সঙ্গে নেবে-টেবে, এই সময়ে দিয়ে যাক"
sarat chandra chattopadhyay,"ললিতা প্রতি বৎসর মায়ের সঙ্গে যাইত, এবারেও যাইবে তাহাই শেখর জানিত কালী ঘাড় নাড়িয়া বলিল, এবার সেজদি ত যাবে না"
sarat chandra chattopadhyay,"কালী কহিল, বাঃ, কি করে যাবে"
sarat chandra chattopadhyay,"মাঘ-ফাল্লুন মাসে ওর বিয়ে হবে, বাবা বর খুঁজে বেড়াচ্ছেন যে শেখর নির্নিমেষ চোখ স্তব্ধ হইয়া চাহিয়া রহিল কালী বাড়ির ভিতরে যাহা শুনিয়াছিল উৎসাহের সহিত ফিসফিস করিয়া বলিতে লাগিল, গিরীনবাবু বলেচেন যত টাকা লাগে ভাল পাত্তর বাবা আজও অফিসে যাবেন না, খেয়েদেয়ে কোথায় ছেলে দেখতে যাবেন; গিরীনবাবুও সঙ্গে যাবেন শেখর স্থির হইয়া শুনিতে লাগিল এবং কেন যে ললিতা আর আসিতে চাহে না তাহারও যেন কতকটা কারণ বুঝিতে পারিল"
sarat chandra chattopadhyay,"কালী বলিতে লাগিল, গিরীনবাবু খুব ভালমানুষ শেখরদা মেজদির বিয়ের সময় আমাদের বাড়ি জ্যোঠামশায়ের কাছে বাধা ছিল ত, বাবা বলেছিলেন, আর দু'মাস-তিনমাস পরেই আমাদের সবাইকে পথে পথে ভিক্ষে করে বেড়াতে হ'ত, তাই গিরীনবাবু টাকা দিলেন কাল সব টাকা জ্যাঠামশায়কে বাবা ফিরিয়ে দিয়েচেন সেজদি বলছিল, আর আমাদের কোনও ভয় নেই, সত্যি না শেখরদা"
sarat chandra chattopadhyay,"প্রত্যুত্তরে শেখর কিছুই বলিতে পারিল না, তেমনিই চাহিয়া রহিল কালী জিজ্ঞাসা করিল, কি ভাবচ শেখরদা"
sarat chandra chattopadhyay,"এইবার শেখরের চমক ভাঙ্গিল, তাড়াতাড়ি বলিয়া উঠিল, কিছু না রে"
sarat chandra chattopadhyay,"কালী, তোর সেজদিকে একবার শিগগির ডেকে দে, বল আমি ডাকচি,যা ছুটে যা"
sarat chandra chattopadhyay,"কালী চলিয়া গেল শেখর খোলা তোরঙ্গের দিকে দৃষ্টি নিবদ্ধ করিয়া বসিয়া রহিল কোন্ দ্রব্যে তাহার প্রয়োজন, কোন্ দ্রব্যে প্রয়োজন নাই, সমস্তই এখন তাহার চোখের সম্মুখে একাকার হইয়া গেল ডাক শুনিয়া ললিতা উপরে আসিয়া প্রথমে জানালার ফাঁক দিয়া দেখিল, তাহার শেখরদা মেঝের উপর একদৃষ্টে মাটির দিকে চাহিয়া স্থির হইয়া বসিয়া আছে তাহার এ-রকম মুখের ভাব সে পূর্বে কখনও দেখে নাই৷ ললিতা আশ্চর্য হইল, ভয় পাইল ধীরে ধীরে কাছে আসিয়া দীড়াইতে শেখর এসো' বলিয়া ব্যস্ত হইয়া উঠিয়া দীড়াইল ললিতা আস্তে আস্তে জিজ্ঞাসা করিল, আমাকে ডাকছিলে"
sarat chandra chattopadhyay,"হ্যা, বলিয়া শেখর ক্ষণকাল স্থির হইয়া থাকিয়া কহিল, কাল সকালের গাড়িতেই আমি মাকে নিয়ে পশ্চিমে যাচ্চি, এবার ফিরতে হয়ত দেরি হবে"
sarat chandra chattopadhyay,"এই চাবি নাও, তোমার খরচের টাকাকড়ি ও-দেরাজের মধ্যেই রইল প্রতিবার ললিতাও সঙ্গে যায়"
sarat chandra chattopadhyay,"গতবারে এই উপলক্ষে সে কি আনন্দে জিনিসপত্র গুছাইয়া লইয়াছিল, এবার সে কাজটা শেখরদা একা করিতেছে, খোলা তোরঙ্গের দিকে চাহিবামাত্রই ললিতার তাহা মনে পড়িল"
sarat chandra chattopadhyay,"শেখর তাহার দিক হইতে মুখ ফিরাইয়া লইয়া একবার কাশিয়া গলাটা পরিষ্কার করিয়া বলিল, সাবধানে থেকো- আর যদি কোন কিছুর বিশেষ আবশ্যক হয়, দাদার কাছে ঠিকানা জেনে নিয়ে আমাকে চিঠি লিখো অতঃপর দুইজনেই চুপ করিয়া রহিল এবার ললিতা সঙ্গে যাইবে না, শেখর তাহা জানিতে পারিয়াছে এবং তাহার কারণটাও হয়ত শুনিয়াছে মনে করিয়া ললিতা লজ্জায় সঙ্কুচিত হইতে লাগিল হঠাৎ শেখর কহিল, আচ্ছা যাও এখন, আমাকে আবার এইগুলো গুছিয়ে নিতে হবে বেলা হ'ল, আজ একবার অফিসেও যেতে হবে ললিতা খোলা তোরঙ্গের সমুখে হাটু গাড়িয়া বসিয়া বলিল, তুমি স্নান কর গে, আমি গুছিয়ে দিচ্চি"
sarat chandra chattopadhyay,"তাহলে ত ভালই হয়, বলিয়া শেখর চাবির গোছাটা ললিতার কাছে ফেলিয়া দিয়া ঘরের বাহিরে আসিয়া সহসা থমকিয়া দাঁড়াইয়া বলিল, আমার কি কি দরকার হয়, তা ভূলে যাওনি"
sarat chandra chattopadhyay,"ললিতা মাথা ঝুঁকাইয়া তোরঙ্গের জিনিসপত্র পরীক্ষা করিতে লাগিল, সে-কথার কোন জবাব দিল না"
sarat chandra chattopadhyay,"শেখর নীচে গিয়া মাকে জিজ্ঞাসা করিয়া জানিল, কালীর সমস্ত সংবাদই সত্য গুরুচরণ খণ পরিশোধ করিয়াছেন, সে কথাও সত্য ললিতার পাত্র স্থির করিবার বিশেষ চেষ্টা হইতেছে তাহাও সত্য সে আর কিছু জিজ্ঞাসা না করিয়া স্নান করিতে চলিয়া গেল ঘন্টা-দুই পরে স্নানাহার শেষ করিয়া অফিসের পোশাক পরিতে নিজের ঘরে ঢুকিয়া সে সত্যই অবাক হইয়া গেল এই দুই ঘন্টাকাল ললিতা কিছুই করে নাই, তোরঙ্গের একটা পাটির উপর মাথা রাখিয়া চুপ করিয়া বসিয়া ছিল"
sarat chandra chattopadhyay,"শেখরের পদশব্দে চকিত হইয়া মুখ তুলিয়াই ঘাড় হেঁট করিয়া রহিল তাহার দুই চোখ জবাফুলের মত রক্তবর্ণ হইয়াছে কিন্তু, শেখর তাহা দেখিয়াও দেখিল না, অফিসের পোশাক পরিতে পরিতে সহজভাবে বলিল, এখন পারবে না ললিতা, দুপুরবেলা এসে গুছিয়ে রেখো বলিয়া প্রস্তুত হইয়া অফিসে চলিয়া গেল সে ললিতার রাঙ্গা চোখের হেতু ঠিক বুঝিয়াছিল, কিন্তু সব দিক বেশ করিয়া চিন্তা না করা পর্যন্ত আর কোন কথা বলিতে সাহস করিল সেদিন অপরাহ্নে মামাদের চা দিতে আসিয়া ললিতা সহসা জড়সড় হইয়া পড়িল"
sarat chandra chattopadhyay,সে গুরুচরণবাবুর কাছে বিদায় লইতে আসিয়াছিল
sarat chandra chattopadhyay,"ললিতা ঘাড় হেট করিয়া দু বাটি চা প্রস্তুত করিয়া গিরীন ও তাহার মামার সম্মুখে দিতেই গিরীন কহিল, শেখরবাবুকে চা দিলে না ললিতা"
sarat chandra chattopadhyay,"ললিতা মুখ না তুলিয়াই আস্তে আস্তে বলিল, শেখরদা চা খান না"
sarat chandra chattopadhyay,"গিরীন আর কিছু বলিল না, ললিতার নিজের কথা তাহার মনে পড়িয়া গেল শেখর নিজে এটা খায় না, অপরে খায় তাহাও ইচ্ছা করে না"
sarat chandra chattopadhyay,চায়ের বাটি হাতে তুলিয়া লইয়া গুরুচরণ পাত্রের কথা পাড়িলেন
sarat chandra chattopadhyay,"ছেলেটি বি এ পড়িতেছে, ইত্যাদি বিস্তর সুখ্যাতি করিয়া শেষে বলিলেন, অথচ আমাদের গিরীনের পছন্দ হয়নি"
sarat chandra chattopadhyay,"অবশ্য ছেলেটি দেখিতে তেমন সুশ্রী নয় বটে, কিন্তু পুরুষমানুষের রূপ আর কোন্ কাজে লাগে, গুণ থাকলেই যথেষ্ট কোনমতে বিবাহটা হইয়া গেলেই গুরুচরণ নিশ্বাস ফেলিয়া বীচেন"
sarat chandra chattopadhyay,"শেখরের সহিত গিরীনের এইমাত্র সামান্য পরিচয় হইয়াছিল ৷ শেখর তাহার দিকে চাহিয়া একটুখানি হাসিয়া জিজ্ঞাসা করিল, গিরীনবাবুর পছন্দ হলো না কেন"
sarat chandra chattopadhyay,"ছেলেটি লেখাপড়া করছে, অবস্থাও ভাল, - এই শেখর জিজ্ঞাসা করিল বটে, কিন্তু সে ঠিক বুঝিয়াছিল কেন ইহার পছন্দ হয় নাই এবং কেন ভবিষ্যতেও হইবে না"
sarat chandra chattopadhyay,"কিন্তু, গিরীন সহসা এ প্রশ্নের উত্তর দিতে পারিল না, তাহার মুখ ঈষৎ হইল, শেখর তাহাও লক্ষ্য করিয়া উঠিয়া দীড়াইয়া বলিল, কাকা, কাল মাকে নিয়ে পশ্চিমে চললুম ঠিক সময়ে খবর দিতে যেন ভূলে যাবেন গুরুচরণ বলিলেন, সে কি বাবা, তোমরাই যে আমার সব তা ছাড়া, ললিতার মা উপস্থিত না থাকলে ত কোনও কাজই হতে পারবে না"
sarat chandra chattopadhyay,"বলিয়া হাসিমুখে ঘাড় ফিরাইয়া বলিলেন, সে উঠে গেল কখন"
sarat chandra chattopadhyay,"শেখর কহিল, কথা উঠতেই পালিয়েচে গুরুচরণ গম্ভীর হইয়া বলিলেন, পালাবে বৈ কি, হাজার হোক জ্ঞানবুদ্ধি হয়েচে বলিয়া সহসা একটা ক্ষুদ্র নিশ্বাস ত্যাগ করিয়া কহিলেন, মা আমার একাধারে যেন লক্ষ্মী-সরস্বতী"
sarat chandra chattopadhyay,এমন মেয়ে বহু ভাগ্যে মেলে শেখরনাথ
sarat chandra chattopadhyay,"কথাটা উচ্চারণ করিতেই তার শীর্ণ মুখের উপর গভীর স্নেহের এমন একটা মধুর ছায়াপাত হইল যে, গিরীন ও শেখর উভয়েই আন্তরিক শ্রদ্ধার সহিত তাহাকে মনে মনে নমস্কার না করিয়া থাকিতে পারিল না"
sarat chandra chattopadhyay,"সপ্তম পরিচ্ছেদ চায়ের মজলিস হইতে নিঃশব্দে পলাইয়া আসিয়া ললিতা শেখরের ঘরে ঢুকিয়া উজ্জ্বল গ্যাসের নীচে একটা তোরঙ্গ আনিয়া শেখরের গরম পাট করিয়া গুছাইয়া রাখিতেছিল, শেখরকে প্রবেশ করিতে দেখিয়া মুখ তুলিয়া তাহার মুখের পানে চাহিয়া সে ভয়ে বিস্ময়ে নির্বাক হইয়া রহিল মকদ্দমায় সর্বস্ব হারিয়া মানুষ যে-রকম মুখ করিয়া আদালত হইতে বাহির হইয়া আইসে, এ-বেলার মানুষকে যেন ও-বেলায় সহসা আর নিচিতে পারা যায় না, এই একঘন্টার মধ্যে তেমনি শেখরকে ললিতা যেন ঠিক চিনিতে পারিল না"
sarat chandra chattopadhyay,তাহার মুখের উপর সর্বস্ব হারানোর সমস্ত চিহ্ন যেন কে চিহ্নিত করিয়া দিয়াছে
sarat chandra chattopadhyay,"শেখর শুষ্ককণ্ঠে জিজ্ঞাসা করিল, কি হচ্চে ললিতা"
sarat chandra chattopadhyay,"ললিতা সে প্রশ্নের জবাব না দিয়া কাছে আসিয়া দুই হাতে তাহার একটা হাত লইয়া কীদ-কীদ হইয়া বলিল, কি হয়েচে শেখরদা"
sarat chandra chattopadhyay,"কৈ, কিছুই হয়নি ত, বলিয়া শেখর জোর করিয়া একটু হাসিল ললিতার করস্পর্শে তাহার মুখে কতকটা সজীবতা ফিরিয়া আসিল সে নিকটস্থ একটা চোকির উপর বসিয়া পড়িয়া সেই প্রশ্নই করিল, তোমার হচ্চে কি"
sarat chandra chattopadhyay,"ললিতা কহিল, মোটা ওভারকোটটা সঙ্গে দিতে ভুলেছিলুম, সেইটাই দিতে এসেচি"
sarat chandra chattopadhyay,"শেখর শুনিতে লাগিল ললিতা এতক্ষণে অপেক্ষাকৃত সুস্থ হইয়া বলিতে লাগিল, গতবারে গাড়িতে তোমার বড় কষ্ট হয়েছিল, বড় কোট ত অনেকগুলোই ছিল, কিন্তু খুব মোটাসোটা একটাও ছিল তাই আমি ফিরে এসেই দোকানে মাপ দিয়ে এইটে তৈরি করিয়েছিলুম, বলিয়া সে খুব ভারী একটা ওভারকোট তুলিয়া আনিয়া শেখরের কাছে শেখর হাত দিয়া পরীক্ষা করিয়া বলিল, কৈ, আমাকে বলনি"
sarat chandra chattopadhyay,"ললিতা হাসিয়া বলিল, তুমি 'বাবু' মানুষ, তোমাকে বললে কি এত মোটা কোট তৈরি করতে দিতে"
sarat chandra chattopadhyay,"তাই বলিনি, তৈরি করিয়ে তুলে রেখেছিলুম"
sarat chandra chattopadhyay,"বলিয়া সেটা যথাস্থানে রাখিয়া দিয়া বলিল, ঠিক উপরেই রইল, তোরঙ্গ খুললেই পাবে- শীত করলে গায়ে দিতে ভুলো না আচ্ছা, বলিয়া শেখর নির্নিমেষ চোখে কিছুক্ষণ চাহিয়া থাকিয়া হঠাৎ বলিয়া উঠিল, না, এমন হতেই পারে না"
sarat chandra chattopadhyay,"শেখর তাড়াতাড়ি বলিয়া উঠিল, না, সে-কথা নয়- ও অন্য কথা আচ্ছা ললিতা, মার জিনিসপত্র গোছান হয়েচে কি না জানো"
sarat chandra chattopadhyay,"ললিতা কহিল, জানি, দুপুরবেলা আমিই সে-সমস্ত গুছিয়ে দিয়েছি, বলিয়া সে আর একবার সমস্ত দ্রব্য ভাল করিয়া পরীক্ষা করিয়া চাবি বন্ধ করিতে লাগিল শেখর ক্ষণকালে চুপ করিয়া তাহার দিকে চাহিয়া মৃদুকপণ্ঠে জিজ্ঞাসা করিল, হা ললিতা, আসচে বছর আমার উপায় কি হবে বলতে পার"
sarat chandra chattopadhyay,"ললিতা চোখ তুলিয়া বলিল, কেন"
sarat chandra chattopadhyay,"কেন সে আমিই টের পাচ্চি ভাই, বলিয়া ফেলিয়াই নিজের কথাটা চাপা দিবার জন্য শুক্কমুখে প্রফুল্লতা টানিয়া আনিয়া বলিল, কিন্তু পরের ঘরে যাবার আগে কোথায় কি আছে না আছে আমাকে দেখিয়ে দিয়ে যেয়ো নইলে দরকারের সময় কিছুই খুঁজে পাব না"
sarat chandra chattopadhyay,"ললিতা রাগিয়া বলিল, যাও- শেখর এতক্ষণে হাসিল, বলিল, যাও ত জানি, কিন্তু সত্যই উপায় হবে কি"
sarat chandra chattopadhyay,"আমার শখ আছে ষোল আনা, কিন্তু এক কড়ার শক্তি এ-সব কাজ চাকর দিয়েও হয় না--এখন থেকে দেখচি, তোমার মামার মত হতে হবে- এক কাপড় এক চাদর সম্বল করে- যা হয় তাই ললিতা চাবির গোছাটা মেঝের উপর ফেলিয়া দিয়া ছুটিয়া পলাইয়া গেল শেখর চেচাইয়া বলিল, কাল সকালে একবার এসো ললিতা শুনিয়াও শুনিল না, দ্রুতপদে সিঁড়ি বাহিয়া দোতলায় নামিয়া গেল বাড়ি গিয়া দেখিল, ছাদের এক কোণে চাদের আলোয় বসিয়া আন্নাকালী একরাশ গাদাফুল লইয়া মালা গাথিতেছে"
sarat chandra chattopadhyay,"ললিতা তাহার কাছে গিয়া বসিয়া কহিল, হিমে বসে কি করছিস কালী"
sarat chandra chattopadhyay,"কালী মুখ না তুলিয়াই বলিল, মালা গাথচি- -আজ রাত্তিরে আমার মেয়ের বিয়ে কৈ, আমাকে বলিস নিত"
sarat chandra chattopadhyay,"ঠিক ছিল না সেজদি এখন বাবা পাজি দেখে বললেন, আজ রাত্তির ছাড়া আর এ-মাসে দিন নেই"
sarat chandra chattopadhyay,"মেয়ে বড় হয়েচে, আর রাখতে পারিনে, যেমন-তেমন করে বিদেয় করছি"
sarat chandra chattopadhyay,"সেজদি, দুটো টাকা দাও না, জলখাবার আনাই ললিতা হাসিয়া বলিল, টাকার বেলায় সেজদি যা, আমার বালিশের নীচে আছে, নিগে যা"
sarat chandra chattopadhyay,"হা রে কালী, গাদাফুলে কি বিয়ে হয়"
sarat chandra chattopadhyay,"কালী গল্ভীরভাবে বলিল, অন্য ফুল না পেলে আমি কতগুলো মেয়ে পার করলুম সেজদি আমি সব জানি,- বলিয়া খাবার আনাইবার জন্য নীচে নামিয়া গেল"
sarat chandra chattopadhyay,ললিতা সেইখানে বসিয়া মালা গীথিতে লাগিল
sarat chandra chattopadhyay,"খানিক পরে কালী ফিরিয়া আসিয়া বলিল, আর সকলকেই বলা হয়েচে শুধু শেখরদাকে বলা হয়নি- যাই, বলে আসি, নইলে তিনি দুঃখ করবেন, বলিয়া ও- বাড়ি চলিয়া গেল কালী পাকা গৃহিণী, সমস্ত কাজকর্ম সে সুশৃঙ্খলায় শেখরদাদাকে সংবাদ দিয়া নামিয়া আসিয়া বলিল, তিনি একছড়া মালা চাইলেন যাও না সেজদি, শিগগির করে দিয়ে এসো আমি ততক্ষণ এদিকে বন্দোবস্ত করি- লগ্ন শুরু হয়ে গেছে, আর সময় নেই ললিতা মাথা নাড়িয়া বলিল, আমি পারব না কালী, তুই দিয়ে আয় আচ্ছা ওই বড় ছড়াটা দাও, বলিয়া সে হাত বাড়াইল ললিতা হাতে তুলিয়া দিতে গিয়া কি ভাবিয়া বলিল, আচ্ছা, আমিই দিয়ে আসচি"
sarat chandra chattopadhyay,"কালী গম্ভীর হইয়া বলিল, তাই যাও সেজদি, আমার অনেক কাজ- মরবার ফুরসত নেই তার মুখের ভাব ও কথার ভঙ্গী দেখিয়া ললিতা হাসিয়া ফেলিল একবারে পাকা বুড়ী, বলিয়া হাসিয়া মালা লইয়া চলিয়া গেল কবাটের কাছে আসিয়া দেখিল, শেখর একমনে চিঠি লিখিতেছে"
sarat chandra chattopadhyay,"দোর খুলিয়া পিছনে আসিয়া দীড়াইল, তাহাতেও শেখর টের পাইল না"
sarat chandra chattopadhyay,তখন ক্ষণকাল চুপ করিয়া থাকিয়া তাহাকে চমকিত করিয়া দিবার অভিপ্রায়ে সে মালাছড়াটা সাবধানে শেখরের মাথা গলাইয়া গলায় ফেলিয়া দিয়াই চৌকির পিছনে বসিয়া পড়িল
sarat chandra chattopadhyay,"শেখর প্রথমটা চমকিয়া উঠিয়া বলিল, এই কালী"
sarat chandra chattopadhyay,"পরক্ষণেই ঘাড় ফিরাইয়া দেখিয়া ভয়ানক গম্ভীর হইয়া বলিল, ও কি করলে ললিতা"
sarat chandra chattopadhyay,"ললিতা উঠিয়া দীড়াইয়া শেখরের মুখের ভাবে ঈষৎ শঙ্কিত হইয়া বলিল, কেন, কি"
sarat chandra chattopadhyay,"শেখর পূর্ণমাত্রায় গাষ্টীর্য বজায় রাখিয়া বলিল, জান না কি"
sarat chandra chattopadhyay,"কালীকে জিজ্ঞেস করে এসো, আজকের রাত্তিরে গলায় মালা পরিয়ে দিলে কি হয়"
sarat chandra chattopadhyay,"এখন ললিতা বুঝিল চক্ষের নিমেষে তাহার সমস্ত মুখ ভীষণ লজ্জায় রাঙ্গা হইয়া উঠিল, সে না, কক্ষনো না,- কক্ষনো না, বলিতে বলিতে ছুটিয়া ঘর হইতে বাহির হইয়া গেল শেখর ডাকিয়া বলিল, যেয়ো না ললিতা, শুনে যাও বিশেষ কাজ আছে- শেখরের ডাক তাহার কানে গেল বটে, কিন্তু শুনিবে কে"
sarat chandra chattopadhyay,"কোথাও সে থামিতে পারিল না, দৌড়িয়া আসিয়া নিজের ঘরের মধ্যে ঢুকিয়া একেবারে চোখ বুজিয়া বিছানায় শুইয়া পড়িল এই পাঁচ-ছয় বৎসর ধরিয়া সে শেখরের ঘনিষ্ঠ মানুষ হইয়া উঠিয়াছে, কিনতু কোনও দিন এমন কথা শোনে একে ত গল্ভীরপ্রকৃতি শেখর কখনই তাহাকে পরিহাস করিত না, করিলেও এতবড় লজ্জাকর পরিহাস যে তাহার মুখ দিয়া বাহির হইতে পারে, ইহা সে ত কল্পনা করিতেও পারিত না লজ্জায় সঙ্কুচিত হইয়া মিনিট-কুড়ি পড়িয়া থাকিয়া সে উঠিয়া বসিল অথচ, শেখরকে সে মনে মনে ভয় করিত, তিনি বিশেষ কাজ আছে বলিয়া ডাকিয়াছিলেন, তাই যাইবে কি না ইহাই ললিতা উঠিয়া বসিয়া ভাবিতেছিল ও-বাড়ির গলা শোনা গেল, ললিতাদি কোথায় গা, ছোটবাবু একবার ডাকচেন- ললিতা বাহিরে আসিয়া মৃদুস্বরে বলিল, যাচ্ছি, যাও উপরে আসিয়া কবাট ফীক করিয়া দেখিল শেখর তখনও চিঠি লিখিতেছে"
sarat chandra chattopadhyay,"কতক্ষণ চুপ করিয়া থাকিয়া আস্তে আস্তে বলিল, কেন"
sarat chandra chattopadhyay,"শেখর লিখিতে লিখিতে বলিল, কাছে এসো বলছি"
sarat chandra chattopadhyay,"না, এখান থেকে শেখর মনে মনে হাসিয়া বলিল, হঠাৎ কি একটা কাজ ক'রে ফেললে বল"
sarat chandra chattopadhyay,"ললিতা রুষ্টভাবে বলিল, যাও- আবার"
sarat chandra chattopadhyay,"শেখর মুখ ফিরাইয়া বলিল, আমার দোষ কি"
sarat chandra chattopadhyay,"তুমিই ত করে গেলে কিছু করিনি তুমি ওটা ফিরিয়ে দাও শেখর কহিল, সেইজন্যই ডেকে পাঠিয়েছ ললিতা কাছে এসো, ফিরিয়ে তুমি অর্ধেকটা করে গেছ, সরে এসো, আমি সেটা সম্পূর্ণ করে দি ললিতা দ্বারের অন্তরালে ক্ষণকাল মৌনভাবে থাকিয়া বলিল, সত্যি বলছি তোমাকে, ও-রকম ঠাট্টা করলে আর কোনদিন তোমার সামনে আসবো না--বলচি, ওটা ফিরিয়ে দাও শেখর টেবিলের দিকে মুখ ফিরাইয়া মালাটা তুলিয়া লইয়া বলিল, নিয়ে যাও তুমি এখান থেকে ছুঁড়ে দাও শেখর ঘাড় নাড়িয়া বলিল, কাছে না এলে পাবে না"
sarat chandra chattopadhyay,"তবে আমার কাজ নেই, বলিয়া ললিতা রাগ করিয়া চলিয়া গেল"
sarat chandra chattopadhyay,"শেখর চেচাইয়া বলিল, কিন্তু অর্ধেকটা হয়ে থাকলো- থাকে থাক, বলিয়া ললিতা যথার্থই রাগ করিয়া চলিয়া গেল"
sarat chandra chattopadhyay,"সে চলিয়া গেল বটে, কিন্তু নীচে গেল না"
sarat chandra chattopadhyay,"পূর্বদিকে খোলা ছাদের একান্তে গিয়া রেলিং ধরিয়া চুপ করিয়া দীড়াইল তখন সম্মুখের আকাশে চাদ উঠিয়াছিল এবং শীতের জ্যোৎস্নায় চারিদিক ভাসিয়া যাইতেছিল উপরে স্বচ্ছ নির্মল নীলাকাশ সে একবার শেখরের ঘরের দিকে দৃষ্টিনিক্ষেপ করিয়া উর্ধ্বমুখে চাহিয়া রহিল এইবার তাহার চোখ জ্বালা করিয়া লজ্জায় অভিমানে দুই চোখ জলে ভরিয়া গেল সে এত ছোট নহে যে, এ-সব কথার তাৎপর্য সম্পূর্ণ হৃদয়ঙ্গম করিতে পারে না, তবে কেন তাহাকে এমন মর্মান্তিক উপহাস করা"
sarat chandra chattopadhyay,"সে যে কত তুচ্ছ, কত নীচ, এ-কথা বুঝিবার তাহার যথেষ্ট বয়স হইয়াছে"
sarat chandra chattopadhyay,"সে ঠিক জানে, সে অনাথ এবং নিরুপায় বলিয়া তাহাকে সবাই আদর ও করে- -শেখরও করে, তাহার জননীও করেন তাহার আপনার বলিতে কেহ নাই, সত্যকার দায়িত্ব তাহার কাহারও উপর নির্ভর করে না বলিয়াই সম্পূর্ণ পর হইয়াও তাহাকে উদ্ধার করিয়া দিবার কথা তুলিতে পারিয়াছেন"
sarat chandra chattopadhyay,"ললিতা চোখ মুদিয়া মনে মনে বলিল, এই কলিকাতার সমাজে তাহার মামার অবস্থা ও শেখরদের কত নীচে, সে আবার সেই মামার আশ্রিত গলগ্রহ ওদিকে সমান ঘরে শেখরের বিবাহের কথাবার্তা চলিতেছে, দু'দিন আগেই হউক, পাছেই হউক, সেই ঘরেই একদিন হইবে এই বিবাহ উপলক্ষে নবীন রায় কত টাকা আদায় করিবেন, সে-সব আলোচনাও সে শেখরের জননীর কাছে শুনিয়াছে"
sarat chandra chattopadhyay,"তবে কেন, তাহাকে হঠাৎ আজ এমন করিয়া শেখরদা অপমান করিয়া বসিল"
sarat chandra chattopadhyay,"এই সব কথা ললিতা সুমুখের দিকে শূন্যদৃষ্টিতে চাহিয়া নিজের মনে মগ্ন হইয়া আলোচনা করিতেছিল, সহসা চমকিয়া মুখ ফিরাইয়া দেখিল, শেখর নিঃশব্দে হাসিতেছে"
sarat chandra chattopadhyay,"ইতিপূর্বে যে উপায়ে মালাটা সে শেখরের গলায় পরাইয়া দিয়াছিল, ঠিক সেই উপায়ে সেই ফুলের মালটা তাহার নিজের গলায় ফিরিয়া আসিয়াছে কান্নায় তাহার কণ্ঠ রুদ্ধ হইয়া আসিতে লাগিল, তবু সে জোর করিয়া বিকৃতস্বরে বলিল, কেন এমন করলে"
sarat chandra chattopadhyay,"আমি কিছু করিনি, বলিয়াই সে মালাটা টান মারিয়া ছিড়িয়া ফেলিবার জন্য হাত দিয়াই হঠাৎ শেখরের চোখের দিকে চাহিয়া থামিয়া গেল আর ছিড়িয়া ফেলিতে সাহস করিল না, কিন্তু কীদিয়া বলিল, আমার কেউ নেই বলেই ত তুমি এমন করে আমাকে অপমান"
sarat chandra chattopadhyay,"শেখর এতক্ষণ মৃদ মৃদু হাসিতেছিল, ললিতার কথা শুনিয়া অবাক হইয়া গেল ছেলেমানুষের কথা নয়"
sarat chandra chattopadhyay,"কহিল, আমি অপমান করছি, না, তুমি আমাকে অপমান করছ"
sarat chandra chattopadhyay,"ললিতা চোখ মুছিয়া ভয়ে ভয়ে বলিল, আমি কৈ অপমান করলুম"
sarat chandra chattopadhyay,"শেখর ক্ষণকাল স্থির থাকিয়া সহজভাবে বলিল, এখন একটু ভেবে দেখলেই টের পাবে আজকাল বড় বাড়াবাড়ি কচ্ছিলে ললিতা, আমি বিদেশ যাবার আগে সেইটেই তোমার বন্ধ করে দিলাম"
sarat chandra chattopadhyay,"ললিতা আর প্রত্যুত্তর করিল না, মাথা হেঁট করিয়া দাঁড়াইয়া রহিল পরিপূর্ণ জ্যোৎস্নাতলে দু'জনে স্তব্ধ হইয়া রহিল শুধু নীচ হইতে কালীর মেয়ের বিয়ের শীখের শব্দ ঘন ঘন শোনা যাইতে লাগিল"
sarat chandra chattopadhyay,"কিছুক্ষণ মৌন থাকিয়া শেখর কহিল, আর হিমে দাড়িয়ে থেক না, নীচে যাও যাচ্চি, বলিয়া ললিতা এতক্ষণ পরে তাহার পায়ের নীচে গড় হইয়া প্রণাম করিয়া উঠিয়া দীড়াইয়া আস্তে আস্তে জিজ্ঞাসা করিল, আমি কি করব বলে দিয়ে শেখর হাসিল একবার একটু দ্বিধা করিল, তারপর দুই হাত বাড়াইয়া তাহাকে বুকের উপরে টানিয়া আনিয়া নত হইয়া তাহার অধরে ওষ্ঠাধর স্পর্শ করিয়া বলিল, কিছুই বলে দিতে হবে না ললিতা, আজ থেকে আপনিই বুঝতে পারবে ললিতার সর্বশরীর রোমাঞ্চিত হইয়া কীপিয়া উঠিল সে সরিয়া দীড়াইয়া বলিল, আমি হঠাৎ তোমার গলায় মালা পরিয়ে দিয়ে ফেলেচি বলেই কি তুমি এ-রকম করলে"
sarat chandra chattopadhyay,"শেখর হাসিয়া মাথা নাড়িয়া বলিল, না"
sarat chandra chattopadhyay,"আমি অনেকদিন থেকেই ভাবচি, স্থির করে উঠতে পারিনি আজ স্থির করেছি, কেন না, আজই ঠিক বুঝতে পেরেচি, তোমাকে ছেড়ে থাকতে পারব না"
sarat chandra chattopadhyay,"ললিতা বলিল, কিন্তু তোমার বাবা শুনলে ভয়ানক রাগ করবেন, মা শুনলে দুঃখ করবেন-এ হবে না শে বাবা শুনলে রাগ করবেন সত্যি, কিন্তু মা খুব খুশী হবেন সে যাই হোক, যা হবার হয়ে গেছে- -এখন তুমিও ফেরাতে পার না, আমি ও পারিনে যাও, নীচে গিয়ে মাকে প্রণাম কর গে"
sarat chandra chattopadhyay,"অষ্টম পরিচ্ছেদ মাস-তিনেক পরে একদিন গুরুচরণ নবীন রায়ের ঘরে ঢুকিয়া ফরাসের উপর বসিবার উপক্রম করিতেই, তিনি চীৎকার করিয়া নিষেধ করিলেন, না না না, এখানে নয়- এ চৌকির উপর বসো আমি অসময়ে আবার স্নান করতে পারব না--বলি, জাত দিয়েচ না কি হে"
sarat chandra chattopadhyay,গুরুচরণ দূরে একটা চৌকির উপর বসিয়া পড়িয়া মাথা করিয়া রহিল
sarat chandra chattopadhyay,"দিন-চারেক পূর্বে সে যথারীতি দীক্ষা গ্রহণ করিয়া ব্রাহ্ম হইয়াছিল, আজ সেই সংবাদটা নানা বর্ণে বিচিত্র হইয়া গৌড়া হিন্দু নবীনের শ্রুতিগোচর হইয়াছে নবীনের চোখ দিয়া অগ্নিস্কুলিঙ্গ বাহির হইতে লাগিল, কিন্তু গুরুচরণ তেমনি মৌন নতমুখে বসিয়া রহিল"
sarat chandra chattopadhyay,"সে কাহাকেও কোন কথা জিজ্ঞাসা না করিয়া কাজটা করিয়া অবধি বাড়িতে কান্নাকাটি এবং অশান্তির পরিসীমা ছিল নবীন পুনরায় তর্জন করিয়া উঠিলেন, বল না হে, সত্যি কি না"
sarat chandra chattopadhyay,"গুরুচরণ জলভারাক্রান্ত দুই চক্ষু তুলিয়া বলিল, আস্ছে সত্যি"
sarat chandra chattopadhyay,"তোমার মাইনে ত মোটে যাটটি টাকা, তুমি- ক্রোধে নবীন রায়ের মুখ দিয়া কথা বাহির হইল না"
sarat chandra chattopadhyay,"গুরুচরণ চোখ মুছিয়া, পরিষ্কার করিয়া লইয়া বলিল, জ্ঞান ছিল না দাদা"
sarat chandra chattopadhyay,"দুঃখের জ্বালায় গলাতেই দড়ি দেবো, কি ব্রহ্মজ্ঞানীই হ'বো, কিছুই ঠাওরাতে পাচ্ছিলুম শেষে ভাবলুম, আত্মঘাতী না হয়ে হই, তাই ব্রহ্মজ্ঞানীই হয়ে গেলুম"
sarat chandra chattopadhyay,"গুরুচরণ চোখ মুছিতে মুছিতে বাহির হইয়া গেল নবীন চীৎকার করিয়া বলিলেন, বেশ করেচ, নিজের গলায় দড়ি না দিতে পেরে জাতের গলায় দড়ি টাঙ্গিয়ে দিয়েছ- আচ্ছা যাও, আর আমাদের সামনে কালামুখ বা'র করো না, এখন যারা-সব মন্ত্রী হয়েচেন, তাদের সঙ্গেই থাক গে- মেয়েদের হাড়ি-মুচির ঘরে দেও গে যাও, বলিয়া বিদায় করিয়া দিয়া তিনি মুখ ফিরাইয়া বসিলেন"
sarat chandra chattopadhyay,"নবীন রাগে অভিমানে কি যে করিবেন প্রথমটা কিছুই ভাবিয়া পাইলেন না গুরুচরণ হাতের ভিতর হইতে সম্পূর্ণ বাহির হইয়া গিয়াছে, আর মুঠার মধ্যে আসিবে, এ সম্ভাবনাও নাই তাই নিস্ফল আক্রোশে ছটফট করিয়া আপাতত জব্দ করিবার আর কোন ফন্দি খুঁজিয়া না পাইয়া, সেইদিনই মিস্ত্রী ডাকিয়া ছাদের যাতায়াতের পথটা বন্ধ করিয়া একটা মস্ত প্রাচীর তুলিয়া দিলেন এই সংবাদ বহুদূর-প্রবাসে বসিয়া ভুবনেশ্বরী শেখরের মুখে শুনিয়া কাদিয়া ফেলিলেন,- শেখর, এ মতি-বুদ্ধি কে দিলে তাকে"
sarat chandra chattopadhyay,"মতি-বুদ্ধি কে দিয়েছিল শেখর তাহা নিশ্চয় অনুমান করিয়াছিল ৷ সে উল্লেখ না করিয়া বলিল, কিন্তু মা, দু'দিন পরে তোমরাই তাকে একঘ'রে করে রাখতে এতগুলি মেয়ের বিয়ে তিনি কি করে দিতেন, আমি ত ভেবে ভূবনেশ্বরী ঘাড় নাড়িয়া বলিলেন, কিছুই আটকে থাকে না শেখর আর সেজন্য আগে থেকে জাত দিতে হলে অনেককেই দিতে ভগবান যাদের সংসারে পাঠিয়েছেন, তিনিই তাদের ভার নিতেন শেখর চুপ করিয়া রহিল ভুবনেশ্বরী চোখ মুছিয়া বলিলেন, আমার ললিতা মেয়েটাকে যদি সঙ্গে , তা হলে যা হয় একটা উপায় আমাকেই করে দিতে হতো- দিতামও আমি ত জানিনে গুরুচরণ এই-সব মতলব করেই পাঠিয়ে দিলে না"
sarat chandra chattopadhyay,আমি মনে করেছিলুম বুঝি সত্যিই তার বিয়ের সম্বন্ধ হচ্চে
sarat chandra chattopadhyay,"শেখর মায়ের মুখের দিকে চাহিয়া একটুখানি লজ্জিতভাবে বলিল, বেশ ত মা, এখন বাড়ি গিয়ে তাই কর না কেন"
sarat chandra chattopadhyay,সে ত আর ব্রাহ্ম হয়নি- তার মামাই হয়েচে- আর তিনিও কিছু তার যথার্থ আপনার কেউ ললিতার কেউ নেই বলেই তার ঘরে মানুষ হচ্চে
sarat chandra chattopadhyay,"ভূবনেশ্বরী ভাবিয়া বলিলেন, তা বটে, কিন্তু কর্তা এক রকমের মানুষ, তিনি কিছুতেই রাজী হবেন না"
sarat chandra chattopadhyay,হয়ত তাদের সঙ্গে দেখা-সাক্ষাৎ পর্যন্ত করতে দেবেন না
sarat chandra chattopadhyay,"শেখরের নিজের মনেও এই আশঙ্কা যথেষ্ট ছিল, সে আর কিছু না বলিয়া চলিয়া ইহার পরে আর একমিনিটও তাহার বিদেশে থাকিতে ইচ্ছা রহিল দু-তিনদিন চিন্তিত অপ্রসন্ন-মুখে এদিকে-ওদিকে ঘুরিয়া বেড়াইয়া একদিন সন্ধ্যার সময় আসিয়া বলিল, আর ভাল লাগচে না মা, চল বাড়ি যাই"
sarat chandra chattopadhyay,"ভূবনেশ্বরী তৎক্ষণাৎ সম্মত হইয়া বলিলেন, তাই চল শেখর, আমারও কিছু ভাল লাগচে বাড়ি ফিরিয়া আসিয়া মাতাপুত্র উভয়েই দেখিলেন, ছাদের সেই যাতায়াতের পথটা বন্ধ করিয়া প্রাচীর উঠিয়াছে"
sarat chandra chattopadhyay,"গুরুচরণের সহিত আর কোনও সম্পর্ক রাখা, এমন কি, মুখের আলাপ রাখাও যে কর্তার অভিপ্রেত নয়, তাহা কাহাকেও না জিজ্ঞাসা করিয়াই উভয়ে বুঝিলেন রাত্রে শেখরের আহারের সময় মা উপস্থিত ছিলেন, দুই-একটা কথার পরে বলিলেন, ওদের গিরীনবাবুর সঙ্গেই ললিতার বিয়ে দেবার কথাবার্তা হচ্ছে"
sarat chandra chattopadhyay,"শেখর মুখ না তুলিয়াই জিজ্ঞাসা করিল, কে বললে"
sarat chandra chattopadhyay,"ওর মামী দুপুরবেলা কর্তা ঘুমোলে আমি নিজেই গিয়ে দেখা করে এসেচি সেই বধি কেঁদে কেঁদে চোখ মুখ ফুলিয়ে ফেললে ক্ষণকাল মৌন থাকিয়া তিনি নিজের চোখ দুটি আচলে মুছিয়া ফেলিয়া বলিলেন, কপাল, শেখর, কপাল এই কপালের লেখা কেউ খণ্ডাতে পারে আর দোষ দিই বল"
sarat chandra chattopadhyay,"যাই হোক, গিরীন ছেলেটি ভাল, সঙ্গতিও আছে, ললিতার কষ্ট হবে না, বলিয়া চুপ করিলেন"
sarat chandra chattopadhyay,"প্রত্যুত্তর শেখর কোন কথাই বলিল না- মুখ নীচু করিয়া খাবারগুলো হাত দিয়া নাড়াচাড়া করিতে লাগিল খানিক পরে মা উঠিয়া গেলে সেও উঠিয়া হাত মুখ ধুইয়া বিছানায় শুইয়া পড়িল পরদিন সন্ধ্যার পর একটুখানি ঘুরিয়া আসিবার জন্য সে পথে বাহির হইয়াছিল তখন গুরুচরণের বাহিরের ঘরে প্রাত্যহিক চা-পানের সভা বসিয়াছিল এবং যথেষ্ট উৎসাহের সহিত হাসি এবং কথাবার্তা চলিতেছিল তথাকার কোলাহল শেখরের কানে যাইবামাত্র সে একবার স্থির হইয়া কি ভাবিয়া লইল, তারপর ধীরে ধীরে বাড়ি ঢুকিয়া সেই শব্দ অনুসরণ করিয়া গুরুচরণের বাহিরের ঘরে আসিয়া দীড়াইল তৎক্ষণাৎ কলরব থামিল এবং তাহার মুখের দিকে চাহিয়া সকলেরই মুখের ভাব পরিবর্তিত হইয়া গেল শেখর ফিরিয়া আসিয়াছিল এ সংবাদ ললিতা ছাড়া আর কেহ জানিত না"
sarat chandra chattopadhyay,"আজ এবং আরও একজন ভদ্রলোক উপস্থিত ছিলেন, তিনি বিস্মিত-মুখে শেখরের প্রতি চাহিয়া রহিলেন, এবং গিরীন মুখ অত্যন্ত করিয়া দেওয়ালের দিকে তাকাইয়া রহিল সর্বাপেক্ষা অধিক চেঁচাইতেছিলেন গুরুচরণ নিজে, তাহার মুখ একেবারে হইয়া গেল তাহার হাতের কাছে বসিয়া ললিতা তখনও চা তৈরি করিতেছিল, একবার মুখ তুলিয়া চাহিয়া মাথা হেঁট করিল শেখর সরিয়া আসিয়া তক্তপোশের উপর মাথা ঠেকাইয়া প্রণাম করিল এবং একধারে বসিয়া পাড়িয়া হাসিয়া বলিল, এ কি, একেবারে সমস্ত নিবে গেল যে"
sarat chandra chattopadhyay,"গুরুচরণ করি আশীর্বাদ করিলেন, কিনু কি বলিলেন বোঝা গেল তাহার মনের ভাব শেখর বুঝিল, তাই সময় দিবার জন্য নিজেই কথা পাড়িল কাল সকালের গাড়িতে ফিরিয়া আসিবার কথা, জননীর রোগ উপশম হইবার কথা, পশ্চিমের কথা, আরও কত কি সংবাদ অনর্গল বকিয়া গিয়া শেষে সেই অপরিচিত যুবকটির মুখের দিকে চাহিল গুরুচরণ এতক্ষণে নিজেকে কতকটা সামলাইয়া লইয়াছিলেন, ছেলেটির পরিচয় দিয়া বলিলেন, ইনি আমাদের গিরীনের বন্ধু"
sarat chandra chattopadhyay,"এক জায়গায় বাড়ি, একত্রে লেখাপড়া শেখা, অতি সৎ ছেলে- শ্যামবাজারে থাকেন, তবুও আমার আলাপ হওয়া পর্যন্ত প্রায়ই এসে দেখা-সাক্ষাৎ করে যান"
sarat chandra chattopadhyay,"শেখর ঘাড় নাড়িয়া মনে মনে বলিল, হা, খুব ভাল ছেলে কতক্ষণ চুপ করিয়া থাকিয়া বলিল, কাকা, আর সব খবর ভাল"
sarat chandra chattopadhyay,"গুরুচরণ জবাব দিলেন না, মাথা হেঁট করিয়া রহিলেন শেখর উঠিবার উপক্রম করিতেই হঠাৎ কীদ-কীদ স্বরে বলিয়া উঠিলেন, মাঝে মাঝে এসো বাবা, একেবারে যেন ত্যাগ করো সব কথা শুনেচ"
sarat chandra chattopadhyay,"শুনেচি বৈ কি, বলিয়া শেখর অন্দরের দিকে চলিয়া গেল"
sarat chandra chattopadhyay,"তার পরেই ভিতরে গৃহিণীর কান্নার শব্দ উঠিল, বাহিরে বসিয়া গুরুচরণ হেঁট মুখে কৌচার খুঁট দিয়া নিজের চোখের জল মুছিতে লাগিলেন এবং গিরীন অপরাধীর মত মুখ করিয়া জানালার বাহিরে চাহিয়া চুপ করিয়া রহিল ললিতা পূর্বেই উঠিয়া গিয়াছিল কিছুক্ষণ পরে শেখর রান্নাঘর হইতে বাহির হইয়া বারান্দা পার হইয়া উঠানে নামিতে গিয়া দেখিল, অন্ধকার কবাটের আড়ালে ললিতা দাঁড়াইয়া আছে"
sarat chandra chattopadhyay,"সে ভূমিষ্ঠ হইয়া প্রণাম করিল এবং দীড়াইয়া উঠিয়া বুকের একান্ত সন্নিকটে সরিয়া আসিয়া মুখ তুলিয়া মুহূর্তকাল নিঃশব্দে কি যেন আশা করিয়া রহিল, তার পর পিছাইয়া গিয়া চুপি চুপি বলিল, আমার চিঠির জবাব দিলে না কেন"
sarat chandra chattopadhyay,"কৈ, আমি ত চিঠি পাইনি- কি লিখেছিলে"
sarat chandra chattopadhyay,"ললিতা বলিল, অনেক কথা সে যাক সব শুনেচ ত, এখন তোমার কি হুকুম, তাই বল শেখর বিস্ময়ের স্বরে কহিল, আমার হুকুম"
sarat chandra chattopadhyay,"ললিতা শঙ্কিত হইয়া মুখপানে চাহিয়া জিজ্ঞাসা করিল, কেন"
sarat chandra chattopadhyay,তা বৈ কি ললিতা আমি কার ওপর হুকুম দেব
sarat chandra chattopadhyay,"আমার ওপর, আর কার ওপর দিতে পারো"
sarat chandra chattopadhyay,তোমার ওপরেই বা দেব কেন
sarat chandra chattopadhyay,আর দিলেই বা তুমি শুনবে কেন
sarat chandra chattopadhyay,"শেখরের কণ্ঠস্বর , ঈষৎ করুণ এবার ললিতা মনে মনে অত্যন্ত ভয় পাইয়া, আর একবার কাছে সরিয়া আসিয়া কাদ-কীদ গলায় বলিল, যাও- এখনও আমার তামাশা ভাল লাগছে পায়ে পড়ি, কি হবে বল"
sarat chandra chattopadhyay,ভয়ে রাস্তিরে আমার ঘুম হয় ভয় কিসের
sarat chandra chattopadhyay,"বেশ যা হোক ভয় হবে না, তুমি কাছে নেই, মা কাছে নেই, মাঝে থেকে মামা কি-সব কাণ্ড করে বসলেন- এখন মা যদি আমাকে ঘরে নিতে না চান"
sarat chandra chattopadhyay,"শেখর ক্ষণকাল চুপ করিয়া থাকিয়া বলিল, সে সত্যি, মা নিতে চাইবেন তোমার মামা অপরের কাছে অনেক টাকা নিয়েচেন, সে-কথা তিনি শুনেচেন"
sarat chandra chattopadhyay,"তা ছাড়া, এখন তোমরা ব্রাহ্ম, আমরা হিন্দু এইসময়ে রান্নাঘর হইতে ডাক দিল, সেজদি, মা ডাকচেন"
sarat chandra chattopadhyay,"ললিতা চেঁচাইয়া বলিল, যাচ্ছি, তার পর গলা খাট করিয়া বলিল, মামা যাই হোন, তুমি যা, আমিও তাই মা তোমাকে যদি ফেলতে না পারেন, আমাকেও ফেলবেন না"
sarat chandra chattopadhyay,আর গিরীনবাবুর কাছে টাকা নেবার কথা বলচ-তা সে আমি ফিরিয়ে দেব
sarat chandra chattopadhyay,"আর খণের টাকা, দু'দিন আগেই হোক, পিছনেই হোক, দিতেই তো হবে শেখর প্রশ্ন করিল, অত টাকা পাবে কোথায়"
sarat chandra chattopadhyay,"ললিতা শেখরের মুখের পানে একটিবার চোখ তুলিয়া মুহূর্তকাল মৌন থাকিয়া বলিল, জান না, মেয়েমানুষে কোথায় টাকা পায়"
sarat chandra chattopadhyay,"এতক্ষণ শেখর সংযত হইয়া কথা কহিতে থাকিলেও ভিতরে পুড়িতেছিল, এবার বিদ্রুপ করিয়া বলিল, কিন্তু তোমার মামা তোমাকে করে ফেলেছেন যে"
sarat chandra chattopadhyay,"ললিতা অন্ধকারে শেখরের মুখের ভাব দেখিতে পাইল না, কিন্তু কণ্ঠস্বরের পরিবর্তন টের পাইল"
sarat chandra chattopadhyay,"সে দৃঢ়স্বরে জবাব দিল, ও-সব মিছে কথা আমার মামার মত মানুষ সংসারে নেই- তাঁকে তুমি ঠাট্টা ক'রো না"
sarat chandra chattopadhyay,"তার দুঃখ-কষ্ট তুমি না জানতে পার, কিন্তু পৃথিবীসুদ্ধ লোক জানে, বলিয়া একবার ঢোক গিলিয়া, একবার"
sarat chandra chattopadhyay,"করিয়া শেষে বলিল, তা ছাড়া তিনি টাকা নিয়েচেন, আমার বিয়ে হবার পরে, সুতরাং আমাকে বিক্রি করবার অধিকার তার নেই, বিক্রিও করেন নি"
sarat chandra chattopadhyay,"অধিকার আছে শুধু তোমারি, তুমি ইচ্ছে করলে টাকা দেবার ভয়ে আমাকে বিক্রি করে ফেলতে পার বটে"
sarat chandra chattopadhyay,"বলিয়া উত্তরের জন্য অপেক্ষা না করিয়াই দ্রুতপদে চলিয়া গেল নবম পরিচ্ছেদ সে রাত্রে বহুক্ষণ পর্যন্ত শেখর বিহুলের মত পথে পথে ঘুরিয়া ঘরে ফিরিয়া আসিয়া ভাবিতেছিল, সেদিনকার একফৌটা ললিতা এত কথা শিখিল কিরূপে"
sarat chandra chattopadhyay,এমন নির্লজ্জ মুখরার মত তাহার মুখের উপর কথা কহিল কি করিয়া
sarat chandra chattopadhyay,"আজ সে ললিতার ব্যবহারে সত্যই অত্যন্ত বিস্মিত ও হইয়াছিল কিন্তু, এই ক্রোধের যথার্থ হেতুটা কি, এ যদি শান্ত হইয়া ভাবিয়া দেখিত, দেখিতে পাইত রাগ ললিতার উপরে নহে, তাহা সম্পূর্ণ নিজের উপরেই ললিতাকে ছাড়িয়া এই কয়টা মাসের প্রবাস-বাসকালে সে নিজের কল্পনায় নিজেকে আবদ্ধ করিয়া শুধু কাল্পনিক সুখ-দুঃখ লাভ-ক্ষতিই খতাইয়া দেখিত কিন্তু ললিতা আজ যে তাহার জীবনের কতখানি, ভবিষ্যতের সহিত কিরূপ অচ্ছেদ্য-বন্ধনে গ্রথিত, তাহার অবর্তমানে বাঁচিয়া থাকা কত কঠিন, কত দুঃখকর, বিছানায় শুইয়া এই কথাই সে বার বার আলোচনা করিতে লাগিল ললিতা শিশুকাল হইতে নিজেদের সংসারে মিশিয়াছিল বলিয়াই তাহাকে বিশেষ করিয়া আর সে সংসারের ভিতরে, বাপ-মা ভাই-বোনের মাঝখানে নামাইয়া আনিয়া দেখে নাই, দেখিবার কথাও মনে করে নাই ললিতাকে হয়ত পাওয়া যাইবে না, পিতা- মাতা এ-বিবাহে সম্মতি দিবেন না, হয়ত সে অপর কাহারও হইবে,- দুশ্চিন্তা তাহার বারবার এই ধার বহিয়াই চলিয়াছিল তাই বিদেশে যাইবার পূর্বের রাত্রে জোর করিয়া গলায় মালা পরাইয়া দিয়া সে এইদকের ভাঙ্গনটার মুখেই বাধ বাঁধিয়া দিয়াছিল"
sarat chandra chattopadhyay,"প্রবাসে থাকিয়া গুরুচরণের ধর্মমত পরিবর্তনের সংবাদ পাইয়া, শুনিয়া সে ব্যাকুল হইয়া অহর্নিশি এই চিন্তাই করিয়াছিল, পাছে ললিতাকে হারাইতে হয়"
sarat chandra chattopadhyay,"সুখের হোক, দুঃখের হোক, ভাবনার এই দিকটাই তাহার পরিচিত ছিল, আজ ললিতার স্পষ্ট কথা এইদিকটা সজোরে বন্ধ করিয়া দিয়া ভাবনার ধারা একেবারে উলটা স্রোতে বহাইয়া দিয়া গেল তখন চিন্তা ছিল, পাছে না পাওয়া যায়, এখন ভাবনা হইল, পাছে না ছাড়া শ্যামবাজারের সম্বন্ধটা ভাঙ্গিয়া গিয়াছিল ৷ তাহারাও অত টাকা দিতে শেষ পর্যন্ত পিছাইয়া দীড়াইলেন"
sarat chandra chattopadhyay,"শেখরের জননীরও মেয়েটি মনঃপূত হইল সুতরাং এই দায় হইতে শেখর আপাততঃ অব্যাহতি লাভ করিয়াছিল বটে, কিন্তু নবীন রায় দশ-বিশ হাজারের কথা বিস্মৃত হন নাই এবং সেপক্ষে নিশ্চেষ্ট হইয়াও ছিলেন শেখর ভাবিতেছিল, কি করা যায়"
sarat chandra chattopadhyay,"সে-রাত্রির সেই কাজটা যে এতবড় গুরুতর হইয়া উঠিবে, ললিতা যে এমন অসংশয়ে বিশ্বাস করিয়া লইবে, তাহার সত্যই বিবাহ হইয়া গিয়াছে এবং ধর্মতঃ কোন কারণেই ইহার আর অন্যথা হইতে পারে না, সেদিন এত কথা শেখর ভাবিয়া দেখে যাদিও নিজের মুখেই উচ্চারণ করিয়াছিল, যা হইবার হইয়াছে, এখন তুমিও ফিরাইতে পার না, আমিও না, তখন, আজ যেমন করিয়া সে সমস্তটা ভাবিয়া দেখিতেছে, তেমন করিয়া ভাবিয়া দেখিবার শক্তিও ছিল না, বোধ করি অবসরও ছিল তখন মাথার উপর চাদ উঠিয়াছিল, জ্যোৎস্নায় চারিদিক ভাসিয়া গিয়াছিল, গলায় মালা দুলিয়াছিল, প্রিয়তমার বক্ষস্পন্দন নিজের বুক পাতিয়া প্রথম অনুভবের মোহ ছিল, এবং প্রণয়ীরা যাহাকে অধরসুধা বলিয়াছেন, তাহাই পান করার অতি তীব্র নেশা ছিল ৷ তখন স্বার্থ এবং সাংসারিক ভালমন্দ মনে পড়ে নাই, অর্থলোলুপ পিতার রুদ্রমূর্তি চোখের উপর জাগিয়া উঠে নাই"
sarat chandra chattopadhyay,"ভাবিয়াছিল, মা ত ললিতাকে স্নেহ করেন, তখন তাহাকে সম্মত করানো কঠিন হইবে না, এবং দাদাকে দিয়া পিতাকে কোনমতে কোমল করিয়া আনিতে পারিলে, শেষ পর্যন্ত হয়ত কাজটা হইয়াই যাইবে তা ছাড়া গুরুচরণ এইভাবে তখন নিজেকে বিচ্ছিনন করিয়া তাহাদের আশার পথটা পাথর দিয়া এমনভাবে আঁটিয়া বন্ধ করেন নাই"
sarat chandra chattopadhyay,এখন যে বিধাতাপুরুষ নিজে মুখ ফিরাইয়া বসিয়াছেন
sarat chandra chattopadhyay,বস্তৃত শেখরের চিন্তা করিবার বিষয় বিশেষ কিছু ছিল না
sarat chandra chattopadhyay,"সে নিশ্চয় বুঝিতেছিল, পিতাকে সম্মত করানো ত ঢের দূরের কথা, জননীকে সম্মত করানোও সম্ভব নহে এ-কথা যে আর মুখে আনিবারও পথ নাই শেখর দীর্ঘনিঃশ্বাস ফেলিয়া আর একবার আবৃত্তি করিল, কি করা যায়"
sarat chandra chattopadhyay,"সে ললিতাকে বেশ চিনিত, তাহাকে নিজের হাতে মানুষ করিয়াছে একবার যাহা সে নিজের ধর্ম বলিয়া বুঝিয়াছে, কোনমতেই তাহাকে ত্যাগ করিবে না"
sarat chandra chattopadhyay,"সে জানিয়াছে, সে শেখরের ধর্মপত্নী, তাই আজ সন্ধ্যার অন্ধকারে অসঙন্কোচে বুকের কাছে সরিয়া আসিয়া মুখের কাছে মুখ তুলিয়া অমন করিয়া দীড়াইতে পারিয়াছিল গিরীনের সহিত তাহার বিবাহের কথাবার্তা শুরু হইয়াছে- কিন্তু কেহই তাহাকে ত সম্মত করাইতে পারিবে আর ত সে কোনমতেই চুপ করিয়া থাকিবে না"
sarat chandra chattopadhyay,এখন সমস্ত প্রকাশ করিয়া দিবে
sarat chandra chattopadhyay,শেখরের চোখমুখ উত্তপ্ত হইয়া উঠিল সত্যই
sarat chandra chattopadhyay,"সে ত শুধু মালা-বদল করিয়াই ক্ষান্ত হয় নাই, তাহাকে বুকের উপর টানিয়া লইয়া তাহার মুখচুম্বন করিয়াছিল ললিতা বাধা দেয় নাই--দোষ নাই বলিয়াই দেয় নাই--ইহাতে তাহার অধিকার আছে বলিয়াই দেয় নাই, এখন এই ব্যবহারের জবাব সে কার কাছে কি দিবে"
sarat chandra chattopadhyay,"পিতামাতার অমতে ললিতার সহিত বিবাহ হইতে পারে না, তাহা নিশ্চয়, কিন্তু গিরীনের সহিত ললিতার বিবাহ না হইবার হেতু প্রকাশ পাইবার পর ঘরে- বাহিরে সে মুখ দেখাইবে কি করিয়া"
sarat chandra chattopadhyay,"দশম পরিচ্ছেদ অসম্ভব বলিয়া শেখর ললিতার আশা একেবারেই ত্যাগ করিয়াছিল প্রথম দিন সে মনে মনে অত্যন্ত ভয়ে ভয়ে থাকিত, পাছে হঠাৎ সে আসিয়া উপস্থিত হয়, পাছে সব কথা প্রকাশ করিয়া দেয়, পাছে এই সব লইয়া লোকের কাছে জবাবদিহি করিতে হয়"
sarat chandra chattopadhyay,"কিন্তু কেহই তাহার কৈফিয়ত চাহিল না, কোন কথা প্রকাশ পাইয়াছে কিনা তাহাও বুঝা গেল না, কিংবা সে-বাড়ি হইতে এ-বাড়িতে কেহ আসা-যাওয়া পর্যন্ত করিল না"
sarat chandra chattopadhyay,"শেখরের ঘরের সুমুখে যে খোলা ছাদটা ছিল, তাহার উপরে দাড়াইলে ললিতাদের ছাদের সবটুকু দেখা যাইত; পাছে দেখা হয়, এই ভয়ে সে এই ছাদটায় পর্যন্ত দীড়াইত কিন্তু যখন নির্বিঘে একমাস কাটিয়া গেল, তখন সে নিঃশ্বাস ফেলিয়া মনে মনে বলিল, হাজার হোক মেয়েমানুষের লজ্জাশরম আছে, এ-সকল ব্যাপার সে প্রকাশ করিতেই পারে না"
sarat chandra chattopadhyay,"সে শুনিয়াছিল, ইহাদের বুক ফাটিয়া গেলেও মুখ ফুটিতে চাহে না, এ-কথা সে বিশ্বাস করিল এবং সৃষ্টিকর্তা তাহাদের দেহে এই দুর্বলতা দিয়াছেন বলিয়া সে মনে মনে তাহার বুদ্ধির প্রশংসা করিল অথচ শাস্তি পাওয়া যায় না কেন"
sarat chandra chattopadhyay,"যখন হইতে সে বুঝিল আর ভয় নাই, তখন হইতেই এক অভূতপূর্ব ব্যথায় সমস্ত বুক ভরিয়া উঠিতেছে কেন"
sarat chandra chattopadhyay,"রহিয়া রহিয়া হৃদয়ের অন্তরতম স্থল পর্যন্ত এমন করিয়া নিরাশায়, বেদনায়, আশঙ্কায় কীপিয়া উঠে কেন"
sarat chandra chattopadhyay,তবে ত ললিতা কোন কথাই বলিবে একজনের হাতে সপিয়া দিবার সময় পর্যন্ত মৌন হইয়া থাকিবে
sarat chandra chattopadhyay,"তাহার বিবাহ হইয়া গিয়াছে, সে স্বামীর ঘর করিতে চলিয়া গিয়াছে মনে হইলেও অন্তরে-বাহিরে তাহার এমন করিয়া আগুন জুলিয়া উঠে কেন"
sarat chandra chattopadhyay,"পূর্বে সে সন্ধ্যার সময় বেড়াইতে বাহির না হইয়া সুমুখের খোলা ছাদটার উপর পদচারণা করিত, আজও তাহাই করিতে লাগিল, কিন্তু একটি দিনও ও-বাড়ির কাহাকেও ছাদে দেখিতে পাইল না"
sarat chandra chattopadhyay,"শুধু একদিন আন্নাকালী কি করিতে আসিয়াছিল, তাহার প্রতি দৃষ্টি পড়িতেই চোখ নামাইয়া ফেলিল এবং শেখর তাহাকে ডাকিবে কিনা স্থির করিবার পূর্বেই অদৃশ্য হইয়া গেল"
sarat chandra chattopadhyay,"শেখর মনে মনে বুঝিল, তাহারা যে পথ বন্ধ করিয়া প্রাচীর তুলিয়া দিয়াছে, ইহার অর্থ একফোৌটা কালী পর্যন্ত জানিয়াছে"
sarat chandra chattopadhyay,"আরও একমাস গত হইল একদিন ভূবনেশ্বরী কথায় কথায় বলিলেন, এর মধ্যে তুই ললিতাটাকে দেখেচিস শেখর"
sarat chandra chattopadhyay,"শেখর ঘাড় নাড়িয়া বলিল, না, কেন"
sarat chandra chattopadhyay,"মা বলিলেন, প্রায় দু'মাস পরে কাল তাকে ছাদে পেয়ে ডাকলুম- মেয়েটা আমার যেন আর-এক রকমের হয়ে গেছে"
sarat chandra chattopadhyay,"রোগা, মুখখানি শুকনো, যেন কত বয়স এমনি গম্ভীর, কার সাধ্যি দেখে বলে চোদ্দ বছরের চোখে জল আসিয়া পড়িল হাত দিয়া মুছিয়া ফেলিয়া ভারী গলায় বলিলেন, পরনের কাপড়খানি ময়লা, আচলের কাছে খানিকটা সেলাই-করা জিজ্ঞেস করলুম, তোর কাপড় নেই মা"
sarat chandra chattopadhyay,"বললে ত আছে, কিন্তু, বিশ্বাস হয় না"
sarat chandra chattopadhyay,"কোনদিনই সে ওর মামার দেওয়া কাপড় পরে না, আমিই দিই, আমিও ত ছ-সাত মাস কিছু দিইনি"
sarat chandra chattopadhyay,"তিনি আর বলিতে পারিলেন না, আচল দিয়া চোখ মুছিতে লাগিলেন- ললিতাকে যথার্থই তিনি নিজের মেয়ের মত ভালবাসিতেন"
sarat chandra chattopadhyay,শেখর আর-এক দিকে চাহিয়া নিঃশব্দে বসিয়া রহিল
sarat chandra chattopadhyay,"অনেকক্ষণ পরে তিনি পুনরায় বলিলেন, আমি ছাড়া কোনদিন সে কারো কাছে কিছু চাইতেও পারে না"
sarat chandra chattopadhyay,"অসময়ে ক্ষিদে পেলেও বাড়িতে মুখ ফুটে বলতেও পারে না, সেও আমি-এ আমার কাছে কাছে ঘুরে বেড়াতো- আমি তার মুখ দেখলেই টের পেতুম"
sarat chandra chattopadhyay,"আমার সেই কথাই মনে হয় শেখর, হয়ত মুখ শুকিয়ে শুকিয়ে বেড়ায়, কেউ তাকে বোঝেও না, জিজ্ঞেসও করে আমকে ও শুধু সে মা বলেই ডাকে না, মায়ের মত ভালও বাসে যে"
sarat chandra chattopadhyay,শেখর সাহস করিয়া মায়ের মুখের দিকে চোখ ফিরাইতে পারিল না
sarat chandra chattopadhyay,"যেদিকে চাহিয়াছিল, সেইদিকেই চাহিয়া থাকিয়াই কহিল, বেশ ত মা, কি তার দরকার ডেকে জিজ্ঞেস করে দাও না কেন"
sarat chandra chattopadhyay,উনি যাওয়া-আসার পথটা পর্যন্ত বন্ধ করে দিলেন
sarat chandra chattopadhyay,আমিই বা দিতে যাবো কোন মুখে
sarat chandra chattopadhyay,"ঠাকুরপো দুঃখের জ্বালায় না বুঝে যেন একটা অন্যায় করেচেন, আমরা আপনার লোকের মত কোথায় একটা প্রায়শ্চিত্ত-ট্রায়শ্চিত্ত করিয়ে ঢেকে দেব, তা নয়, একেবারে পর করে আর তাও বলি, এর পীড়াপীড়িতেই সে জাত দিয়ে ফেলেছে"
sarat chandra chattopadhyay,"কেবল তাগাদা, কেবল তাগাদা- মনের ঘেন্নায় মানুষ সব করতে পারে বরং আমি ত বলি, ঠাকুরপো ভালই করেছেন"
sarat chandra chattopadhyay,"গিরীন ছেলেটি আমাদের চেয়ে তার ঢের বেশী আপনার, তার সঙ্গে ললিতার বিয়ে হয়ে গেলে মেয়েটা সুখে থাকবে তা আমি বলচি শুনচি, আসচে মাসেই হবে হঠাৎ শেখর মুখ ফিরাইয়া প্রশ্ন করিল, আসচে মাসেই হবে নাকি"
sarat chandra chattopadhyay,তাই শুনি শেখর আর কিছু জিজ্ঞাসা করিল না
sarat chandra chattopadhyay,"মা কিছুক্ষণ চুপ করিয়া থাকিয়া বলিলেন, ললিতার মুখে শুনলাম, ওর মামার দেহটাও নাকি আজকাল ভাল নেই না থাকবারই কথা একে তার নিজের মনের সুখ নেই, তাতে বাড়িতে নিত্য কান্নাকাটি এক মিনিটের তরেও ও-বাড়িতে স্বস্তি নেই৷ শেখর চুপ করিয়া শুনিতেছিল, চুপ করিয়াই রহিল খানিক পরে মা উঠিয়া গেলে সে বিছানায় আসিয়া শুইয়া পড়িল- -সে ললিতার কথা ভাবিতে লাগিল"
sarat chandra chattopadhyay,এই গলিটায় দুখানা গাড়ির স্বচ্ছন্দে যাতায়াতের স্থান হয় না
sarat chandra chattopadhyay,একখানা গাড়ি খুব একপাশে না দীড়াইলে আর একটা যাইতে পারে না
sarat chandra chattopadhyay,"দিন-দশেক পরে শেখরের অফিস-গাড়ি গুরুচরণের বাটার সুমুখে বাধা পাইয়া স্থির হইল ৷ শেখর অফিস হইতে ফিরিতেছিল, নামিয়া আসিয়া জিজ্ঞাসা করিয়া জানিল ডাক্তার আসিয়াছেন"
sarat chandra chattopadhyay,সে কিছুদিন পূর্বে মায়ের কাছে শুনিয়াছিল গুরুচরণের শরীর ভাল নাই
sarat chandra chattopadhyay,"তাই মনে করিয়া আর বাড়ি গেল না, সোজা গুরুচরণের শোবার ঘরে আসিয়া উপস্থিত হইল তাই বটে গুরুচরণ নির্জীবের মত বিছানায় পড়িয়া আছেন, একপাশে ললিতা এবং গিরীন শুষ্কমুখে বসিয়া আছে, সুমুখে চৌকির উপর বসিয়া ডাক্তার রোগ পরীক্ষা করিতেছেন গুরুচরণ অস্ফুট-স্বরে বসিতে বলিলেন, ললিতা মাথায় আচলটা আরো একটু টানিয়া দিয়া মুখ ফিরাইয়া বসিল ৷ ডাক্তার পাড়ার লোক, শেখরকে চিনিতেন রোগ পরীক্ষা করিয়া ওঁষধ ব্যবস্থা করিয়া তাহাকে সঙ্গে লইয়া বাহিরে আসিয়া বসিলেন গিরীন পিছনে আসিয়া টাকা দিয়া ডাক্তার বিদায় করিবার সময়, তিনি বিশেষ করিয়া তাহাকে সতর্ক করিয়া দিলেন যে, রোগ এখনও অধিকদূর অগ্রসর হয় নাই, এই সময়ে বায়ু- পরিবর্তনের নিতান্ত আবশ্যক ডাক্তার চলিয়া গেলে উভয়েই আর একবার গুরুচরণের ঘরে আসিয়া দাড়াইলেন"
sarat chandra chattopadhyay,"ললিতা ইশারা করিয়া গিরীনকে একপাশে ডাকিয়া লইয়া গিয়া চুপি চুপি কথা কহিতে লাগিল, শেখর সুমুখের চৌকিতে বসিয়া স্তব্ধ হইয়া গুরুচরণের দিকে চাহিয়া রহিল তিনি ইতিপূর্বে ওদিকে মুখ ফিরাইয়া শুইয়াছিলেন, শেখরের পুনরাগমন জানিতে পারিলেন খানিকক্ষণ চুপ করিয়া বসিয়া থাকিয়া শেখর উঠিয়া গেল, তখনও ললিতা ও গিরীন তেমনি চুপি চুপি কথাবার্তা কহিতেছিল, তাহাকে কেহ বসিতে বলিল না, আসিতে বলিল না, একটা কথা পর্যন্ত কেহ ডাকিয়া জিজ্ঞাসা করিল না"
sarat chandra chattopadhyay,"আজ সে নিশ্চয় বুঝিয়া আসিল, ললিতা তাহাকে তাহার কঠিন দায় হইতে চিরদিনের মত মুক্তি দিয়াছে--এখন সে নির্ভয়ে হাফ ফেলিয়া বীচুক--আর শঙ্কা নাই, আর ললিতা তাহাকে জড়াইবে না"
sarat chandra chattopadhyay,"ঘরে আসিয়া কাপড় ছাড়িতে ছাড়িতে সহস্বার মনে পড়িল, আজ সে নিজের চোখে দেখিয়া আসিয়াছে গিরীনই ও- বাড়ির পরম বন্ধু, সকলের আশা-ভরসা এবং ললিতার ভবিষ্যতের আশ্রয়"
sarat chandra chattopadhyay,"সে কেহ নহে, এমন বিপদের দিনেও ললিতা তাহার একটি মুখের পরামর্শেরও আর প্রত্যাশী নহে সে সহসা উঃ'-বলিয়া একটা গদীআঁটা আরাম-চৌকির উপর ঘাড় গুঁজিয়া বসিয়া পড়িল ৷ ললিতা তাহাকে দেখিয়া মাথায় কাপড় টানিয়া দিয়া মুখ ফিরাইয়া লইয়াছিল যেন সম্পূর্ণ পর--একেবারে অপরিচিত"
sarat chandra chattopadhyay,আবার তাহারই চোখের সুমুখে গিরীনকে আড়ালে ডাকিয়া কত-না পরামর্শ
sarat chandra chattopadhyay,অথচ এই লোকটিরই অভিভাবকতায় একদিন তাকেই থিয়েটার দেখিতে পর্যন্ত যাইতে দেয় নাই
sarat chandra chattopadhyay,"এখনও একবার ভাবিবার চেষ্টা করিল, হয়ত সে তাহাদের গোপন সম্বন্ধের কথা স্মরণ করিয়াই লজ্জায় ওরূপ ব্যবহার করিয়াছে, কিন্তু তাই বা কি করিয়া সম্ভব"
sarat chandra chattopadhyay,"তাহা হইলে এত কাণ্ড ঘটিয়াছে, অথচ একটি কথাও কি সে এতদিনের মধ্যে কোন কৌশলে তাহাকে জিজ্ঞাসা করিবার চেষ্টা করিত না"
sarat chandra chattopadhyay,"হঠাৎ ঘরের বাহিরে মায়ের কণ্ঠস্বর শোনা গেল- তিনি ডাকিয়া বলিতেছেন, কৈ রে, এখনও হাতমুখ ধুসনি-সন্ধ্যা হয় যে"
sarat chandra chattopadhyay,"শেখর ব্যস্ত হইয়া উঠিয়া পড়িল এবং তাহার মুখের উপর মায়ের দৃষ্টি না পড়ে, এইভাবে ঘাড় ফিরাইয়া রাখিয়া তাড়াতাড়ি নিচে নামিয়া গেল"
sarat chandra chattopadhyay,"এই কয়টা দিন অনেক কথাই অনেক রকমের রূপ ধরিয়া তাহার মনের মধ্যে অনুক্ষণ আনাগোনা করিয়াছে, শুধু একটা কথা সে ভাবিয়া দেখিত না, বস্তুত দোষ কোনদিকে একটি আশার কথা সে আজ পর্যন্ত তাহাকে বলে নাই, কিংবা তাহাকে বলিবারও সুযোগ দেয় বরঞ্চ, পাছে প্রকাশ পায়, সে কোনরূপ দাবী করিয়া বসে, এই ভয়ে কাঠ হইয়া ছিল তথাপি, সর্বপ্রকারের অপরাধ একা ললিতার মাথায় তুলিয়া দিয়াই সে তাহার বিচার করিতেছিল এবং নিজের হিংসায়, ক্রোধে, অভিমানে, অপমানে পুড়িয়া মরিতেছিল ৷ বোধ করি, এমনি করিয়াই সংসারের সকল পুরুষ বিচার করে এবং এমনি করিয়াই দগ্ধ হয়"
sarat chandra chattopadhyay,"পুড়িয়া পুড়িয়া তাহার সাত দিন কাটিয়াছে, আজও সন্ধ্যার পর নিস্তব্ধ ঘরের মধ্যে সেই আগুন জ্বালিয়া দিয়াই বসিয়াছিল, হঠাৎ দ্বারের কাছে শব্দ শুনিয়া মুখ তুলিয়াই তাহার হৃৎপিণ্ড লাফাইয়া উঠিল"
sarat chandra chattopadhyay,"কালীর হাত ধরিয়া ললিতা ঘরে ঢুকিয়া নীচে কার্পেটের উপর স্থির হইয়া বসিল ৷ কালী বলিল, শেখরদা, আমরা দুজনে তোমাকে প্রণাম করতে এসেচি- কাল আমরা চলে যাব"
sarat chandra chattopadhyay,"শেখর কথা কহিতে পারিল না, চাহিয়া রহিল কালী বলিল, অনেক দোষ-অপরাধ তোমার পায়ে আমরা করেচি শেখরদা, সে-সব ভূলে যেয়ো"
sarat chandra chattopadhyay,"শেখর বুঝিল, ইহার একটি কথাও কালীর নিজের নহে, সে শেখানো কথা বলিতেছে মাত্র"
sarat chandra chattopadhyay,"জিজ্ঞাসা করিল, কাল কোথায় যাবে তোমরা"
sarat chandra chattopadhyay,পশ্চিমে বাবাকে নিয়ে আমরা সবাই মুঙ্গের যাব- সেখানে গিরীনবাবুর বাড়ি আছে
sarat chandra chattopadhyay,"তিনি ভাল হলেও আর আমাদের আসা হবে না, ডাক্তার বলেছেন, এ- দেশ বাবার সহ্য হবে না"
sarat chandra chattopadhyay,"শেখর জিজ্ঞাসা করিল, এখন তিনি কেমন আছেন"
sarat chandra chattopadhyay,"একটু ভাল, বলিয়া কালী আঁচলের ভিতর হইতে কয়েক জোড়া কাপড় বাহির করিয়া দেখাইয়া বলিল, জ্যাঠাইমা আমাদের কিনে দিয়েচেন"
sarat chandra chattopadhyay,"ললিতা এতক্ষণ চুপ করিয়া ছিল, উঠিয়া গিয়া ঠেবিলের উপর একটি চাবি রাখিয়া দিয়া বলিল, আলমারির এই চাবিটা এতদিন আমার কাছেই ছিল, একটুখানি হাসিয়া বলিল, কিন্তু টাকাকড়ি ওতে আর নেই, সমস্ত খরচ হয়ে গেছে"
sarat chandra chattopadhyay,"শেখর চুপ করিয়া রহিল কালী বলিল, চল সেজদি, রাত্তির হচ্ছে ললিতা কিছু বলিবার পূর্বেই এবার শেখর হঠাৎ ব্যস্ত হইয়া বলিয়া উঠিল, কালী, নীচে থেকে আমার জন্যে দুটো পান নিয়ে এস ত ভাই ললিতা তাহার হাত চাপিয়া ধরিয়া বলিল, তুই বোস কালী, আমি এনে দিচ্ছি, বলিয়া দ্রুতপদে নামিয়া গেল ৷ খানিক পরে পান আনিয়া কালীর হাতে দিল, সে শেখরকে দিয়া আসিল"
sarat chandra chattopadhyay,"পান হাতে লইয়া শেখর নিস্তব্ধ হইয়া বসিয়া রহিল ৷ চললুম শেখরদা, বলিয়া কালী পায়ের কাছে আসিয়া গড় হইয়া প্রণাম করিল ললিতা যেখানে দাড়াইয়াছিল, সেইখানেই ভূমিষ্ঠ হইয়া প্রণাম করিয়া উভয়েই ধীরে ধীরে বাহির হইয়া গেল"
sarat chandra chattopadhyay,"শেখর তাহার ভালমন্দও আত্মমর্যাদা লইয়া বিবর্ণ হতবুদ্ধির মত স্তব্ধ হইয়া বসিয়া রহিল আসিল, যাহা বলিবার ছিল বলিয়া চিরদিনের মত বিদায় লইয়া গেল, কিন্তু শেখরের কিছুই বলা হইল না"
sarat chandra chattopadhyay,"যেন, বলিবার কথা তাহার ছিল না, এইভাবে সমস্ত সময়টুকু কাটিয়া গেল ললিতা কালীকে ইচ্ছা করিয়াই সঙ্গে আনিয়াছিল; কারণ, সে চাহে না কোন কথা ওঠে, ইহাও সে মনে মনে বুঝিল তাহার পরে, তাহার সর্বশরীর ঝিমঝিম করিতে লাগিল, মাথা ঘুরিয়া উঠিল, সে উঠিয়া গিয়া বিছানায় চোখ বুঝিয়া শুইয়া পড়িল একাদশ পরিচ্ছেদ গুরুচরণের ভাঙ্গা দেহ জলহাওয়াতেও আর জোড়া লাগিল না"
sarat chandra chattopadhyay,"বৎসর-খানেক পরেই তিনি দুঃখের বোঝা নামাইয়া দিয়া চলিয়া গেলেন গিরীন যথার্থই তাহাকে অতিশয় ভালবাসিয়াছিল এবং শেষ দিন পর্যন্ত তাহার যথাসাধ্য করিয়াছিল মৃত্যুর পূর্বে তিনি সজল-কণ্ঠে তাহার হাত ধরিয়া অনুরোধ করিয়াছিলেন, সে যেন কোনদিন পর না হইয়া যায় এবং এই গভীর বন্ধুত্ব যেন নিকট আত্মীয়তায় পরিণত হয়"
sarat chandra chattopadhyay,"তিনি ইহা চোখে দেখিয়া যাইতে পারিলেন না, অসুখ-বিসুখে সময় হইল না, কিন্তু পরলোকে বসিয়া যেন দেখিতে পান"
sarat chandra chattopadhyay,"গিরীন তখন সানন্দে এবং সর্বান্তঃকরণে প্রতিশ্রুত হইয়াছিল গুরুচরণের কলিকাতার বাটাতে যে ভাড়াটিয়া ছিল, তাহার মুখে ভূুবনেশ্বরী মধ্যে মধ্যে সংবাদ পাইতেন, গুরুচরণের মৃত্যুসংবাদ তাহারাই দিয়াছিল"
sarat chandra chattopadhyay,তাহার পর এ-বাড়িতে গুরুতর দুর্ঘটনা ঘটিল নবীন রায় হঠাৎ মারা গেলেন
sarat chandra chattopadhyay,ভূবনেশ্বরী শোকে-দুঃখে পাগলের মত হইয়া বড়বধূর হাতে সংসার সপিয়া দিয়া কাশী চলিয়া গেলেন
sarat chandra chattopadhyay,"বলিয়া গেলেন, আগামী বৎসর শেখরের বিয়ের সমস্ত ঠিক হইয়া গেলে তিনি আসিয়া বিবাহ দিয়া যাইবেন"
sarat chandra chattopadhyay,"বিবাহের সম্বন্ধ নবীন রায় নিজেই স্থির করিয়াছিলেন এবং পূর্বেই হইয়া যাইত, শুধু তাহার মৃত্যু হওয়াতেই এক বৎসর স্থগিত ছিল কন্যাপক্ষের আর বিলম্ব করা চলে না, তাই তাহারা কাল আসিয়া আশীর্বাদ করিয়া গিয়াছিল ৷ এই মাসেই বিবাহ"
sarat chandra chattopadhyay,আজ শেখর জননীকে আনিতে যাইবার উদ্যোগ করিতেছিল
sarat chandra chattopadhyay,"আলমারি হইতে জিনিসপত্র নামাইয়া তোরঙ্গ সাজাইতে গিয়া অনেকদিন পরে তাহার ললিতার কথা মনে পড়িল-সব সে-ই করিত তিন বৎসরের অধিক হইল তাহারা চলিয়া গিয়াছে, ইহার মধ্যে তাহাদের কোন সংবাদই সে জানে না"
sarat chandra chattopadhyay,"জানিবার চেষ্টাও করে নাই, বোধ করি, ইচ্ছাও ছিল না"
sarat chandra chattopadhyay,"ললিতার উপরে ক্রমশঃ তাহার একটা ঘৃণার ভাব আসিয়াছিল কিন্তু আজ সহসা ইচ্ছা করিল, যদি কোনমতে একটা খবর পাওয়া যায়--কে কেমন অবশ্য ভাল থাকিবারই কথা, কারণ গিরীনের সঙ্গতি আছে, তাহা সে জানিত, তথাপি সে শুনিতে ইচ্ছা করে, কবে বিবাহ হইয়াছে, তাহার কাছে কেমন আছে- এই ও-বাড়ির ভাড়াটিয়ারাও আর নাই, মাস-দুই হইল বাড়ি খালি করিয়া চলিয়া গিয়াছে"
sarat chandra chattopadhyay,"শেখর একবার ভাবিল, চারুর বাপকে গিয়া জিজ্ঞাসা করিবে, কারণ তাহারা গিরীনের সংবাদ নিশ্চয় রাখেন ক্ষণকালের জন্য তোরঙ্গ গুছানো স্থগিত রাখিয়া সে শূন্যদৃষ্টিতে জানালার বাহিরে চাহিয়া এই সব ভাবিতে লাগিল, এমন সময়ে দ্বারের বাহিরে দীড়াইয়া পুরাতন দাসী কহিল, ছোটবাবু, কালীর মা একবার আপনাকে ডেকে পাঠিয়েছেন"
sarat chandra chattopadhyay,"শেখর মুখ ফিরাইয়া অত্যন্ত আশ্চর্য হইয়া বলিল, কোন্ কালীর মা"
sarat chandra chattopadhyay,"দাসী হাত দিয়া গুরুচরণের বাড়িটা দেখাইয়া বলিল, আমাদের কালীর মা ছোটবাবু, তারা কাল রাত্তিরে ফিরে এসচেন যে চল যাচ্চি, বলিয়া সে তৎক্ষণাৎ নামিয়া গেল তখন বেলা পড়িয়া আসিতেছিল, সে বাড়িতে পা দিতেই বুকভাঙ্গা কান্নার রোল উঠিল বিধবা-বেশধারিণী গুরুচরণের স্ত্রীর কাছে গিয়া সে মাটিতে বসিয়া পড়িল এবং কৌচার খুঁট দিয়া নিঃশব্দে চোখ মুছিতে লাগিল শুধু গুরুচরণের জন্য নহে, সে নিজের পিতার শোকেও আর একবার অভিভূত হইয়া পড়িল"
sarat chandra chattopadhyay,"সন্ধ্যা হইলে ললিতা আলো জ্বালিয়া দিয়া গেল দূর হইতে গলায় আচল দিয়া তাহাকে প্রণাম করিল, এবং ক্ষণকাল অপেক্ষা করিয়া ধীরে ধীরে চলিয়া গেল শেখর সপ্তদশবর্ষীঁয়া পানে চোখ তুলিয়া চাহিতে বা ডাকিয়া কথা কহিতে পারিল না"
sarat chandra chattopadhyay,"তথাপি আড়চোখে যতটা সে দেখিতে পাইয়াছিল, মনে হইল, ললিতা যেন আরও বড় হইয়াছে এবং অত্যন্ত কৃশ হইয়া অনেক কান্নাকাটির পরে গুরুচরণের বিধবা যাহা বলিলেন, তাহার মর্ম এই যে, এই বাড়িটা তিনি বিক্রয় করিয়া মুঙ্গেরে জামাইয়ের আশ্রয়ে থাকিবেন, এই তার ইচ্ছা"
sarat chandra chattopadhyay,"বাড়িটা বহুদিন হইতে শেখরের পিতার করিবার ইচ্ছা ছিল, এখন উপযুক্ত মূল্যে তাহারাই করিলে ইহা একরকম নিজেদেরই থাকিবে, তাহার নিজেরও কোনরূপ ক্লেশ বোধ হইবে না এবং ভবিষ্যতে কখন তিনি এদেশে আসিলে, দুই-একদিন বাস করিয়া যাইতেও পারিবেন--এই-সব"
sarat chandra chattopadhyay,"শেখর, মাকে জিজ্ঞাসা করিয়া তাহার যথাসাধ্য করিবে বলায় তিনি চোখ মুছিয়া বলিলেন, দিদি কি এর মধ্যে আসবেন না শেখর"
sarat chandra chattopadhyay,"শেখর জানাইল, আজ রাত্রেই তাকে সে আনিতে যাইবে অতঃপর তিনি একটি একটি করিয়া অন্যান্য সংবাদ জানিয়া লইলেন- -শেখরের কবে বিবাহ, কোথায়, কত হাজার, কত অলঙ্কার, নবীন রায় কি করিয়া মারা গেলেন, দিদি কি করিলেন ইত্যাদি অনেক কথা বলিলেন এবং শুনিলেন"
sarat chandra chattopadhyay,"শেখর যখন ছুটি পাইল, তখন জ্যোৎস্না উঠিয়াছে"
sarat chandra chattopadhyay,"এই সময় গিরীন্দ্র উপর হইতে নামিয়া বোধ করি তাহার দিদির বাটীতে গেল গুরুচরণের বিধবা দেখিতে পাইয়া প্রশ্ন করিলেন, আমার জামাইয়ের সঙ্গে তোমার আলাপ নেই শেখরনাথ"
sarat chandra chattopadhyay,এমন ছেলে সংসারে আর হয় না
sarat chandra chattopadhyay,"শেখরের তাহাতে বিন্দুমাত্র সন্দেহ নাই, তাহা সে জানাইল এবং আলাপ আছে বলিয়া দ্রুতপদে বাহির হইয়া গেল"
sarat chandra chattopadhyay,"কিন্তু বাহিরের বসিবার ঘরের সুমুখে আসিয়া তাহাকে সহসা থামিতে হইল অন্ধকার দরজার আড়ালে ললিতা দাঁড়াইয়া ছিল, বলিল, শোনো, মাকে কি আজই আনতে যাবে"
sarat chandra chattopadhyay,"শেখর বলিল, হা তিনি কি বড় বেশী কাতর হয়ে পড়েচেন"
sarat chandra chattopadhyay,"হী, প্রায় পাগলের মত হয়ে ছিলেন তোমার শরীর কেমন আছে"
sarat chandra chattopadhyay,"ভাল আছে, বলিয়া শেখর তাড়াতাড়ি চলিয়া গেল রাস্তায় আসিয়া তাহার আপাদমস্তক লজ্জায় ঘৃণায় শিহরিয়া উঠিল ললিতার কাছাকাছি দীড়াইতে হইয়াছিল বলিয়া তাহার নিজের দেহটাও যেন অপবিত্র হইয়া গিয়াছে, এমনি মনে হইতে লাগিল ঘরে ফিরিয়া আসিয়া সে যেমন-তেমন করিয়া তোরঙ্গ বন্ধ করিয়া ফেলিল এবং তখনও গাড়ির বিলম্ব আছে জানিয়া, আর একবার শময্যাশ্রয় করিয়া ললিতার বিষাক্ত স্মৃতিটাকে পোড়াইয়া নিঃশেষ করিয়া দিবে শপথ করিয়া সে হৃদয়ের ঘৃণার দাবানল জ্বালিয়া দিল দাহনের যাতনায় সে তাহাকে মনে মনে অকথ্য ভাষায় তিরস্কার করিল, এমন কি, কুলটা পর্যন্ত বলিতে সঙ্কোচ করিল না"
satyajit ray,"টি ফেলুদার গোয়েন্দাগিরি রাজেনবাবুকে রোজ বিকেলে ম্যাল্এ আসতে দেখি মাথার চুল সব পাকা, গায়ের রং ফরসা, মুখের ভাব হাসিখুশি"
satyajit ray,"পুরনো নেপালি আর তিব্যতি জিনিস-টিনিসের যে দোকানটা আছে, সেটায় কিছুক্ষণ কাটিয়ে বাইরে এসে বেঞ্চিতে আধঘণ্টার মতো বসে সমন্ধে হব-হুব হলে জলাপাহাড়ে বাড়ি ফিরে আমি আবার একদিন পেছন পেছন গিয়ে ওঁর বাড়িটাও দেখে এসেছি"
satyajit ray,"গেটের কাছাকাছি যখন পৌছেছি, হঠাৎ আমার দিকে ফিরে জিজ্ঞেস করলেন, কে হে তুমি, পেছু নিয়েছ"
satyajit ray,"আমি বললাম, 'আমার নাম তপেশরঞ্জন বোস তবে এই নাও লজেঞ্চস বলে পকেট থেকে সত্যিই একটা লেমন-ড্রপ বার করে আমায় দিলেন, আর দিয়ে বললেন, একদিন সকাল সকাল এসো আমার বাড়িতে--অনেক মুখোশ আছে; দেখাব"
satyajit ray,"সেই রাজেনবাবুর যে এমন বিপদ ঘটতে পারে, তা কেউ বিশ্বাস করবে"
satyajit ray,ফেলুদাকে কথাটা বলতেই সে খ্যাক করে উঠল করিসনে কার কীভাবে বিপদ ঘটবে না-ঘটবে সেটা কি মানুষকে দেখলে বোঝা যায়
satyajit ray,"আমি রেগে গেলাম বা রে, রাজেনবাবু যে ভাল লোক, সেটা বুঝি দেখলে বোঝা যায় না"
satyajit ray,দার্জিলিং-এ এসে অবধি তো তুমি বাড়ি থেকে বেরোওইনি রাজেনবাবু নেপালি বস্তিতে গিয়ে গরিবদের কত সেবা করেছেন জান
satyajit ray,"আচ্ছা বেশ বেশ, এখন বিপদটা কী তাই শুনি"
satyajit ray,"আর তুই কচি খোকা, সে বিপদের কথা তুই জানলি কী করে"
satyajit ray,"কচি খোকা অবিশ্যি আমি মোটেই না, কারণ আমার বয়স সাড়ে তেরো বছর ফেলুদার বয়স আমার ঠিক ডবল সত্যি বলতে কী ব্যাপারটা আমার জানার কথা নয়"
satyajit ray,"ম্যাল-এ বেঞ্চিতে বসেছিলাম- -আজ রবিবার, ব্যান্ড বাজাবে, তাই শুনব বলে"
satyajit ray,"আমার পাশে বসেছিলেন তিনকড়িবাবু, যিনি রাজেনবারুর ঘর ভাড়া নিয়ে দার্জিলিং-এ গরমের ছুটি কাটাতে এসেছেন তিনকড়িবাবু 'আনন্দবাজার' পড়ছিলেন, আর আমি কৌনওরকমে উঁকিঝুঁকি মেরে ফুটবলের খবরটা দেখার চেষ্টা করছিলাম এমন সময় হাঁপাতে হাঁপাতে ফ্যাকাশে মুখ করে , এসে ধপ্ করে তিনকড়িবাবুর পাশে বসে গায়ের চাদরটা দিয়ে কপালের ঘাম মুছতে লাগলেন"
satyajit ray,"তিনকড়িবাবু কাগজ বন্ধ করে বললেন, 'কী হল, চড়াই উঠে এলেন নাকি"
satyajit ray,"রাজেনবাবু গলা নামিয়ে বললেন, 'আরে না মশাই এক ইন্ক্রেডিব্ল্ ব্যাপার"
satyajit ray,ইন্ক্রেডিব্ল কথাটা আমার জানা ছিল ফেলুদা ওটা প্রায়ই ব্যবহার করে
satyajit ray,"ওর মানে অবিশ্বাস্য তিনকড়িবাবু বললেন, কী ব্যাপার"
satyajit ray,রাজেনবাবু পকেট থেকে একটা ভাঁজ করা নীল কাগজ বার করে তিনকড়িবাবুর হাতে দিলেন বুঝতে পারলাম সেটা একটা চিঠি
satyajit ray,"আমি চিঠিটা পড়িনি, বা পড়ার চেষ্টাও করিনি; বরঞ্চ আমি উল্টো দিকে মুখ ঘুরিয়ে গুনগুন করে গান গেয়ে এমন ভাব দেখাচ্ছিলাম যেন বুড়োদের ব্যাপারে আমার কোনও ইন্টারেস্টই কিন্তু চিঠিটা না পড়লেও, তিনকড়িবাবুর কথা আমি শুনতে পেয়েছিলাম সত্যিই আপনার ওপর কার এমন আক্রোশ থাকতে পারে যে আপনাকে এ ভাবে শাসিয়ে চিঠি লিখবে"
satyajit ray,"রাজেনবাবু বললেন, তাই তো ভাবছি ৷ সত্যি বলতে কী, কোনও দিন কারও অনিষ্ট করেছি বলে তো মনে পড়ে না তিনকড়িবাবু এবার রাজেনবাবুর দিকে ঝুঁকে ফিসফিস করে বললেন, হাটের মাঝখানে এ সব ডিসকাস না করাই ভাল বাড়ি চলুন"
satyajit ray,সং ফেলুদা ঘটনাটা শুনে কিছুক্ষণ ভুরু কুঁচকে হয়ে বসে রইল
satyajit ray,"তার পর বলল, 'তুই তা হলে বলছিস যে একবার তলিয়ে দেখা চলতে"
satyajit ray,বা রে- তুমিই তো রহস্যজনক ঘটনা খুঁজছিলে
satyajit ray,"বললে, অনেক ডিটেক্টিভ বই পড়ে তোমারও ডিটেকৃটিভ বুদ্ধিটা খুব ধারালো হয়ে উঠেছে তা তো বটেই এই ধর--আমি তো আজ ম্যালে যাইনি, তবু বলে দিতে পারি তুই কোন্ দিকের বেঞ্চে বসেছিলি ৷ 'কোন দিক"
satyajit ray,রেস্টুরান্টের ডান পাশের বেঞ্চগুলোর একটাতে
satyajit ray,"তোর বাঁ গালটা রোদে ঝল্সেছে, ডান ধারেরটা ঝলসায়নি একমাত্র ওই বেঞ্চিগুলোর একটাতে বসলেই পশ্চিমের রোদটা বাঁ গালে পড়ে গে এখন কথা হচ্ছে- রাজেন মজুমদারের বাড়িতে একবার যাওয়া দরকার সস স্ সূ আর সাতাত্তর পা"
satyajit ray,'হ্যঁকিস্ত বেশি জোরে জোরে মারলে মাথার এদিক-ওদিক হয়ে যায়
satyajit ray,কী আশ্চর্য সাতাত্তরে রাজেনবাবুর বাড়ি পৌঁছলাম না
satyajit ray,"আরও তেইশ পা গিয়ে তবে ওর বাড়ির গেটের সামনে পড়লাম গঙ ফেলুদা ছোট্ট করে একটা গীঁট্টা মেরে বলল, 'আগের বার ফেরার সময় গুনেছিলি, না আসার সময়"
satyajit ray,ইডিয়ট ফেরার সময় তো ঢালে নামতে হয়
satyajit ray,তুই নিশ্চয়ই ধাঁই ধাঁই করে ইয়া বড়া বড়া ফেলেছিলি
satyajit ray,"আর তাই স্টেপস্ সেবার কম হয়েছিল, এবার বেশি হয়েছে"
satyajit ray,জোয়ান বয়সে ঢালে নামতে মানুষ বড় বড় পা ফেলে দৌড়ানোর মতো আর বুড়ো হলে ঢালুর বেলা ব্রেক কষে কষে ছোট ছোট পা ফেলতে হয়- তা না হলে মুখ থুবড়ে পড়ে কাছাকাছি কোনও বাড়ি থেকে রেডিওতে গান শোনা যাচ্ছে ফেলুদা এগিয়ে কলিং বেল টিপল কী বলবে সেটা ঠিক করেছ ফেলুদা
satyajit ray,"যা খুশি তাই বলব তুই কিন্তু স্পিকটি-নট ৷ যতক্ষণ থাকবি এ বাড়িতে, একটি কথা বলবিনে"
satyajit ray,একটা নেপালি চাকর এসে দরজা খুলে দিল
satyajit ray,বেশ সুন্দর পুরনো প্যাটার্নের কাঠের বাড়ি
satyajit ray,"শুনেছি রাজেনবাবু দশ বছর হল রিটায়ার করে দার্জিলিং-এ আছেন কলকাতায় বেশ নাম-করা উকিল ছিলেন চেয়ার টেবিল যা আছে ঘরে, সব বেতের"
satyajit ray,"যেটা সবচেয়ে বেশি চোখে পড়ে সেটা হচ্ছে, চারিদিকে দেওয়ালে টাঙানো সব অদ্ভুত দাঁত-খিঁচোনো চোখ-রাঙানো মুখোশের সারি আর আছে পুরনো ঢাল, তলোয়ার, ভোজালি, থালা, ফুলদানি এই সব"
satyajit ray,কাপড়ের উপর রং করা বুদ্ধের ছবিও আছে--কত পুরনো কে জানে
satyajit ray,কিন্তু তাতে যে সোনালি রণটা আছে সেটা এখনও ঝলমল করছে - আমরা দুজনে দুটো বেতের চেয়ারে বসলাম
satyajit ray,"ফেলুদা দেওয়ালের এদিক-ওদিক দেখে বলল, পেরেকগুলো সব নতুন, মর্চে ধরেনি"
satyajit ray,ভদ্রলোকের প্রাচীন জিনিসের শখটা বোধহয় বেশি প্রাচীন নয়
satyajit ray,"রাজেনবাবু ঘরে ঢুকলেন আমি অবাক হয়ে দেখলাম ফেলুদা উঠে গিয়ে টিপ্ করে এক ঠুকে বলল, চিনতে পারছেন"
satyajit ray,"আমি জয়কৃষ্ণ মিত্তিরের ছেলে রাজেনবাবু প্রথমে চোখ কপালে তুললেন, তার পর চোখের দু পাশ কুঁচকিয়ে একগাল হেসে বললেন, 'বা-বা কত বড় হয়েছ তুমি, আয কবে এলে এখানে"
satyajit ray,"ফেলুদা জবাব দিচ্ছে, আর আমি মনে মনে বলছি--কী অন্যায়, এত কথা হল, আর ফেলুদা একবারও বলল না সে রাজেনবাবুকে চেনে"
satyajit ray,"এবার ফেলুদা আমার পরিচয়টাও দিয়ে দিল ৷ রাজেনবাবুর মুখ দেখে মনেই হল না যে, এই সাত দিন আগে আমাকে লজেঞ্চুস দেবার কথাটা ওঁর মনে আছে ফেলুদা এবার বলল, 'আপনার খুব প্রাচীন জিনিসের শখ দেখছি"
satyajit ray,এখন তো প্রায় নেশায় দাঁড়িয়েছে
satyajit ray,'এই তো মাস ছয়েক হবে
satyajit ray,কিন্তু এর মধ্যেই অনেক কিছু সংগ্রহ করে ফেলেছি
satyajit ray,"ফেলুদা এবার একটা গলা-খাঁকরানি দিয়ে, আমার কাছ থেকে শোনা ঘটনাটাই শুনিয়ে বলল, 'আপনি আমার বাবার মামলার ব্যাপারে যেভাবে সাহায্য করেছিলেন, তার প্রতিদানে আপনার এই বিপদে যদি কিছু করতে পারি রাজেনবাবুর ভাব দেখে মনে হল তিনি সাহায্য পেলে খুশিই হবেন, কিন্তু তিনি কিছু বলবার আগেই তিনকড়িবাবু ঘরে ঢুকলেন তাঁর হাঁপানোর বহর দেখে মনে হল বোধহয় বেড়িয়ে ফিরলেন রাজেনবাবু আমাদের সঙ্গে ভদ্রলোকের আলাপ করিয়ে দিয়ে বললেন, আমার বিশেষ বন্ধু জ্ঞানেশ সেন হচ্ছেন তিনকডিবাবুর প্রতিবেশী ৷ আমি ঘরভাড়া দেব শুনে জ্ঞানেশই ওঁকে সাজেস্ট করে আমার এখানে আসতে"
satyajit ray,"গোড়ায় উনি হোটেলের কথা ভেবেছিলেন তিনকডিবাবু হেসে বললেন, আমার ভয় ছিল আমার এই চুরুটের বাঁতিকটা নিয়ে এমনও হতে পারত যে রাজেনবাবু হয়তো চুরুটের গন্ধ সহ্য করতে পারেন তাই সেটা আমি আমার প্রথম চিঠিতেই লিখে জানিয়ে দিয়েছিলাম ফেলুদা বলল, 'আপনি কি বায়ু পরিবর্তনের জন্য এসেছেন"
satyajit ray,তবে বায়ুর অভাবটাই যেন লক্ষ করছি বেশি
satyajit ray,পাহাড়ে ঠাণ্ডাটা আর একটু বেশি এক্সপেক্ট করে লোকে
satyajit ray,"ফেলুদা হঠাৎ বলল, আপনার বোধহয় গান-বাজনার শখ"
satyajit ray,"তিনকড়িবাবু অবাক হাসি হেসে বললেন, সেটা জানলে কী করে হে"
satyajit ray,"'আপনি যখন কথা বলছেন তখন লক্ষ করছি যে, লাঠির উপর রাখা আপনার ডান হাতের তর্জনীটা রেডিওর সঙ্গে তাল রেখে"
satyajit ray,"রাজেনবাবু হাসতে হাসতে বললেন, মোক্ষম ধরেছ"
satyajit ray,"উনি ভাল শ্যামা সংগীত গাইতে পারেন ফেলুদা এবার বলল, চিঠিটা হাতের কাছে আছে"
satyajit ray,"রাজেনবাবু বললেন, ""হাতের কাছে কেন, একেবারে বুকের কাছে"
satyajit ray,রাজেনবাবু কৌটের বুক-পকেট থেকে চিঠিটা বার করে ফেলুদাকে দিলেন এইবার সেটা দেখার সুযোগ পেলাম হাতে-লেখা চিঠি নয়
satyajit ray,"নানান জায়গা থেকে ছাপা বাংলা কথা কেটে কেটে আঠা দিয়ে জুড়ে চিঠিটা লেখা হয়েছে যা লেখা হয়েছে, তা হল তোমার অন্যায়ের শাস্তি ভোগ করিতে প্রস্তুত হও ফেলুদা বলল, এ চিঠি কি ডাকে এসেছে"
satyajit ray,"রাজেনবাবু বললেন, ) লোক্যাল ডাক--বলা বাহুল্য"
satyajit ray,দুঃখের বিষয় খামটা ফেলে দিয়েছি
satyajit ray,দার্জিলিং-এরই পোস্টমার্ক ছিল ঠিকানাটাও ছাপা বাংলা কথা কেটে কেটে লেখা আপনার নিজের কাউকে সন্দেহ হয়
satyajit ray,কোনও দিন কারও প্রতি কোনও অন্যায় বা অবিচার করেছি বলে তো মনে পড়ে না
satyajit ray,আপনার বাড়িতে যাতায়াত করেন এমন কয়েকজনের নাম করতে পারেন
satyajit ray,খুব সহজ আমি লোকজনের সঙ্গে মিশি কমই ৷ ডাক্তার আসেন অসুখ-বিসুখ হলে ' কেমন লোক বলে মনে হয়
satyajit ray,"ডাক্তার হিসেবে বোধহয় সাধারণ স্তরের তবে তাতে আমার এসে যায় না, কারণ আমার ব্যারামও সাধারণ- সরদি-ভ্বর ছাড়া আর কিছুই হয়নি দার্জিলিং এসে অবধি তাই ভাল ডাক্তারের প্রয়োজন হয় না"
satyajit ray,তা নেন আর আমারও তো পয়সার অভাব নেই
satyajit ray,"'আর কে আসেন - , সম্প্রতি মিস্টার ঘোষাল বলে এক ভদ্রলোক যাতায়াত এই দ্যাখো"
satyajit ray,"দরজার দিকে ফিরে দেখি একটি ফরসা, মাঝারি হাইটের, স্ম্ট-পরা"
satyajit ray,ভদ্রলোক হাসিমুখে ঘরে ঢুকছেন 'আমার নাম শুনলাম বলে মনে হল যেন
satyajit ray,"রাজেনবাবু বললেন, এইমাত্র আপনার নাম করা হয়েছে"
satyajit ray,"আপনারও আমার মতো পূরনো জিনিসের শখ- সেটাই এই ছেলেটিকে বলতে আপনার সঙ্গে আলাপ করিয়ে নমস্কার-টমস্কারের পর মিস্টার ঘোষাল- পুরো নাম অবনীমোহন ঘোষাল- - রাজেনবাবুকে বললেন, 'আপনাকে আজ দোকানে দেখলুম না, তাই একবার ভাবলুম খোঁজ নিয়ে যাই রাজেনবাবু বললেন, 'নাঃ, আজ শরীরটা ভাল ছিল না"
satyajit ray,"বুঝলাম রাজেনবাৰু চিঠিটার কথা মিস্টার ঘোষালকে বলতে চান না ৷ ফেলুদা মিস্টার ঘোষাল আসার সঙ্গে সঙ্গেই চিঠিটা হাতের তেলোর মধ্যে লুকিয়ে ফেলেছে ঘোষাল বললেন, 'আপনি ব্যস্ত থাকলে আজ আপনার ওই তিব্বতি ঘণ্টাটা একবার দেখার ইচ্ছে ছিল রাজেনবাবু বললেন, সে তো খুব সহজ ব্যাপার হাতের কাছেই আছে রাজেনবাবু ঘণ্টা আনতে পাশের ঘরে চলে গেলেন ফেলুদা ঘোষালকে জিজ্ঞেস করল, 'আপনি কি এখানেই থাকেন"
satyajit ray,"ভদ্রলোক দেওয়াল থেকে একটা ভোজালি নামিয়ে সেটা দেখতে দেখতে বললেন, আমি কোনও এক জায়গায় বেশি দিন থাকি না"
satyajit ray,আমার ব্যবসার জন্য প্রচুর ঘুরতে হয়
satyajit ray,"বাড়ি ফেরার পথে ফেলুদাকে জিজ্ঞেস করে জেনেছিলাম, 'কিউরিও' মানে দুম্রাপ্য পাচীন জিনিস"
satyajit ray,"নীচের অংশটা রুপোর তৈরি, হাতলটা তামা আর পেতল মেশানো, আর তার উপরে লাল নীল সব পাথর বসানো"
satyajit ray,"চোখ-টোখ কুঁচকে বেশ অনেকক্ষণ ধরে ঘণ্টাটা এদিক-ওদিক ঘুরিয়ে-ফিরিয়ে দেখলেন রাজেনবাবু বললেন, কী মনে হয়"
satyajit ray,সত্যিই দাঁও মেরেছেন একেবারে খাঁটি পুরনো জিনিস
satyajit ray,"'আপনি বললে আমার আর কোনও সন্দেহই থাকে দোকানদার বলে, এটা নাকি একেবারে খোদ লামার প্রাসাদের জিনিস"
satyajit ray,আপনি বোধহয় এটা হাতছাড়া করতে রাজি নন
satyajit ray,"রাজেনবাবু মিষ্টি করে হেসে ঘাড় নাড়তে নাড়তে বললেন, ব্যাপারটা কী জানেন"
satyajit ray,"সেটাকে বেচে লাভ করব, এমন কী কেনা দরেও বেচব--এ ইচ্ছে আমার নেই"
satyajit ray,"ঘণ্টাটা ফিরিয়ে দিয়ে বললেন, 'আজ আসি কাল আশা করি বেরোতে পারবেন একবার"
satyajit ray,"রাজেনবাবু বললেন, ইচ্ছে তো আছে অবনীবাবু বেরিয়ে যাওয়ার পর ফেলুদা রাজেনবাবুকে বলল, কটা দিন একটু না বেরিয়ে-টেরিয়ে সাবধানে থাকা উচিত নয় কি"
satyajit ray,সেটাই বোধ হয় ঠিক কিন্তু মুশকিল কী জান
satyajit ray,"সেই চিঠির ব্যাপারটা এতই অবিশ্বাস্য যে, এটাকে ঠিক যেন সিরিয়াসলি নিতেই পারছি না"
satyajit ray,"মনে হচ্ছে এটা যেন একটা ঠাট্টা--যাকে বলে প্র্যাক্টিক্যাল জোক 'যদ্দিন না সেটা সম্বন্ধে ডেফিনিট হওয়া যাচ্ছে, তদ্দিন বাড়িতেই থাকুন না"
satyajit ray,"কম্প্লিটলি রিলায়েব্ল ফেলুদা এবার তিনকড়িবাবুর দিকে ফিরে বলল, 'আপনি কি বেশির ভাগ সময় বাড়িতেই থাকেন"
satyajit ray,সকাল বিকেল ঘণ্টাখানেক একটু এদিক-ওদিক ঘুরে আসি আর কী
satyajit ray,"কিন্তু বিপদ যদি ঘটেই, আমি বুড়ো মানুষ খুব বেশি কিছু করতে পারি কি"
satyajit ray,"আমার বয়স হল , রাজেনবাবুর চেয়ে এক বছর কম রাজেনবাবু বললেন, উনি চেঞ্জে এসেছেন, ওঁকে আর বাড়িতে বন্দি করে রাখার ফন্দি করছ কেন তোমরা"
satyajit ray,"আমি থাকব, আমার চাকর থাকবে, এই যথেষ্ট"
satyajit ray,তোমরা চাও তো দু বেলা খোঁজ-খবর নিয়ে যেয়ো এখন
satyajit ray,"বেশ তাই হবে ফেলুদার দেখাদেখি আমিও উঠে পড়লাম আমরা যেখানে বসেছিলাম তার উলটোদিকেই একটা ফায়ারপ্লেস ফায়ারল্লেসের উপরেই একটা তাক, আর সেই তাকের উপর তিনটে ফ্রেমে বাঁধানো ছবি"
satyajit ray,"ফেলুদা ছবিগুলোর দিকে এগিয়ে গেল প্রথম ছবিটা দেখিয়ে রাজেনবাবু বললেন, 'ইনি আমার স্ত্রী বিয়ের চার বছর পরেই মারা গিয়েছিলেন দ্বিতীয় ছবি, একজন আমার বয়সী ছেলের, গায়ে ভেলভেটের কোট ফেলুদা জিজ্ঞেস করল, এটি কে"
satyajit ray,"রাজেনবাবু হো হো করে হেসে বললেন; সময়ের প্রভাবে মানুষের চেহারার কী বিচিত্র পরিবর্তন ঘটতে পারে, সেইটে বোঝানোর জন্য এই ছবি হচ্ছেন আমারই বাল্য সংস্করণ"
satyajit ray,"বাঁকুড়া মিশনারি স্কুলে পড়তাম তখন আমার বাবা ছিলেন বাঁকুড়ার ম্যাজিস্ট্রেট সত্যি, ভারী ফুটফুটে চেহারা ছিল রাজেনবাবুর ছেলেবয়সে"
satyajit ray,"'অবিশ্যি, ছবি দেখে ভুলো দুরস্ত বলে ভারী বদনাম ছিল আমার ৷ শুধু যে মাস্টারদের জ্বালিয়েছি তা নয়, ছাত্রদেরও"
satyajit ray,"একবার স্পৌঁ্টসের দিন হাস্ডে্ড ইয়ার্ডস-এ আমাদের বেস্ট্ রানারকে কাত করে দিয়েছিলাম, ল্যাং মেরে"
satyajit ray,"তৃতীয় ছবিটা ফেলুদার বয়সী একজন ছেলের রাজেনবাবু বললেন, সেটা তাঁর একমাত্র ছেলে প্রবীরের"
satyajit ray,"রাজেনবাবু গলা খাঁক্রিয়ে বললেন, 'জানি না ঠিক"
satyajit ray,প্রায় সিক্সটিন ইয়ার্স্ আপনার সঙ্গে চিঠি লেখালেখি নেই
satyajit ray,"ফেলুদা দরজার দিকে এগোতে এগোতে বলল, ভারী ইন্টারেস্টিং কেস আমি মনে মনে বললাম, ফেলুদা একেবারে বইয়ের ডিটেকটিভের মতো কথা বলছে বাইরেটা ছম্ছমে অন্ধকার হয়ে এসেছে জলাপাহাড়ের গায়ের বাড়িগুলোতে বাতি জ্বলে উঠেছে"
satyajit ray,পাহাড়ের নীচের দিকে চেয়ে দেখলাম রঙ্গিত উপত্যকা থেকে কুয়াশা ওপর দিকে উঠছে
satyajit ray,"রাজেনবাবু আর তিনকড়িবাবু আমাদের সঙ্গে গেট অবধি এলেন রাজেনবাবু গলা নামিয়ে ফেলুদাকে বললেন, তুমি ছেলেমানুষ, তাও তোমাকে বলছি একটু যে নারভাস বোধ করছি না তা নয়"
satyajit ray,এমন শান্তিপূর্ণ পরিবেশে এ-চিঠি যেন বিনামেঘে বজ্রপাত
satyajit ray,"ফেলুদা বেশ জোরের সঙ্গেই বলল, আপনি কিছু ভাববেন না"
satyajit ray,আপনি নিশ্চিন্তে বিশ্রাম করুন গিয়ে
satyajit ray,"রাজেনবাবু গুডনাইট থ্যাঙ্ক ইউ' বলে চলে গেলেন এবার তিনকড়িবাবু ফেলুদাকে বললেন, তোমার--তোমাকে তুমি করেই বলছি- তোমার অবজারভেশনের ক্ষমতা দেখে আমি সত্যিই ইম্প্রেসড হইচি ডিটেকটিভ গল্প আমিও অনেক পড়িটি ৷ এই চিঠিটার ব্যাপারে আমি হয়তো তোমাকে কিছুটা সাহায্যও করতে পারি তাই নাকি এই যে টুকরো টুকরো কথা কেটে চিঠিটা লেখা হয়েছে, এর থেকে কী বুঝলে বলো তো"
satyajit ray,"ফেলুদা কয়েক সেকেন্ড ভেবে বলল, এক নম্বর- কথাগুলো কাটা হয়েচে খুব সম্ভব ব্রেড দিয়ে- কাঁচি দিয়ে নয় ভেরি গুড"
satyajit ray,দুই নম্বর--কথাগুলো নানারকম বই থেকে নেওয়া হয়েছে -কারণ হরফ ও কাগজে তফাত রয়েছে
satyajit ray,ভেরি গুড সেই সব বই সম্বন্ধে কোনও আইডিয়া করেচ
satyajit ray,চিঠির দুটো শব্দ শাস্তি আর প্রস্তত - মনে হচ্ছে খবরের কাগজ থেকে কাটা
satyajit ray,ওই টাইপটা আনন্দবাজারেই ব্যবহার হয়- অন্য বাংলা কাগজে নয়
satyajit ray,"আর অন্য কথাগুলোও কোনওটাই পুরনো বই থেকে নেওয়া হয়নি, কারণ যে হরফে ওগুলো ছাপা, সেটা হয়েছে, মাত্র পনেরো-বিশ বছর"
satyajit ray,আর যে আঠা দিয়ে আটকানো হয়েছে সেটা সম্বন্ধে কোনও ধার্ণা করেছ - গন্ধটা ( মতো চমৎকার ধরেছ চ কিন্তু আপনিও তো ধরার ব্যাপারে কম যান না দেখছি
satyajit ray,"তিনকড়িবাবু হেসে বললেন, তোমার বয়সে আমি ডিটেক্টিভ কথাটার মানে জানতুম কি না সন্দেহ"
satyajit ray,"বাড়ি ফেরার পথে ফেলুদা বলল, মিষ্টি সল্ভ করতে পারব কি না জানি না-কিন্তু সেই সূত্রে তিনকড়িবাবুর সঙ্গে আলাপটা বেশ ফাউ পাওয়া গেল"
satyajit ray,"আমি বললাম, 'তা হলে উনিই ব্যাপারটা তদন্ত করুন না তুমি আর মিথ্যে মাথা ঘামাচ্ছ কেন"
satyajit ray,হরফের ব্যাপারটা জানা আছে বলে কি সবই জানবেন নাকি
satyajit ray,"ফেলুদার কথাটা শুনে ভালই লাগল ওর মতো বুদ্ধি আশা করি তিনকড়িবাবুর নেই মাঝে মাঝে ফোড়ন দিলে আপত্তি নেই, কিন্তু আসল কাজটা যেন ফেলুদাই করে কাকে অপরাধী বলে মনে হচ্ছে ফেলুদা"
satyajit ray,'অপরা- - কথাটার মাঝখানেই ফেলুদা থেমে গেল তার দৃষ্টি দেখলাম একজন লোককে ফলো করে পিছন দিকে ঘুরছে লোকটাকে দেখলি
satyajit ray,"'ল্যাম্পের আলোটা পড়ল, আর ঠিক মনে হল - ফেলুদা আবার থেমে গেল"
satyajit ray,"নাঃ, বোধহয় চোখের ভুল চ' পা চালিয়ে , ক্ষিদে পেয়েছে"
satyajit ray,ফেলুদা হল আমার মাসতুতো দাদা
satyajit ray,আর আমি আমার বাবার সঙ্গে দার্জিলিং-এ বেড়াতে এসে শহরের নীচের দিকে স্যানাটোরিয়ামে উঠেছি
satyajit ray,স্যানাটোরিয়াম ভর্তি বাঙালি ; বাবা তাদেরই মধ্য থেকে সমবয়সী বন্ধু জুটিয়ে নিয়ে তাসটাস খেলে গল্পটল্প করে সময় কাটাচ্ছেন
satyajit ray,"আমি আর ফেলুদা কোথায় যাই, কী করি, তা নিয়ে বিশেষ মাথা ঘামান না"
satyajit ray,"আজ সকালে আমার ঘুম থেকে উঠতে একটু দেরি হয়েছে উঠে দেখি বাবা রয়েছেন, কিন্তু ফেলুদার বিছানা খালি"
satyajit ray,"বাবাকে জিজ্ঞেস করতে বললেন, ও এসে অবধি কাঞ্চনজঙ্ঘা দেখেনি"
satyajit ray,"আজ দিনটা পরিষ্কার দেখে বোধহয় আগেভাগে বেরিয়েছে আমি কিন্তু মনে মনে আন্দাজ করছিলুম যে ফেলুদা তদন্তের কাজ শুরু করে দিয়েছে, আর সেই কাজেই বেরিয়েছে"
satyajit ray,কথাটা ভেবে ভারী রাগ হল
satyajit ray,আমাকে বাদ দিয়ে কিছু করার কথা তো ফেলুদার নয়
satyajit ray,"যাই হোক, আমিও মুখ্টুখ ধুয়ে চা-টা খেয়ে বেরিয়ে পড়লাম লেডেন লা রোডে ট্যাক্সি স্ট্যান্ডটার কাছাকাছি এসে ফেলুদার সঙ্গে দেখা হয়ে গেল আমি বললাম, রে, তুমি আমায় ফেলে বেরিয়েছ কেন"
satyajit ray,শরীরটা ম্যাজম্যাজ করছিল- তাই ডাক্তার দেখাতে গেস্লাম ফণী ডাক্তার
satyajit ray,তোরও একটু একটু বুদ্ধি খুলেছে দেখছি
satyajit ray,"দেখালে 'চার টাকা ভিজিট নিল, আর একটা ওষুধ লিখে দিল"
satyajit ray,"অসুখ নেই তাও পরীক্ষা করে ওষুধ দিচ্ছে- কেমন ডাক্তার বুঝে দ্যাখ; তার পর বাড়ির যা চেহারা দেখলাম, তাতে পসার যে খুব বেশি তাঁও মনে হয় না তা হলে উনি কখনওই চিঠিটা লেখেননি"
satyajit ray,'গবিব লোকের অত সাহস হয়
satyajit ray,'তা টাকার দরকার হলে হয় বইকী
satyajit ray,কিন্তু চিঠিতে তো টাকা চায়নি
satyajit ray,ওই ভাবে খোলাখুলি বুঝি কেউ টাকা চায়
satyajit ray,অবস্থা কাল কী রকম দেখলি বল তো
satyajit ray,"'ভয় পেয়ে মনের অসুখ হতে পারে, সেটা জানিস"
satyajit ray,তো পারেই 'আর মনের অসুখ থেকে শরীরের অসুখ
satyajit ray,"আর শ্রীরের অসুখ হলে ডাক্তার ডাকতে হবে, সেটা"
satyajit ray,"আশা করি তোর মতো ক্যাবলারও জানা আছে ফেলুদার বুদ্ধি দেখে আমার প্রায় নিশ্বাস বন্ধ হয়ে এল অবিশ্যি ডাক্তার যদি সত্যিই এত সব ভেবে-টেবে চিঠিটা লিখে থাকে, তা হলে ওরও বুদ্ধি সাংঘাতিক বলতে হবে ম্যালের মুখে ফোয়ারার কাছাকাছি যখন এসেছি তখন ফেলুদা বলল, 'কিউরিও সম্বন্ধে একটা কিউরিয়সিটি বোধ করছি"
satyajit ray,"কিউরিও'র মানে আগেই শিখেছিলাম, আর কিউরিয়সিটি মানে যে কৌতুহল, সেটা ইস্কুলেই শিখেছি"
satyajit ray,আমাদের ঠিক পাশেই নেপাল কিউরিও শপ
satyajit ray,রাজেনবাবু আর অবনীবাবু এখানেই আসেন ফেলুদা সটান দোকানের ভেতর গিয়ে ঢুকল
satyajit ray,"দোকানদারের গায়ে ছাই রঙের কোট, গলায় মাফলার আর মাথায় সোনালি কাজ করা কালো টুপি"
satyajit ray,ফেলুদাকে দেখে হাসি হাসি মুখ করে এগিয়ে এল
satyajit ray,"দোকানের ভেতরটা পুরনো জিনিসপত্রে গিজগিজ করছে, আলোও বেশি নেই, আর গন্ধটাও যেন সেকেলে ফেলুদা এদিক-ওদিক দেখে গম্ভীর গলায় বলল, ভাল পুরনো"
satyajit ray,এই পাশের ঘরে আসুন ভাল জিনিস তো বিক্রি হয়ে গেছে সব তবে নতুন মাল আবার কিছু আসছে
satyajit ray,"পাশের ঘরে য়াবার সময় আমি ফেলুদার কানের কাছে মুখ নিয়ে গিয়ে বললাম, কী জিনিস"
satyajit ray,"ফেলুদা দাঁতে দাঁত চেপে বলল, দেখতেই তো পাবি পাশের ঘরটা আরও বলে একেবারে খুপ্চি"
satyajit ray,"দোকানদার দেওয়ালে ঝোলানো সিক্কের উপর আঁকা একটা বুদ্ধের ছবি দেখিয়ে বলল, এই একটাই ভাল জিনিস আছে--তবে একটু ড্যামেজড় একেই বলে"
satyajit ray,"জিনিস তো রাজেনবাবুর বাড়িতে অনেক আছে ফেলুদা ভীষণ বিজ্ঞের মতো থাঙ্কাটার গায়ের উপর চোখ ঠেকিয়ে উপর থেকে নীচে অবধি প্রায় তিন মিনিট ধরে দেখে বলল, এটার বয়স তো সত্তর বছরের বেশি বলে মনে হচ্ছে না"
satyajit ray,আমি অস্তত তিনশো বছরের পুরনো জিনিস চাইছি
satyajit ray,"দোকানদার বলল, 'আমরা আজ বিকেলে কিন্তু এক লট মাল পাচ্ছি"
satyajit ray,তার মধ্যে ভাল পাবেন ডা আজই পাচ্ছেন
satyajit ray,"খবরটা তাহলে রাজেনবাবুকে জানাতে হয় ""মিস্টার মজুমদার"
satyajit ray,"ওনার তো জানা আছে রেগুলার খদ্দের যে দু-তিন জন আছেন, তাঁরা সকলেই নতুন মাল দেখতে বিকেলে আসছেন অবনীবাবুও খবরটা পেয়ে গেছেন"
satyajit ray,মিস্টার ঘোষাল ' বড় খদ্দের কে আছে আপনাদের - আর আছেন মিস্টার গিলমোর--চা বাগানের ম্যানেজার সপ্তাহে দু দিন বাগান থেকে আর মিস্টার নাওলাখা উনি এখন সিকিমে
satyajit ray,"আচ্ছা দেখি, বিকেলে যদি একবার চুঁ মারতে পারি তার পর আমার দিকে ফিরে বলল, 'তোপ্্সে, তুই একটা মুখোশ চাস"
satyajit ray,"যদিও আমার আসল ডাকনাম নয়, তবু ফেলুদা তপেশ থেকে ওই নামটাই করে নিয়েছে মুখোশের লোভ কি সামলানো যায়"
satyajit ray,"ফেলুদা নিজেই একটা বাছাই করে আমাকে কিনে দিয়ে বলল, এইটেই সবচেয়ে হরেনডাস্ কী বলিস"
satyajit ray,ফেলুদা বলে 'হরেনডাস্ বলে আসলে কোনও কথা নেই
satyajit ray,"মানে সাংঘাতিক, আর হরিবল্' মানে বীভৎস এই দুটো একসঙ্গে বোঝাতে নাকি কেউ কেউ 'হরেনডাস্' ব্যবহার মুখোশটা সম্বন্ধে যে ওই কথাটা দারুণ খাটে, সে বিষয়ে কোনও সন্দেহ নেই দোকান থেকে বেরিয়ে ফেলুদা আমার হাত ধরে কী একটা বলতে গিয়ে হঠাৎ থেমে গেল ৷ এবারও দেখি ফেলুদা একজন লোকের দিকে দেখছে বোধ হয় কাল রাতে যাকে দেখেছিল, সেই লোকটাই বয়স আমার বাবার মতো, মানে চল্লিশ-বেয়াল্লিশ, গায়ের রং ফরসা, চোখে কালো চশমা"
satyajit ray,যে স্মট্টটা পরে আছে সেটা
satyajit ray,দেখে মনে হয় খুব দামি
satyajit ray,ভদ্রলোক ম্যালের মাঝখানে দাঁড়িয়ে পাইপ ধরাচ্ছেন
satyajit ray,"আমার দেখেই কেমন যেন চেনা চেনা মনে হল, কিন্তু কোথায় দেখেছি ঠিক বুঝতে পারলাম না"
satyajit ray,"ফেলুদা সোজা লোকটার দিকে এগিয়ে গিয়ে তার পাশে দাঁড়িয়ে ভীষণ সাহেবি কায়দার উচ্চারণে বলল; 'এক্সকিউজ মি, আপনি মিস্ঠা ছ্যাঠাবি"
satyajit ray,"ভদ্রলোকও একটু গম্ভীর গলায় পাইপ কামড়ে বলল, নো, আই ফেলুদা খুবই অবাক হবার ভান করে বলল, সেন্ট্রাল হোটেলে উঠেছেন না"
satyajit ray,"ভদ্রলোক একটু হেসে অবজ্ঞার সুরে বললেন, মাউন্ট এভারেস্ট"
satyajit ray,আই ভোন্ট হ্যাভ এ টুইন ব্রাদার এই বলে ভদ্রলোক গটগটিয়ে অবজারভেটরি হিলের দিকে চলে গেলেন
satyajit ray,"যাবার সময় লক্ষ করলাম যে তার কাছে একটা ব্রাউন কাগজে মোড়া প্যাকেট, আর কাগজটার গায়ে লেখা নেপালি কিউরিও শপ আমি চাঁপা গলায় বললাম, ফেলুদা, উনিও কি মুখোশ কিনেছেন নাকি"
satyajit ray,"মুখোশটা তো আর তোর-আমার একচেটিয়া নয় , কেভেনটার্সে গিয়ে একটু কফি খাওয়া যাক কেভেনটার্সের দিকে যেতে যেতে ফেলুদা বলল, লোকটাকে চিনলি আমি বললাম, তুমিই চিনলে না, আমি আর কী করে চিনি বলো"
satyajit ray,তবে চেনা চেনা লাগছিল আমি চিনলাম না
satyajit ray,"তোর যদি এতটুকু সেন্স থাকে ৷ ভুল নাম বলেছি হোটেলের নামটা বের করার জন্য, সেটাও বুঝলি না"
satyajit ray,লোকটার আসল নাম কী জানিস
satyajit ray,"হ্যাঁ ঠিক বলেছ, ঠিক বলেছ"
satyajit ray,যার ছবি রয়েছে তাকের উপর
satyajit ray,অবিশ্যি বয়সটা এখন অনেক বেড়ে গেছে তো
satyajit ray,"শুধু যে চেহারায় মিল তা নয়- -গালের আঁচিলটা নিশ্চয় তুইও লক্ষ করেছিস- আসল কথাটা হচ্ছে, ভদ্রলোকের জামা-কাপড় সব বিলিতি"
satyajit ray,"স্টুট লন্ডনের, টাই প্যারিসের, জুতো ইটালিয়ান, এমন কী রুমালটা পর্যন্ত বিলিতি সদ্য বিলেত-ফেরত সে বিষয়ে কোনও সন্দেহ নেই কিন্তু ওর ছেলে এখানে রয়েছে সে খবর রাজেনবাবু জানেন না"
satyajit ray,"'বাপ যে এখানে রয়েছে, সেটা ছেলে জানে কি না সেটাও খোঁজ নিয়ে দেখা দরকার রহস্য ক্রমেই ঘনিয়ে আসছে, এই কথাটা ভাবতে ভাবতে কেভেন্টারের দোকানে পৌঁছলাম"
satyajit ray,"দোকানের ছাতে যে বসার জায়গাটা আছে, সেটা আমার ভীষণ ভাল লাগে"
satyajit ray,"চারদিকে দার্জিলিং শহরটা, আর ওই নীচে বাজারটা দারুণ ভাল দেখায় 'ছাতে উঠে দেখি, কোণের টেবিলটায় চুরুট হাতে তিনকড়িবাবু বসে কফি খাচ্ছেন ফেলুদাকে দেখতে পেয়েই হাত তুলে তাঁর টেবিলে গিয়ে বসতে বললেন আমাদের আমরা তিনকড়িবাবুর দু দিকে দুটো টিনের চেয়ারে বসলাম তিনকড়িবাবু ফেলুদাকে বললেন, 'ডিটেকৃশনে তোমার পারদর্শিতা দেখে খুশি হয়ে আমি তোমাদের দুজনকে দুটো চকোলেট খাওয়াব- আপত্তি আছে"
satyajit ray,"চকোলেটের নাম শুনে আমার জিভে জল এসে গেল তিনকড়িবাবু মেরে একটা বেয়ারাকে ডাকলেন বেয়ারা এসে অর্ডার নিয়ে গেলে পর তিনকড়িবাবু কোটের পকেট থেকে একটা বই বার করে ফেলুদাকে দিয়ে বললেন, এই নাও একটা এক্সট্রা কপি ছিল- আমার লেটেস্ট্ বই তোমায় দিলুম বইয়ের মলাটটা দেখে ফেলুদার মুখটা হাঁ হয়ে গেল 'আপনার বই মানে"
satyajit ray,তিনকড়িবাবু আধ-বোজা চোখে অল্প হাসি হেসে মাথা নেড়ে বললেন ফেলুদার অবাক ভাব আরও যেন বেড়ে গেল
satyajit ray,আপনার সব ক'টা উপন্যাস যে আমার পড়া
satyajit ray,বাংলায় আপনার ছাড়া আর কারুর রহস্য উপন্যাস আমার ভাল লাগে না
satyajit ray,এখানে একটা প্লট মাথায় নিয়ে লেখার জন্যই এসেছিলাম
satyajit ray,"এখন দেখছি, বাস্তব জীবনের রহস্য নিয়েই মাথা ঘামিয়ে ছুটিটা ফুরিয়ে আমার সত্যিই দারুণ লাকৃ- আপনার সঙ্গে এভাবে আলাপ হয়ে গেল রর দুঃখের বিষয় আমার ছুটির মেয়াদ সত্যিই ফুরিয়ে এসেছে"
satyajit ray,"কাল সকালে চলে যাচ্ছি আমি আশা করছি, যাবার আগে তোমাদের আরও কিছুটা হেলপ্ করে দিয়ে যেতে পারব ফেলুদা এবার তার এক্সাইটিং খবরটা তিনকড়িবাবুকে দিয়ে দিল ছেলেকে আজ দেখলাম 'বলকী হে"
satyajit ray,'এই দশ মিনিট আগে - তুমি ঠিক বলছ
satyajit ray,'মেদ্দ আনা শিওর মাউন্ট এভারেস্ট হোটেলে গিয়ে খোঁজ করলে বাকি দু আনাও পুরে যাবে বোধ হয় 'তিনরুড়িবাবু হঠাৎ একটা দীর্ঘশ্বাস ফেললেন 'রাজেনবাবুর মুখে তার ছেলের কথা
satyajit ray,"কাল যা বললেন, তার বেশি শুনিনি 'আমি শুনেছি অনেক কথা"
satyajit ray,বাপের সিন্দুক থেকে টাকা চুরি করে ধরা পড়েছিল রাজেনবাবু তাকে ত্যাজ্যপুত্র করেন বাড়ি থেকে বেরিয়ে যেতে বলেন ৷ ছেলেটি গিয়েওছিল
satyajit ray,"একেবারে নিখোঁজ রাজেনবাবু অনেক অনুসন্ধান করেছিলেন, কারণ পরে তাঁর অনুতাপ হয়"
satyajit ray,কিন্তু ছেলে কোনও খোঁজখবর নেয়নি বা দেয়নি বিলেতে তাকে দেখেছিলেন রাজেনবাবুরই এক বন্ধু
satyajit ray,তাও সে দশ-বারো বছর আগে 'রাজেনবাবু তাহলে জানেন না যে তাঁর ছেলে এখানে আছে
satyajit ray,"আমার মনে হয় ওঁকে না জানানোই ভাল একে এই চিঠির, শক্, তার উপর তিনরুড়িবাবু হঠাৎ থেমে গেলেন তার পর ফেলুদার দিকে ফিরে বললেন; 'আমার বুদ্ধিশুদ্ধি সব লোপ পেয়েছে রহস্য উপন্যাস লেখা ছেড়ে দেওয়া উচিত"
satyajit ray,"ফেলুদা হাসতে হাসতে রলল, প্রবীর মজুমদার যে চিঠি লিখে থাকতে পারেন, সেটা আপনার খেয়াল হয়নি তো"
satyajit ray,"এগজ্যাক্টলি কিন্তু তিনকড়িবাবু অন্যমনস্ক হয়ে গেলেন বেয়ারা চকোলেট এনে টেবিলে রাখতে তিনকড়িবাবু যেন একটু চাগিয়ে উঠলেন ফেলুদার দিকে ফিরে বললেন, 'ফলী মিত্তিরকে কেমন দেখলে"
satyajit ray,"ফেলুদা যেন একটু হকচকিয়ে গেল ঠ সে কি, আপনি কী করে জানলেন আমি ওখানে গেস্লাম"
satyajit ray,তুমি যাওয়ার অনল্পক্ষণ পরেই আমিও গেস্লাম
satyajit ray,"ডাক্তারের ঘরের মেঝেতে একটি মরা সিগারেট দেখে জিজ্ঞেস করলাম, কে খেয়েছে ডাক্তার ধূমপান করেন না"
satyajit ray,"তখন বর্ণনা দিলেন তাতে তোমার কথা মনে হল, যদিও তোমাকে আমি সিগারেট খেতে দেখিনি কিন্তু এখন তোমার আঙুলের গাঁয়ে হলদে রং দেখে বুঝেছি, তুমি খাও ফেলুদা তিনকড়িবাবুর বুদ্ধির তারিফ করে বলল, আপনারও কি ফী মিত্তিরকে সন্দেহ হয়েছিল নাকি"
satyajit ray,লোকটাকে দেখলে অভক্তি হয় কি না
satyajit ray,রাজেনবাবু যে কেন ওকে আমল দেন জানি - তাও জানো না বুঝি
satyajit ray,দার্জিলিং-এ আসার কিছু দিনের মধ্যে রাজেনবাবুর ধন্মকম্যের দিকে মন যায়
satyajit ray,তখন ফণীবাবুই তাকে এক গুরুর সন্ধান দিয়েছিলেন একই গুরুর শিষ্য হিসেবে ওদের যে প্রায় ভাই-ভাই সম্পর্ক হে
satyajit ray,"ফেলুদা জিজ্ঞেস করল, মিত্তিরের সঙ্গে কথা বলে কী বুঝলেন"
satyajit ray,আসলে বইয়ের আলমারিগুলোর দিকে একবার চোখ বুলিয়ে নিচ্ছিলুম বাংলা উপন্যাস আছে কিনা দেখার জন্য
satyajit ray,"আমিও দেখেছি, প্রায় নেই বললেই চলে আর যা আছে, তাও আদ্যিকালের"
satyajit ray,ঠিক তবে ডাক্তার অন্যের বাড়ির বই থেকেও কথা কেটে চিঠি তৈরি করতে পারে
satyajit ray,তা তবে লোকটাকে দেখে ভারী কুঁড়ে বলে মনে হয়
satyajit ray,"ব্যাপারে অতটা কাঠখড় পোড়াবে, সেটা কেন যেন বিশ্বাস হয় না"
satyajit ray,"ফেলুদা এবার বলল, 'অবনী ঘোষাল লোকটা সম্বন্ধে আপনার কী ধারণা"
satyajit ray,বিশেষ সুবিধের লোক নয় বলেই আমার বিশ্বাস
satyajit ray,ভারী ওপর-চালাক আর ও সব প্রাচীন কিছু না
satyajit ray,ওর আসল লোভ হচ্ছে টাকার
satyajit ray,"এখন 'খরচ করে জিনিস কিনছে, পরে বিদেশিদের কাছে বিক্রি করে পাঁচগুণ প্রফিট করবে"
satyajit ray,ওর পক্ষে এই হুম্কি-চিঠি দেওয়ার কোনও কারণ থাকতে পারে বলে আপনার মনে হয় কি
satyajit ray,"সেটা এখনও তলিয়ে দেখিনি আমি একটা কারণ আবিষ্কার করেছি আমি অবাক হয়ে ফেলুদার দিকে চাইলাম ওর চোখ দুটো জ্বলজ্বল করছে তিনকড়িবাবু বললেন, কারণ ফেলুদা গলাটা নামিয়ে নিয়ে বলল, যে দোকান থেকে ওঁরা জিনিস কেনেন, সেখানে কিছু ভাল নতুন মাল আজ বিকেলে আসছে এবার তিনকড়িবাবুর চোখও জ্বলজ্বল করে উঠল বুঝেছি"
satyajit ray,"হুম্কি চিঠি পেয়ে রাজেন মজুমদার ঘরে বন্দি হয়ে রইলেন, আর ফাঁকতালে অবনী ঘোষাল দোকানে সব লুটেপুটে নিলেন"
satyajit ray,তিনকড়িবাবু চকোলেটের পয়সা দিয়ে উঠে পড়লেন আমরা দুজনেও-উঠলাম উৎসাহে আর উত্তেজনায় আমার বুকটা টিপ্ করছিল
satyajit ray,"অবনী ঘোষাল, প্রবীর মজুমদার আর মিত্তির--তিনজনকেই তাহলে সন্দেহ করার কারণ আছে"
satyajit ray,পনেরো মিনিটের মধ্যেই মাউন্ট এভারেস্ট হোটেলে গিয়ে ফেলুদা সেই খবরটা জেনে নিল
satyajit ray,"প্রবীর মজুমদার বলে একজন ভদ্রলোক সেই হোটেলের যোল নম্বর ঘরে পাঁচ দিন হল এসে রয়েছেন বিকেলের দিকে রাজেনবাবুর বাড়িতে যাবার কথা ফেলুদা বলেছিল, কিন্তু দুপুর থেকে মেঘলা করে চারটে নাগাত তেড়ে বৃষ্টি নমল আকাশের চেহারা দেখে মনে হল বৃষ্টি সহজে থামবে না"
satyajit ray,"ফেলুদা সারাটা সন্ধে খাতা-পেনসিল নিয়ে কী সব যেন হিসেব করল আমার ভীষণ জানতে ইচ্ছে করছিল কী লিখছে, কিন্তু জিজ্ঞেস করতে সাহস হল না"
satyajit ray,শেষটায় আমি তিনকড়িবাবুর বইটা নিয়ে পড়তে আরম্ভ করলাম দারুণ গল্প
satyajit ray,পড়তে পড়তে রাজেনবাবুর চিঠির ব্যাপারটা মন থেকে পায় মুছেই গেল
satyajit ray,"আটটা নাগাত বৃষ্টি থামল কিন্তু তখন এত শীত যে, বাবা আমাদের বেরোতে দিলেন না"
satyajit ray,পরদিন ভোরবেলা ফেলুদার ধাক্কার চোটে ঘুম ভাঙল
satyajit ray,"ফেলুদা কানের কাছে মুখ এনে দাঁতে দাঁত চেপে এক নিশ্বাসে বলে গেল, 'রাজেনবাবুর নেপালি চাকরটা এসেছিল বলল, বাবু এখুনি যেতে বলেছেন- বিশেষ দরকার তুই যদি যেতে চাস 'সে আর বলতে"
satyajit ray,"পনেরো মিনিটের মধ্যে তৈরি হয়ে রাজেনবাবুর বাড়িতে পৌঁছে দেখি, তিনি ফ্যাকাশে মুখ করে খাটে শুয়ে আছেন"
satyajit ray,"ডাক্তার তাঁর নাড়ি টিপে খাটের পাশটায় বসে, আর তিনকড়িবাবু এই শীতের মধ্যেও একটা নিয়ে মাথার শিছনটায় দাঁড়িয়ে হাওয়া করছেন"
satyajit ray,"ফণীবাবুর নাড়ি দেখা হলে পর রাজেনবাবু যেন বেশ কষ্ট করেই জোরে নিশ্বাস নিতে নিতে বললেন, কাল রাত্রে--বারোটার কিছু পরে ঘুমটা ভাঙতে বিদ্মুতের আলোয় আমার মুখের ঠিক সামনে আই স এ মাস্কুড়"
satyajit ray,রাজেনবাবু দম নিলেন ফণী দেখলাম একটা প্রেস্্রিপ্শন লিখছেন
satyajit ray,"রাজেনবাবু বললেন, দেখে এমন হল যে চিৎকারও বেরোল না গলা দিয়ে রাতটা যে কীভাবে কেটেছে- তা বলতে পারি না ফেলুদা বলল, 'আপনার জিনিসপত্তর কিছু চুরি যায়নি"
satyajit ray,"রাজেনবাবু বললেন, নাঃ, তবে আমার বিশ্বাস, আমার বালিশের তলা থেকে আমার চাবির গোছাটা নিতেই সে আমার উপর ঝুঁকেছিল ৷ ঘুম ভেঙে যাওয়াতে জানালা দিয়ে লাফিয়ে ওঃ- হুরিব্ল্, হরিব্ল্"
satyajit ray,"ডাক্তার বললেন, 'আপনি উত্তেজিত হবেন না"
satyajit ray,আপনাকে একটা ঘুমের ওষুধ - দিচ্ছি
satyajit ray,"আপনার কম্প্লিট রেস্টের দরকার উঠে পড়লেন ফেলুদা হঠাৎ বলল, কাল রাত্রে দেখতে গেস্লেন বুঝি"
satyajit ray,"কোটের পিছনে কাদার ছিটে লাগল কী করে তেমন কিছু না ঘাবড়িয়ে বললেন, ডাক্তারের লাইফ তো জানেনই- আর্তের সেবায় যখন জীবনটাই উৎসর্গ করিচি, তখন ডাক যখনই আসুক না কেন, বেরোতেই হবে সে ঝড়ই হোক, আর বৃষ্টিই হোক, আর বরফই পড়ুক ফনীবাবু তাঁর পাওনা টাকা নিয়ে চলে গেলেন রাজেনবাবু এবার সোজা হয়ে উঠে বসে বললেন, তোমরা আসাতে অনেকটা সুস্থ বোধ করছি"
satyajit ray,"বেশ খানিকটা ঘাবড়ে গেস্লুম, জানো এখন বোধহয় বৈঠকখানায় গিয়ে একটু বসা চলতে পারে"
satyajit ray,"ফেলুদা আর তিনকড়িবাবু হাত ধরাধরি করে রাজেনবাবুকে বৈঠকখানায় এনে বসালেন তিনকড়িবাবু বললেন, স্টেশনে ফোন করেছিলুম যদি যাওয়াটা দু দিন পেছোনো যায় রহস্যের সমাধান না করে যেতে মন চাইছে না"
satyajit ray,কিন্তু ওরা বললে এ-টিকিট ক্যানসেল করলে দশ দিনের আগে বুকিং পাওয়া যাবে না
satyajit ray,এটা শুনে আমার ভালই লাগল
satyajit ray,"আমি চাইছিলাম ফেলুদা একাই ডিটেকৃটিভের কাজটা করুক তিনকড়িবাবু যেন ফেলুদার অনেকটা কাজ আগে-আগেই করে দিচ্ছিলেন রাজেনবাবু বললেন, 'আমার চাকরটার পাহারা দেবার কথা ছিল, কিন্তু আমি নিজেই কাল দশটার সময় তাকে ছুটি দিয়ে দিয়েছি ওর বাড়িতে খুব অসুখ"
satyajit ray,"বুড়ো বাপ আছে, তার এখন-তখন অবস্থা ৷ ফেলুদা বলল, 'মাস্কটা কেমন ছিল মনে আছে"
satyajit ray,"রাজেনবাবু বললেন, 'খুবই সাধারণ নেপালি মুখোশ, দার্জিলিং শহরেই অস্তত আরও তিন-চার শ' খোঁজ করলে পাওয়া যাবে"
satyajit ray,"আমার এই ঘরেই তো আরও পাঁচখানা রয়েছে--ওই (যে, দ্যাখো-না"
satyajit ray,"রাজেনবাবু যে মুখোশটার দিকে আঙুল দেখালেন, ঠিক সেই জিনিসটা কাল ফেলুদা আমার জন্য কিনে দিয়েছে"
satyajit ray,"তিনকড়িবাবু এতক্ষণ বেশি কথা বলেননি, এবার বললেন, 'আমার মতে এবার বৌধহয় পুলিশে একটা খবর দেওয়া উচিত একটা প্রোটেকৃশনেরও তো দরকার ৷ কাল যা ঘটেছে, তার পরে তো আর ব্যাপারটাকে বলে নেওয়া চলে না"
satyajit ray,"ফেলুবাবু, তুমি তোমার নিজের ইচ্ছে মতো তদন্ত চালিয়ে যেতে পারো, তাতে তোমায় কেউ বাধা দেবে না"
satyajit ray,কিন্তু আমি সব দিক বিবেচনা
satyajit ray,"করে বলছি, এবার পুলিশের সাহায্য নেওয়া দরকার আমি বরং যাই, গিয়ে একটা ডায়েরি করে আসি"
satyajit ray,"প্রাণের ভয় আছে বলে মনে হয় না, তবে রাজেনবাবু, আপনার ঘণ্টাটা একটু সাবধানে রাখবেন"
satyajit ray,"আমরা যখন উঠছি, তখন ফেলুদা রাজেনবাবুকে বলল, তিনকড়িবাবু তো চলে যাচ্ছেন তার মানে আপনার একটি ঘর খালি হয়ে যাচ্ছে আমরা যদি আজ রাতটা ও ঘরে এসে 'থাকি, তা হলে আপনার কোনও আপত্তি আছে কি"
satyajit ray,"তুমি তো হলে আমার প্রায় আত্মীয়ের মতো আর সত্যি বলতে কী, যত বুড়ো হচ্ছি তত যেন সাহসটা কমে আসছে"
satyajit ray,ছেলেবয়সে দুরস্ত হলে নাকি বুড়ো বয়সে মানুষ ম্যাদা মেরে যায়
satyajit ray,"তিনকড়িবাবুকে ফেলুদা বলল স্টেশনে ওঁকে 'সি-অফ' করতে যাবে ফেরার পথে যখন নেপাল কিউরিও শপের পাশ দিয়ে যাচ্ছি, তখন আমাদের দুজনেরই চোখ গেল দোকানের ভিতর দেখলাম দুজন ভদ্রলোক দোকানের ভিতর জিনিসপত্র দেখছে আর পরস্পরের সঙ্গে কথা বলছে"
satyajit ray,দেখে মনে হয় দুজনের অনেক দিনের আলাপ
satyajit ray,"একজন অবনী ঘোষাল, আর একজন প্রবীর মজুমদার আমি ফেলুদার দিকে চাইলাম"
satyajit ray,তার মুখের ভাব দেখে মনে হল না সে কোনও আশ্চর্য জিনিস দেখেছে সাড়ে দশটার সময় স্টেশনে গেলাম তিনকড়িবাবুকে গুড করতে উনি এলেন আমাদেরও পাঁচ মিনিট পরে
satyajit ray,"চড়াই উঠে উঠে পায়ে ব্যথা হয়ে গেছে তাই আস্তে হাটতে হল সত্যিই ভদ্রলোক একটু খোঁড়াচ্ছিলেন নীল রঙের ফার্স্ট ক্লাস কামরায় উঠে তিনকডিবাবু তাঁর আ্যাটাচিকেস খুলে একটা ব্রাউন কাগজের প্যাকেট ফেলুদাকে দিলেন এটা কিনতেও একটু সময় লাগল রাজেনবাবু তো আর কিউরিওর দোকানে যেতে পারলেন না, অথচ কাল সত্যিই অনেক ভাল জিনিস এসেছে তার থেকে একটি সামান্য জিনিস বাছাই করে ওঁর জন্যে এনেছি"
satyajit ray,তোমরা আমার নাম করে শুভেচ্ছা
satyajit ray,"জানিয়ে ওঁকে ফেলুদা প্যাকেটটা নিয়ে বলল, 'আপনার ঠিকানা দিয়ে গেলেন না"
satyajit ray,"সল্ভ করে আপনাকে জানিয়ে দেব ভাবছিলাম যে তিনকড়িবাবু বললেন, আমার প্রকাশকের ঠিকানাটা আমার বইতেই পাবে- তার কেয়ারে লিখলেই চিঠি আমার কাছে পৌঁছে যাবে গুড লাক"
satyajit ray,"ফেলুদা আমাকে বলল, লোকটা বিদেশে জন্মালে দারুণ নাম আর পয়সা করত পর পর এতগুলো ভাল রহস্য উপন্যাস খুব কম লোকেই লিখেছে সারা দিন ধরে ফেলুদা রাজেনবাবুর ব্যাপারটা নিয়ে নানান জায়গায় ঘোরাফেরা করল আমি অনেক করে বলতেও আমাকে সঙ্গে নিল যখন রাজেনবাবুর বাড়ি যাচ্ছি, তখন ফেলুদাকে বললাম, কোথায় কোথায় গেলে সেইটে অন্তত বলবে তো"
satyajit ray,"ফেলুদা বলল, দুবার মাউন্ট এভারেস্ট হোটেল, একবার ফণী মিত্তিরের বাড়ি, একবার নেপাল কিউরিও শপ, একবার লাইব্রেরি, আর এ ছাড়াও আরও কয়েকটা জায়গা"
satyajit ray,এখনও বলার সময় আসেনি কাউকে সন্দেহ করেছ
satyajit ray,ভাল ডিটেক্টিভ্ হলে প্রত্যেককেই সন্দেহ করতে হয় 'প্রত্যেককে মানে
satyajit ray,"যার কাছে এই মুখোশ আছে, সে-ই সন্দেহের পাত্র, সে যে-লোকই হোক 'তা হলে তুমিই বা বাদ যাবে কেন"
satyajit ray,"বা যে রাজেনবাবুকে আগে চিনতে, সে কথা তো গোড়ায় বলোনি তার মানে সত্য গোপন ) আর আমার মুখোশ তো ইচ্ছে করলে তুমিও ব্যবহার করতে পারো--হাতের কাছেই থাকে"
satyajit ray,"রাজেনবাবুকে এ বেলা দেখে তবু অনেকটা ভাল লাগল ৷ কেমন আছেন জিজ্ঞেস করতে বললেন, দুপুরের দিকটা বেশ ভাল বোধ করছিলাম ৷ যত সন্ধে হয়ে আসছে ততই যেন কেমন অস্য়াস্তি লাগছে"
satyajit ray,"ফেলুদা তিনকড়িবাবুর দেওয়া প্যাকেটটা রাজেনবাবুকে দিল ৷ সেটা খুলে তার থেকে একটা চমৎকার বুদ্ধের মাথা বের হল সেটা দেখে রাজেনবাবুর চোখ ছলছল করে এল ধরা গলায় বললেন, খাশা জিনিস, খাশা জিনিস"
satyajit ray,"ফেলুদা বলল, পুলিশ থেকে লোক এসেছিল"
satyajit ray,'আর বলো এসে বত্রিশ রকম জেরা করলে
satyajit ray,"কদ্দুর কী হদিস পাবে জানি না, তবে আজ থেকে বাড়িটা ওয়াচ করার জন্য লোক থাকবে, সেই যা নিশ্চিত্তি"
satyajit ray,"সত্যি বলতে কী, তোমরা হয়তো না এলেও চলত ফেলুদা বলল, 'স্যানাটোরিয়ামে বড্ড গোলমাল এখানে হয়তো চুপচাপ আপনার কেসটা নিয়ে একটু ভাবতে পারব রাজেনবাবু হেসে বললেন, 'আর তা ছাড়া আমার চাকরটা খুব ভাল রান্না করে"
satyajit ray,আজ মুরগির মাংস রাঁধতে বলেছি স্যানাটোরিয়ামে অমনটি খেতে পাবে না
satyajit ray,রাজেনবাবু আমাদের ঘরটা দেখিয়ে দিয়ে নিজের ঘরে চলে গেলেন ফেলুদা সটান খাটের উপর শুয়ে পড়ে একটা সিগারেট ধরিয়ে কড়িকাঠের দিকে করে পর পর পাঁচটা ধোঁয়ার রিং ছাড়ল
satyajit ray,"তার পর আধবোজা 'চোখে বেশ কিছুক্ষণ চুপ করে থেকে বলল, মিত্তির কাল সত্যিই রুগি দেখতে গিয়েছিলেন"
satyajit ray,কার্ট রোডে একজন ধনী পাঞ্জাবি ব্যবসায়ীর বাড়ি
satyajit ray,আমি খোঁজ নিয়েছি সাড়ে এগারোটা থেকে সাড়ে বারোটা অবধি ওখানে ছিলেন তা হলে ফ্ণী মিত্তির অপরাধী নন
satyajit ray,"ফেলুদা আমার কথার জবাব না দিয়ে বলল, প্রবীর মজুমদার যোলো বছর থেকে বাংলা প্রায় ভুলেই গেছেন"
satyajit ray,তা হলে ওই চিঠি ওর পক্ষে লেখা সম্ভব নয়
satyajit ray,"'আর ওর টাকার কোনও তা ছাড়া দার্জিলিংএ এসেও ঘোড়দৌড়ের বাজিতে উনি অনেক টাকা করেছেন আমি দম আটকে বসে রইলাম ফেলুদার আরও কিছু বলার আছে সেটা বুঝতে পারছিলাম আধখাওয়া জ্বলন্ত সিগারেটটা ক্যারমের খুঁটি মারার মতো করে প্রায় দশ হাত দুরের জানালা দিয়ে বাইরে ফেলে দিয়ে ফেলুদা বলল, 'আজ চা বাগানের গিলমোর সাহেব দার্জিলিং এসেছে প্লান্টারস ক্লাবে গিয়ে ওর সঙ্গে দেখা করেছিলাম"
satyajit ray,"লামার প্রাসাদের আসল ঘণ্টা একটাই আছে, আর সেটা গিলমোরের কাছে রাজেনবাবুরটা নকল অবনী ঘোষাল সেটা জানে"
satyajit ray,তা হলে রাজেনবাবুর ঘণ্টা তেমন মূল্যবান
satyajit ray,না অবনী ঘোষাল কাল রাত্রে একটা পার্টিতে প্রবীর মজুমদারের সঙ্গে রাত থেকে ভোর তিনটে অবধি মাতলামি করেছে - ও আর মুখোশ পরা লোকটা এসেছিল বারোটার কিছু পরেই
satyajit ray,আমার বুকের ভেতরটা কেমন খালি খালি লাগছিল
satyajit ray,"ফেলুদা কিছু না বলে একটা দীর্ঘনিশ্বাস ফেলে খাট থেকে উঠে পড়ল ওর ভুরু দুটো, যে এতটা কুঁচকোতে পারে, তা আমার জানাই ছিল না"
satyajit ray,"কয়েক সেকেন্ড চুপ করে দাঁড়িয়ে থেকে কী যেন ভেবে ফেলুদা বৈঠকখানার দিকে চলে গেল যাবার সময় বলল, একটু একা থাকতে চাই"
satyajit ray,কী আর করি এবার ওর জায়গায় আমি বিছানায় শুলাম
satyajit ray,সন্ধে হয়ে আসছে ঘরের বাতিটা আর ইচ্ছে করল না
satyajit ray,খোলা জানলা দিয়ে অবআরভেটরি হিলের অন্যান্য বাড়ির আলো দেখতে পাচ্ছিলাম
satyajit ray,বিকেলে ম্যাল থেকে একটা গোলমালের শব্দ পাওয়া যায়
satyajit ray,এখন সেটা মিলিয়ে আসছে একটা ঘোড়ার খুরের আওয়াজ পেলাম দুর থেকে কাছে এসে আবার মিলিয়ে গেল
satyajit ray,জানালা দিয়ে শহরের আলো কেমন যেন ঝাপসা হয়ে আসছে বোধহয় কুয়াশা হচ্ছে
satyajit ray,"ঘরের ভিতরটা এখন আরও অন্ধকার একটা ঘুম-ঘুম ভাব আসছে মনে হল চোখের পাতা দুটো কাছাকাছি এসে গেছে, এমন সময় মনে হল, কে যেন ঘরে ঢুকছে মনে হতেই এমন ভয় হল যে, যে দিক থেকে লোকটা আসছে, সে দিকে না তাকিয়ে আমি জোর করে নিশ্বাস বন্ধ করে জানালার দিকে তাকিয়ে রইলীম"
satyajit ray,কিন্তু লোকটা যে আমার দিকেই আসছে আর আমার সামনেই এসে দাঁড়াল যে
satyajit ray,জানালার বাইরে শহরের দৃশ্যটা ঢেকে দিয়ে একটা অন্ধকার কী যেন এসে আমার সামনে দাঁড়িয়েছে
satyajit ray,"তার পর সেই অন্ধকার জিনিসটা নিচু হয়ে আমার দিকে এগিয়ে এল এইবার তার মুখটা আমার মুখের সামনে, আর সেই মুখে"
satyajit ray,আমি যেই টিৎকার করতে যাব অমনি অন্ধকার শরীরটার একটা হাত উঠে গিয়ে মুখোশটা খুলতেই দেখি--ফেলুদা
satyajit ray,'তা আমি না তো কে
satyajit ray,"ফেলুদা ব্যাপারটা বুঝে একটা অট্টহাস্য করতে গিয়ে হঠাৎ থেমে গম্ভীর হয়ে গেল ৷ তার পর খাটের পাশটায় বসে বলল, 'রাজেনবাবুর মুখোশগুলো সব কটা পরে দেখছিলাম"
satyajit ray,তুই এইটে একবার পর ফেলুদা আমাকে মুখোশটা পরিয়ে দিল
satyajit ray,"'কই না তো ৷ আমার পক্ষে একটু বড়, এই যা"
satyajit ray,"ভাল করে ভেবে দেখ তো , একটু একটু যেন গন্ধ ৷ কীসের গন্ধ"
satyajit ray,"ফেলুদা মুখোশটা খুলে নিয়ে বলল, এগজ্যাক্টলি আমার বুকের ভিতরটা আবার টিপ টিপ করছিল ৷ মুখ দিয়ে বেরিয়ে গেল, তি-তিনকড়িবাবু"
satyajit ray,"ফেলুদা দীর্ঘশ্বাস ফেলে বলল, সুযোগের দিক দিয়ে সবচেয়ে বেশি ছিল এঁরই"
satyajit ray,"বাংলা উপন্যাস, খবরের কাগজ, ব্লেড, আঠা কোনওটারই অভাব নেই আর তুই লক্ষ করেছিলি নিশ্চয়ই- স্টেশনে আজ যেন একটু খোঁড়াচ্ছিলেন"
satyajit ray,সেটা বোধহয় কাল জানালার বাইরে লাফিয়ে পড়ার দরুন
satyajit ray,"কিন্তু আসল যেটা রহস্য, সেটা হল--কারণটা কী"
satyajit ray,"রাজেনবাবুকে তো মনে হয় রীতিমতো সমীহ করতেন ভদ্রলোক তা হলে কী কারণে, কী উদ্দেশ্য নিয়ে তিনি এই চিঠি লিখেছিলেন"
satyajit ray,এটার উত্তর বোধ হয় আর জানা যাবে না কোনও দিনও না
satyajit ray,"রাত্রে কোনও দুর্ঘটনা ঘটেনি সকালে খাবার ঘরে বসে রাজেনবাবুর সঙ্গে চা খাচ্ছি, এমন সময় নেপালি চাকরটা একটা চিঠি নিয়ে এল আবার সেই নীল কাগজ--আর খামের উপর দার্জিলিং পোস্ট মার্ক"
satyajit ray,"রাজেনবাবু ফ্যাকাশে মুখ করে কাঁপতে কাঁপতে চিঠির ভাঁজ খুলে ফেলুদাকে দিয়ে বললেন, তুমিই পড়ে"
satyajit ray,"আমার সাহস হচ্ছে না ফেলুদা চিঠিটা নিয়ে জোরে জোরে পড়ল তাতে লেখা আছে- - 'প্রিয় রাজু, কলকাতায় জ্ঞানেশের কাছ থেকে তোমার ঘরের খবর পেয়ে যখন তোমায় চিঠি লিখি, তখনও জানতাম না আসলে তুমি কে"
satyajit ray,"তোমার বাড়িতে এসে তোমার ছেলেবয়সের ছবিখানা দেখেই চিনেছি, তুমি সেই পঞ্চাশ বছর আগের বাঁকুড়া মিশনারি স্কুলের আমারই সহপাঠী রাজু"
satyajit ray,"এতকাল পরেও যে পুরনো আক্রোশ চাগিয়ে উঠতে পারে, সেটা আমার জানা ছিল অন্যায়ভাবে ল্যাং মেরে তুমি যে শুধু আমায় হাস্তেড ইয়ার্ডস-এর নিশ্চিত পুরস্কার ও রেকর্ড থেকে বঞ্চিত করেছিলে, তাই নয়- -আমাকে রীতিমতো জখমও করেছিলে"
satyajit ray,"বাবা বদলি হলেন তখনই, তাই তোমার সঙ্গে বোঝাপড়াও হয়নি, আর তুমিও আমার মন আর শরীরের কষ্টের কথা জানতে পারোনি তিন মাস পায়ে প্লীস্টার লাগিয়ে হাসপাতালে পড়ে ছিলাম এখানে এসে তোমার জীবনের শান্তিময় পরিপূর্ণতার ছবি আমাকে অশান্ত করেছিল তাই তোমার মনে খানিকটা সাময়িক উদ্বেগের সঞ্চার করে তোমার সেই প্রাচীন অপরাধের শাস্তি দিলাম শুভেচ্ছা নিও (শ্রীতিনকড়ি মুখোপাধ্যায়) বাদশাইী আংটি বাবা যখন বললেন, ধীরুকাক"
satyajit ray,অনেকদিন থেকে বলছেন- তাই ভাবছি এবার পুজোর ছুটিটা লখ্্নোতেই কাটিয়ে আসি' তখন আমার মনটা খারাপ হয়ে গিয়েছিল আমার বিশ্বাস ছিল লখ্নৌটা বেশ বাজে জায়গা
satyajit ray,"অবিশ্যি বাবা বলেছিলেন ওখান থেকে আমরা হরিদ্বার লছমনঝুলাও ঘুরে আসব, আর লছমনঝুলাতে পাহাড়ও আছে- কিন্তু সে আর কদিনের জন্য"
satyajit ray,এর আগে প্রত্যেক ছুটিতে দার্জিলিং না হয় পুরী গিয়েছি
satyajit ray,"আমার পাহাড়ও ভাল লাগে, আবার সমুদ্রও ভাল লাগে লখ্্নৌতে দুটোর একটাও তাই বাবাকে বললাম, 'ফেলুদ্রা যেতে পারে না আমাদের সঙ্গে"
satyajit ray,"ফেলুদা বলে ও কলকাতা ছেড়ে যেখানেই যাক না কেন, ওকে থিরে নাকি রহস্যজনক ঘটনা সব গজিয়ে ওঠে আর সত্যিই, দার্জিলিং-এ যেবার ও আমাদের সঙ্গে ছিল, ঠিক সেবারই রাজেনবাবুকে জড়িয়ে সেই অদ্ভুত ঘটনাগুলো তেমন যদি হয় তা হলে জায়গা ভাল না হলেও খুব ক্ষতি নেই বাবা বললেন, তো আসতেই পারে, কিন্তু ও যে নতুন চাকরি নিয়েছে, ছুটি পাবে কি"
satyajit ray,"ফেলুদাকে কথা বলতেই ও বলল, ' ফিফ্টি-এইটে গেস্লাম- ক্রিকেট খেলতে জায়গাটা নেহাত ফেলনা বড়াইমামবড়ার ভৃলভুলাইয়ার ভেতরে যদি ঢুকিস তো তোর চোখ আর মন একসঙ্গে ধাঁধিয়ে যাবে"
satyajit ray,নবাব-বাদশাহের কী ইম্যাজিনেশন ছিল--বাপ্রে বাপ্
satyajit ray,"ফেলুদা আমার কথায় কান না দিয়ে বলল, 'আর শুধু ভুলভূলাইয়া কেন--গুম্তী নদীর ওপর ব্রিজ দেখবি, সেপাইদের কামানের গোলায় বিধ্বস্ত দেখবি রেসিডেন্সি আবার কী"
satyajit ray,"'সেপ্রাই বিদ্রোহের সময় গোরা সৈনিকদের ঘাঁটি ছিল ওটা করতে পারেনি ঘেরাও করে গোলা দেগে ঝাঁঝরা করে দিয়েছিল সেপাইরা দুবছর হল চাকরি নিয়েছে ফেলুদা, কিন্তু প্রথম বছর কোনও ছুটি নেয়নি বলে পনেরো দিনের ছুটি পেতে ওর কোনও অসুবিধে হল না"
satyajit ray,এখানে বলে আমার মাসতুতো দাদা
satyajit ray,"আমার বয়স চোদ্দো, আর ওর সাতাশ ওকে কেউ কেউ বলে আধপাগলা, কেউ কেউ বলে খামখেয়ালি, আবার কেউ কেউ বলে কুঁড়ে"
satyajit ray,আমি কিন্তু জানি ওই বয়সে ফেলুদার মতো বুদ্ধি খুব কম লোকের হয়
satyajit ray,"আর ওর মনের মতো কাজ পেলে ওর মতো খাটতে খুব কম লোকে পারে তা ছাড়া ও ভাল ক্রিকেট জানে, প্রায় একশো রকম ইনডোর গেম বা ঘরে বসে খেলা জানে, তাসের ম্যাজিক জানে, একটু একটু হিপ্নটিজম্ জানে, ডান হাত আর বাঁ হাত দুহাতেই লিখতে জানে আর ও যখন স্কুলে পড়ত তখনই ওর মেমারি এত ভাল ছিল যে ও দুবার রিডিং পড়েই পুরো দেবতার মুখস্থ করেছিল কিন্তু ফেলুদার যেটা সবচেয়ে আশ্চর্য ক্ষমতা, সেটি হল- ও বিলিতি বই পড়ে আর নিজের বুদ্ধিতে দারুণ ডিটেক্টিভের কাজ শিখে নিয়েছে"
satyajit ray,"তার মানে অবশ্যি এই নয় যে চোর ডাকাত খুনি এইসব ধরার জন্য পুলিশ ফেলুদাকে ডাকে ও হল যাকে বলে শখের ডিটেক্টিভ সেটা বোঝা যায় যখন একজন অচেনা লোককে একবার দেখেই ফেলুদা তার সম্বন্ধে অনেক কিছু বলে দিতে পারে যেমন স্টেশনে ট্রেন থেকে নেমে ধীরুকাকাকে দেখেই ও আমায় ফিসফিস করে বলল, তোর কাকার বুঝি বাগানের শখ"
satyajit ray,"আমি যদিও জানতাম ধীরুকাকার বাগানের কথা, ফেলুদার কিন্তু মোটেই জানার কথা নয়, কারণ, যদিও ফেলুদা আমার মাসতুতো ভাই, ধীরুকাকা কিন্তু আমার আসল কাকা নন, বাবার ছেলেবেলার তাই আমি অবাক হয়ে জিজ্ঞেস করলাম, তুমি কী করে জানলে"
satyajit ray,"ফেলুদা আবার ফিসফিস করে বলল, উনি পিছন ফিরলে দেখবি ওঁর ডান পায়ের জুতোর গোড়ালির পাশ দিয়ে একটা গোলাপ পাতার ডগা বেরিয়ে আছে"
satyajit ray,"আর ডান হাতের তর্জনীটায় দেখ টিনচার আয়োডিন লাগানো ৷ সকালে বাগানে গিয়ে গোলাপ ফুল ঘাঁটার ফল ৷ স্টেশন থেকে বাড়ি আসার পথে বুঝলাম শহরটা আসলে খুব সুন্দর ৷ গম্বুজ আর মিনারওয়ালা বাড়ি দেখা যাচ্ছে চারদিকে, রাস্তাগুলো চওড়া আর পরিষ্কার, আর তাতে মোটরগাড়ি ছাড়াও দুটো নতুন রকমের ঘোড়ার গাড়ি চলতে দেখলাম তার একটার নাম টাঙ্গা আর অন্যটা এক্কা"
satyajit ray,"এক্কা গাড়ি খুব ছুটেছে- এই জিনিসটা নিজের চোখে এই প্রথম দেখলাম ধীরুকাকার পুরনো সেত্রোলে গাড়ি না থাকলে আমাদের হয়তো ওরই একটাতে চড়তে হত যেতে যেতে ধীরুকাকা বললেন, না এলে কি বুঝতে পারতে শহরটা এত সুন্দর"
satyajit ray,আর কলকাতার মতো আবর্জনা কি দেখতে পাচ্ছ রাস্তাঘাটে
satyajit ray,"আর কত গাছ দেখো, আর কত ফুলের বাগান"
satyajit ray,"বাবা আর ধীরুকাকা পিছনে বসেছিলেন, ফেলুদা আর আমি সামনে আমার পাশেই বসে গাড়ি চালাচ্ছে ধীরুকাকার ড্রাইভার দীনদয়াল সিং"
satyajit ray,"ফেলুদা আমার কানের কাছে মুখ এনে ফিসফিস করে বলল, ভুলভূলাইয়ার কথাটা জিজ্ঞেস কর ফেলুদা কিছু করতে বললে সেটা না করে পারি না"
satyajit ray,"তাই বললাম, 'আচ্ছা ধীরুকাকা, কী জিনিস ধীরুকাকা বললেন, দেখবে দেখবে ভুলভুলাইয়া হল ইমামবড়ার ভেতরে একটা গোলকধাঁধা"
satyajit ray,আমরা বাঙালিরা অবিশ্যি বলি ঘুলঘুলিয়া; কিন্তু আসল নাম ওই ভুলভূলাইয়া নবাবরা তাঁদের বেগমদের সঙ্গে লুকোচুরি খেলতেন ওই গোলকথাঁধায়
satyajit ray,"এবার ফেলুদা নিজেই বলল, ওর ভেতরে ছাড়া ঢুকলে নাকি আর বেরোনো যায় না"
satyajit ray,"তো শুনিচি একবার এক গোরাপণ্টন--অনেকদিন আগে- মদটদ খেয়ে বাজি ধরে নাকি ঢুকেছিল ওর ভেতরে বলেছিল কেউ যেন ধাওয়া না করে--ও নিজেই বেরিয়ে আসবে দুদিন পরে ওর মৃতদেহ পাওয়া যায় ওই গোলকধাঁধার এক গলিতে আমার বুকের ভেতরটা এর মধ্যেই টিপঢটিপ করতে শুরু করেছে ফেলুদাকে জিজ্ঞেস করলাম, তুমি কি একা গিয়েছিলে, না গাইড নিয়ে"
satyajit ray,গাইড নিয়ে তবে একাও যাওয়া যায়
satyajit ray,আমি তো অবাক তবে ফেলুদার পক্ষে কিছুই অসম্ভব কী করে একা যাওয়া যায় ফেলুদা
satyajit ray,ফেলুদা চোখটা করে ঘাড়টা দুবার নাড়িয়ে চুপ করে গেল বুঝলাম ও আর কথা বলবে না
satyajit ray,"এখন ও শহরের পথঘাট বাড়িঘর লোকজন টাঙ্গা সব খুব মন দিয়ে লক্ষ করছে ধীরুকাকা কুড়ি বছর আগে লখ্নৌতে প্রথম আসেন উকিল হয়ে ৷ সেই থেকে এখানেই আছেন, এবং এখন নাকি ওঁর বেশ নামড়াক কাকিমা তিনবছর হল মারা গেছেন, আর ধীরুকাকার ছেলে জামরনির ফ্যাংকফাঁ্ট শহরে চাকরি নিয়ে চলে গেছেন বাড়িতে এখন উনি থাকেন, ওঁর বেয়ারা জগমোহন থাকে, আর রান্না"
satyajit ray,"করার বাবুচি আর একটা মালী ৷ ওঁর বাড়িটা যেখানে সে জায়গাটার নাম সেকেন্দার বাগ, স্টেশন থেকে প্রায় সাড়ে তিন মাইল দূরে বাড়ির সামনে গেটের উপর লেখা-- ডি কে সান্ন্যাল এম এ বি এল বি আ্যাডভোকেট' গেট দিয়ে ঢুকে খানিকটা নুড়ি পাথর ঢাল"
satyajit ray,"রাস্তার পর একতলা বাড়ি, আর রাস্তার দুদিকে বাগান"
satyajit ray,"আমরা যখন পৌঁছলাম তখন মালী 'লন মোয়ার' দিয়ে বাগানের ঘাস কাটছে দুপুরে খাওয়া-দাওয়ার পর বাবা বললেন, ট্রেন জার্নি করে এসেছ, আজ আর বেরিয়ো না কাল থেকে শহর দেখা শুরু করা যাবে তাই সারা দুপুর বাড়িতে বসে ফেলুদার কাছে তাসের ম্যাজিক শিখেছি"
satyajit ray,ফেলুদা বলে- ইন্ডিয়ানদের আঙুল ইউরোপিয়ানদের চেয়ে অনেক বেশি তাই হাত সাফাইয়ের খেলাগুলো আমাদের পক্ষে রপ্ত করা অনেক সহজ
satyajit ray,"বিকেলে যখন ধীরুকাকার বাগানে ইউক্যালিপটাস্ গাছটার পাশে বেতের চেয়ারে বসে চা খাচ্ছি, তখন গেটের বাইরে একটা গাড়ি থামার আওয়াজ পেলাম ৷ ফেলুদা না দেখেই বলল ফিয়াট' তারপর রাস্তার পাথরের উপর দিয়ে খচমচ খচমচ করতে করতে ছাই রঙের সুট পরা একজন ভদ্রলোক এলেন চোখে চশমা, রং ফরসা আর মাথার চুলগুলো বেশির ভাগই সাদা কিন্তু তাও দেখে বোঝা যায় যে বয়স বাবাদের চেয়ে খুব বেশি নয়"
satyajit ray,"ধীরুকাকা হেসে নমস্কার করে উঠে দাঁড়িয়ে প্রথমে বললেন, 'জগমোহন, আউর এক কুরসি লাও', তারপর বাবার দিকে ফিরে বললেন, 'আলাপ করিয়ে দিই- ইনি ডক্টর শ্রীবাস্তব, আমার বিশিষ্ট বন্ধু"
satyajit ray,"আমি আর ফেলুদা দুজনেই চেয়ার ছেড়ে উঠে দাঁড়িয়েছিলাম ফেলুদা ফিসফিস করে বলল, হয়ে আছে"
satyajit ray,তোর বাবাকে নমস্কার করতে ভুলে গেল
satyajit ray,"ধীরুকাকা বললেন, 'শ্রীবাস্তব হচ্ছেন অস্টিওপ্যাথ, আর একেবারে খাস্ লখনৌইয়া"
satyajit ray,"ফেলুদা চাপা গলায় বলল, 'অস্টিওপ্যাথ মানে বুঝলি আমি বললাম,"
satyajit ray,অস্টিও আর লক্ষ করিস ৷ অস্থি মানে হাড় সেটা জানিস তো
satyajit ray,"আরেকটা বেতের চেয়ার এসে পড়াতে আমরা সকলেই বসে পড়লাম ডক্টর শ্রীবাস্তব হঠাৎ ভুল করে বাবার চায়ের পেয়ালাটা তুলে আরেকটু হলেই চুমুক দিয়ে ফেলতেন, এমন সময় বাবা একটু খুক্ করে কাশাতে 'আই আ্যাম সো সরি' বলে রেখে দিলেন ধীরুকাকা বললেন, 'আজ যেন তোমায় একটু ইয়ে বলে মনে হচ্ছে"
satyajit ray,কোনও কঠিন কেসটেস দেখে এলে নাকি
satyajit ray,"বাবা বললেন, ধীরু, তুমি বাংলায় বাংলা বোঝেন বুঝি"
satyajit ray,"ধীরুকাকা হেসে বললেন, ওরে বাবা, বোঝেন বলে বোঝেন"
satyajit ray,"তোমার বাংলা আবৃত্তি একটু শুনিয়ে দাও শ্রীবাস্তব যেন একটু অপ্রস্তুত হয়েই বললেন, 'আমি বাংলা মোটামুটি জানি"
satyajit ray,ট্যাগোরও পড়েছি কিছু কিছু 'বটে
satyajit ray,"গ্রেট পোয়েট আমি মনে মনে ভাবছি এই বুঝি কবিতার আলোচনা শুরু হয়, এমন সময় কাঁপা"
satyajit ray,"হাতে তারই জন্যে ঢালা চায়ের পেয়ালাটা তুলে নিয়ে শ্রীবাস্তব বললেন, কাল রাতে আমার বাড়িতে ডাকু আসিয়াছিল ৷ ডাকু"
satyajit ray,আমাদের ক্লাসে দক্ষিণা বলে একটা ছেলে আছে যার ডাকনাম কিন্তু ধীরুকাকার কথাতেই ব্যাপারটা বুঝে নিলাম সেকী- ডাকাত তো মধ্য প্রদেশেই আছে বলে জানতাম লখ্্নৌ শহরে আবার ডাকাত এল কোথেকে
satyajit ray,"ডাকু বলুন, কি চোর বলুন"
satyajit ray,আমার কথা তো আপনি জানেন মিস্টার সানিয়াল
satyajit ray,সেটা কি চুরি গেল নাকি
satyajit ray,"লেকিন আমার বিশ্বাস কি, ওই আংটি নিতেই চোর আসিল বাবা বললেন, 'কী আংটি"
satyajit ray,"শ্রীবাস্তব ধীরুকাকাকে বললেন, 'আপনি বোলেন উর্দুভাষা এঁরা বুঝবেন না আঁর অত কথা আমার বাংলায় হোবে ধীরুকাকা বললেন, 'পিয়ারিলাল শেঠ ছিলেন লখ্নৌ-এর নামকরা ধনী ব্যবসায়ী ৷ জাতে এককালে কলকাতায় ছিলেন ৷ তাই বাংলাও অল্প অল্প জানতেন ওর (ছেলে মহাবীরের যখন বারো কি তেরো বছর বয়স, তখন তার একটা কঠিন হাড়ের ব্যারাম হয় তাকে ভাল করে দেন"
satyajit ray,"পিয়ারিলালের নেই, দুই ছেলের বড়টি টাইফয়েডে মারা যায়"
satyajit ray,"তাই বুঝতেই পারছ, সবেধন নীলমণিটিকে মৃত্যুর দরজা থেকে ফিরিয়ে আনার জন্য শ্রীবাস্তবের উপর পিয়ারিলালের মনে একটা গভীর কৃতজ্ঞতাবোধ ছিল তাই মারা যাবার আগে তিনি তাঁর একটা বহুমূল্য আংটি শ্রীবাত্তবকে দিয়ে যান"
satyajit ray,"বাবা বললেন, কবে গেছেন ভদ্রলোক"
satyajit ray,"শ্রীবাস্তব বললেন, জুলাই তিনমাস হল"
satyajit ray,মে মাসে ফার্স্ট হার্ট আয্টাক হল তাতেই প্রায় চলে গিয়েছিলেন সেই টাইমে আংটি দিয়েছিলেন আমায় দেবার পরে ভাল হয়ে উঠলেন তারপর জুলাই মাসে সেকেন্ড আ্যাটাক হল তখনও আমি দেখা করতে গিয়েছিলাম তিন দিনে চলে গেলেন
satyajit ray,এই শ্রীবাস্তব তাঁর কোটের পকেট থেকে একটা দেশলাই-এর চেয়ে একটু বড় নীল রঙের ভেলভেটের কৌটো বার করে
satyajit ray,খুলতেই তার ভেতরটায় রোদ পড়ে রামধনুর সাতটা রঙের একটা চোখ ঝলসানো ঝিলিক খেলে গেল তারপর শ্রীবাস্তব এদিক ওদিক দেখে সামনে ঝুঁকে পড়ে খুব সাবধানে ডানহাতের বুড়ো আঙুল আর তাঁর পাশের আঙুল দিয়ে আলতো করে ধরে আটিটা ঝর কর্লেন
satyajit ray,"দেখলাম আংটিটার উপরে ঠিক মাঝখানে একটা প্রায় চার :আনির সাইজের ঝলমলে পাথর--নিশ্চয়ই হিরে--আর তাকে থিরে লাল নীল সবুজ সব আরও অনেকগুলো ছোট ছোট পাথর এত অদ্ভুত সুন্দর আংটি আমি কোনওদিন দেখিনি ফেলুদার দিকে আড়চোখে চেয়ে দেখি সে একটা শুকনো ইউক্যালিপটাসের পাতা নিয়ে কানের মধ্যে ঢুকিয়ে সেটাকে পাকাচ্ছে, যদিও তার চোখটা রয়েছে আংটির দিকে"
satyajit ray,"বললেন, দেখে তো মনে হয় জিনিসটা এর কোনও ইতিহাস আছে নাকি"
satyajit ray,"স্রীবাস্তব একটু হেসে আংটিটা বাক্সে পুরে বাক্সটা পকেটে রেখে চায়ের পেয়ালাটা আবার হাতে তুলে নিয়ে বললেন, তা একটু আছে"
satyajit ray,এর বয়স তিনশো বছরের বেশি
satyajit ray,"আংটি ছিল আওরঙ্গজেবের ; বাবা চোখ কপালে তুলে বললেন, 'বলেন কী"
satyajit ray,"শ্রীবাস্তব বললেন, 'হী- তবে আওরঙ্গজেব তখনও বাদশা বনেননি গদিতে শাজাহান"
satyajit ray,সমরকন্দ দখল করবেন বলে ফৌজ পাঠাচ্ছেন বার বার--আর বার বার ডিফিট হচ্ছে
satyajit ray,একবার আওরঙ্গজেবের ফৌজ গেল আওরঙ্গজেব মার খেলেন খুব
satyajit ray,আওরঙ্গজেব নিজের হাত থেকে আংটি খুলিয়ে তাকে দিলেন বাবা
satyajit ray,যে একেবারে গল্পের মতো আর পিয়ারিলাল ওই আংটি কিনলেন ওই সেনাপতির এক বংশধরের কাছ থেকে আগ্রাতে
satyajit ray,"দাম কত ছিল তা পিয়ারিলাল বলেননি তবে- দ্যাট বিগ স্টোন ইজ ডায়ামন্ড, আমি যাচাই করিয়ে নিয়েছি ৷ বুঝতেই পারছেন কতো দাম ধীরুকাকা বললেন, কমপক্ষে লাখ দুয়েক"
satyajit ray,"আওরঙ্গজেব না হয়ে যদি জাহান্নন খাঁ হত, তা হলেও লাখ দেড়েক হত নিশ্চয়ই শ্রীবাস্তব বললেন, 'তাইতো বলছি কালকের ঘটনার পর খুব আপসেট হয়েছি"
satyajit ray,"আমি একেলা মানুষ, রোগী দেখতে হামেশাই বাইরে যাচ্ছি"
satyajit ray,"আজ যদি পুলিশকে বলি, কাল আমি বাইরে গেলে রাস্তায় কেউ যদি ইট পাটকেল ছুঁড়িয়ে মারে"
satyajit ray,একবার ভেবেছিলাম কি কোনও ব্যাঙ্কে দিই
satyajit ray,"তারপর ভাবলাম- এত সুন্দর জিনিস বন্ধুবান্ধবকে দেখিয়েও আনন্দ ওই জন্যেই তো রেখে দিলাম নিজের কাছে ধীরুকাকা বললেন, 'অনেককে দেখিয়েছেন ও আংটি মাত্র তিনমাস হল তো পেলাম আর আমার বাড়িতে খুব বেশি কেউ তো আসে না যাঁরা এলেন- বন্ধুলোক, ভদ্রলোক, তাঁদেরই দেখিয়েছি সন্ধ্যা হয়ে এসেছে ইউক্যালিপটাসের মাথায় একটু রোদ লেগে আছে, তাও বেশিক্ষণ থাকবে না শ্রীবাস্তবকে দেখছিলাম কিছুতেই স্থির হয়ে বসে থাকতে পারছিলেন না"
satyajit ray,"ধীরুকাকা বললেন, চলুন ভিতরে গিয়ে বসা যাক ব্যাপার নিয়ে একটু ভাবা দরকার আমরা সবাই, বাগান ছেড়ে গিয়ে বৈঠকখানায় বসলাম ফেলুদাকে দেখে মনেই হচ্ছিল না যে ওর এই আংটির ব্যাপারটা একটুও ইন্টারেস্টিং লাগছে সোফাতে বসেই পকেট থেকে তাসের প্যাকেট বার করে হাতসাফাই প্র্যাকটিস করতে লাগল বাৰা এমনিতে বেশি কথা বলেন না, কিন্তু যখন বলেন তখন বেশ ভেবেচিন্তে ঠাণ্ডা মাথায় বলেন বাবা বললেন, 'আচ্ছ, আপনি কেন ভাবছেন যে আপনার ওই আংটিটা নিতেই ওরা এসেছিল"
satyajit ray,আপনার অন্য কোনও জিনিস চুরি যায়নি
satyajit ray,"এমনও তো হতে পারে যে ওরা সাধারণ চোর, টাকাকডি নিতেই এসেছিল"
satyajit ray,"বনবিহারীবাবু আছেন বলে এমনিতেই আমাদের পাড়ায় চোর-টোর আসে আর আমার পাশের বাড়িতে থাকেন মিস্টার ঝুনঝুনওয়ালা, আর তার পাশের বাড়িতে থাকেন মিস্টার বিলিমোরিয়া--বোথ ভেরি রিচ"
satyajit ray,আর সেটা তাদের বাড়ি দেখলেই বোঝা যায়
satyajit ray,"তাদের বাড়ি ছেড়ে আমার বাড়ি আসবে কেন চোর ধীরুকাকা বললেন, 'তারা যেমন ধনী, তেমনি তাদের পাহারার বন্দোবস্তও নিশ্চয়ই খুব জমকালো সুতরাং চোর সে বাড়িতে যাবে কেন"
satyajit ray,তারা তো বিরাট ধনদৌলতের আশায় যাবে না
satyajit ray,পাঁচেক টাকা মারতে পারলে তাদের ছ মাসের খোরাক হয়ে যায়
satyajit ray,কাজেই আমার-আপনার বাড়িতে চোর আসার ব্যাপারে অবাক হবার কিছু নেই তবু যেন ভরসা পাচ্ছিলেন না
satyajit ray,"উনি বললেন, 'আমি জানি না মিস্টার সানিয়াল- আমার কেন জানি মনে হচ্ছে চোর ওই আংটি নিতেই এসেছিল আমার পাশের ঘরের একটা আলমারি খুলেছিল ৷ দেরাজ খুলেছিল তাতে অন্য জিনিস ছিল নিতে পারত টাইম ছিল"
satyajit ray,"আমার ঘুম ভাঙতে চোর পালিয়ে গেলো, একেবারে কিচ্ছু না নিয়ে আর, কথা কী জানেন শ্রীবাস্তব হঠাৎ থামলেন ৷ তারপর করে কিছুক্ষণ ভেবে বললেন, পিয়ারিলাল যখন আমাকে আংটি দিয়েছিলেন, তখন মনে হল আংটি নিজের বাড়িতে রাখতে চাইলেন না"
satyajit ray,"তাই আমাকে দিয়ে দিলেন আউর- শ্রীবাস্তব আবার থেমে করলেন ধীরুকাকা বললেন- আউর কেয়া, ডক্টরজি"
satyajit ray,"আ্রীবাস্তব একটা দীর্ঘশ্বাস ফেলে বললেন, দ্বিতীয়বার যখন হার্ট আ্যাটাক হল, আর আমি ওঁকে দেখতে গেলাম, তখন উনি একটা কিছু আমাকে বলতে চেষ্টা করলেন, কিন্তু পারলেন না"
satyajit ray,তবে একটা কথা আমি শুনতে পেয়েছিলাম কী কথা
satyajit ray,দুবার বলেছিলেন- এ স্পাই এ স্পাই
satyajit ray,"ধীরুকাকা সোফা ছেড়ে উঠে পড়লেন না ডক্টরজি- পিয়ারিলাল যাই বলে থাকুক- আমার দৃঢ় বিশ্বাস ও চোর সাধারণ চোর, চোর"
satyajit ray,"আপনি বোধহয় জানেন না, ব্যারিস্টার মিত্তিরের বাড়িতেও রিসেন্ট্লি চুরি হয়ে গেছে"
satyajit ray,"একটা আস্ত রেডিয়ো আর কিছু রুপোর বাসন-কোসন নিয়ে গেছে তবে আপনার যদি সত্যিই নাভসি লাগে, তা হলে আপনি ও আংটি স্বচ্ছন্দে আমার জিম্মায় রেখে যেতে পারেন"
satyajit ray,"আমার গোদরেজের আলমারিতে থাকবে ওটা, তারপর আপনার ভয় কেটে গেলে পর আপনি ওটা ফেরত নিয়ে যাবেন শ্রীবাস্তব হঠাৎ হাঁফ ছেড়ে একগাল হেসে ফেললেন আমি ওই প্রস্তাব করতেই এলাম, লেকিন নিজে থেকে বলতে পারছিলাম না থ্যাঙ্ক ইউ ভেরি মাচ, মিস্টার সানিয়াল ৷ আপনার কাছে আংটি থাকলে আমি নিশ্চিন্ত থাকব"
satyajit ray,"তাঁর পকেট থেকে আংটি বার করে ধীরুকাকাকে দিলেন, আর ধীরুকাকা সেটা নিয়ে শোবার ঘরে চলে গেলেন"
satyajit ray,এইবার ফেলুদা হঠাৎ একটা প্রশ্ন করে বসল 'বনবিহারীবাবু কে
satyajit ray,"বোধহয় একটু অন্যমনস্ক ছিলেন ফেলুদা বলল, 'আপনি বললেন না যে, বনবিহারীবাবু পাড়ায় আছেন বলে চোর-টোর আসে না- এই বনবিহারীবাবুটি কে"
satyajit ray,"শ্রীবাস্তব হেসে বললেন, ও নে"
satyajit ray,তবে পুলিশের বাড়া ৷ ইন্টারেস্টিং লোক আগে বাংলাদেশে জমিদারি ছিল তারপর সেটা গেল- -আর উনি একটা ব্যবসা শুরু করলেন বিদেশে জানোয়ার চালান দেবার ব্যবসা
satyajit ray,'জানোয়ার বাবা আর ফেলুদা একসঙ্গে প্রশ্ন করল 'হাঁ
satyajit ray,"টেলিভিশন, সারি, চিড়িয়াখানা--এইসবের জন্য এদেশ থেকে অনেক জানোয়ার চালান যায় ইউরোপ, আমেরিকা, অস্ট্রেলিয়া, এইসব জায়গায়"
satyajit ray,"অনেক ইন্ডিয়ান এই ব্যবসা করে বনবিহারীবাবু ওতে অনেক টাকা করেছিলেন তারপর রিটায়ার করে এখানে চলে এলেন আজ দু-তিন বছর আর আসার সময় সঙ্গে কিছু জানোয়ার ভি নিয়ে এসে একটা বাড়ি কিনে সেখানে একটা ছোটখাটো চিড়িয়াখানা বানিয়ে নিলেন বাবা বললেন, 'বলেন কী- ভারী অদ্ভুত তো আর ওই চিড়িয়াখানার স্পেশালিটি হল কি, ওর প্রত্যেক জানোয়ার হল ভারী ভাবী কী হিংস্র"
satyajit ray,লখ্নৌতে এমনিতেই যে চিড়িয়াখানাটা আছে সেটা শুনেছি খুব ভাল ওখানে বাঘ সিংহ নাকি খাঁচায় থাকে না
satyajit ray,"জাল দিয়ে ঘেরা দ্বীপের মতন তৈরি করা আছে, তার মধ্যে মানুষের তৈরি পাহাড় আর গুহার মধ্যে থাকে তার উপর আবার এই প্রাইভেট চিড়িয়াখানা বললেন, ওয়াইল্ড ক্যাট আছে ওঁর হাইনা আছে, কুমির আছে, স্করপিয়ন আছে আওয়াজ শুনা যায় আসবে কী করিয়ে"
satyajit ray,"এর পরে আমি যেটা জিজ্ঞেস করতে যাচ্ছিলাম, ফেলুদা আমার আগেই সেটা জিজ্ঞেস করে ফেলল - চিড়িয়াখানাটা একবার দেখা যায় না"
satyajit ray,"ধীরুকাকা ঠিক এই সময় ঘরে ফিরে এসে বললেন, সে তো খুব সহজ ব্যাপার"
satyajit ray,যে কোনও দিন গেলেই হল
satyajit ray,উনি মানুষটি মোটেই হিংস্র নন
satyajit ray,"শ্রীবাস্তব উঠে পড়লেন ৷ বললেন, লাটুশ রোডে আমার এক পেশেন্ট আছে"
satyajit ray,আমরা সবাই স্রীবাস্তবের সঙ্গে গেটের বাইরে অবধি গেলাম ভদ্রলোক সকলকে গুড় নাইট করে ধীরুকাকাকে আবার ধন্যবাদ জানিয়ে ওঁর গাড়িতে উঠে চলে গেলেন বাবা আর ধীরুকাকা বাড়ির দিকে রওনা দিলেন
satyajit ray,"ফেলুদা সবে একটা সিগারেট ধরাতে যাচ্ছে, এমন সময় হুশ্ করে একটা কালো গাড়ি আমাদের সামনে দিয়ে শ্রীবাস্তবের গাড়ির দিকে চলে গেল"
satyajit ray,"ফেলুদা বলল, স্ট্যান্ডার্ড নম্বরটা মিস্ করে গেলাম"
satyajit ray,"আমি বললাম, নম্বর দিয়ে কী হবে"
satyajit ray,মনে হল শ্রীবাস্তবকে ফলো করছে
satyajit ray,রাস্তায় ওদিকটা কেমন অন্ধকার দেখছিস
satyajit ray,ওইখানে গাড়িটা ওয়েট করছিল আমাদের গেটের সামনে গিয়ার চেঞ্জ করল দেখলি না
satyajit ray,"এই বলে ফেলুদা রাস্তা থেকে বাড়ির দিকে ঘুরল বাড়ির গেট থেকে প্রায় পঞ্চাশ গজ দূরে আমার আন্দাজ আছে, কেননা আমি স্কুলে অনেকবার ইয়ার্ডস দৌড়েছি"
satyajit ray,জানালা দিয়ে ভিতরের দরজাটাও দেখা যাচ্ছে
satyajit ray,বাবা আর ধীরুকাকাকে দরজা ঘরে ঢুকতে দেখলাম ফেলুদা দেখি হঠাৎ থমকে দাঁড়িয়ে সেই জানালার দিকে দেখছে
satyajit ray,ওর চোখে দাঁত দিয়ে ঠোঁট কামড়ানোর ভাবটা দেখে বুঝলাম ও চিন্তিত
satyajit ray,"জানিস , আমার ডাকনাম কিন্তু আসলে ওটা নয়"
satyajit ray,"ফেলুদা তপেশ থেকে তোপ্সে করে নিয়েছে আমি বললাম, 'কী"
satyajit ray,'আমি থাকতে এ ভুলটা হবার কোনও মানে হয় না
satyajit ray,ওই জানালাটা বন্ধ করে দেওয়া উচিত ছিল গেট থেকে জানালা দিয়ে ঘরের ভিতরটা পরিষ্কার দেখা যায়
satyajit ray,"ইলেক্ট্রিক লাইট হলে তাও বা কথা ছিল, কিন্তু তোর কাকা আবার লাগিয়েছেন ফ্লুয়োরেসেণন্ট তাতে কী হয়েছে"
satyajit ray,মাথাটা উনি যে চেয়ারে বসে আছেন ওই চেয়ারে দশ মিনিট আগে কে বসেছিল
satyajit ray,'ডক্ট্র বাস্তব ৷ 'আংটির কৌটোটা তোর বাবাকে দেবার সময় উনি উঠে দাঁড়িয়েছিলেন মনে পড়ে
satyajit ray,সেই সময় এই গেটের কাছে কেউ থেকে থাকলে তার পক্ষে ঘটনাটা দেখে ফেলা অসম্ভব নয়
satyajit ray,কিন্তু কেউ যে ছিল সেটা তুমি ভাবছ কেন
satyajit ray,"ফেলুদা নিচু হয়ে নুড়ি পাথরের উপর থেকে একটা ছোট্ট জিনিস তুলে আমার দিকে এগিয়ে দিল হাতে নিয়ে দেখলাম সেটা একটা সিগারেটের টুকরো 'মুখটা ভাল করে লক্ষ কর আমি সিগারেটটা চোখের খুব কাছে নিয়ে এলাম, আর রাস্তার ল্যাম্পের অল্প আলোতেই যা দেখবার সেটা দেখে নিলাম ফেলুদা হাত বাড়িয়েই সিগারেটটা ফেরত নিয়ে নিল"
satyajit ray,"আর যে লোকটা খাচ্ছিল, তার মুখে পান ছিল, তাই পানের দাগ লেগে আছে"
satyajit ray,ভেরি গুড চ' ভেতরে চ রাত্রে শোবার আগে ফেলুদা ধীরুকাকার কাছ থেকে আটটা চেয়ে নিয়ে সেটা আরেকবার ভাল করে দেখে নিল ওর যে পাথর সম্বন্ধে এত জ্ঞান ছিল সেটা আমি জানতাম না
satyajit ray,"ল্যাম্পের আলোতে আংটিটা ধরে সেটাকে ঘুরিয়ে ঘুরিয়ে বলতে লাগল- এই যে নীল পাথরগুলো দেখছিস, এগুলোকে বলে স্যাফায়ার, যার বাংলা নাম নীলকান্ত মণি লালগুলো হচ্ছে চুনি রুবি, আর সবুজগুলো পান্না--এমারেন্ড ৷ অন্যগুলি যতদূর মনে হচ্ছে পোখরাজ--যার ইংরেজি নাম টোপ্যাজ তবে আসল দেখবার জিনিস হল মাঝখানের ওই হিরেটা ৷ এমন হিরে হাতে ধরে দেখার সৌভাগ্য সকলের হয় না"
satyajit ray,"তারপর ফেলুদা আংটিটা বাঁ হাতের কড়ে আঙুলের পাশের আঙুলে পরে বলল, 'আওরঙ্গজেবের আঙুল আর আমার আঙুলের সাইজ মিলে যাচ্ছে, দেখেছিস সত্যিই দেখি ফেলুদার আঙুলে আংটিটা ঠিক ফিট করে গেছে ল্যাম্পের আলোতে ঝলমলে পাথরগুলির দিকে একদৃষ্টে তাকিয়ে থেকে ফেলুদা বলল, কত ইতিহাস জড়িয়ে আছে এ আংটির সঙ্গে কে জানে ৷ তবে কী জানিস তোপ্সে- এর অতীতে আমার কোনও ইন্টারেস্ট নেই এটা আওরঙ্গজেবের ছিল কি আলতামসের ছিল কি আক্রম খাঁর ছিল, সেটা আনিম্পরট্যান্ট"
satyajit ray,"আমাদের জানতে হবে এর ভবিষ্যৎটা কী, আর বর্তমানে কোনও বাবাজি সত্যি করেই এর পেছনে লেগেছেন কি না, আর যদি লেগে থাকেন তবে তিনি কে এবং তাঁর কেন এই দুঃসাহস"
satyajit ray,"তারপর ফেলুদা আংটি হাত থেকে খুলে নিয়ে আমার হাতে দিয়ে বলল, 'যা, ফেরত দিয়ে আয় আর এসে জানালাগুলো খুলে দে"
satyajit ray,পরদিন দুপুরে একটু তাড়াতাড়ি খেয়ে নিয়ে আমরা ইমামবড়
satyajit ray,"দেখতে বেরিয়ে পড়লাম বাবা আর ধীরুকাকা মোটরে গেলেন গাড়িতে যদিও জায়গা ছিল, তবু ফেলুদা"
satyajit ray,আর আমি বললাম য়ে আমরা টাঙ্গায় যাব সে দারুণ মজা কলকাতায় থেকে তো ঘোড়ার গাড়ি চড়াই হয় না
satyajit ray,"সত্যি বলতে কী, আমি কোনও দিনই কোনওরকম ঘোড়ার গাড়ি চড়িনি ফেলুদা অবিশ্যি চড়েছে"
satyajit ray,"বলল কলকাতার ঠিকা গাড়ির চেয়ে টাঙ্গায় নাকি অনেক বেশি ঝাঁকুনি হয়, আর সেটা নাকি হজমের পক্ষে খুব ভাল কাকার বাবুচি যা ক্লাস রাঁধে, বুঝছি এখানে খাওয়ার ব্যাপারে হিসেব রাখাটা খুব মুশকিল হবে কাজেই মাঝে মাঝে এই টাঙ্গা রাইডটার এমনিতেই দরকার হবে নতুন শহরের রাস্তাঘাট দেখতে দেখতে আর টাঙ্গার ঝাঁকুনি খেতে খেতে যে জায়গাটায় পৌঁছলাম, গাড়োয়ানকে জিজ্ঞেস করাতে ও বলল সেটার নাম কাইজার-বাগ ৷ ফেলুদা বলল, আর কেমন মিলিয়েছে দেখছিস"
satyajit ray,নবাবি আমলের যত প্রাসাদ-টাসাদ সব নাকি এই কাইজার-বাগের আশেপাশেই রয়েছে গাড়োয়ান এদিকে ওদিকে আঙুল দেখিয়ে সব নাম বলে দিতে লাগল
satyajit ray,"'উয়ো দেখিয়ে বাদশা মন্জিল উয়ো হ্যায় চাঁদিওয়ালি বরাদরি উস্কো বোলতা কিছুদূর গিয়ে দেখি রাস্তাটা গেছে একটা বিরাট গেটের মধ্যে দিয়ে ৷ গাড়োয়ান বলল, রুমি দরওয়াজা - রুমি দরওয়াজী পেরিয়েই মচ্ছি ভওয়ন' আর মচ্ছি ভওয়নেই হল বড়া-ইমামবড়া ইমামবড়ার সাইজ দেখে আমার মুখের কথা বন্ধ হয়ে গেল এত বড় প্রাসাদ যে হতে প্র সেটা আমার ধারণাই ছিল না"
satyajit ray,"টাঙ্গা থেকেই ধীরুকাকার গাড়িটা দেখতে পেয়েছিলাম ৷ গাড়োয়ানকে ভাড়া চুকিয়ে দিয়ে আমরা বাবাদের দিকে এগিয়ে গেলাম বাবা আর ধীরুকাকা একজন লম্বা মাঝবয়সী লোকের সঙ্গে কথা বলছেন ফেলুদা হঠাৎ আমার কাঁধে হাত দিয়ে চাপা গলায় বলল, ব্লাক স্ট্যান্ডার্ড সত্যিই তো"
satyajit ray,ধীরুকাকার গাড়ির পাশে একটা কালো স্ট্যান্ডার্ড গাড়ি দাঁড়িয়ে আছে
satyajit ray,চুনের গুঁড়ো সব ঝরে পড়েনি এখনও- লেগে রয়েছে
satyajit ray,রং-করা পাঁচিল কিংবা গেটের গায়ে ঘষটে ছিল বোধ হয়
satyajit ray,"আজ সকালে যদি গাড়ি ধোওয়া না হয়ে থাকে, তা হলে ও দাগ কাল রাত্রে লেগে থাকতে পারে"
satyajit ray,"ধীরুকাকা আমাদের দেখে বললেন, 'এসো আলাপ করিয়ে দিই"
satyajit ray,"আমি অবাক হয়ে নমস্কার করলাম ইনিই সেই লোক প্রায় ছ ফুট লম্বা, ফরসা রং, সরু গোঁফ, দাড়ি, চোখে সোনার চশমা"
satyajit ray,সব মিলিয়ে চেহারাটা বেশ চোখে পড়ার মতো
satyajit ray,"আমার পিঠে একটা চাপড় মেরে ভদ্রলোক বললেন, 'লম্ম্মণের রাজধানী কেমন লাগছে খোকা"
satyajit ray,"জানো তো, রামায়ণের যুগে লখ্নৌ ছিল লক্ষ্ণাবতী ভদ্রলোকের গলার আওয়াজও দেখলাম বেশ মানানসই ধীরুকাকা বললেন, 'বনবিহারীবাবু চৌক-বাজারে যাচ্ছিলেন, আমাদের গাড়ি দেখে চলে এলেন ভদ্রলোক বললেন, দুপুরবেলাটা আমি বাইরে কাজ সারতে বেরোই সকালসঙ্ধে আমার জানোয়ারগুলোর পেছনে অনেকটা সময় চলে যায় ধীরুকাকা বললেন, 'আমরা ভাবছিলাম দলেবলে একবার আপনার ওখানে ধাওয়া এদের খুব শখ একবার আপনার চিড়িয়াখানাটা দেখার"
satyajit ray,এনি ডে ৷ আজই আসুন না
satyajit ray,আমি তো কেউ এলে খুশিই হই
satyajit ray,তবে অনেকেই দেখেছি ভয়েই আসতে চায় না
satyajit ray,তাদের ধারণা আমার খাঁচা বুঝি জু গার্ডেনের খাঁচার মতো অত মজবুত নয় তাই যদি হবে তো আমি আছি কী করে
satyajit ray,কথায় ফেলুদা ছাড়া আমরা সকলেই হাসলাম
satyajit ray,"ফেলুদা আমার দিকে সামান্য ঝুঁকে পড়ে চাপা গলায় বলল, 'জানোয়ারের গন্ধ ঢাকার জন্য কষে আতর মেখেছে স্ট্যান্ডার্ড গাড়িটা দেখলাম বনবিহারীবাবুর নয়, কারণ তিনি তার পাশের একটা নীল গাড়ি থেকে তাঁর ড্রাইভারকে ডেকে তাঁর হাতে দুটো চিঠি দিয়ে বললেন ডাকবাক্সে ফেলে দিয়ে আসতে, তারপর আমাদের দিকে ফিরে বললেন, 'আপনারা ইমামবড়া দেখবেন তো"
satyajit ray,তারপরই না হয় সোজা চলে যাব আমার ওখানে
satyajit ray,"ধীরুকাকা বললেন, হলে আপনিও ভেতরে আসছেন আমাদের সঙ্গে"
satyajit ray,সেই গিয়েছিলাম লখ্নৌতে আসার দুদিন বাদেই
satyajit ray,"তারপর আর যাওয়া হয়নি গেট দিয়ে ঢুকে একটা বিরাট চত্বরের উপর দিয়ে প্রাসাদের দিকে হাঁটতে হাঁটতে বনবিহারী বললেন, 'দুশো বছর আগে নবাব আসাফ-উদ্-দৌল্লা তৈরি 'করেছিলেন এই প্রাসাদ ভেবেছিলেন দিল্লিকে টেক্কা দেবেন"
satyajit ray,"ভারতবর্ষের সেরা প্রাসাদ-করনে-ওয়ালাদের নিয়ে একটা কম্পিটিশন করলেন তারা সব নকশা পাঠাল তার মধ্যে বেস্ট নকশা বেছে নিয়ে হল এই ইমামবড়া বাহারের দিক দিয়ে মোগল প্রাসাদের সঙ্গে কোনও তুলনা হয় না, তবে সাইজের দিক থেকে একেবারে নাম্বার ওয়ান ৷ এত বড় দরবার-ঘর পৃথিবীর কোনও প্রাসাদে নেই"
satyajit ray,দরবার-ঘরটা দেখে মনে হল তার মধ্যে অনায়াসে একটা ফুটবল গ্রাউন্ড ঢুকে যায়
satyajit ray,প্রোফেসর শঙ্কু প্রোফেসর শঙ্কু কে
satyajit ray,এটুকু জানা গেছে যে তিনি একজন বৈজ্ঞানিক
satyajit ray,কেউ কেউ বলে যে তিনি নাকি একটা ভীষণ পরীক্ষা করতে গিয়ে প্রাণ হারান
satyajit ray,"আবার এও শোনা যায় যে তিনি কোনও অজ্ঞাত অঞ্চলে গা ঢাকা দিয়ে নিজের কাজ করে যাচ্ছেন, সময় হলেই আত্মপ্রকাশ করবেন"
satyajit ray,প্রোফেসর শঙ্কুর প্রত্যেকটি ডায়রিতে কিছু না কিছু আশ্চর্য অভিজ্ঞতার বিবরণ আছে
satyajit ray,"কাহিনীগুলি সত্য কি মিথ্যা, সম্ভব কি অসম্ভব, সে বিচার পাঠকেরা করবেন"
satyajit ray,ব্যোমযাত্রীর ডায়রি প্রোফেসর ব্রিলোকেশ্বর শঙ্কুর ডায়রিটা আমি পাই তারক চাটুজ্যের কাছ থেকে
satyajit ray,"একদিন দুপুরের দিকে আপিসে বসে পুজো সংখ্যার জন্য একটা লেখার প্রফ দেখছি, এমন সময় তারকবাবু এসে একটা লাল খাতা আমার সামনে ফেলে দিয়ে বললেন, পড়ে দেখো"
satyajit ray,তারকবাবু এর আগেও কয়েকবার এনেছিলেন
satyajit ray,"খুব যে ভাল তা নয়; তবে বাবাকে চিনতেন, আর ছেঁড়া জামাটামা দেখে মনে হত, ভদ্রলোক বেশ গরিব; তাই প্রতিবারই লেখাগুলোর জন্য পাঁচ-দশ টাকা করে দিয়েছি"
satyajit ray,এবারে গল্পের বদলে ডায়রিটা দেখে একটু আশ্চর্য হলাম
satyajit ray,প্রোফেসর শঙ্কু বছর পনেরো নিরুদ্দেশ
satyajit ray,কেউ কেউ বলেন তিনি নাকি কী একটা ভীষণ এক্সপেরিমেন্ট করতে গিয়ে প্রাণ হারান
satyajit ray,"আবার এও শুনেছি যে তিনি নাকি জীবিত; ভারতবর্ষের কোনও অখ্যাত অজ্ঞাত অঞ্চলে গা ঢাকা দিয়ে চুপচাপ নিজের কাজ করে যাচ্ছেন, সময় হলে আত্মপ্রকাশ করবেন"
satyajit ray,"এ-সব সত্যিমিথ্যে জানি না, তবে এটা জানতাম যে তিনি বৈজ্ঞানিক ছিলেন"
satyajit ray,"তীর যে ডায়রি থাকতে পারে সেটা অস্বাভাবিক নয়, কিন্তু সে ডায়রি তারকবাবুর কাছে এল কী করে"
satyajit ray,"জিজ্ঞেস করতে তারকবাবু একটু হেসে হাত বাড়িয়ে আমার মশলার কৌটোটা থেকে লবঙ্গ আর ছোট এলাচ বেছে নিয়ে বললেন, সুন্দরবনের সে ব্যাপারটা মনে আছে তো"
satyajit ray,এই রে আবার বাঘের গল্প
satyajit ray,তারকবাবু তীর সব ঘটনার মধ্যে বাঘ জিনিসটাকে যেভাবে টেনে আনেন সেটা আমার মোটেই ভাল লাগে না
satyajit ray,"তাই একটু বিরক্ত হয়েই বললাম, কোন ব্যাপারটার কথা বলছেন"
satyajit ray,বছরখানেক আগে একটা উচ্কাখণ্ড সুন্দরবনের মাথারিয়া অঞ্চলে এসে পড়েছিল
satyajit ray,কলকাতার জাদুঘরে যেটা আছে তার প্রায় দ্বিগুণ
satyajit ray,"মনে আছে, কাগজে ছবি দেখে হঠাৎ একটা কালো মড়ার খুলি বলে মনে হয়েছিল"
satyajit ray,"বললাম, তার সঙ্গে এই খাতাটার কী সম্পর্ক"
satyajit ray,আমি গেসলাম ওই মওকায় যদি কিছু বাঘছাল জোটে
satyajit ray,"ভাল দর পাওয়া যায়, জান তো"
satyajit ray,"আর ভাবলুম অত জন্তজানোয়ার মোলো, তার মধ্যে কি গুটি চারেক বাঘও পড়ে থাকবে না"
satyajit ray,হরিণটরিণ কিচ্ছু নেই তা হলে
satyajit ray,"আর এই খাতাটা একটু অবাক হয়ে বললাম, খাতাটা কি ওইখানে"
satyajit ray,পাথরটা পড়ায় একটা গর্ত হয়েছিল জান তো
satyajit ray,তোমাদের চারখানা হেদো তার মধ্যে ঢুকে যায়
satyajit ray,এটা ছিল তার ঠিক মধ্যিখানে
satyajit ray,বোধহয় পাথরটা যেখানে পড়েছিল তার খুব কাছেই
satyajit ray,লাল-লাল কী একটা মাটির ভেতর থেকে উঁকি মারছে দেখে টেনে তুললাম
satyajit ray,তারপর খুলতেই শঙ্কুর নাম দেখে পকেটস্থ করলাম উদ্কার গর্তের মধ্যে খাতা
satyajit ray,"তোমরা তো বানিয়ে গল্পটল্প লেখো, আমিও লিখি"
satyajit ray,"আমি হাতছাড়া করতাম না, বুঝলে"
satyajit ray,নেহাত বড় টানাটানি যাচ্ছে তাই- টাকা বেশি ছিল না কাছে
satyajit ray,"তা ছাড়া ঘটনাটা পুরোপুরি বিশ্বাস হচ্ছিল না, তাই কুড়িটা টাকা দিলাম ভদ্রলোককে"
satyajit ray,দেখলাম তাতেই খুশি হয়ে আমায় আশীর্বাদ করে চলে গেলেন
satyajit ray,তার পর পুজোর গোলমালে খাতাটার কথা ভুলেই গিয়েছিলাম
satyajit ray,এই সেদিন আলমারি খুলে চলস্তিকাটা টেনে বার করতে গিয়ে ওটা বেরিয়ে পড়ল
satyajit ray,খাতাটা হাতে নিয়ে খুলে কেমন যেন খটকা লাগল
satyajit ray,যতদূর মনে পড়ে প্রথমবার দেখেছিলাম কালির রং ছিল সবুজ
satyajit ray,নিশ্চয়ই অন্য কোনও লেখার সবুজ কালির সঙ্গে গোলমাল করে ফেলেছি
satyajit ray,বাড়িতে এসে আবার খাতাটা খুলতেই বুকটা ধড়াস করে উঠল
satyajit ray,এবার দেখি কালির রং নীল
satyajit ray,তারপর এক আশ্চর্য অদ্ভুত ব্যাপার
satyajit ray,দেখতে দেখতে চোখের সামনে নীলটা হয়ে গেল হলদে
satyajit ray,এবারে তো আর কোনও ভূল নেই; কালির রং সত্যি বদলাচ্ছে
satyajit ray,হাতের কীপুনিতে খাতাটা মাটিতে পড়ে গেল
satyajit ray,আমার ভুলো কুকুরটা যা পায় তাতেই দাঁত বসায়
satyajit ray,"যে দাত এই দু' দিন আগেই আমার নতুন তালতলার চটিটা ছিড়েছে, ওই খাতার কাগজ তার কামড়ে কিচ্ছু হল হাত দিয়ে টেনে দেখলাম এ কাগজ ছেঁড়া মানুষের সাধ্য নয়"
satyajit ray,"টানলে রবারের মতো বেড়ে যাচ্ছে, আর ছাড়লে যে-কে-সেই"
satyajit ray,"কী খেয়াল হল, একটা দেশলাই জ্বেলে কাগজটায় ধরালাম"
satyajit ray,খাতাটা পাঁচ ঘণ্টা উনুনের মধ্যে ফেলে রেখে দিলাম
satyajit ray,"কালির রং যেমন বদলাচ্ছিল, বদলাল, কিন্তু আর কিচ্ছু হল সেই দিনই রাত্রে ঘুমটুম ভুলে গিয়ে তিনটে অবধি জেগে খাতাটা পড়া শেষ করলাম"
satyajit ray,যা পড়লাম তা তোমাদের হাতে তুলে দিচ্ছি
satyajit ray,"সব সত্যি কি মিথ্যে, সম্ভব কি অসম্ভব, তা তোমরা বুঝে নিও"
satyajit ray,লা জানুয়ারি আজ দিনের শুরুতেই একটা বিশ্রী কাণ্ড ঘটে গেল
satyajit ray,") চু চর নল ) ড্র য ৰ ) , রোজকার মতো আজও নদীর ধারে মর্নিং ওয়াক সেরে ফেলেছি"
satyajit ray,শোবার ঘরে ঢুকতেই একটা বিদঘুটে চেহারার লোকের সামনে পড়তে হল
satyajit ray,"চমকে গিয়ে চিৎকার করেই বুঝতে পারলাম যে ওটা আসলে আয়না, এবং লোকটা আর কেউ নয়- আমারই ছায়া"
satyajit ray,আমারই চেহারা ওই রকম হয়েছে
satyajit ray,আমার আয়নার প্রয়োজন হয় না বলে ওটার ওপর ক্যালেন্ডারটা টাঙিয়ে রেখেছিলাম; আজ সকালেই বোধহয় বছর শেষ হয়ে গেছে বলে সর্দারি করে ওটাকে নামিয়ে রেখেছে
satyajit ray,ওকে নিয়ে আর পারা গেল না
satyajit ray,সাতাশ বছর ধরে আমার সঙ্গে থেকে আমার কাজ করেও ওর বুদ্ধি হল না
satyajit ray,চিৎকার শুনে ঘরে এসে পড়েছিল
satyajit ray,ওকে একটু শিক্ষা দেওয়া দরকার মনে করে আমার - বা ওর ওপর পরীক্ষা করা গেল
satyajit ray,"দেখলাম, এ যা তেজ, তাক করে গৌঁফের কাছাকাছি মারতে পারলেই যথেষ্ট কাজ হয়"
satyajit ray,এখন রাত এগারোটা ওর হাঁচি এখনও থামেনি
satyajit ray,আমার হিসেব যদি ঠিক হয় তো তেত্রিশ ঘণ্টার আগে ও হীচি থামবে না
satyajit ray,"রা জানুয়ারি রকেটটা নিয়ে যে চিন্তাটা ছিল, ক্রমেই সেটা দূর হচ্ছে"
satyajit ray,"যাবার দিন যত এগিয়ে আসছে, ততই মনে জোর পাচ্ছি, উৎসাহ পাচ্ছি"
satyajit ray,এখন মনে হচ্ছে যে প্রথমবারের কেলেঙ্কারিটার জন্য একমাত্র প্রস্থাদই ঘড়িটায় দম দিতে গিয়ে সে যে ভুল করে কীটাটাই ঘুরিয়ে ফেলেছে তা আর জানব কী করে
satyajit ray,এক সেকেন্ড এ দিক ও দিক হলেই এ সব কাজ পণ্ড হয়ে
satyajit ray,আর কীঁটা ঘোরানোর ফলে আমার হয়ে গেল প্রায় সাড়ে তিনঘণ্টা লেট
satyajit ray,রকেট যে খানিকটা উঠেই খেয়ে পড়ে যাবে তাতে আর আশ্চর্য কী
satyajit ray,রকেট পড়ায় অবিনাশবাবুর মুলোর ক্ষেত নষ্ট হওয়ার দরুন ভদ্রলোক পাঁচশো টাকা ক্ষতিপূরণ চাইছেন
satyajit ray,একেই বলে দিনে ডাকাতি এ দিকে এত বড় একটা প্রচেষ্টা যে ব্যর্থ হতে চলেছিল তার জন্য কোনও আক্ষেপ বা সহানুভূতি নেই
satyajit ray,এই সব লোককে করার জন্য একটা নতুন কোনও অস্ত্রের কথা ভাবা দরকার
satyajit ray,জানুয়ারি প্রস্থাদটা বোকা হলেও ওকে সঙ্গে নিলে হয়তো সুবিধে হবে
satyajit ray,আমি মোটেই বিশ্বাস করি না যে এই ধরনের অভিযানে কেবলমাত্র বুদ্ধিমান লোকেরই প্রয়োজন
satyajit ray,"অনেক সময় যাদের বুদ্ধি কম হয় তাদের সাহস বেশি হয়, কারণ ভয় পাবার কারণটা ভেবে বের করতেও তাদের সময় লাগে"
satyajit ray,যে সাহসী সে বিষয়ে কোনও সন্দেহ নেই
satyajit ray,"সে বার যখন কড়িকাঠ থেকে একটা টিকটিকি আমার বাইকর্নিক আ্যাসিডের শিশিটার উপর পড়ে সেটাকে উলটে ফেলে দিল, তখন আমি সামনে দাড়িয়ে থেকেও কিছু করতে পারছিলাম না"
satyajit ray,"স্পষ্ট দেখছি আ্যাসিডটা গড়িয়ে গড়িয়ে প্যারাডক্সাইট পাউডারের স্তূপটার দিকে চলেছে, কিন্তু দুটোর কনট্যাক্ট হলে যে কী সাংঘাতিক ব্যাপার হবে তাই ভেবেই আমার হাত পা অবশ হয়ে আসছে"
satyajit ray,এমন সময় ঢুকে দেখে এক গাল হেসে হাতের গামছাটা দিয়ে আ্যাসিডটা মুছে ফেলল
satyajit ray,"আর পাঁচ সেকেন্ড দেরি হলেই আমি, আমার ল্যাবরেটরি, বিধুশেখর, , টিকটিকি এ সব কিছুই থাকত না"
satyajit ray,তাই ভাবছি হয়তো ওকে নেওয়াই ভাল
satyajit ray,"ওজনেও কুলিয়ে যাবে প্রহ্না্দ হল দু' মন সাত সের, আমি এক মন এগারো সের, বিধুশেখর সাড়ে পাঁচ মন, আর জিনিসপত্তর সাজসরঞ্জাম মিলিয়ে মন পাঁচেক"
satyajit ray,আমার রকেটে কুড়ি মন পর্যন্ত জিনিস নির্ভয়ে নেওয়া চলতে পারে
satyajit ray,"জানুয়ারি আমার রকেটের পোশাকটার আস্তিনে কতগুলো উচ্চিংড়ে ঢুকেছিল, আজ সকালে সেগুলো বঝেড়েঝুড়ে বার করছি, এমন সময় অবিনাশবাবু এসে হাজির"
satyajit ray,"বললেন, 'কী মশাই, আপনি তো চীদপুর না মঙ্গলপুর কোথায় চললেন"
satyajit ray,এই হল অবিনাশবাবুর রসিকতার নমুনা
satyajit ray,বিজ্ঞানের কথা উঠলেই ঠাট্টা আর ভীড়ামো
satyajit ray,"রকেটটা যখন প্রথম তৈরি করছি তখন একদিন এসে বললেন, 'আপনার ওই হাউইটা এই কালীপুজোর দিনে ছাড়ুন না"
satyajit ray,"এক-এক সময় মনে হয় যে পৃথিবীটা যে গোল, এবং সেটা যে ঘুরতে ঘুরতে সূর্যকে প্রদক্ষিণ করছে সেটাও বোধহয় অবিনাশবাবু বিশ্বাস করেন না"
satyajit ray,যাই হোক; আজ আমি তীর কান না দিয়ে বরং উলটে তাঁকে খুব খাতির টাতির করে বসতে বললাম
satyajit ray,তারপর প্রহ্ন্দকে বললাম চা আনতে আমি জানতাম যে অবিনাশবাবু চায়ে চিনির বদলে স্যাকারিন খান
satyajit ray,আমি স্যাকারিনের বদলে ঠিক সেই রকমই দেখতে একটি বড়ি তীর চায়ে ফেলে দিলাম
satyajit ray,"এই বড়িই হল আমার নতুন মহাভারতের জৃষ্ভণাস্ত্র থেকেই আইডিয়াটা এসেছিল, কিন্তু এটায় যে শুধু হাই উঠবে তা নয়"
satyajit ray,"হাই-এর পর গভীর ঘুম হবে, এবং সেই ঘুমের মধ্যে সব অসম্ভব ভয়ঙ্কর রকমের স্বপ্ন দেখতে হবে"
satyajit ray,আমি নিজে কাল চার ভাগের এক ভাগ বড়ি ডালিমের রসে ডাইলিউট করে খেয়ে দেখেছি
satyajit ray,সকালে উঠে দেখি স্বপ্ন দেখে ভয়ের চোটে দাড়ির বী দিকটা একেবারে পেকে গেছে
satyajit ray,দিন ধরেই আমার ল্যাবরেটরির আশেপাশে ঘোরাঘুরি করছে এবং করুণস্বরে ম্যাও ম্যাও করছে
satyajit ray,বোধহয় বুঝতে পারছিল যে আমার যাবার সময় হয়ে আসছে
satyajit ray,আজ মাছের মুড়ো আর বড়ি পাশাপাশি রেখে পরীক্ষা করে দেখলাম
satyajit ray,এবার চটপট ওর জন্য একটা পোশাক আর হেলমেট তৈরি করে ফেলতে ই জানুয়ারি দু' দিন থেকে দেখছি বিধুশেখর মাঝে মাঝে একটা গী গী শব্দ করছে
satyajit ray,"এটা খুবই আশ্চর্য, কারণ বিধুশেখরের তো শব্দ করার কথা নয়"
satyajit ray,কলকজ্জার মানুষ কাজ করতে বললে চুপচাপ কাজ করবে; এক নড়াচড়ার যা ঠং ঠং শব্দ
satyajit ray,"তো আমারই হাতের তৈরি, তাই আমি জানি ওর কতখানি ক্ষমতা"
satyajit ray,আমি জানি ওর নিজস্ব বুদ্ধি বা চিন্তাশক্তি বলে কিছু থাকতেই পারে না
satyajit ray,কিন্তু বেশ কিছুদিন থেকেই মাঝে মাঝে এর ব্যতিক্রম লক্ষ করছি
satyajit ray,এক দিনের ঘটনা খুব বেশি করে মনে পড়ে
satyajit ray,আমি তখন সরে রকেটের পরিকল্পনাটা করছি
satyajit ray,"জিনিসটা যে কোনও সাধারণ ধাতু দিয়ে তৈরি হতে পারে না, সেটা প্রথমেই বুঝেছিলাম"
satyajit ray,"অনেক এক্সপেরিমেন্ট করার পর, ব্যাঙের ছাতা, সাপের খোলস আর কচ্ছপের ডিমের খোলা মিশিয়ে একটা কমপাউন্ড তৈরি করেছি, এবং বেশ বুঝতে পারছি যে এবার হয় ট্যানট্রাম বোরোপ্যাক্সিনেট, না-হয় একুইয়স্ ভেলোসিলিকা মেশালেই ঠিক জিনিসটা পেয়ে যাব"
satyajit ray,প্রথমে ট্যানট্রামটাই দেখা যাক ভেবে এক চামচ ঢালতে যাব এমন সময়ে ঘরে একটা প্রচণ্ড ঘটাং ঘটাং শব্দ আরম্ভ হল
satyajit ray,চমকে গিয়ে পিছন ফিরে দেখি বিধুশেখরের লোহার মাথাটা ভীষণভাবে এপাশ-ওপাশ হচ্ছে এবং তাতেই আওয়াজ হচ্ছে
satyajit ray,খুব জোর দিয়ে বারণ করতে গেলে মানুষে যেভাবে মাথা নাড়ে ঠিক সেই রকম
satyajit ray,কী হয়েছে দেখতে যাব মনে করে ট্যানট্রামটা যেই হাত থেকে নামিয়েছি অমনি মাথা নাড়া থেমে গেল
satyajit ray,কাছে গিয়ে দেখি কোনও গোলমাল নেই
satyajit ray,ফিরে এসে আবার যেই ট্যানট্রামটা হাতে নিয়েছি অমনি আবার ঘটাং ঘটাং
satyajit ray,বিধুশেখর কি সত্যিই বারণ করছে নাকি
satyajit ray,নিতেই আবার সেই শব্দ কিন্তু এবার মাথা নড়ছে উপর নীচে ঠিক যেমন করে মানুষে বলে
satyajit ray,শেষ পর্যন্ত ভেলোসিলিকা মিশিয়েই ধাতুটা তৈরি হল
satyajit ray,পরে ট্যানট্রামটা দিয়েও পরীক্ষা করে দেখেছিলাম
satyajit ray,সেই চোখ-ধাঁধানো সবুজ আলো আর বিস্ফোরণের বিকট শব্দ কোনওদিন ভুলব না
satyajit ray,জানুয়ারি আজ বিধুশেখরের খুলে ওকে খুব ভাল করে পরীক্ষা করেও ওর আওয়াজ করার কোনও কারণ খুঁজে পেলাম না
satyajit ray,তবে এও ভেবে দেখলাম যে এতে আশ্চর্য হবার কিছু নেই
satyajit ray,"আমি আগেও অনেকবার দেখেছি যে আমার বৈজ্ঞানিক বিদ্যেবুদ্ধি দিয়ে আমি যে জিনিস তৈরি করি, সেগুলো অনেক সময়েই আমার হিসেবের বেশি কাজ করে"
satyajit ray,তাতে এক এক সময় মনে হয়েছে যে হয়তো বা কোনও অদৃশ্য শক্তি আমার অজ্ঞাতে আমার উপর খোদকারি করছে
satyajit ray,বরঞ্চ আমার মনে হয় যে আমার ক্ষমতার দৌড় যে ঠিক কতখানি তা হয়তো আমি নিজেই বুঝতে পারি না
satyajit ray,খুব বড় বড় বৈজ্ঞানিকদের শুনেছি এ রকম আর একটা কথা আমার প্রায়ই মনে হয়
satyajit ray,"সেটা হচ্ছে, বাইরের কোনও জগতের প্রতি আমার যেন একটা টান আছে, এই টানটা লিখে বোঝানো মাধ্যাকর্ষণের ঠিক উলটো কোনও শক্তি যদি কল্পনা করা যায়, তা হলে এটার একটা আন্দাজ পাওয়া যাবে"
satyajit ray,"মনে হয় যেন পৃথিবীর প্রভাব ছাড়িয়ে যদি কিছুদূর উপরে উঠতে পারি, তা হলেই এই টানটা আপনা থেকেই আমাকে অন্য কোনও গ্রহে টহে নিয়ে গিয়ে ফেলবে"
satyajit ray,টানটা যে চিরকাল ছিল তা নয়
satyajit ray,একটা বিশেষ দিন থেকে এটা আমি অনুভব করে আসছি
satyajit ray,সেই দিনটার কথা আজও বেশ মনে আছে
satyajit ray,আমি আমার বাগানে একটা আরামকেদারায় শুয়ে শরৎকালের মৃদু মৃদু বাতাস উপভোগ করছি
satyajit ray,"আশ্বিস-কার্তিক মাসটা আমি রোজ রাত্রে খাবার পরে তিন ঘণ্টা এই ভাবে শুয়ে থাকি, কারণ এই দুটো মাসে উদ্কাপাত হয় সবচেয়ে বেশি"
satyajit ray,এক ঘণ্টায় অন্তত আট-দশটা রোজই দেখা যায়
satyajit ray,আমার দেখতে ভারী ভাল লাগে
satyajit ray,সে দিন কতক্ষণ শুয়ে ছিলাম খেয়াল নেই হঠাৎ একটা দেখলাম যেন একটু অন্য রকম
satyajit ray,"সেটা ক্রমশ বড় হচ্ছে, এবং মনে হল যেন আমার দিকেই"
satyajit ray,ক্রমে ক্রমে কাছে এসে আবার বাগানের পশ্চিম দিকের গোলঞ্চ গাছটার পাশে থেমে একটা প্রকাণ্ড জোনাকির মতো জ্বলতে লাগল
satyajit ray,আমি উদ্কাটাকে ভাল করে দেখব বলে চেয়ার ছেড়ে উঠে যেতেই আমার ঘুমটা ভেঙে গেল
satyajit ray,"এটাকে স্বপ্ন বলেই বিশ্বাস করতাম, কিন্তু দুটো কারণে খটকা রয়ে গেল"
satyajit ray,"এক হল ওই আকর্ষণ, যেটার বশে আমি তার পরদিন থেকেই রকেটের বিষয় ভাবতে শুরু করি"
satyajit ray,আরেক হল এই গোলঞ্চ গাছ
satyajit ray,সেই দিন থেকেই গাছটাতে গোলঞ্চর বদলে একটা নতুন রকমের ফুল হচ্ছে
satyajit ray,রকম ফুল কেউ কোথাও দেখেছে কি না জানি না
satyajit ray,আঙুলের মতো পাঁচটা করে ঝোলা ঝোলা পাপড়ি
satyajit ray,দিনেরবেলা কুচকুচে কালো কিন্তু রাত হলেই ফসফরাসের মতো জ্বলতে থাকে
satyajit ray,আর যখন হাওয়ায় দোলে তখন ঠিক মনে হয় যেন হাতছানি দিয়ে ডাকছে
satyajit ray,জানুয়ারি কাল ভোর পাঁচটায় মঙ্গলযাত্রা
satyajit ray,আজ প্রস্থাদকে ল্যাবরেটরিতে ডেকে এনে ওর পোশাক আর হেলমেটটা পরিয়ে দেখলাম
satyajit ray,সত্যি কথা বলতে কী আমারও ওর চেহারা ও হাবভাব দেখে হাসি পাচ্ছিল
satyajit ray,এমন সময় একটা ঠং ঘং ঘং শব্দ শুনে দেখি বিধুশেখর তার লোহার চেয়ারটায় বসে দুলছে আর গলা দিয়ে একটা নতুন রকম শব্দ করছে
satyajit ray,এই শব্দের মানে একটাই হতে পারে
satyajit ray,নিউটন হেলমেটটা পরানোর সময় একটু আপত্তি করেছিল
satyajit ray,"এখন দেখছি বেশ চুপচাপ আছে, আর মাঝে মাঝে জিভ বার করে হেলমেটের কাচটা চেটে চেটে দেখছে"
satyajit ray,শে জানুয়ারি আমরা সাত দিন হল পৃথিবী ছেড়েছি
satyajit ray,বার যাত্রায় কোনও বাধা পড়েনি
satyajit ray,যাত্রী এবং মালপত্র নিয়ে ওজন হল পনেরো মন বত্রিশ সের তিন পাঁচ বছরের মতো রসদ আছে নিউটনের এক-একটা - সাত দিনের খাওয়া হয়ে যায়
satyajit ray,আমার আর প্রস্থাদের জন্য বটফলের রস থেকে যে বড়িটা তৈরি করেছিলাম- বটিকা-ইন্ডিকা- কেবল মাত্র সেইটাই নিয়েছি
satyajit ray,বটিকা-ইন্ডিকার একটা হোমিওপ্যাথিক বড়ি খেলেই পুরো চব্বিশ ঘণ্টার জন্য খিদে তেষ্টা মিটে যায়
satyajit ray,এক মন বড়ি সঙ্গে আছে
satyajit ray,নিউটনের এত ছোট জায়গায় বেশিক্ষণ বন্ধ থেকে অভ্যাস নেই তাই বোধ হয় প্রথম ক'দিন একটু ছটফট করেছিল
satyajit ray,কাল থেকে দেখছি আমার টেবিলের উপর বসে ঘণ্টার পর ঘণ্টা বাইরের দৃশ্য দেখছে
satyajit ray,"কুচকুচে কালো আকাশ, তার মধ্যে অগণিত জ্বলন্ত গ্রহনক্ষত্র"
satyajit ray,নিউটন দেখে আর মাঝে মাঝে আস্তে লেজের ডগাটা নাড়ে
satyajit ray,ওর কাছে বোধ হয় ওগুলোকে অসংখ্য বেড়ালের চোখের মতো মনে হয়
satyajit ray,"বিধুশেখরের কোনও কাজকর্ম নেই, চুপচাপ বসে থাকে"
satyajit ray,ওর মন বা অনুভূতি বলে যদি কিছু থেকেও থাকে সেটা ওর গোল গোল বলের মতো নিষ্পলক কাচের চোখ দেখে বোঝবার কোনও উপায় নেই
satyajit ray,"প্রহনাদের দেখছি বাইরের দৃশ্য সম্পর্কে কোনও কৌতুূহলই নেই, ও বসে বসে কেবলমাত্র রামায়ণ পড়ে"
satyajit ray,ভাগ্যে বাংলাটা শিখেছিল আমার কাছে
satyajit ray,শে জানুয়ারি বিধূুশেখরকে বাংলা শেখাচ্ছি
satyajit ray,"বেশ সময় লাগবে বলে মনে হচ্ছে, তবে চেষ্টা আছে"
satyajit ray,"প্রহ্ন্দ যে ওর উচ্চারণের ছিরি দেখে হাসে, সেটা ও মোটেই পছন্দ করে না"
satyajit ray,দু-একবার দেখেছি ও মুখ দিয়ে গ গ আওয়াজ করছে আর পা দুটো ঠং ঠং করে মাটিতে ঠুকছে
satyajit ray,ওর লোহার হাতের একটা বাড়ি খেলে যে কী দশা হবে সেটা কি প্রস্নাদ বোঝে না
satyajit ray,"আজ বিধুশেখরকে পরীক্ষা করবার জন্য জিজ্ঞেস করলাম, কেমন লাগছে"
satyajit ray,"প্রশ্নটা শুনে দু-তিন সেকেন্ড চুপ করে থেকে হঠাৎ দুলতে আরম্ভ করল, কিছুক্ষণ সামনে পিছনে দুলে তারপর হাত দুটোকে পরস্পরের কাছে এনে ঠং ঠং করে তালির মতো বাজাল"
satyajit ray,"দু-পায়ে খানিকটা সোজা হয়ে উঠে ঘাড়টাকে চিত করে বলল, 'গাগোঃ"
satyajit ray,সে বিষয়ে আমার কোনও সন্দেহ আজ মঙ্গলগ্রহটাকে একটা বাতাবিলেবুর মতো দেখাচ্ছে
satyajit ray,আমার হিসেব অনুযায়ী আরেক মাস পরে ওখানে পৌঁছব
satyajit ray,এই ক মাস নির্বিঘ্নে কেটেছে
satyajit ray,রামায়ণ শেষ করে মহাভারত ধরেছে
satyajit ray,আজ সকালে দূরবিন দিয়ে গ্রহটাকে দেখছি এমন সময় খেয়াল হল বিধুশেখর কী জানি বিড়বিড় করছে
satyajit ray,"প্রথমে মন দিইনি, তারপর লক্ষ করলাম যে বেশ লম্বা একটা কথা বারবার বলছে"
satyajit ray,"আমি সেটা খাতায় নোট করে নিলাম, এই রকম দীড়াল"
satyajit ray,ঘাংঙ ঘঙা আগীকেকেই ককুং খা ৷ লেখাটা পড়ে এবং ওর কথা শুনতে শুনতে হঠাৎ বুঝতে পারলাম ও কী বলছে
satyajit ray,"কিছুদিন আগে রায়ের একটা গান গুনগুন করে গাইছিলাম, এটা তারই প্রথম লাইন- ধনধান্য পুষ্প ভরা আমাদের এই বসুন্ধরা বিধুশেখরের উচ্চারণের প্রশংসা করতে না পারলেও ওর স্মরণশক্তি দেখে অবাক হয়ে গেলাম"
satyajit ray,জানালা দিয়ে এখন মঙ্গলগ্রহ ছাড়া আর কিছুই দেখা যায় না
satyajit ray,আস্তে আস্তে গ্রহের গায়ের রেখাগুলি স্পষ্ট হয়ে আসছে
satyajit ray,কাল এই সময়ে ল্যান্ড করব
satyajit ray,অবিনাশবাবুর ঠাট্টার কথা মনে পড়লে হাসি পায়
satyajit ray,"আমাদের যে সমস্ত জিনিস সঙ্গে নিয়ে নামতে হবে সেগুলো গুছিয়ে রেখেছি- ক্যামেরা, , অস্ত্রশস্ত্র ফার্স্ট-এড বক্স, এ সবই নিতে হবে"
satyajit ray,"মঙ্গলগ্রহে যে প্রাণী আছে, সে বিষয়ে আমার সন্দেহ নেই"
satyajit ray,"তবে তারা যে কী রকম- ছোট কি বড়, হিংস্র না জানি না"
satyajit ray,একেবারে মানুষের মতো কিছু হবে সেটাও অসম্ভব বলে মনে হয়
satyajit ray,যদি বিদ্ঘুটে কোনও প্রাণী হয় তা হলে প্রথমটা ভয়ের কারণ হতে পারে
satyajit ray,"কিন্তু এটা মনে রাখা দরকার যে আমরা যেমন তাদের কখনও দেখিনি, তারাও কখনও মানুষ দেখেনি"
satyajit ray,তার বিশ্বাস গ্রহের নাম যখন মঙ্গল তখন সেখানে কোনও অনিষ্ট হতেই পারে না
satyajit ray,আমিও ওর সরল বিশ্বাসে তখন ডায়রি লিখতে লিখতে এক কাণ্ড হয়ে গেল
satyajit ray,"বিধুশেখরকে ক দিন থেকেই একটু চুপচাপ দেখছিলাম, কেন তা ঠিক বুঝতে পারছিলাম না"
satyajit ray,এখনও প্রশ্ন করলে ঠিক উত্তর দিতে পারে না
satyajit ray,কেবল কোনও একটা কথা বললে সেটা শুনে নকল করার চেষ্টা করে
satyajit ray,আজ চুপচাপ বসে থাকতে থাকতে হঠাৎ কী যে হল এক লাফে যন্ত্রপাতির বোর্ডটার কাছে উঠে গিয়ে যে হ্যান্ডেলটা টানলে রকেটটা উলটো দিকে যায় সেইটা ধরে প্রচণ্ড টান
satyajit ray,আমরা তো ঝাঁকুনির চোটে সব কেবিনের মেঝেয় গড়াগড়ি
satyajit ray,কোনওমতে উঠে গিয়ে বিধুশেখরের কীধের বোতামটা টিপতেই ও বিকল হয়ে হাত-পা মুড়ে পড়ে গেল
satyajit ray,তারপর হ্যান্ডেল ঘুরিয়ে মোড় ফিরিয়ে আবার মঙ্গলের দিকে যাত্রা এরকম পাগলামির কারণ কী
satyajit ray,ওকে আপাতত অকেজো করেই রেখে দেব
satyajit ray,ল্যান্ড করবার পর আবার বোতাম টিপে চালু করব
satyajit ray,"আমার বিশ্বাস ওর মনের উপর চাপ পড়ছিল বেশি, বড্ড বেশি কথা বলা হয়েছে ওর সঙ্গে, তাই বোধহয় ওর মাথাটা বিগড়ে গিয়েছিল"
satyajit ray,আর পাঁচ ঘণ্টা আছে আমাদের ল্যান্ড করতে
satyajit ray,"গ্রহের গায়ে যে নীল জায়গাগুলো প্রথমে জল বলে মনে হয়েছিল, সেটা এখন অন্য কিছু বলে মনে হচ্ছে"
satyajit ray,সরু সরু লাল সুতোগুলো যে কী এখনও বুঝতে পারছি না
satyajit ray,কীর্ণিদ আমরা ঘণ্টা হল মঙ্গলগ্রহে নেমেছি
satyajit ray,একটা হলদে রঙের নরম পাথরের ঢটিপির উপরে বসে আমি ডায়রি লিখছি
satyajit ray,এখানে গাছপালা মাটি পাথর সবই কেমন জানি নরম রবারের মতো
satyajit ray,সামনেই হাত বিশেক দূরে একটা লাল নদী বয়ে যাচ্ছে
satyajit ray,সেটাকে প্রথমে নদী বলে বুঝিনি কারণ 'জল ্টা দেখলে ঠিক মনে হয় যেন স্বচ্ছ পেয়ারার জেলি
satyajit ray,এখানে সব নদীই বোধহয় লাল
satyajit ray,এবং সেগুলোকেই আকাশ থেকে লাল সুতোর মতো দেখায়
satyajit ray,যেটাকে রকেট থেকে জল বলে মনে হয়েছিল সেটা আসলে ঘাস আর গাছপালা- সবই সবুজের বদলে নীল
satyajit ray,"আকাশের রং কিন্তু সবুজ, তাই সব কী রকম উলটো মনে হয়"
satyajit ray,এখন পর্যন্ত কোনও প্রাণী চোখে পড়েনি
satyajit ray,আমার হিসেব তা হলে ভুল হল নাকি
satyajit ray,কেমন যেন একটা থমথমে ভাব
satyajit ray,এক নদীর জলের কুলকুল শব্দ ছাড়া আর কোনও শব্দই নেই; আশ্চর্য নিস্তব্ধ ঠাণ্ডা নেই; বরঞ্চ গরমের দিকে
satyajit ray,"কিন্তু মাঝে মাঝে এক একটা হাওয়া আসে, সেটা ক্ষণস্থায়ী হলেও একেবারে হাড় পর্যন্ত কীপিয়ে দেয়"
satyajit ray,দূরে হয়তো বরফের পাহাড় টাহাড় জাতীয় কিছু আছে
satyajit ray,নদীর জলটা প্রথমে পরীক্ষা করতে সাহস পাচ্ছিলাম না
satyajit ray,তারপর নিউটনকে খেতে দেখে ভরসা পেলাম
satyajit ray,আঁজলা করে তুলে চেখে দেখি অমৃত
satyajit ray,মনে পড়ল একবার গারো পাহাড়ে একটা ঝরনার জল খেয়ে আশ্চর্য ভাল লেগেছিল
satyajit ray,কিন্তু এর কাছে সে জল কিছুই না
satyajit ray,এক খেয়েই শরীর ও মনের সমস্ত ক্লান্তি দূর হয়ে গেল
satyajit ray,বিধুশেখরকে নিয়ে আজ এক ফ্যাসাদ
satyajit ray,"রকেট ল্যান্ড করার পর বোতাম টিপে ওকে চালু করে দিলাম, কিন্তু নড়েও না চড়েও না"
satyajit ray,"জিজ্ঞেস করলাম, কী হয়েছে, তুমি নামবে না"
satyajit ray,"এবার বিধুশেখর হাত দুটো মাথার উপর তুলে গম্ভীর ভয়-পাওয়া গলায় বলল, বিভং"
satyajit ray,ভাষা বুঝতে আমার কোনও অসুবিধা হয় না
satyajit ray,"তাই বুঝলাম ও বলছে, জিজ্ঞেস করলাম, 'কী বিপদ বিধুশেখর"
satyajit ray,"বিধুশেখর আবার গম্ভীর গলায় বলল, বিভং ভীবং বিভং"""
satyajit ray,অগত্যা বিধুশেখরকে রকেটে রেখেই আমরা তিনটি প্রাণী মঙ্গলগ্রহের মাটিতে পদার্পণ করলাম
satyajit ray,প্রথম পরিচয়ের অবাক ভাবটা মধ্যে অনেকটা কেটে গেছে
satyajit ray,নতুন জগতের যে একটা গন্ধ থাকতে পারে সেটা ভাবতে পারিনি
satyajit ray,রকেট থেকে নেমেই সেটা টের পেলাম
satyajit ray,এটা গাছপালা জলমাটির গন্ধ নয়- কারণ আলাদা করে প্রত্যেকটা জিনিস শুঁকে দেখেছি
satyajit ray,"এটা মঙ্গলগ্রহেরই গন্ধ, আবহাওয়ার সঙ্গে মিশে"
satyajit ray,"হয়তো পৃথিবীরও একটা গন্ধ রয়েছে যেটা আমরা টের পাই না, কিন্তু অন্য কোনও গ্রহের লোক সেখানে গেলেই পাবে"
satyajit ray,ওকে বলেছি কোনও প্রাণীটানি দেখলে আমায় খবর দিতে একদিকের আকাশে দেখছি সবুজ রঙে লালের ছোপ পড়েছে
satyajit ray,"এখন তা হলে বোধহয় ভোর, শিগগিরই সূর্য উঠবে"
satyajit ray,মঙ্গল গ্রহের বিভীষিকা মন থেকে দূর হতে কত দিন লাগবে জানি না
satyajit ray,কী করে যে প্রাণ নিয়ে বীচলাম সেটা ভাবতে এখনও অবাক লাগে
satyajit ray,"মঙ্গল যে কত অমঙ্গল হতে পারে, সেটা হাড়ে হাড়ে টের পেয়েছি"
satyajit ray,সূর্য ওঠার সঙ্গে সঙ্গে আমি টিলার উপর থেকে উঠে জায়গাটা দিনের আলোয় একটু ভাল করে ঘুরে দেখব ভাবছি
satyajit ray,এমন সময় একটা আঁশটে গন্ধ আর একটা অদ্ভুত শব্দ শুনতে পেলাম
satyajit ray,ঠিক মনে হল যেন একটা বেশ বড় রকমের ঝিঁঝি তিস্তিড়ি বলে ডাকছে
satyajit ray,আওয়াজটা কোন দিক থেকে আসছে সেটা বুঝবার চেষ্টা করছি এমন সময় একটা বিকট চিৎকারে আমার রক্ত জল হয়ে গেল
satyajit ray,"তারপর দেখলাম , তার চোখ ঠিকরে বেরিয়ে আসছে, ডান হাতের মুঠোয় নিউটনকে ধরে উর্ধ্বশ্বাসে এক-এক লাফে বিশ-পঁচিশ হাত করে রকেটের দিকে চলেছে"
satyajit ray,"তার পিছু নিয়েছে যে জিনিসটা সেটা মানুষও নয়, নয়, মাছও নয় কিন্তু তিনের সঙ্গেই কিছু কিছু মিল আছে"
satyajit ray,"লম্বায় তিন হাতের বেশি নয়, পা আছে, কিন্তু হাতের বদলে মাছের মতো ডানা, বিরাট মাথায় মুখজোড়া দন্তহীন হী, ঠিক মাঝখানে প্রকাণ্ড একটা সবুজ চোখ, আর সর্বাঙ্গে মাছের মতো আঁশ সকালের রোদে চিকচিক করছে"
satyajit ray,"ভাল ছুটতে পারে না, পদে পদে হৌচট খাচ্ছে"
satyajit ray,"তাই হয়তো নাগাল পাবে আমার যেটা সবচেয়ে সাংঘাতিক অস্ত্র সেটা হাতে নিয়ে আমি জন্তটার পিছনে রকেটের দিকে ছুটলাম, যদি অনিষ্ট হয় তা হলেই"
satyajit ray,"ব্যবহার করব, নয়তো প্রাণীহত্যা করব আমি যখন জন্তুটার থেকে বিশ কি পঁচিশ গজ দূরে, তখনই রকেটে উঠে পড়েছে"
satyajit ray,বিধুশেখর এক লাফে রকেট থেকে নেমে জন্তটাকে রুখে ব্যাপার দেখে আমিও থমকে দাঁড়ালাম
satyajit ray,এমন সময় একটা দমকা হাওয়ার সঙ্গে আবার সেই আঁশটে গন্ধটা পেয়ে ঘুরেই দেখি ঠিক ওইটার মতো আরও অন্তত দু'-তিনশো দূর থেকে দুলতে দুলতে রকেটের দিকে এগিয়ে আসছে
satyajit ray,তাদের মুখ দিয়ে সেই বিকট ঝিঝির শব্দ- তিন্তিড়ি
satyajit ray,তিস্তিড়ি বিধুশেখরের লোহার হাতের এক বাড়িতেই শব্দ করে ডানা ঝাপটাতে ঝাপটাতে মাটিতে পড়ে গেল
satyajit ray,"পাছে ও রোখের মাথায় একাই ওই মঙ্গলীয় সৈন্যকে আক্রমণ করে, তাই দৌড়ে গিয়ে বিধুশেখরকে জাপটে ধরলাম"
satyajit ray,"কিন্তু ওর সাংঘাতিক, আমায় সুদ্ধ টেনে নিয়ে জন্তগুলোর দিকে এগিয়ে চলল"
satyajit ray,"আমি কোনওমতে কীধের কাছে হাতটা পৌঁছিয়ে বোতামটা টিপে দিলাম, বিধুশেখর অচল হয়ে হুমড়ি খেয়ে পড়ে গেল"
satyajit ray,দিকে সৈন্য এখন একশো গজের মধ্যে
satyajit ray,তাদের আঁশটে গন্ধে আমার মাথা ঘুরছে
satyajit ray,ভৌতিক তিন্তিড়ি চিৎকারে কান করছে
satyajit ray,এখন এই পাঁচ-মনি যন্ত্রের মানুষটাকে রকেটে ওঠাই কী করে
satyajit ray,প্রহাদকে ডেকে উত্তর পেলাম না
satyajit ray,"কী বুদ্ধি হল, হাত দিয়ে বিধুশেখরের কোমরের কবজাটা খুলতে লাগলাম"
satyajit ray,বুঝতে পারছি মঙ্গলীয় সৈন্যের ঢেউ দুলতে দুলতে ক্রমশই এগিয়ে আসছে
satyajit ray,"আড়চোখে চেয়ে দেখি এখন প্রায় হাজার , রোদ পড়ে তাদের আঁশের চকচকানিতে প্রায় চোখ ঝলসে যায়"
satyajit ray,কোনওমতে বিধুশেখরকে দু' ভাগে ভাগ করে ফেলে তার মাথার অংশটা টানতে টানতে রকেটের দরজার সামনে এনে ফেললাম
satyajit ray,সৈন্য এখন পঞ্চাশ গজের মধ্যে
satyajit ray,আমার হাত পা অবশ হয়ে আসছে
satyajit ray,"পা ধরে টানতে টানতে বিধুশেখরের তলার অংশটা যখন রকেটের দরজায় এনে ফেললাম, তখন দেখি জ্ঞান হয়েছে"
satyajit ray,সে এরই মধ্যে ওপরের দিকটা ক্যাবিনের ভিতর তুলে দিয়েছে
satyajit ray,বাকি অংশটা ভিতরে তুলে ক্যাবিনের দরজা বন্ধ করার ঠিক আগের মুহূর্তে আমার পায়ে একটা ঠাণ্ডা স্যীতসেতে ঝাপটা অনুভব করলাম
satyajit ray,তারপর আর কিছুই মনে ছিল না
satyajit ray,যখন জ্ঞান হল দেখি রকেট উড়ে চলেছে
satyajit ray,আমার ডান পায়ে একটা চিনচিনে যন্ত্রণা ও ক্যাবিনের মধ্যে একটা মেছো গন্ধ এখনও রয়ে গেছে
satyajit ray,কিন্তু রকেটটা উড়ল কী করে
satyajit ray,প্রহ্ন্দ তো যন্ত্রপাতির কিছুই জানে না
satyajit ray,আর বিধুশেখর তো এখনও দু'খান হয়ে পড়ে আছে
satyajit ray,তবে কি আপনিই উড়ল নাকি
satyajit ray,কিন্তু তাই যদি হয় তবে কোথায় চলেছে এই রকেট
satyajit ray,সৌরজগতের অগণিত গ্রহনক্ষত্রের মধ্যে কোনটিতে গিয়ে আমাদের পাঁড়ি শেষ হবে
satyajit ray,"শেষ কি হবে, না অনির্দিষ্ট কাল আমাদের আকাশপথে অজানা উদ্দেশে ঘুরে বেড়াতে হবে"
satyajit ray,আর তিন বছর পরে আমরা খাব কী
satyajit ray,রকেটের যন্ত্রপাতি নাড়াচাড়া করে দেখেছি তার কোনওটাই কাজ করছে না
satyajit ray,এই অবস্থায় রকেটের চলবারই কথা নয়
satyajit ray,"কী করে চলেছি জানি না, কিছুই জানি না"
satyajit ray,মনে অসংখ্য প্রশ্ন গিজগিজ করছে
satyajit ray,কিন্তু কোনওটারই উত্তর দেবার শক্তি আমার নেই
satyajit ray,আজ থেকে আমি অজ্ঞান অসহায়
satyajit ray,এখনও আমরা একই ভাবে উড়ে চলেছি
satyajit ray,"কিছু দেখবার নেই, তাই জানালাটা বন্ধ করে রেখেছি"
satyajit ray,প্রহীদ এখন অনেকটা সামলে নিয়েছে
satyajit ray,মঙ্গলীয়ের গায়ে বসানোর ফলেই বোধহয় ওটা হয়েছিল
satyajit ray,"প্রহাদের কথাবার্তা এখনও অসংলগ্ন, কিন্তু যেটুকু বলেছে তার থেকে বুঝেছি যে নদীর ধারে পাথর কুড়োতে কুড়োতে সে হঠাৎ একটা আঁশটে গন্ধ পায়"
satyajit ray,তাতে সে মুখ তুলে দেখে কিছু দূরেই একটা না-মানুষ না-জন্ত না-মাছ নদীর ধারে দাঁড়িয়ে আছে
satyajit ray,আর নিউটন লেজ খাড়া করে চোখ বড় বড় করে গুটি গুটি সেটার দিকে এগোচ্ছে
satyajit ray,কিছু করার আগেই নিউটন নাকি এক লাফে জন্তটার কাছে গিয়ে তার হাঁটুতে এক কামড় দেয়
satyajit ray,তাতে সেটা ঝিঁঝির মতো এক বিকট চিৎকার করে পালিয়ে যায়
satyajit ray,কিন্তু তার পরমুহূর্তেই নাকি ঠিক ওই রকম আরেকটা কোথা থেকে তাড়া করে
satyajit ray,তার পরের ঘটনা অবিশ্যি আমার নিজের চোখেই দেখা
satyajit ray,বিধুশেখর আশ্চর্য সাহসের পরিচয় দিয়েছিল
satyajit ray,তাই খুশি হয়ে এ-ক'দিন আমি ওকে বিশ্রাম দিয়েছি
satyajit ray,"আজ সকালে প্রহ্ন্দ ও আমি ওকে জোড়া দিয়ে ওর কীধের বোতাম টিপে দিতেই ও স্পষ্ট উচ্চারণে বলল, থ্যাঙ্ক তারপর থেকেই ও আমার সঙ্গে বেশ পরিষ্কার ভাবে প্রায় মানুষের মতো কথা বলছে"
satyajit ray,কিন্তু কেন জানি না ও চলতি ভাষা না বলে শুদ্ধ ভাষা ব্যবহার করছে
satyajit ray,বোধ হয় এত দিন প্রস্থাদের মুখে রামায়ণ মহাভারত শোনার ফল
satyajit ray,রসদ আর কয়েক দিনের মতো আছে
satyajit ray,আর নিউটন নির্জীবের মতো পড়ে আছে
satyajit ray,বিড়বিড় করে সেই কবে মুখে শোনা ঘটোৎকচবধের অংশটা আবৃত্তি করে যাচ্ছে
satyajit ray,"আজও সেই ভাবটা নিয়ে বসেছিলাম এমন সময় বিধুশেখর হঠাৎ তার আবৃত্তি থামিয়ে বলে উঠল, বাহবা, বাহবা, আমি বললাম, 'কী হল বিধুশেখর, এত ফুর্তি কীসের"
satyajit ray,"বিধুশেখর বলল, গবাক্ষ উদঘাটন এর আগে বিধুশেখরের কথা না শুনে ঠকেছি"
satyajit ray,তাই হাত বাড়িয়ে জানালাটা খুলে দিলাম
satyajit ray,খুলতেই চোখবঝলসানো দৃশ্য আমায় কিছুক্ষণের জন্য অন্ধ করে দিল
satyajit ray,"যখন দৃষ্টি ফিরে পেলাম, দেখি আমরা এক অদ্ভুত অবিশ্বাস্য জগতের মধ্য দিয়ে উড়ে চলেছি"
satyajit ray,"যত দুর চোখ যায় আকাশময় কেবল বুদ্বুদ্ ফুটছে আর ফাটছে, ফুটছে আর ফাটছে"
satyajit ray,"এই নেই এই আছে, এই আছে এই নেই"
satyajit ray,অগুনতি সোনার বল আপনা থেকেই বড় হতে হতে হঠাৎ ফেটে সোনার ফোয়ারা ছড়িয়ে মিলিয়ে যাচ্ছে
satyajit ray,আমি যে অবাক হব তাতে আর আশ্চর্য কী
satyajit ray,"কিন্তু প্রসাদ যে প্রস্নাদ, সেও এই দৃশ্য দেখে মুগ্ধ না হয়ে পারেনি"
satyajit ray,"সে ক্রমাগত ঝাঁপিয়ে ঝাঁপিয়ে পড়ে জানালার কাচটা খামচাচ্ছে, পারলে যেন কাচ ভেদ করে বাইরে চলে যায়"
satyajit ray,সে দিন থেকে আর জানালা বন্ধ করিনি
satyajit ray,কারণ কখন যে কোন বিচিত্র জগতের মধ্যে এসে পড়ি তার ঠিক নেই
satyajit ray,ক্ষণে ক্ষণে দৃশ্য পরিবর্তন হচ্ছে
satyajit ray,এখন দেখছি সারা আকাশময় সাপের মতো কিলবিলে সব আলো এদিক ওদিক ছুটে বেড়াচ্ছে
satyajit ray,"এক একটা জানালার খুব কাছে এসে পড়ে, আর কেবিনের ভেতরটা আলো হয়ে ওঠে"
satyajit ray,যেন সৌরজগতের কোনও বাদশাহের উৎসবে আতসবাজির খেলা
satyajit ray,আজকের অভিজ্ঞতা এক বিধুশেখর ছাড়া আমাদের সকলের ঘাম ছুটিয়ে দিয়েছিল
satyajit ray,আকাশভর্তি বিশাল বিশাল গোলাকৃতি এবড়োখেবড়ো পাথরের
satyajit ray,তাদের গায়ের সব গহুরের ভিতর থেকে অগ্মদ্গার হচ্ছে
satyajit ray,আমরা সেই পাথরের ফীক দিয়ে ফীক দিয়ে কলিশন বাঁচিয়ে বিদ্যুৎবেগে ছুটে চলেছি
satyajit ray,নিউটন টেবিলের তলায় ঢুকে থরথর করে কীপছে
satyajit ray,"কতবার মনে হয়েছে এই বুঝি গেলাম, এই বুঝি গেলাম"
satyajit ray,কিন্তু রকেট ঠিক শেষ মুহূর্তে ম্যাজিকের মতো মোড় ঘুরে নিজের পথ বেছে নিয়ে বেরিয়ে গেছে
satyajit ray,"আমরা ভয়ে মরছি, কিন্তু বিধুশেখরের ভুক্ষেপ নেই"
satyajit ray,সে তার বসে দুলছে ও মধ্যে মধ্যে টাফা বলছে
satyajit ray,এই একটা নতুন কথা কদিনই ওর মুখে শুনছি
satyajit ray,বোধ হয় বাইরের দৃশ্য দেখে তারিফ করে কথাটা বলতে গিয়ে টাফা বলছে
satyajit ray,আজ নিউটনকে বড়ি খাওয়াচ্ছি এমন সময় বিধুশেখর হঠাৎ এক লাফে জানালার কাছে গিয়ে টাফা বলে চিৎকার করে উঠল
satyajit ray,"আমি জানালার দিকে তাকিয়ে দেখি- আকাশে আর কিছু নেই, কেবল একটা ঝলমলে সাদা গ্রহ নির্মল নিষ্কলঙ্ক একটি চাদের মতো আমাদের দিকে চেয়ে আছে"
satyajit ray,রকেটটা নিঃসন্দেহে ওই গ্রহটার দিকেই এগিয়ে চলেছে
satyajit ray,বিধুশেখরের কথা যদি সত্যি হয় তা হলে ওটার নাম টাফা
satyajit ray,আজ জানালা দিয়ে অপূর্ব দৃশ্য
satyajit ray,টাফার সর্বাঙ্গে যেন অসংখ্য জোনাকি জ্বলছে আর নিবছে
satyajit ray,সেই আলোয় আমাদের কেবিনও আলো হয়ে গেছে
satyajit ray,আমার সেই স্বপ্নের জোনাকির কথা মনে পড়েছে
satyajit ray,শেষ পর্যন্ত হয়তো আমাদের অভিযান ব্যর্থ হবে না
satyajit ray,টাফার দূরত্ব দেখে আন্দাজে মনে হচ্ছে কালই হয়তো আমরা ওখানে পৌঁছে যাব
satyajit ray,গ্রহটা ঠিক কী রকম দেখতে সেটা ওই জোনাকিগুলোর জন্য বোঝবার উপায় নেই
satyajit ray,আজ বিধুশেখর যে সব কথাগুলো বলছিল সেগুলো বিশ্বাস করা কঠিন
satyajit ray,আমি ক'দিন থেকেই ওর অতিরিক্ত ফুর্তি দেখে বুঝেছি যে ওর মাথা'টা হয়তো আবার গোলমাল করছে
satyajit ray,বলল টাফায় নাকি সৌরজগতের প্রথম সভ্য লোকেরা বাস করে
satyajit ray,পৃথিবীর সভ্যতার চেয়ে ওদের সভ্যতা নাকি বেশ কয়েক কোটি বছরের পুরনো
satyajit ray,ওদের প্রত্যেকটি লোকই নাকি বৈজ্ঞানিক এবং এত বুদ্ধিমান লোক একসঙ্গে হওয়াতে নাকি ওদের অনেক দিন থেকেই অসুবিধে হচ্ছে
satyajit ray,তাই কয়েক বছর থেকেই নাকি ওরা অন্যান্য সব গ্রহ থেকে একটি কমবুদ্ধি লোক বেছে নিয়ে টাফায় আনিয়ে বসবাস করাচ্ছে
satyajit ray,"আমি বললাম, তা হলে ওদের প্রস্থাদকে পেয়ে খুব সুবিধে হবে বলো তাই শুনে বিধুশেখর ঠং করে হাততালি দিয়ে এমন বিশ্রীরকম অট্টরহাসি আরম্ভ করল যে আমি বাধ্য হয়ে তার কীধের বোতামটা টিপে দিলাম"
satyajit ray,রকেট থেকে নেমে দেখি লোক আমায় অভ্যর্থনা করতে এসেছে
satyajit ray,"লোক বলছি, কিন্তু এরা আসলে মোটেই মানুষের মতো নয়"
satyajit ray,অতিকায় পিঁপড়ে জাতীয় একটা কিছু কল্পনা করতে পারলে এদের চেহারার কিছুটা আন্দাজ পাওয়া যাবে
satyajit ray,"বিরাট মাথা, আর চোখ, কিন্তু সেই অনুপাতে হাত-পা সরু যেন কোনও কাজেই লাগে না"
satyajit ray,এদের সম্বন্ধে বিধুশেখর যা বলেছিল তা যে একদম ভুল সে বিষয়ে কোনও সন্দেহই নেই
satyajit ray,"আমার বিশ্বাস ব্যাপারটা আসলে ঠিক তার উলটো অর্থাৎ এরা মানুষের অবস্থা থেকে এখনও অনেক পিছিয়ে আছে, এবং সে অবস্থায় পৌঁছতে ঢের সময় লাগবে"
satyajit ray,টাফার অবস্থা যে পৃথিবীর তুলনায় কত আদিম তা এতেই বেশ বোঝা যায় যে এদের ঘরবাড়ি বলে কিছু নেই- এমনকী গাছপালাও নেই
satyajit ray,এরা গর্ত দিয়ে মাটির ভিতর ঢুকে যায় এবং সেখানেই বাস করে
satyajit ray,অবিশ্ি আমাকে এরা ঠিক আমার দেশের বাড়ির মতো একটা বাড়ি দিয়েছে
satyajit ray,"কেবল ল্যাবরেটরিটাই নেই, আর সবই যেমন ছিল ঠিক তেমনি"
satyajit ray,নতুন গ্রহে এসে নতুন পরিবেশে যে বাস করছে সে বোধটাই যেন নেই
satyajit ray,"বিধুশেখরকেই কেবল দেখতে পাচ্ছি না, ও কাল থেকেই উধাও টাফা সম্পর্কে এতগুলো মিথ্যে কথা বলে হয়তো আর মুখ দেখানোর সাহস নেই"
satyajit ray,আজ থেকে ডায়রি লেখা বন্ধ করব- কারণ এখানে উল্লেখযোগ্য ঘটনা ঘটার কোনও সম্ভাবনা দেখছি না
satyajit ray,খাতাটা পৃথিবীতে ফেরত পাঠানোর কোনও উপায় নেই এটা খুব আক্ষেপের বিষয়
satyajit ray,এত মূল্যবান তথ্য রয়েছে এতে
satyajit ray,এখানকার তো মর্ম কিছুই বুঝবে না- আর এ দিকে আমাকেও ফিরে যেতে দেবে না
satyajit ray,ফিরে যাওয়ার খুব যে একটা প্রয়োজন বোধ করছি তাও নয়- কারণ এরা সত্যি আমায় খুবই রেখেছে
satyajit ray,বোধ হয় ভাবছে যে আমার কাছ থেকে অনেক কিছু আদায় করে নেবে
satyajit ray,এরা বাংলাটা জানল কী করে জানি তাতে একটা সুবিধে হয়েছে যে ধমক টমক দিলে বোঝে
satyajit ray,"সে দিন একটা পিঁপড়েকে ডেকে বললাম, কই হে, তোমাদের বৈজ্ঞানিক-টেজ্ঞানিকরা সব কোথায়"
satyajit ray,"তাদের সঙ্গে একটু কথাটথা বলতে দাও তোমরা যে ভয়ানক পিছিয়ে আছ তাতে লোকটা বলল, ও সব বিজ্ঞানটিজ্ঞান দিয়ে আর কী হবে"
satyajit ray,আমরা মাঝে মাঝে আপনার কাছে আসব
satyajit ray,আপনার সহজ সরল কথাবার্তা শুনতে আমাদের ভারী ভাল লাগে আহা
satyajit ray,আমি রেগে গিয়ে আমার নস্যির বন্দুকটা নিয়ে লোকটার ঠিক নাকের ফুটোয় তাক করে মারলাম
satyajit ray,কিন্তু তাতে ওর কিছু হল না
satyajit ray,অনেকে হয়তো জানতে চাইবে প্রোফেসর শঙ্কুর ডায়রিটা কোথায় এবং এমন আশ্চর্য জিনিসটাকে দেখবার কোনও উপায় আছে কি না
satyajit ray,"আমার নিজের ইচ্ছে ছিল যে, ডায়রিটা ছাপানোর পর ওর কাগজ ও কালিটা কোনও বৈজ্ঞানিককে দিয়ে পরীক্ষা করিয়ে তারপর ওটাকে জাদুঘরে দিয়ে দেব"
satyajit ray,সেখানে থাকলে অবিশ্যি সকলের পক্ষেই দেখা সম্ভব
satyajit ray,কিন্তু তা হবার জো নেই
satyajit ray,লেখাটা কপি করে প্রেসে দেবার পর সেই দিনই বাড়ি এসে শোবার ঘরের তাক থেকে ডায়রিটা নামাতে গিয়ে দেখি জায়গাটা ফীঁকা
satyajit ray,তারপর একটা অদ্ভুত ব্যাপার দেখলাম
satyajit ray,ডায়রির পাতার কিছু গুঁড়ো আর লাল মলাটটার ছোট্ট একটা অংশ তাকের উপর আছে
satyajit ray,এবং তার উপর সক্ষিপ্রপদে ঘোরাফেরা করছে প্রায় শ-খানেক ডেঁয়োপিঁপড়ে
satyajit ray,এরা পুরো খাতাটাকে খেয়ে শেষ করেছে এবং ওই সামান্য বাকি অংশটুকু আমার চোখের সামনেই উদরসাৎ করে আমি কেবল হী করে চেয়ে রইলাম
satyajit ray,"যে জিনিসটাকে অক্ষয় অবিনশ্বর বলে মনে হয়েছিল, সেটা হঠাৎ পিঁপড়ের খাদ্যে পরিণত হল কী করে সেটা আমি এখনও ভেবে ঠাহর করতে পারিনি"
satyajit ray,তোমরা এর মানে কিছু বুঝতে পারছ কি
satyajit ray,"আশ্বিন, কার্তিক, অগ্রহায়ণ প্রোফেসর শঙ্কু ও ঈজিস্সীয় আতঙ্ক পোর্ট সেইডের ইন্পিরিয়াল হোটেলের নং ঘরে বসে আমার ডায়রি লিখছি"
satyajit ray,"এখন রাত সাড়ে এগারোটা এখানে বোধ হয় অনেক রাত অবধি লোকজন জেগে থাকে, রাস্তায় চলাফেরা করে, হইহল্লা করে"
satyajit ray,আমার পূর্বদেকের খোলা জানালাটা দিয়ে শহরের গুঞ্জন ভেসে আসছে
satyajit ray,দশটা অবধি একটা ভ্যাপসা গরম ছিল
satyajit ray,"তার পর থেকে একটা ঝিরঝিরে হাওয়া বইতে শুরু করেছে সুয়েজ ক্যানালের দিক থেকে আমার ঈজিপ্টে আসা কতদূর সার্থক হবে জানি না, তবে আজ সারাদিনে যে সব ঘটনা ঘটেছে তাতে কিছুটা আশাপ্রদ বলেই মনে হচ্ছে"
satyajit ray,অনেকদিন থেকেই এদিকটায় একটা পাড়ি দেবার ইচ্ছে ছিল
satyajit ray,আমার তো মনে হয় যে কোনও দেশের যে কোনও বৈজ্ঞানিকেরই ঈজিপ্টটা ঘুরে যাওয়া উচিত
satyajit ray,"আজ থেকে পাঁচ হাজার বছর আগেও এরা বিজ্ঞানে যে আশ্চর্য কৃতিত্ব দেখিয়েছিল, তা ভাবলে সত্যিই অবাক লাগে"
satyajit ray,নিয়ে অনেক কিছু গবেষণা করার আছে
satyajit ray,"এদের কেমিস্টি, এদের গণিতবিজ্ঞান, এদের চিকিৎসাশাস্ত্র, সব কিছুই সেই প্রাচীন যুগে এক অবিশ্বাস্য পরিণতি লাভ করেছিল সবচেয়ে অবাক লাগে এদের - ব্যাপারটা"
satyajit ray,"মৃতদেহকে এমন এক আশ্চর্য রাসায়নিক উপায়ে ব্যান্ডেজবদ্ধ অবস্থায় কাঠের কফিনে শুইয়ে রেখে দিত, যে পাঁচ হাজার বছর পরেও সেই ব্যান্ডেজ খুলে দেখা গেছে যে মৃতদেহ পচা তো দুরে থাকুক, তার কোনও রকম বিকারই ঘটেনি"
satyajit ray,এর রহস্য আজ অবধি কোনও বৈজ্ঞানিক উদঘাটন করতে পারেননি
satyajit ray,ইংল্যান্ডের প্রত্নতান্ত্তিক ডক্টর সামারটন যে বর্তমান ঈজিপ্টের বুবাসটিস অঞ্চলে এক্সক্যাভেশন চালাচ্ছেন সে খবর গিরিডিতে থাকতেই পড়েছিলাম
satyajit ray,এই প্রত্নতাত্ত্িক দলটির সঙ্গে আলাপ করে নেওয়ার উদ্দেশ্য প্রথম থেকেই ছিল
satyajit ray,সামারটনের লেখা সম্বন্ধে বইগুলো সবই পড়ে নিয়েছিলাম
satyajit ray,তিন বছর সাহারায় এক্সক্যাভেশনের ফলে চতুর্থ ডাইন্যাস্টির রাজা খেরোটেপের সেই আশ্চর্য সমাধিকক্ষ সামারটনই আবিষ্কার করেছিলেন
satyajit ray,এই সামারটনের সঙ্গে ঈজিপ্টে পদার্পণ করার কয়েক ঘণ্টার মধ্যেই যে এমন আশ্চর্যভাবে আলাপ হবে তা কে জানত
satyajit ray,"সকালে হোটেলে এসে আমার ঘরের ব্যবস্থা করেই গিয়েছিলাম ম্যানেজারের কাছে, সামারটনের খোঁজ নিতে"
satyajit ray,"ভদ্রলোক আমার প্রশ্ন শুনে খবরের কাগজ থেকে দৃষ্টি তুলে আমার দিকে চেয়ে বললেন, 'আপনিও কি একই ধান্দায় এসেছেন নাকি"
satyajit ray,বলার ভঙ্গিটা আমার ভাল লাগল না
satyajit ray,"ম্যানেজার বললেন, তাই যদি হয়, তা হলে আপনাকে সাবধান করে দেওয়াটা আমার কর্তব্য বলে মনে করি"
satyajit ray,"নইলে সামারটনের যা দশা হয়েছে, আপনারও ওই জাতীয় একটা কিছু হবে আর কী হয়েছে সামারটনের"
satyajit ray,উপযুক্ত শাস্তি হয়েছে- আবার কী হবে
satyajit ray,মাটি খুঁড়ে প্রাচীন সমাধিমন্দিরে অনধিকার প্রবেশের ফলভোগ করছেন তিনি
satyajit ray,অবশ্য বেশি দিন কষ্ট পেতে হবে না বোধ হয়
satyajit ray,পোকার কামড় খেয়ে কম মানুষই বাঁচে স্ক্যারাব বিটূল-এর কথা বইয়ে
satyajit ray,গুবরে জাতীয় পোকা; পুরাকালে ঈলজিস্সীয়রা দেবতা বলে মান্য করত
satyajit ray,আরও কিছু প্রশ্ন করে জানতে পারলাম গতকাল বুবাসটিস-এ এক্সক্যাভেশনের কাজ করতে করতে সামারটন হঠাৎ নাকি চিৎকার করে পড়ে যান
satyajit ray,"তীর সাঙ্গোপাঙ্গরা ছুটে এসে দেখে সামারটন তীর ডান পায়ের গুলিটা আঁকড়ে ধরে যন্ত্রণায় মুখ বিকৃত করে পড়ে আছেন আর বলছেন, দ্যাট"
satyajit ray,পোকাটিকে নাকি খুঁজে পাওয়া যায়নি
satyajit ray,সামারটনকে তৎক্ষণাৎ পোর্ট সেইডের হাসপাতালে পাঠিয়ে দেওয়া হয়
satyajit ray,তাঁর অবস্থা নাকি বেশ সঙ্গিন
satyajit ray,খবরটা পেয়ে আর বিলম্ব না করে হাসপাতালের উদ্দেশে বেরিয়ে পড়লাম
satyajit ray,সঙ্গে নিলাম আমার তৈরি ওষুধ- মিরাকিউরল
satyajit ray,দেশে কত যে করাইত-কেউটের ছোবল খাওয়া ও কীকড়াবিছের কামড় খাওয়া লোক এই ওষুধের এক ডোজ খেয়েই চাঙ্গা হয়ে উঠেছে তার ইয়ত্তা নেই
satyajit ray,হাসপাতালে গিয়ে দেখি সাহেবের সত্যিই সংকটাপন্ন অবস্থা
satyajit ray,কিন্তু আশ্চর্য মনের জোর ভদ্রলোকের এই অবস্থাতেও খাটে শুয়ে আছেন
satyajit ray,কেবল মাঝে মাঝে আচমকা ও মুখ বিকৃতিতে তার অসহ্য যন্ত্রণা প্রকাশ পাচ্ছে
satyajit ray,আমি নিজের পরিচয় দিয়ে তার একজন অনুরাগী পাঠক হিসাবে তীর দর্শন পাবার জন্য ঘরে ঢুকেছিলাম কিন্তু অবাক হয়ে গেলাম যে ভদ্রলোক আমার নামে চিনতে পেরেছেন
satyajit ray,শুধু তাই নয়- এই যন্ত্রণাক্লিষ্ট অবস্থায় ক্ষীণ কণ্ঠে তিনি আমাকে জানালেন যে আমার লেখা বিজ্ঞানবিষয়ক অনেক বইই তীর পড়া- এবং ভূতপ্রেতের বৈজ্ঞানিক ভিত্তি সম্পর্কে আমার যে মৌলিক গবেষণামূলক একটি বই আছে- সেটা নাকি তীর একটি অতি প্রিয় বই
satyajit ray,আমার উপর এই আস্থার দরুনই বোধহয় আমার ওষুধটা খেতে তাঁর কোনও আপত্তি হল না
satyajit ray,আমি যখন হোটেলে ফিরেছি তখন বেলা সাড়ে এগারোটা
satyajit ray,বিকেল তিনটের কিছু আগে খবর এল সামারটন অনেকটা সুস্থ বোধ করছেন
satyajit ray,"জ্বর নেই, শরীরের নীল ভাবটা কেটে গেছে, যন্ত্রণাও অনেক কম"
satyajit ray,আগামীকাল সকালের মধ্যে যে তিনি সম্পূর্ণ সুস্থ হয়ে উঠবেন এ বিষয় আমার মনে কোনও সন্দেহ ছিল না
satyajit ray,কাল সকালে সামারটনের সঙ্গে দেখা করে কয়েকদিনের জন্য তীর সঙ্গ নেওয়ার প্রস্তাবটা করতে হবে
satyajit ray,সেপ্টেম্বর রাত টা আজ ভোরে উঠেই হাসপাতালে গিয়েছিলাম
satyajit ray,গুবরের কামড়ের দাগটা পর্যন্ত আশ্চর্যভাবে একদিনেই মিলিয়ে গেছে
satyajit ray,আমার ওষুধের গুণ দেখে আমি নিজেই অবাক
satyajit ray,কী সব অদ্ভুত জিনিসের সংমিশ্রণে ওই ওষুধ তৈরি হয়েছে সেটা আর সামারটনকে বললাম বিশেষত গলদা চিংড়ির কথাটা বললে হয়তো তিনি আমাকে পাগলই ঠাউরে বসতেন
satyajit ray,যাই হোক- আমার প্রতি সামারটনের কৃতজ্ঞতার শেষ নেই
satyajit ray,এক্সক্যাভেশনে সঙ্গ নেবার কথাটা আর আমাকে বলতে হল না- উনি নিজেই বললেন
satyajit ray,আমি অবশ্য তৎক্ষণাৎ রাজি হয়ে গেলাম
satyajit ray,ইনিও দেখলাম মামির ব্যাপারে বিশেষ অনুসন্ধিৎসু
satyajit ray,"শুধু তাই নয়- এই যে সব প্রাচীন সমাধিমন্দিরে প্রবেশ করে তার জিনিসপত্র থাঁটাথীটি করা, এর ফলে যে কোনও প্রাচীন অভিশাপ সামারটন বা তাঁর দলভুক্ত কাউকে স্পর্শ করে তার অনিষ্ট হতে পারে, এ বিশ্বাসও যে সামারটনের আছে"
satyajit ray,"যে গুব্রে পোকাটি তাঁকে কামড়েছে, তীর ধারণা সেটি হল সেই স্ক্যারাব গুব্রে- যাকে নাকি ঈজিন্সীয়রা পুজো করত"
satyajit ray,সামারটন যে মন্দিরে কাজ করছেন তার দেওয়ালে নাকি এই গুবরের খোদাই করা প্রতিমূর্তি রয়েছে
satyajit ray,যে জানোয়ার মাছ পাখির অনেক কিছুকেই দেবতার অবতার বলে পুজো করত সে তথ্য আমার জানা ছিল
satyajit ray,"আমি সামারটনকে বললাম, কোন একটা জায়গায় নাকি এক্সক্যাভেশনের ফলে একটা বেড়ালের সমাধি মন্দির পাওয়া গেছে"
satyajit ray,"সামারটন বললেন, 'আরে, সে তো এই বুবাসটিসেই- আমি এখন যেখানে কাজ করছি সেখানে এটা অনেকদিনের আবিষ্কার"
satyajit ray,শতখানেক বেড়ালের সমাধি রয়েছে সেই ঘরটায়
satyajit ray,ঠিক মানুষকে যে ভাবে করে কফিনে বন্ধ করে রাখা হত বেড়ালকেও ঠিক সেইভাবেই রাখা হয়েছে
satyajit ray,বেড়াল ছিল নেফ্দেৎ দেবীর অবতার আমি স্থির করলাম সময় ও সুযোগ পেলে এই বিচিত্র সমাধিকক্ষ দেখে আসব
satyajit ray,বেড়াল আমার অতি প্রিয় জিনিস
satyajit ray,বাড়িতে আমার পোষা নিউটনকে রেখে এসেছি
satyajit ray,তার কথা মনে হলে মনটা খারাপ হয়ে যায়
satyajit ray,সামারটনের সঙ্গে দেখা করে যখন হোটেলে ফিরছি তখন বেলা বেড়ে গিয়ে বেশ গনগনে রোদ উঠেছে
satyajit ray,হোটেলের সামনে একটা স্থানীয় লোক আমায় দেখে আমার দিকে এগিয়ে এল
satyajit ray,"লোকটা লম্বায় ছ'ফুটের ওপর, গায়ের রং পোড়া তামাটে, চুল ছোট করে ছাঁটা ও পাকানো, চোখ দুটো কোটরে বসা, চাহনি তীক্ষু ও নির্মম"
satyajit ray,লোকটা এগিয়ে এসে তার ডান হাতটা অত্যন্ত উদ্ধতভাবে আমার কীধের উপর রাখল
satyajit ray,"তারপর আমার দিকে নিষ্পলক দৃষ্টি রেখে ভাঙা ইংরেজিতে বলল, 'আপনাকে তো ভারতীয় বলে মনে হচ্ছে, তবে আপনি এই শ্বেতাঙ্গ বর্বরদের দলে ভিড়ছেন কেন"
satyajit ray,আমাদের দেশের সব পবিত্র প্রাচীন জিনিস নিয়ে আপনাদের এত কী মাথা ব্যথা
satyajit ray,"আমি পালটা বিরক্তির ভাব দেখিয়ে বললাম, কেন, তাতে কী হয়"
satyajit ray,প্রাচীন জিনিস নিয়ে মাথা ঘামালেই কি তার প্রতি অশ্রদ্ধা প্রকাশ করা হয়
satyajit ray,আপনি জানেন আমি প্রাচীন সভ্যতার প্রতি কতখানি শ্রদ্ধা নিয়ে এদেশে এসেছি
satyajit ray,লোকটার চোখদুটো যেন জ্বল জ্বল করে উঠল
satyajit ray,তার ডান হাতটা তখনও আমার কীধে
satyajit ray,"সেই হাত দিয়ে একটা চাপ দিয়ে সে বলল, শ্রদ্ধা এক জিনিস, আর শাবল লাগিয়ে মাটি খুঁড়ে পবিত্র সমাধিকক্ষে প্রবেশ করে মৃতব্যক্তির আত্মার অবমাননা করা আর এক জিনিস"
satyajit ray,সামারটন সাহেব কোথায় কাজ করছেন তা জানেন
satyajit ray,বুবাসটিসে চতুর্থ ডাইনাস্টির রাজা থেফেসের আমলের একটি সমাধিকক্ষে সেইখানে আমার পূর্বপুরুষদের সমাধি আছে সেটা আপনি জানেন
satyajit ray,"আমি তো হো হো করে হেসে উঠে বললাম, 'আপনি দেখছি আপনার চৌদ্দশ পুরুষ অবধি খবর রাখেন লোকটা যেন আরও খেপে উঠল"
satyajit ray,"তার ডান হাত দিয়ে আমার কীধে একটু ঝাঁকুনি দিয়ে বলল, রাখি কি না রাখি তা ওইসব মন্দিরে আরেকটু ঘোরাঘুরি করে দেখুন না, তা হলেই টের পাবেন এই বলে লোকটা আমায় ছেড়ে হনহনিয়ে রাস্তার দিকে চলে গিয়ে ভিড়ের সঙ্গে মিশে গেল"
satyajit ray,আমিও হীফ ছেড়ে আমার ঘরে চলে গেলাম
satyajit ray,সামারটন কালকেই ফিরে যাবেন তার কাজের জায়গায় এবং আমি যাব তীর সঙ্গে
satyajit ray,জিনিসপত্তর এইবেলা গোছগাছ করে রাখা ভাল
satyajit ray,মনে মনে একটা উত্তেজনা অনুভব করছিলাম
satyajit ray,সেবার নীলগিরি অঞ্চলে প্রাগৈতিহাসিক জানোয়ারের উদ্দেশ্যে পাড়ি দেবার সময়ও ঠিক এইরকম হয়েছিল
satyajit ray,কাল সামারটনকে এই উদ্ধতস্বভাব আধপাগলা ঢ্যাঙা লোকটার কথা বলতে হবে
satyajit ray,আমার মনে হয় ব্যাপারটা আর কিছু নয়- আসলে এইসব পুরনো মন্দিরে অনেক সময়েই মূল্যবান পাথরবসানো সব গয়নাগীটি পাওয়া যায়
satyajit ray,"এইসব স্থানীয় লোকেরা তা ভালভাবেই জানে এবং এরা হয়তো মনে করে যে হুমকি দিয়ে, অভিশাপের ভয় দেখিয়ে, নিরীহ প্রত্নতান্ত্তিকদের কাছ থেকে এই সব পাথরবসানো জিনিসের কয়েকটা আদায় করে নিতে পারবে"
satyajit ray,তবে লোকটা যদি বেশি জ্বালাতন করে আমি স্থির করেছি ওকে হীচিয়ে মারব
sunil gangopadhay,"চু ভয়ংকর সুন্দর লীদার নদীর তীরে আর সবাই পাহাড়ে গিয়ে কত আনন্দ করে, আমাকে সারাদিন বসে থাকতে হয় গজ ফিতে নিয়ে পাথর মাপতে হয়"
sunil gangopadhay,"ফিতের একটা দিক ধরে থাকেন কাকাবাবু, আর একটা দিক ধরে টানতে টানতে আমি নিয়ে যাই, যতক্ষণ না ফুরোয় আজ সকাল থেকে একটুও কুয়াশা নেই"
sunil gangopadhay,"ঝকঝক করছে আকাশ পাহাড়গুলোর মাথায় বরফ, রোদ্দুর লেগে চোখ ঝলসে যায়"
sunil gangopadhay,ঠিক মনে হয় যেন সোনার মুকুট পরে আছে
sunil gangopadhay,"যখন রোদ্দুর থাকে না, তখন মনে হয়, পাহাড় চূড়ায় কত কত আইসক্রিম, যত ইচ্ছে খাও, কোনওদিন ফুরোবে না আমার ডাক নাম"
sunil gangopadhay,"ভাল নাম সুনন্দ রায়চৌধুরী আমি বালিগঞ্জের ইনসটিটিউশানে ক্লাস এইট-এ পড়ি আমার একটা কুকুর আছে, তার ডাক নাম ওর ভাল নামও অবশ্য আছে একটা ওর ভাল নাম আমার ছোটমাসীর বাড়িতে একটা পোষা বিড়াল আছে"
sunil gangopadhay,আমি সেটার নাম রেখেছি লড়াবি
sunil gangopadhay,"আমি ওকে তেমন ভালবাসি না, তাই ওর ডাক নাম নেই আমার কুকুরটাকে সঙ্গে আনতে পারিনি বলে মাঝে মাঝে আমার মন খারাপ হয়"
sunil gangopadhay,"আমি গত বছর ফাইনাল পরীক্ষায় সেকেন্ড হয়েছি, কিন্তু স্পোর্টসে চারটে আইটেমে ফার্স্ট হয়েছিলুম কাকাবাবু এই জন্য আমাকে খুব ভালবাসেন আজ চমৎকার বেড়াবার দিন কিন্তু আজও সকালবেলা কাকাবাবু বললেন, চলো সন্ত, আজ সোনমার্গের দিকে যাওয়া"
sunil gangopadhay,ব্যাগ দুটোতে সব জিনিসপত্তর ভরে নাও
sunil gangopadhay,"আমি জিজ্ঞেস করলাম, কাকাবাবু, সোনমার্গে তো আগেও গিয়েছিলাম আবার ওখানেই যাব কাকাবাবু বললেন, হ্যাঁ, এ জায়গাটাই বেশি ভাল"
sunil gangopadhay,"আমি একটু মন খারাপ করে বললাম, কাকাবাবু, আমরা শ্রীনগর যাব না"
sunil gangopadhay,"কাকারাবু চশমা মুছতে মুছতে উত্তর দিলেন, না, না, শ্রীনগরে গিয়ে কী হবে"
sunil gangopadhay,আজ দিন হল আমরা কাশ্মীরে এসেছি
sunil gangopadhay,কিন্তু এখনও শ্রীনগর দেখিনি একথা কেউ বিশ্বাস করবে
sunil gangopadhay,আমাদের ক্লাসের ফার্স্টবয় দীপঙ্কর ওর বাড়ির সবার সঙ্গে গত বছর বেড়াতে এসেছিল কাশ্মীরে
sunil gangopadhay,"দীপন্করের বাবা বলে রেখেছেন, ও পরীক্ষায় ফার্স্ট হলে, ওকে প্রত্যেকবার ভাল ভাল জায়গায় বেড়াতে নিয়ে যাবেন সেইজন্যই তো দু' নম্বরের জন্য সেকেন্ড হয়েও আমার দুঃখ হয়নি"
sunil gangopadhay,কাশ্মীর থেকে ফিরে গিয়ে দীপঙ্কর কত গল্প বলেছিল ৷ ডাল ওপর কতরকমের সুন্দরভাবে সাজানো বড় বড় নৌকো থাকে
sunil gangopadhay,"ওখানে সেই নৌকোগুলোর নাম হাউস বোট সেই হাউস বোটে থাকতে কী আরাম রাস্তিরবেলা যখন সব হাউস বোটে আলো জ্বলে ওঠে তখন মনে হয় জলের ওপর মায়াপুরী শিকারা নামে ছোট ছোট নৌকো ভাড়া পাওয়া যায়, তাইতে চড়ে যাওয়া যায় যেখানে ইচ্ছে সেখানে"
sunil gangopadhay,"মোগল গার্ডেনস, চশমাসাহী, নেহরু পার্কব--এইসব জায়গায় কী ভাল ভাল সব বাগান"
sunil gangopadhay,"দীপসঙ্করের কাছে গল্প শুনে আমি ভেবেছিলাম যে শ্রীনগরই বুঝি কাশ্মীর এবার কাকাবাবু যখন কাশ্মীরে আসবার কথা বললেন, তখন কী আনন্দই যে হয়েছিল আমার কিন্তু এখনও আমার কাশ্মীরের কিছুই প্রায় দেখা হল না"
sunil gangopadhay,"চোদ্দ দিন কেটে গেল কাকাবাবুর কাছে শ্রীনগরের নাম বললেই উনি বলেন, ওখানে গিয়ে কী হবে"
sunil gangopadhay,জলের ওপর তো আর ফিতে দিয়ে মাপা যায় না
sunil gangopadhay,তাই বোধ হয় কাকাবাবুর পছন্দ নয়
sunil gangopadhay,"সত্যি কথা বলতে কী, কেন যে কাকাবাবু ফিতে দিয়ে পাহাড় মাপছেন তা আমি বুঝতে পারিনা"
sunil gangopadhay,"অবশ্য এই জায়গাটাও বেশ সুন্দর ৷ কিন্তু যে-জায়গাটা এখনও দেখিনি, সেই জায়গাটাই কল্পনায় বেশি সুন্দর লাগে"
sunil gangopadhay,পহলগ্রামে বরফ মাখা পাহাড়গুলো এত কাছে যে মনে হয় এক দৌড়ে চলে যাই
sunil gangopadhay,একটা ছোট্ট নদী বয়ে গেছে পহলগ্রাম দিয়ে
sunil gangopadhay,"ছোট হলেও নদীটার দারুণ স্রোত, আর জল কী ঠাণ্ডা"
sunil gangopadhay,"অনেক দোকানপাট, অনেক হোটেল আছে এখান থেকেই তো তীর্থযাত্রীরা অমরনাথের দিকে যায়"
sunil gangopadhay,"অনেক সাহেব মেমেরও ভিড় যারা আগে শ্রীনগর ঘুরে পহলগ্রামে এসেছে, তাদের মধ্যে অনেকে বলে যে শ্রীনগরের থেকে পহলগ্রাম জায়গাটা নাকি বেশি সুন্দর"
sunil gangopadhay,"কিন্তু আমি তো শ্রীনগর দেখিনি, তাই আমার ঠিক বিশ্বাস হয় না"
sunil gangopadhay,শ্রীনগরের মতন এখানে তো হাউস বোট নেই
sunil gangopadhay,আমরা কিন্তু এখানেও হোটেলে থাকি না
sunil gangopadhay,"আমরা থাকি নদীর এপারে, তাঁবুতে"
sunil gangopadhay,এই তাঁবুতে থাকার ব্যাপারটা আমার খুব পছন্দ
sunil gangopadhay,"দীপস্কররা শ্রীনগরে জলের ওপর হাউস বোটে ছিল, কিন্তু ওরা তো তাঁবুতে থাকেনি"
sunil gangopadhay,"দমদমের ভি-আই-পি রোড দিয়ে যেতে যেতে কতদিন দেখেছি, মাঠের মধ্যে সৈন্যরা তাঁবু খাটিয়ে আছে"
sunil gangopadhay,"আমারও খুব শখ হত তাঁবুতে থাকার , আমাদের তাঁবুটা ছোট হলেও বেশ ছিমছাম"
sunil gangopadhay,"পাশাপাশি দুটো খাট, কাকাবাবুর আর আমার রাত্তিরবেলা দু' পাশের পর্দা ফেলে দিলে ঠিক ঘরের মতন হয়ে যায়"
sunil gangopadhay,"আর একটা ছোট ঘরের আছে এক পাশে, সেটা জামাকাপড় ছাড়ার জন্য অনেকে তাঁবুতে রান্না করেও খায়, আমাদের খাবার আসে হোটেল থেকে তাঁবুতে শুলেও খুব বেশি শীত করে না আমাদের, তিনখানা করে কম্বল গায়ে দিই তো"
sunil gangopadhay,ঘুমোবার সময়েও পায়ে গরম মোজা পরা থাকে
sunil gangopadhay,কোনও কোনও দিন খুব শীত পড়লে আমরা কয়েকটা হট ওয়াটার ব্যাগ বিছানায় নিয়ে রাখি
sunil gangopadhay,কত রাত পর্যন্ত শুয়ে শুয়ে নদীর স্রোতের শব্দ শুনতে আর কী একটা রাত-জাগা পাখি ডাকে চি-আও
sunil gangopadhay,চি-আও মাঝে মাঝে অনেক রাস্তির তাঁবুর মধ্যে মানুষজনের কথাবার্ত শুনে ঘুম ভেঙে যায়
sunil gangopadhay,আমার বালিশের পাশেই টর্চ থাকে
sunil gangopadhay,তাড়াতাড়ি টর্চ জ্বেলে দেখি কাশ্মীরে চোর-ডাকাতের ভয় প্রায় নেই বললেই চলে
sunil gangopadhay,"এখানকার মানুষ খুব অতিথিপরায়ণ টর্চের আলোয় দেখতে পাই, তাঁবুর মধ্যে আর কেউ নেই কাকাবাবু ঘুমের মধ্যে কথা বলছেন কাকাবাবুর এটা অনেক দিনের স্বভাব"
sunil gangopadhay,কাকাবাবু ঘুমিয়ে ঘুমিয়ে কার সঙ্গে যেন তর্ক করেন ওঁর দু'রকম গলা হয়ে যায়
sunil gangopadhay,"কথাগুলো আমি ঠিক বুঝতে পারি না, কিন্তু আমার এই সময় একটু ভয় ভয় করে তখন উঠে গিয়ে কাকাবাবুর গায়ে একটু ঠেলা মারলেই উনি চুপ করে যান"
sunil gangopadhay,"আমার একটু দেরিতে ঘুম ভাঙে পরীক্ষার আগে আমি অনেক রাত জেগে পড়তে পারি, কিন্তু ভোরে উঠতে খুব কষ্ট হয়"
sunil gangopadhay,আর এখানে এই শীতের মধ্যে তো বিছানা ছেড়ে উঠতে ইচ্ছাই করে না
sunil gangopadhay,"কাকাবাবু খুব ভোরে উঠতে পারেন আমি জেগে উঠেই দেখি, কাকাবাবুর ততক্ষণে দাড়ি কামানো, স্নান করা সব শেষ"
sunil gangopadhay,বিছানা থেকে নেমেই আমি তাঁবুর মধ্যে লাফালাফি দৌড়োদৌড়ি শুরু করি তাতে খানিকটা শীত কাটে
sunil gangopadhay,"আজ সকালবেলা মুখ হাত ধুয়ে, চা-টা খেয়ে আমরা বেরিয়ে পড়লাম তাঁবুতে থাকার একটা সুবিধে এই দরজায় তালা লাগানো হয় তাঁবুতে তো দরজাই থাকে দরজার বদলে শক্ত পদ, সেটা দড়ি দিয়ে বেঁধে রাখলেই হয়"
sunil gangopadhay,"আমাদের কোনও জিনিসপত্তর কোনওদিন চুরি হয়নি, কাশ্মীরে নাকি চোর নেই ৷ অবশ্য ডাকাত আছে সেটা আমরা পরে টের পেয়েছিলুম ছোট্ট ব্রিজটা পেরিয়ে চলে এলুম নদীর এদিকে"
sunil gangopadhay,"এই সকালেই রাস্তায় কত মানুষজনের ভিড়, কত রকম রং-বেরঙের পোশাক যে-দেশে খুব বরফ থাকে, সে দেশের মানুষ খুব রঙিন জামা পরতে ভালবাসে ঝাঁক ঝাঁক সাহেব মেম এসেছে আজ ঘোড়াওয়ালা ছেলেরা ঘোড়া ভাড়া দেবার জন্য সবাই এক সঙ্গে চিল্লিমিল্লি করছে"
sunil gangopadhay,আমরা কিন্তু এখন ঘোড়া ভাড়া নেব না
sunil gangopadhay,আমরা বাসে করে যাব সোনমার্গ তারপর সেখান থেকে ঘোড়া ভাড়া নিয়ে পাহাড়ে কাকাবাবুর ঘোড়ায় চড়তে খুব কষ্ট হয়
sunil gangopadhay,তাই আমরা ঘোড়ায় বেশি না
sunil gangopadhay,প্রথম ক'দিন আমাদের একটা জিপ গাড়ি ছিল
sunil gangopadhay,এখানকার গভর্নমেন্ট থেকে দিয়েছিল গভর্নমেন্টের লোকেরা কাকাবাবুকে খুব খাতির করেন কিন্তু আমার কাকাবাবু ভারী অদ্ভুত ৷ তিনি কোনও লোকের সাহায্য নিতে চান না
sunil gangopadhay,"দু' তিন দিন বাদেই তিনি জিপ গাড়িটা ফেরত পাঠিয়ে দিয়েছেন আমাকে তখন বলেছিলেন, সব জায়গায় তো গাড়ি যায় না"
sunil gangopadhay,যে-সব জায়গায় গাড়ি যাবার রাস্তা নেই--সেখানেই আমাদের বেশি কাজ
sunil gangopadhay,খোঁড়া পা নিয়েই তিনি কষ্ট করে চড়বেন ঘোড়ায়
sunil gangopadhay,আমার কাকাবাবুকে কিন্তু অন্য কেউ খোঁড়া বললে আমার ভীষণ রাগ হয়
sunil gangopadhay,আমি তো শুধু একবার মনে মনে বললাম কাকাবাবু তো জন্ম থেকেই খোঁড়া নন্ ৷ মাত্র দু' বছর আগে কাকাবাবু যখন আফগানিস্তানে গিয়েছিলেন তখন কাবুলের থেকে খানিকটা দূরে ওঁর গাড়ি যায়
sunil gangopadhay,তখনই একটা পা একেবারে ভেঙে গিয়েছিল কাকাবাবুকে এখন ক্রাচে ভর দিয়ে হাঁটতে হয়
sunil gangopadhay,"এখন আর একলা একলা নিজে সব কাজ করতে পারেন না বলে কোথাও গেলে আমাকে সঙ্গে নিয়ে যান আমারও বেশ মজা, কত জায়গায় বেড়াই"
sunil gangopadhay,"গত বছর পুজোর সময় গিয়েছিলাম , সেখান থেকে কালিকট"
sunil gangopadhay,"হ্যাঁ, সেই কালিকট বন্দর, যেখানে তাস্কো-ডা-গামা প্রথম এসেছিলেন ইতিহাসে-ভূগোলে যে-সব জায়গার নাম পড়েছি, সেখানে সত্যি সত্যি কোনওদিন বেড়াতে গেলে কী রকম যে অদ্ভুত ভাল লাগে, কী বলব"
sunil gangopadhay,"গা আগে চাকরি করার সময় কাকাবাবু যখন বাইরে বাইরেই ঘুরতেন, তখন আমরা ওঁকে বেশি দেখতে পেতাম চাকরি থেকে রিটায়ার করার পর উনি কলকাতায় আমাদের বাড়িতে থাকেন বই পড়েন দিনরাত, আর বছরে একবার দু'বার নানান এঁতিহাসিক জায়গায় বেড়াতে যান--তখন আমাকে নিয়ে যান সঙ্গে"
sunil gangopadhay,কাশ্মীরে এর আগেও কাকাবাবু দু' তিন বার এসেছেন- -এখানে অনেকেই চেনেন কাকাবাবুকে ভর দিয়েও কাকাবাবু কিন্তু খুব তাড়াতাড়ি হাঁটতে পারেন দু' হাতে দুটো ব্যাগ নিয়ে আমি পাল্লা দিতে পারি না
sunil gangopadhay,এত তাড়াতাড়ি এসেও কিন্তু আমরা বাস ধরতে পারলুম না
sunil gangopadhay,সোনমার্গ যাবার প্রথম বাস একটু আগে ছেড়ে গেছে
sunil gangopadhay,পরের বাস আবার একঘণ্টা বাদে
sunil gangopadhay,অপেক্ষা করতে হবে কাকাবাবু কিন্তু বিরক্ত হলেন না
sunil gangopadhay,"আমার দিকে তাকিয়ে মুচকি হেসে বললেন কী সন্ত, জিলিপি হবে নাকি"
sunil gangopadhay,আমি লজ্জা পেয়ে মাথা নিচু কাকাবাবু যে এক এক সময় মনের কথাটা ঠিক কী করে বুঝতে পারেন
sunil gangopadhay,"পহলগ্রামে যারা বেড়াতে যায়নি, তারা খুঝতেই পারবে না, এখানকার জিলিপি'র কী অপূর্ব স্বাদ"
sunil gangopadhay,"খাঁটি ভাজা মস্ত বড় মৌচাক সাইজের জিলিপি ৷ টুসটুসে রসে ভর্তি, ঠিক মধুর মতন ভেজাল ঘি কাশ্মীরে যায় না, ডালডা তো বিক্রিই হয় সোনার খোঁজে, না গন্ধকের খোঁজে"
sunil gangopadhay,"বাস স্ট্যান্ডের কাছেই সোহনপালের বিরাট মিষ্টির দোকান ভেতরে চেয়ার টেবিল পাতা, দেয়ালগুলো সব আয়না দিয়ে মোড়া"
sunil gangopadhay,খাবারের দোকানের ভেতরে কেন যে আয়না দেওয়া বুঝি না খাবার খাওয়ার সময় নিজের চেহারা দেখতে কারুর ভাল লাগে নাকি
sunil gangopadhay,জিলিপিতে কামড় বসাতেই হাত দিয়ে রস গড়িয়ে পড়ল
sunil gangopadhay,"কাকাবাবু নিজে খুব কম খান, কিন্তু আমার জন্য তিন চার রকমের খাবারের অর্ডার দিয়েছেন"
sunil gangopadhay,এক ঘণ্টা সময় কাটাতে হবে তো
sunil gangopadhay,"কাশ্মীরে এসে যতই পেট ভরে খাও, একটু বাদেই আবার খিদে পাবে এখানকার জলে সব কিছু তাড়াতাড়ি হজম হয়ে যায়"
sunil gangopadhay,"কী প্রোফেসার সাহেব, আজ কোনদিকে যাবেন"
sunil gangopadhay,তাকিয়ে দেখি আমাদের টেবিলের সামনে দাঁড়িয়ে আছে একজন বিশাল চেহারার মানুষ
sunil gangopadhay,"চিনি এঁকে, নাম সিং প্রায় ফিট লম্বা, দুটো আমার উরুর মতন চওড়া, মুখে সুবিন্যস্ত দাড়ি সূচা সিং এখানে অনেকগুলো বাস আর ট্যাক্সির মালিক, খুব জবরদস্ত ধরনের মানুষ ৷ কী কারণে যেন উনি আমার কাকাবাবুকে প্রোফেসার বলে ডাকেন, যদিও কাকাবাবু কোনওদিন কলেজে পড়াননি কাকাবাবু আগে দিল্লিতে গভর্নমেন্টের কাজ করতেন এখানে একটা কথা বলে রাখি"
sunil gangopadhay,"কাশ্মীরে এসে প্রথম কয়েকদিনই অবাক হয়ে লক্ষ করেছিলুম, এখানে অনেকেই ভাঙা ভাঙা বাংলা বলতে পারে বাংলাদেশ থেকে এত দূরে, আশ্চর্য ব্যাপার, না"
sunil gangopadhay,"কাকাবাবুকে জিজ্ঞেস করেছিলুম, এর কারণ ৷ কাকাবাবু বলেছিলেন, ভ্রমণকারীদের দেখাশোনা করাই তো কাশ্মীরের লোকদের প্রধান পেশা"
sunil gangopadhay,আর ভারতীয় ভ্রমণকারীদের মধ্যে বাঙালিদের সংখ্যাই বেশি- বাঙালিরা খুব বেড়াতে ভালবাসে- তাই বাঙালিদের কথা শুনে শুনে এরা অনেকেই বাংলা শিখে নিয়েছে
sunil gangopadhay,"যেমন, সাহেব মেম অনেক আসে বলে এরা ইংরাজিও জানে বেশ ভালই"
sunil gangopadhay,"এখানেই একটা ঘোড়ার সহিসকে দেখেছি, বাইশ-তেইশ বছর বয়েসে, সে কোনওদিন ইস্কুলে পড়েনি, নিজের নাম সই করতেও জানে না--অথচ ইংরেজি, বাংলা, বলে জলের মতন সূচা সিং ভাঙা ভাঙা আর বাংলা কথা মিলিয়ে বলেন কিন্তু উরদু তো আমি জানি না, তন্দুরস্তি, তাকাল্লুফ এই জাতীয় দু' চারটে কথার বেশি শিখতে পারিনি- তাই ওর কথাগুলো আমি বাংলাতেই লিখব কাকাবাবু সূচা সিংকে পছন্দ করেন না"
sunil gangopadhay,লোকটির বড্ড গায়ে পড়া ভাব আছে
sunil gangopadhay,"কাকাবাবু একটু নির্লিপ্তভাবে বললেন, কোনদিকে যাব ঠিক নেই"
sunil gangopadhay,"দেখি কোথায় যাওয়া যায় সূচা সিং চেয়ার টেনে নিয়ে বসে পড়ে বললেন, চলুন, কোনদিকে যাবেন বলুন, আমি আপনাকে পৌছে দিচ্ছি"
sunil gangopadhay,"কাকাবাবু ব্যস্ত হয়ে বললেন, না, না, তার দরকার"
sunil gangopadhay,"আমরা একটু কাছাকাছি ঘুরে আসব আমার তো গাড়ি যাবেই, নামিয়ে দেব আপনাদের না, আমরা বাসে যাব"
sunil gangopadhay,সোনমার্গের দিকে যাবেন তো বলুন
sunil gangopadhay,"ওটাতে যাবেন, আবার ফেরার সময় ওটাতেই ফিরে আসবেন"
sunil gangopadhay,প্রস্তাবটা এমন কিছু খারাপ নয়
sunil gangopadhay,"সূচা সিং বেশ আস্তরিকভাবেই বলছেন, কিন্তু পাত্তা দিলেন না কাকাবাবু"
sunil gangopadhay,"হাতের ভঙ্গি করে সূচা সিং-এর কথাটা উড়িয়ে দিয়ে কাকাবাবু বললেন, না, কোনও দরকার নেই"
sunil gangopadhay,"কাকাবাবু যে সূচা সিংকে পছন্দ করছেন না এটা অন্য যে কেউ দেখলেই বুঝতে পারবে কিন্তু সূচা সেদিকে কোনও খেয়ালই নেই চেয়ারটা কাকাবাবুর কাছে টেনে এসে খাতির জমাবার চেষ্টা করে বললেন, আপনার এখানে কোনও অসুবিধা কিংবা কষ্ট হচ্ছে না তো"
sunil gangopadhay,কিছু দরকার হলে আমাকে বলবেন
sunil gangopadhay,"কাকাবাবু বললেন, না না, কোনও অসুবিধা হচ্ছে না চা খাবেন তো"
sunil gangopadhay,আমার সঙ্গে এক পেয়ালা চা খান
sunil gangopadhay,"কাকাবাবু সংক্ষেপে বললেন, আমি চা খেয়েছি, আর খাব না"
sunil gangopadhay,কাকাবাবু এবার পকেট থেকে বার করলেন আমি এর মানে জানি
sunil gangopadhay,"আমি লক্ষ করেছি, সূচা সিং সিগারেট কিংবা চুরুটের ধোঁয়া একেবারে করতে পারেন কাকাবাবু ওঁকে সরাবার জন্যই চুরুট ধরালেন সিং কিন্তু তবু উঠলেন না- নাকটা একটু কুঁচকে সামনে বসেই রইলেন ৷ তারপর হঠাৎ ফিসফিস করে জিজ্ঞেস করলেন, প্রোফেসার সাব, কিছু হদিস পেলেন"
sunil gangopadhay,কাকাবাবু অপলকভাবে একটুক্ষণ তাকিয়ে রইলেন সুচা সিং-এর দিকে
sunil gangopadhay,"তারপর একটা দীর্ঘশ্বাস ফেলে বললেন, না, কিছুই পাইনি বোধহয় কিছু পাওয়া না"
sunil gangopadhay,তাহলে আর খোঁড়া পা নিয়ে এত তকলিফ করছেন কেন
sunil gangopadhay,"তবু খুঁজছি, কারণ খোঁজাটাই আমার নেশা আপনারা বাঙাসিরা বড় অদ্ভুত আপনি যা খুঁজছেন, সেটা খুঁজে পেলে তা তো গভর্নমেন্টেরই লাভ হবে"
sunil gangopadhay,আপনার তো কিছু হবে তাহলে আপনি গভর্নমেন্টের সাহায্য নিচ্ছেন না কেন
sunil gangopadhay,"গভর্নমেণ্টকে বলুন, লোক দেবে, গাড়ি দেবে, সব ব্যবস্থা করবে- আপনি শুধু খবরদারি করবেন"
sunil gangopadhay,কাকাবাবু হেসে এক মুখ ধোঁয়া ছাড়লেন সূচা সিং-এর দিকে
sunil gangopadhay,"তারপর ধললেন, এটা আমার খেয়াল ছাড়া আর কিছু তো নয়"
sunil gangopadhay,"গভর্নমেন্ট সব ব্যবস্থা করবে, তারপর যদি কিছুই না পাওয়া যায়, তখন সেটা একটা লজ্জার ব্যাপার"
sunil gangopadhay,"লজ্জা কী আছে, গভর্নমেন্টের তো কত টাকারই শ্রাদ্ধ হচ্ছে; কম্পানিকা মাল, দরিয়ামে ডাল্ কাকাবাবু আবার হেসে বললেন, আপনি ঠিকই বলেছেন সিংজী"
sunil gangopadhay,বাঙালিরা ভারি অদ্ভুত তারা নিজেদের ভাল মন্দ বোঝে না
sunil gangopadhay,"সূচা সিং বললেন, আপনাকে দেখেই বুঝেছি, আপনি ভাল আদমি, কিন্তু একদম চালাক একটা কথা আগে বলা হয়নি, কাকাবাবু কাশ্মীরে এসেছেন গন্ধকের খনি খুঁজতে ৷ কাকাবাবুর ধারণা, কাশ্মীরের পাহাড়ের নীচে কোথাও গন্ধক জমা আছে কাশ্মীর সরকারকে জানিয়েছেন সে কথা সরকারকে না জানিয়ে তো কেউ আর পাহাড় পর্বত মাপামাপি করতে পারে না--বিশেষত কাশ্মীরের মতন সীমান্ত এলাকায়"
sunil gangopadhay,"আমি আর কাকাবাবু তাই, গন্ধকের খনি আবিষ্কার ফরার কাজ করছি"
sunil gangopadhay,"সূচা সিং বললেন, প্রোফেসারসাব, ওসব গন্ধক-টম্ধক ছাড়ুন"
sunil gangopadhay,"আমি 'আপনাকে বলে দিচ্ছি, এখানে পাহাড়ের নীচে সোনার খনি আছে"
sunil gangopadhay,"সেটা যদি খুঁজে বার করতে পারেন- কাকাবাবু খানিকটা নকল আগ্রহ দেখিয়ে বললেন, আপনি জানেন, এখানে গোনা পাওয়া যাবে"
sunil gangopadhay,"আমি খুব ভালভাবে জানি আপনি যখন জানেনই যে এখানে সোনা আছে, তাহলে আপনিই সেটা আবিষ্কার করে ফেলুন না"
sunil gangopadhay,"""আমার যে আপনাদের মতন বিদ্যে নেই"
sunil gangopadhay,"ওসব খুঁজে বার করা আপনাদের ধাজ আমি তো শুনেছি, টাটা কম্পানির যে এত বড় ইস্পাতের কারখানা, সেই ইস্পাতের খনি তো একজন বাঙালিই আবিষ্কার করেছিল"
sunil gangopadhay,"কাকাবাবু চুরুটের ছাই ফেলতে ফেলতে বললেন, কিন্তু সিংজী, সোনার খনি খুঁজে পেলেও আপনার কী লাভ হবে"
sunil gangopadhay,"সোনার খনির মালিকানা গভর্নমেন্টের হয় গভর্নমেন্ট নিয়ে নেবে সূচা সিং উৎসাহের চোটে টেবিলে ভর দিয়ে এগিয়ে এসে বললেন, নিক না গভর্নমেন্ট"
sunil gangopadhay,তার আগে আমরাও যদি কিছু নিতে পারি
sunil gangopadhay,"এখানে মুস্তফা বশীর খান বলে একজন বুড়ো আছে, খুব ইমানদার লোক সে আমাকে বলেছে, মার্তগ্ডের কাছে তার পাহাড় খুঁড়ে সোনা পেয়েছিল আপনিও সেখানে পাহাড় খুঁড়তে লেগে যান"
sunil gangopadhay,"আরে শুনুন, শুনুন, প্রোফেসারসাব- কাকাবাবু আমার দিকে ফিরে বললেন, ওঠ"
sunil gangopadhay,আমাদের বাসের সময় হয়ে এসেছে
sunil gangopadhay,"আমি বললাম, একটু জল খাব"
sunil gangopadhay,ফ্লাস্কে জল ভরে নিয়েছিস তো
sunil gangopadhay,"তারপর কাকাবাবু সূচা সিং-এর দিকে তাকিয়ে বললেন, তোমার কি ধারণা, মাটির তলায় আস্ত আস্ত সোনার চাঁই পাওয়া যায়"
sunil gangopadhay,পাথরের মধ্যে সোনা পাওয়া গেলেও তা গালিয়ে বার করা একটা বিরাট ব্যাপার তাছাড়া সাধারণ লোক ভাবে সোনাই সবচেয়ে দামি জিনিস
sunil gangopadhay,"কিন্তু তুমি ব্যবসা করো- তোমার তো বোঝা উচিত, অনেক জিনিসের দাম সোনার চেয়েও বেশি- যেমন ধরো কেউ যদি একটা পেট্রোলের খনির সন্ধান পেয়ে যায়--সেটার দাম সোনার খনির চেয়েও কম হবে তেমনি, শুনে হেলাফেলা করছ, কিন্তু সত্যি সত্যি যদি প্রচুর পরিমাণে সালফার ডিপোজিটের খোঁজ পাওয়া যায় সে তো হল গিয়ে যদি-র কথা"
sunil gangopadhay,"কিন্তু আমি আপনাকে বলছি, কাশ্মীরে সোনা আছেই"
sunil gangopadhay,"তাহলে তুমি খুঁজতে লেগে যাও আয় সম্ত- সূচা সিং হঠাৎ খপ করে আমার হাত ধরে বললেন, কী খোকাবাবু, কোনদিকে যাবে আজ সূচা সিং-এর বিরাট হাতখানা যেন বাঘের থাবা, তার মধ্যে আমার ছোট্ট হাতটা কোথায় মিলিয়ে গেছে"
sunil gangopadhay,"আমি উত্তর না দিয়ে কাকাবাবুর দিকে তাকালাম কাকাবাবু বললেন, আজ আমরা দূরে কোথাও যাব না, কাছাকাছিই ঘুরব সূচা সিং আমাকে আদর করার ভঙ্গি করে বললেন, খোকাবাবুকে নিয়ে একদিন আমি বেড়িয়ে আনব"
sunil gangopadhay,"কী খোকাবাবু, কাশ্মীরের কোন কোন জায়গা দেখা হল"
sunil gangopadhay,একদম শ্রীনগর ঘুরিয়ে নিয়ে আসব
sunil gangopadhay,"নাম শুনে আমার একটু একটু লোভ হচ্ছিল, তবু আমি বললাম, সূচা সিং-এর হাত ছাড়িয়ে আমরা দোকান থেকে বেরিয়ে এলাম সিং-ও এলেন পেছনে পেছনে আমরা তখন বাস স্ট্যান্ডের দিকে না গিয়ে হাঁটতে লাগলাম অন্যদিকে"
sunil gangopadhay,"কাকাবাবু সিংকে মিথ্যে কথা বলেছেন আমরা যে আজ সোনমার্গে যাব, তা তো সকাল থেকেই ঠিক আছে"
sunil gangopadhay,"কাকাবাবু সূচা সিংকে বললেন না সে কথা গুরুজনরা যে কখনও মিথ্যে কথা বলেন না, তা মোটেই ঠিক নয়, মাঝে মাঝে বলেন যেমন, আর একটা কথা, কাকাবাবু অনেককে বলেছেন বটে যে তিনি এখানে গন্ধকের খনি আবিষ্কার করতে এসেছেন- কিন্তু আমার সেটা বিশ্বাস হয় না"
sunil gangopadhay,"কাকাবাবু হয়তো ভেবেছেন, ছেলেমানুষ বলে আমি সব কিছু বিশ্বাস করব"
sunil gangopadhay,কিন্তু আমি তো ততটা ছেলেমানুষ নই
sunil gangopadhay,আমি এখন ইংরিজি গল্পের বইও পড়তে কাকাবাবু অন্য কিছু খুঁজছেন
sunil gangopadhay,সেটা যে কী তা অবশ্য আমি জানি না
sunil gangopadhay,"সূচা সিংও কাকাবাবুকে ঠিক বিশ্বাস করেননি সিং-এর সরকারি মহলের অনেকের সঙ্গে জানাশোনা, সেখান থেকে কিছু শুনেই বোধহয় সূচা সিং সুযোগ পেলেই কাকাবাবুর সঙ্গে ভাব জমাবার চেষ্টা করেন"
sunil gangopadhay,"সূচা সিং-এর কি ধারণা, কাকাবাবু গন্ধকের নাম করে আসলে সোনার খনিরই খোঁজ করছেন"
sunil gangopadhay,আমরা কি সত্যিই সোনার সন্ধানে ঘুরছি
sunil gangopadhay,"সূচা সিং-এর দৃষ্টি এড়িয়ে আমরা চলে এসেছি খানিকটা দূরে রোদ উঠেছে বেশ, পথে এখন অনেক বেশি মানুষ"
sunil gangopadhay,আজ শীতটা একটু বেশি পড়েছে
sunil gangopadhay,বাসের এখনও বেশ খানিকটা দেরি আছে৷ সিং-এর জন্য আমরা রাস যেতেও পারছি না
sunil gangopadhay,আস্তে আস্তে হাঁটতে লাগলাম উদ্দেশ্যহীন ভাবে কাকাবাবু আপনমনে চুরুট টেনে যাচ্ছেন
sunil gangopadhay,"আমি একটা পাথরের টুকরোকে ফুটবল বানিয়ে দিচ্ছিলাম- হঠাৎ আমি চেঁচিয়ে উঠলাম, আরেঃ, যাচ্ছে না"
sunil gangopadhay,"হ্যাঁ, হ্যাঁ, ওই তো, , সিদ্ধার্থদা, রিণি-- কাকাবাবু জিজ্ঞেস করলেন, কে ওরা"
sunil gangopadhay,"উত্তর না দিয়ে আমি চিৎকার করে ডাকলাম, এই স্িগ্ধাদি"
sunil gangopadhay,এক ডাকেই শুনতে পেল ওরাও আমাকে দেখে অবাক
sunil gangopadhay,"এগিয়ে আসতে আমাদের দিকে আমি কাকাবাবুকে বললাম- কাকাবাবু, তুমি (ছাড়দির বন্ধু স্লিগ্ধাদিকে দেখোনি"
sunil gangopadhay,এতে দূরে হঠাৎ কোনও চেনা মাণুধকে দেখলে কী আনন্দই যে কলকাতায় থাকতেই অনেকদিন গদম্ধাদিদের সঙ্গে দেখা হয়নি- -আর আজ হঠাৎ এই কাশ্মীরে
sunil gangopadhay,কাকাবাবু কিন্তু খুব একটা উৎসাহিত হলেন আড়চোখে ঘড়িতে সময় দেখলেন স্লিগ্ধাদি আমার ছোড়দির্ ছেলেবেলা থেকে বন্ধু
sunil gangopadhay,ছোড়দির বিয়ে হবার ঠিক এক মাসের মধ্যে বিয়ে হয়ে গেল
sunil gangopadhay,বিয়েতে আমি ধুতি পরে গিয়েছিলাম
sunil gangopadhay,আমার জীবনে সেই প্রথম ধুতি পরা
sunil gangopadhay,"সিদ্ধার্থলাকেও আমরা আগে থেকে চিনি, ছোড়দিদের কলেজের প্রফেসার ছিলেন, আমাদের পাড়ার ফাংশনে রবীন্দ্রনাথের 'আফ্রিকা' কবিতাটা আবৃত্তি করেছিলেন"
sunil gangopadhay,সঙ্গে সিদ্ধার্থদার বিয়ে হবার পর একটা মুস্কিল হল
sunil gangopadhay,"স্নিগ্ধা বৌদি বলে ডাকতে হয়, কিংবা সিদ্ধার্থদাকে জামাইবাবু"
sunil gangopadhay,আমি কিন্তু তা পারি না
sunil gangopadhay,"আর রিণি হচ্ছে বোন আমারই সমান, ক্লাস এইট-এ পড়ে"
sunil gangopadhay,"পড়াশুনোয় এমনিতে ভালই, কিন্তু অঙ্কে খুব কাঁচা"
sunil gangopadhay,"কঠিন আ্যালজেব্রা তো পারেই না, জিওমেট্ট্রি এত সোজা- তাও পারে না"
sunil gangopadhay,তবে রিণি বেশ ভাল ছবি আঁকে
sunil gangopadhay,"কাছে এসে এক মুখ হেসে বললেন, কী , তোরা কবে এলি, আর কে এসেছে"
sunil gangopadhay,"আমি বললাম, ওঁরা কেউ আসেনি"
sunil gangopadhay,"কাকাবাবুর কথা শুনে ওরা তিনজনেই পায়ে হাত দিয়ে প্রণাম করল কাকাবাবুকে চাকরি থেকে রিটায়ার করার আগে কাকাবাবু তো দিল্লিতেই ""থাকতেন বেশির ভাগ- তাই দেখেননি আগে সিদ্ধার্থদা কাকাবাবুকে বললেন, আমি আপনার নাম অনেক আপনি তো আরকিওলজিক্যাল সারভে-তে ডাইরেকটর ছিলেন"
sunil gangopadhay,আমার এক মামার সঙ্গে আপনার- কাকাবাবুর কথাবার্ত
sunil gangopadhay,বলার যেন কোনও উৎসাহই নেই
sunil gangopadhay,"শুকনো গলায় জিজ্ঞেস করলেন, তুমি কী করো"
sunil gangopadhay,"সিদ্ধার্থলা বললেন, আমি কলকাতায় একটা কলেজে ইতিহাস পড়াই কাকাবাবু সিদ্ধার্থদার মুখের দিকে স্থির দৃষ্টিতে তাকিয়ে জিজ্ঞেস করলেন, ইতিহাস পড়াও"
sunil gangopadhay,"আমি বৌদ্ধ আমল নিয়ে কিছু রিসার্চ কাকাবাবু বললেন, ও, বেশ ভাল আচ্ছা, তোমাদের সঙ্গে দেখা হয়ে ভালই লাগল এবার আমাদের যেতে হবে চল্ সন্ত সিদ্ধার্থলা বললেন, আপনারা কোনদিকে যাবেন"
sunil gangopadhay,"চলুন না, এক সঙ্গেই যাওয়া যাক্ আমি অধীর আগ্রহে কাকাবাবুর মুখের দিকে তাকালাম ৷ কাকাবাবু যদি রাজী হয়ে যান, তাহলে কী ভালই যে হয়"
sunil gangopadhay,"রোজই তো পাথর মাপামাপি করি, আজ একটা দিন যদি সবাই মিলে বেড়ানো যায়"
sunil gangopadhay,"তা ছাড়া, হঠাৎ স্লিগ্ধাদিদের সঙ্গে দেখা হয়ে গেল"
sunil gangopadhay,কাকাবাবু একটু ভুরু কুঁচকে দাঁড়িয়ে রইলেন
sunil gangopadhay,"তারপর বললেন, নাঃ, তোমরাই, দ্যাখো বেশ ভাল জায়গা"
sunil gangopadhay,"আমরা অন্য জায়গায় যাব, আমাদের কাজ আছে সিদ্ধার্থদা বললেন, তা হলে থাক আমাদের সঙ্গে"
sunil gangopadhay,"সি্লিগ্ধাদি বললেন, , তুই তো এখানে কয়েকদিন ধরে আছিস তুই তা হলে আমাদের গাইড হয়ে ঘুরে-টুরে দ্যাথা"
sunil gangopadhay,"আমরা তো উঠেছি শ্রীনগরে, এখানে একদিন থাকব- আমি উৎসাহের সঙ্গে জিজ্ঞেস করলাম, , শ্রীনগর কী রকম জায়গা"
sunil gangopadhay,"স্লিগ্ধাদি বললেন, কী চমৎকার, তোকে কি বলব"
sunil gangopadhay,"এত ফুল, আর আপেল কী"
sunil gangopadhay,"এত সুন্দর যে মনে হয়, ওখানেই সারা জীবন থেকে যাই আমি একটু অহংকারের সঙ্গে বললাম, পহলগ্রামও শ্রীনগরের চেয়ে মোটেই খারাপ নয় এখানে কাছাকাছি আরও কত ভাল জায়গা আছে"
sunil gangopadhay,"রিণি বলল, এই সন্ত, তুই একটু রোগা হয়ে গেছিস কেন রে"
sunil gangopadhay,তা হলে তোর মুখটা শুকনো শুকনো দেখাচ্ছে কেন
sunil gangopadhay,"মোটেই না নদীটার দিকে আঙুল দেখিয়ে রিণি জিজ্ঞেস করল, এই, নদীটার নাম কি রে"
sunil gangopadhay,"আমি বললাম, এটার নাম হচ্ছে লীদার নদী আগেকার দিনে এর সংস্কৃত নাম ছিল লকম্বোদরী লম্বোদরী থেকেই লোকের মুখে মুখে লীদার হয়ে গেছে"
sunil gangopadhay,আবার অমরনাথের রাস্তায় এই নদীটাকেই বলে নীল গঙ্গা
sunil gangopadhay,"কী রকম বিজ্ঞের মতন কথা বলছে ঠিক পাকা গাইডদের মতন-- ' আমি বললাম, বাঃ, আমরা তো এখানে দুঃ সপ্তাহ ধরে আছি"
sunil gangopadhay,আমি একা একা তোমাদের সব জায়গায় নিয়ে যেতে পারি
sunil gangopadhay,"কাকাবাবু আবার ঘড়ি দেখলেন আমার দিকে তাকিয়ে জিজ্ঞেস করলেন, , তুমি কি তাহলে এদের সঙ্গে থাকবে"
sunil gangopadhay,"তাই থাকো না হয়-- আমি চমকে কাকাবাবুর দিকে তাকালাম কাকাবাবুর গলার আওয়াজটা যেন একটু অন্য রকম হঠাৎ আমার বুকের মধ্যে একটা ভাব এসে গেল কাকাবাবু নিশ্চয়ই আমার ওপরে অভিমান করেছেন তাই আমাকে থাকতে বললেন আমি তো জানি, খোঁড়া পা নিয়ে কাকাবাবু একলা একলা কোনও কাজই করতে পারবেন না সাহায্যও নেবেন না অন্য কারুর আমি বললাম, কাকাবাবু, আমি তোমার সঙ্গেই যাব কাকাবাবু তবু বললেন, না, তুমি থাকো না"
sunil gangopadhay,আজ একটু বেড়াও ওদের সঙ্গে
sunil gangopadhay,"আমি একলাই ঘুরে আসি আমি জোর দিয়ে বললাম, না, আমি তোমার সঙ্গেই যাব কাকাবাবুর মুখখানা পরিষ্কার হয়ে গেল বললেন, চলো তাহলে আর দেরি করা যায় না আমি সিদ্ধার্থদলাকে বললাম, আপনারা এখানে কয়েকদিন থাকুন না"
sunil gangopadhay,"আমরা তো আজ সমন্ধেবেলাতেই ফিরে আসছি- সিদ্ধার্থদা বললেন, আমরা কাল সকালবেলা অমরনাথের দিকে যাব- সেই অমরনাথ মন্দির পর্যন্ত যাবেন"
sunil gangopadhay,"সি্লিগ্ধাদি বললেন, রাস্তায় যাব, যতটা যাওয়া যায়- খুব বেশি কষ্ট হলে যাব না বেশিদূর"
sunil gangopadhay,ফিরে এসে তোদের সঙ্গে দেখা হবে
sunil gangopadhay,"সিদ্ধার্থলা কাকাবাবুকে জিজ্ঞেস করলেন, আপনারা এখানে কতদিন থাকবেন"
sunil gangopadhay,"কাকাবাবু বললেন, ঠিক নেই ৷ বাস এসে গেছে"
sunil gangopadhay,"আমি আর কাকাবাবু বাসে উঠে পড়লাম চলন্ত বাসের জানলা দিয়ে দেখলাম, সিদ্ধার্থদা, স্লিগ্ধাদি আর রিণি হেঁটে যাচ্ছে লীদার নদীর দিকে"
sunil gangopadhay,রিণি তরতরিয়ে এগিয়ে গিয়ে নদীটার জলে পা ডোবাল আকাশ পুরনো হয় না লা সোনমার্গেও আজ বেশ ভিড় ৷ প্রচুর লোক বেড়াতে
sunil gangopadhay,"বরফের ওপরে স্কেটিং করছে, লাফাচ্ছে, গড়াগড়ি দিচ্ছে অনেকে"
sunil gangopadhay,"বরফের ওপর লাফালাফি করার কী মজা, পড়ে গেলেও একটুও ব্যথা লাগে না, জামা কাপড় ভেজে না এমনকী শীতও কম লাগে এখানকার হাওয়াতেই বেশি শীত একটা মেয়ে-ইস্কুল থেকে দল বেঁধে বেড়াতে এসেছে, এক রকম পোশাক পরা গোটা চল্লিশেক মেয়ে, কী ছুড়োহুড়িই করছে সেখানে"
sunil gangopadhay,আর দু'জন সাহেব মেম মুভি ক্যামেরায় ছবি তুলছে অনবরত
sunil gangopadhay,আমরা অবশ্য ওদিকে যাব আমাদের খেলাধুলো করার সময় নেই কাকাবাবু কাশ্মীরের ম্যাপ খুলে অনেকক্ষণ ধরে মনোযোগ দিয়ে দেখলেন
sunil gangopadhay,"তারপর দুটো ঘোড়া ভাড়া করে আমাকে বললেন, চলো কাশ্মীরে এসে একটা লাভ হয়েছে, আমি বেশ ভাল ঘোড়ায় চড়তে-পারি এখন"
sunil gangopadhay,"একদিন অবশ্য ভয় ভয় করত, গায়ে কী ব্যথা হয়েছিল"
sunil gangopadhay,এখন ঘোড়া গ্যালপ করলেও আমার অসুবিধে হয় না
sunil gangopadhay,"প্রত্যেক ঘোড়ার সঙ্গেই একটা করে পাহারাদার ছেলে থাকে, আমি আমার সঙ্গের ছেলেটাকে ছাড়িয়ে অনেক দূর চলে যাই"
sunil gangopadhay,"সেই নির্জন পাহাড়ের ওপর দিয়ে একলা একলা ঘোড়া চালাতে চালাতে নিজেকে মনে হয় ইতিহাসের কোনও রাজপুত্রের মতন অন্য কারুকে অবশ্য এ কথাটা বলা যায় না, নিজের মনে মনেই ভাবি"
sunil gangopadhay,যেন আমি কোন এক নিরুদ্দেশের দিকে যাত্রা করেছি
sunil gangopadhay,"প্রায় এক ঘণ্টা ঘোড়া চালিয়ে আমরা একটা ছোট পাহাড়ের মাথায় এসে পৌঁছলুম এখানে কিছু নেই, সব দিক ফাঁকা, এদিকে ওদিকে থোকা থোকা বরফ ছড়ানো, মানুষজনের চিহ্নমাত্র নেই"
sunil gangopadhay,"তিনদিক থিরে আছে বিশাল বিশাল পাহাড়- মেঘ ফুঁড়ে আরও উঁচুতে উঠে গেছে তাদের এক দিকে ঢালু হয়ে বিশাল খাদ, অনেক নীচে দেখা যায় কিছু গাছপালা আর একটা গ্রামের মতন এই পাহাড়টাতেও আমরা আগে একবার এসেছি, দিন আষ্টেক আগে পাহাড়টা বেশি উঁচু নয়, অনেকটা ঢিপির মতন- আরও দুটো পাহাড় পেরিয়ে এটায় আসতে হয়"
sunil gangopadhay,"দু' চারটে বেঁটে বেঁটে পাইন গাছ আছে এ পাহাড়ে- পাইন গাছগুলোর ওপর বরফ পড়ে আছে, ঠিক যেন বরফের ফুল ফুটেছে এখানে আবার নতুন করে মাপামাপি করার কী আছে কে জানে সব দিকেই তো শুধু বরফ ছড়ানো বরফ না খুঁড়লে কী করে বোঝা যাবে নীচে কী আছে"
sunil gangopadhay,আর এই বরফের নীচে কি গন্ধক পাওয়া সম্ভব
sunil gangopadhay,কাকাবারু ঘোড়াওয়ালা ছেলে দুটোকে ছুটি দিয়ে দিলেন বললেন বিকেলবেলা আসতে ৷ ঘোড়া দুটো বাঁধা রইল
sunil gangopadhay,আমাদের সঙ্গে স্যাণুউইচ আর কফি আছে আমাদের আর খাবারদাবারের জন্য নীচে নামতে হবে না
sunil gangopadhay,দুটো নামিয়ে রেখে কাকাবাবু তার ওপর বসলেন
sunil gangopadhay,"তারপর ওভারকোটের পকেট থেকে একটা হলদেটে, পোকায়-খাওয়া পুরনো বই বার করে দেখতে শুরু করলেন আমাকে বললেন, , তুমি ততক্ষণ চার পাশটা একটু দেখে নাও- একটু পরে কাজ শুরু করা যাবে আমার মন খারাপ ভাবটা তখনও যায়নি"
sunil gangopadhay,"একটু বললাম, কাকাবাবু, এই জায়গাটা তো আগে দেখেছি"
sunil gangopadhay,আজ আর নতুন করে কী দেখব
sunil gangopadhay,"কাকাবাবু বই থেকে মুখ তুলে অবাক হয়ে আমার দিকে তাকালেন তারপর খুব নরম গলায় বললেন, তোমার বুঝি খুব ইচ্ছে করছিল এঁ সিদ্ধার্থদের সঙ্গে বেড়াতে"
sunil gangopadhay,"তা তো হবেই, ছেলেমানুষ- আমি থতমত খেয়ে বললাম, না, না, আমি কাজ করতেই চাই"
sunil gangopadhay,এখন কাজ শুরু হবে না
sunil gangopadhay,"কাকাবাবু আমার গায়ে হাত দিয়ে আস্তে আস্তে বললেন, কোনও কাজ শুরু করার আগে সেই জায়গাটা খুব ভাল করে দেখে নিতে হয়"
sunil gangopadhay,"শোনো, দেখার জিনিসের কোনও শেষ নেই"
sunil gangopadhay,"কোনও জায়গাতে গিয়েই কখনও ভাববে না, দেখার কিছু নেই সেই জায়গায়"
sunil gangopadhay,খোলা চোখ নিয়ে তাকালেই অনেক কিছু দেখতে পাবে
sunil gangopadhay,যেমন ধরো আকাশ আকাশ কি কখনও পুরনো হয়
sunil gangopadhay,কোনও মানুষ সারাজীবনে এক রকমের আকাশ দু'বার দেখে না
sunil gangopadhay,প্রত্যেকদিন আকাশের চেহারা অন্যরকম এই পাহাড়ও তাই
sunil gangopadhay,"কখনও রোদ্দুর, কখনও ছায়া- অমনি পাহাড়গুলোর চেহারা বদলে যায় না"
sunil gangopadhay,একটুক্ষণ তাকিয়ে থাকো- তাহলেই বুঝতে পারবে
sunil gangopadhay,আকাশটা আজ সত্যিই খুব সুন্দর
sunil gangopadhay,হালকা তুলোর মতন মেঘ বেশ জোরে উড়ে যাচ্ছে
sunil gangopadhay,সেই মেঘগুলোর চেয়ে আরও উঁচুতে আবার ঘন কালো রঙের মেঘ- অথচ হয়েছে
sunil gangopadhay,"রিণিদের সঙ্গে যদি দেখা না হত, বেড়াবার ইচ্ছেটা নতুন করে না জাগত- তাহলে এই আকাশের দিকে তাকালে ভালই লাগত কাকাবাবু বইটা পড়তে লাগলেন, আমি পাহাড়ের উন্টোদিকে একটুখানি নেমে গেলাম এখানে একটা ছোট্ট গুহা আছে"
sunil gangopadhay,"গুহার মুখটা বেশ বড়, কিন্তু বেশি গভীর নয় আগে বইতে পাহাড়ের গুহার কথা পড়লেই মনে হত, সেটা হবে অন্ধকার-অন্ধকার, বাদুড়ের গন্ধ আর হিংস্র পশুর বাসা সেদিক থেকে এই গুহাটা দেখলে নিরাশই হতে হয় কাশ্মীরে হিংস্র জীবজসন্ত বিশেষ নেই"
sunil gangopadhay,গুহাটা বেশ ঝকঝকে তকতকে এক জায়গায় একটা ভাঙা উনুন আর আগুনের পোড়া দাগ মনে হয় এইখানে এক সময় কেউ ছিল এতদূরে কেউ তো আর পিকনিক করতে আসবে না
sunil gangopadhay,বোধহয় কোনও সন্ন্যাসী এখানে এসে আস্তানা গেড়েছিলেন কোনও সময় গুহাটার মধ্যে একটু বসেছি অমনি বাইরে ঝুরঝুর করে বরফ পড়তে লাগল আমিও ছুটে বাইরে এলাম বরফ পড়ার সময় ভারী মজা লাগে ছেঁড়া ছেঁড়া তুলোর মতন হালকা বরফ; গায়ে পড়লেও জামাকাপড় ভেজে না- হাতে জমিয়ে-জমিয়ে শক্ত বলের মতনও বানানো
sunil gangopadhay,বরফের মধ্যে খানিকটা দৌড়োদৌড়ি করে আমি শীত কমিয়ে নিলাম তারপরে হাঁটুগেড়ে বসে গুঁড়ো গুঁড়ো বরফ জমিয়ে মন্দির বানাতে লাগলাম একটা
sunil gangopadhay,"কাকাবাবুও নেমে এসেছেন বললেন, এসো এবার কাজ শুরু করা যাক খানিকটা কাজ করে তারপরে আমরা খেয়ে নেব"
sunil gangopadhay,"না, এক্ষুনি কী খিদে পাবে"
sunil gangopadhay,ব্যাগ দুটো আমি গুহার মধ্যে রেখেছিলাম
sunil gangopadhay,"সেগুলো নিতে এলাম, কাকাবাবু আমার সঙ্গে সঙ্গে এলেন গুহার চার পাশটা খুব মনোযোগ দিয়ে দেখে বললেন, এই গুহাটা আমার বেশ পছন্দ এইটার জন্যই এখানে আসি আমি হঠাৎ বলে ফেললাম, কাকাবাবু, আমরা এই গুহাটায় থাকতে পারি না"
sunil gangopadhay,"কাকাবাবু বললেন, এখানে কি থাকা যায়"
sunil gangopadhay,সামনেটা তো খোলা- যখন বরফের ঝড় উঠবে কিন্তু সন্ন্যাসীরা তো এই রকম গুহাতেই থাকে
sunil gangopadhay,"যা পারে, তা কি আমরা পারি"
sunil gangopadhay,"অনেক কষ্ট সহ্য করতে পারে কাকাবাবু দিয়ে গুহার দেওয়াল ঠুকে ঠুকে দেখতে লাগলেন চিন্তিতভাবে বললেন, এই গুহার কোনও জায়গা কি ফাঁপা হতে পারে"
sunil gangopadhay,পাথর আবার কখনও ফাঁপা হয় নাকি
sunil gangopadhay,"কাকাবাবু আরও কিছুক্ষণ গুহাটা পরীক্ষা করলেন মেঝেতে শুয়ে পড়ে ঠুকে ঠুকে দেখলেন তারপর নিরাশ ভাবে বললেন, নাঃ, এখানে কিছু আশা নেই কাকাবাবু গুহাটার মধ্যে কী যে পাবার আশা করেছিলেন, তা-ও বুঝতে পারলাম না আমি"
sunil gangopadhay,আর সময় নষ্ট না করে আমরা মাপার কাজ শুরু করলাম এই মাপার কাজটা ঠিক যে পর পর হয় তা নয়
sunil gangopadhay,"কাকাবাবু ফিতের একটা দিক ধরে থাকেন, আর একটা দিক ধরে আমি নেমে যাই, যতক্ষণ না ফিতেটা শেষ হয় সেখানে আমি পা দিয়ে একটা দাগ কাটি"
sunil gangopadhay,"কাকাবাবু সেখানেই দাঁড়িয়ে থেকে বলেন, এবার ডান দিকে যাও"
sunil gangopadhay,"ডানদিকটা হয়ে গেলে কাকাবাবু হয়তো বলেন, এবার বাঁ দিকে যাও অর্থাৎ, কাকাবাবু এক জায়গায় দাঁড়িয়ে থাকেন, আমি চারদিকে ঘুরতে থাকি"
sunil gangopadhay,"তারপর কাকাবাবু আবার খানিকটা এগিয়ে যান, আমি আবার মাপতে শুরু করি"
sunil gangopadhay,"সত্যি কথা বলতে কী, এরকমভাবে মাপায় যে কোনওরকম কাজ হতে পারে তা আমার বিশ্বাস হয় না"
sunil gangopadhay,অবশ্য আমি কতটুকুই বা বুঝি
sunil gangopadhay,"আমি ক্লান্ত হয়ে যাই, কাকাবাবু কিন্তু ক্লান্ত হন না"
sunil gangopadhay,দিনের পর দিন এইভাবে চালিয়ে যাচ্ছেন কলকাতায় ফেরার পর স্কুলের বন্ধুরা নিশ্চয়ই জিজ্ঞেস করবে এতদিন কাশ্মীরে থেকে কী করলি
sunil gangopadhay,"আমি যদি বলি, আমি শুধু কাকাবাবুর সঙ্গে পাথর মেপে এলাম- তা হলে কেউ কি সে কথা বিশ্বাস করবে"
sunil gangopadhay,ঘণ্টা দু-এক বাদে আমরা একটু বিশ্রাম নেবার জন্য থামলামণ 'পাহাড়টার চূড়া থেকে আমরা অনেকটা নীচে চলে এসেছি পাহাড়ের নীচের গ্রামটা এখন অনেকটা স্পষ্ট দেখা যায়
sunil gangopadhay,"ছোট ছোট কাঠের বাড়ি, রুপোর তারের মতন একটা নদী"
sunil gangopadhay,"কাকাবাবু বললেন, ডানদিকে দ্যাখো উপত্যকা দেখতে পাচ্ছ"
sunil gangopadhay,"ডানদিকে আর একটা খাড়া পাহাড়, তার নীচে ছোট্ট উপত্যকা ৷ সেই উপত্যকায় অনেকটা বেশ পরিষ্কার জমি"
sunil gangopadhay,ঠিক যেন একটা ফুটবল খেলার সেখানে কয়েকটা কী যেন নড়াচড়া করছে
sunil gangopadhay,এত দূরে যে ভাল করে দেখা যায় না
sunil gangopadhay,"কাকাবাবু বললেন, ওগুলো কি বুঝতে পারছ"
sunil gangopadhay,"না, ঠিক বুঝতে পারছি না"
sunil gangopadhay,কাকাবাবুর কাছে সব সময় ছোট একটা দূরবীন থাকে
sunil gangopadhay,"সেটা আমার হাতে দিয়ে বললেন, ভাল করে দ্যাখো"
sunil gangopadhay,"দূরবীন চোখে দিয়েই দেখতে পেলাম, কুকুর কিংবা হরিণ না, কতগুলো ঘোড়া সেই উপত্যকায় ঘুরে বেড়াচ্ছে"
sunil gangopadhay,"আশেপাশে একটাও মানুষজন নেই আমি উত্তেজিত হয়ে বললাম, কাকাবাবু, ওগুলো কি বুনো ঘোড়া"
sunil gangopadhay,"কাকাবাবু বললেন, না ঠিক তার উল্টো"
sunil gangopadhay,আমি অবাক হয়ে কাকাবাবুর দিকে তাকালুম ঘোড়ার উল্টো মানে কি
sunil gangopadhay,মেয়ে ঘোড়াকে কি ঘুড়ী বলে
sunil gangopadhay,"কাকাবাবু, ওগুলো কি তবে মেয়ার"
sunil gangopadhay,"কাকাবাবু হাসতে হাসতে বললেন, না, তা বলিনি ওগুলো বুনো ঘোড়া নয়, ওগুলো বুড়ো ঘোড়া"
sunil gangopadhay,চলতি বাংলায় যাকে বলে বেতো ঘোড়া
sunil gangopadhay,এক সঙ্গে এত বুড়ো ঘোড়া কোথা থেকে এল
sunil gangopadhay,এই ব্যাপারটা শুধু কাশ্মীরেই দেখা যায়
sunil gangopadhay,"এইগুলো হচ্ছে ঘোড়াদের কবরখানা এই সব পাহাড়ী জায়গাতে তো বুড়ো ঘোড়া কোনও কাজে লাগে না, তাই ঘোড়াগুলো খুব বুড়ো হয়ে গেলে এই রকম উপত্যকায় ছেড়ে দেয়"
sunil gangopadhay,ওখান থেকে উঠে আসতে পারবে না
sunil gangopadhay,ওখানেই আস্তে আস্তে মরে যায় একদিন
sunil gangopadhay,"কেন, বাড়িতে রেখে দিতে পারে না"
sunil gangopadhay,বাড়িতে রেখে দিলে তো খেতে দিতেও হয়
sunil gangopadhay,"এরা গরিব মানুষ, কাজ না করিয়ে কি শুধু শুধু বসিয়ে কারুকে খাওয়াতে পারে"
sunil gangopadhay,"তাই চোখের আড়ালে যাতে মরে যায়, তাই ছেড়ে দিয়ে আসে নিজের হাতে মারতে হল না"
sunil gangopadhay,"বুড়ো ঘোড়ার কোনও দাম নেই, কেউ কিনবেও না"
sunil gangopadhay,এদেশে তো কেউ ঘোড়ার মাংস খায় না- তাহলে বাজারে বিক্রি হতে পারত ফ্রান্সে ঘোড়ার মাংস খায়- ঘোড়াগুলো ওখানে থেকে মরার জন্য প্রতীক্ষা করছে -একথা ভেবেই 'আমার খুব কষ্ট হতে লাগল যতদিন ওরা মনিবের হয়ে খেটেছে ততদিন ওদের যত্ন ছিল মানুষ বড় স্বার্থপর
sunil gangopadhay,মানুষও তো খুব বুড়ো হয়ে গেলে আর কাজ করতে পারে তখন কি তাদের কেউ ওরকমভাবে ছেড়ে দিয়ে আসে
sunil gangopadhay,"আমি দূরবীনটা নিয়ে ভাল করে দেখতে লাগলাম এবার দেখতে পেলাম, এ উপত্যকার এখানে-সেখানে অনেক হাড় ছড়িয়ে আছে"
sunil gangopadhay,"আগে যারা মরেছে যে-ঘোড়াগুলো ঘুরে বেড়াচ্ছে, সেগুলোও খুব রোগা রোগা"
sunil gangopadhay,খাবার কিছুই নেই বোধহয় ঘোড়ারা কি আসন্ন মৃত্মুর কথা বুঝতে পারে
sunil gangopadhay,"কাকাবাবু বললেন, নাও, আবার কাজ শুরু করা"
sunil gangopadhay,আমি ফিতের বাক্স নিয়ে আবার উঠে দাঁড়ালাম
sunil gangopadhay,এর পরেই একটা সাঙ্ঘাতিক ব্যাপার হয়ে গেল কাকাবাবু তাড়াতাড়ি ওপরে ওঠার চেষ্টা করতেই বরফে পিছলে গেল
sunil gangopadhay,"কাকাবাবু মাটিতে আছাড় খেয়ে পড়ে গেলেন কাকাবাবুকে ধরার জন্য আমি হাতের জিনিস ফেলে ছুটতে যাচ্ছিলাম; কাকাবাবু সেই অবস্থায় থেকেই আমাকে চেঁচিয়ে বললেন, এই সন্ত"
sunil gangopadhay,পাহাড়ের ঢালু দিকে দৌড়তে আমি নিজেই উঠছি
sunil gangopadhay,কাকাবাবু উঠে দাঁড়ালেন আস্তে আস্তে ক্রাচটা নিচু হয়ে কুড়িয়ে নিতে যেতেই আবার পড়ে গেলেন এবার পড়েই গড়াতে লাগলেন নীচের দিকে
sunil gangopadhay,প্রচণ্ড ভয় পেয়ে আমি চিৎকার করে উঠলাম আমি দৌড়তেও সাহস পেলাম না
sunil gangopadhay,নীচের দিকে তাকিয়ে আমার মাথা ঘুরতে লাগল
sunil gangopadhay,কাকাবাবু গড়িয়ে গড়িয়ে নীচে নেমে যাচ্ছেন- সেই ঘোড়াদের কবরখানার দিকে
sunil gangopadhay,"কাকাবাবু দু'হাত দিয়ে প্রাণপণে কিছু একটা চেপে ধরার চেষ্টা করছেন কিন্তু ধরার কিছু নেই, একটা গাছ বা লতাপাতাও নেই"
sunil gangopadhay,আমার বুকের মধ্যে ধক্ধক্ করতে লাগল কী হবে
sunil gangopadhay,"আমি একবার পাঁচ ছটা সিঁড়ি গড়িয়ে পড়েছিলাম আমার বাড়িতে কিন্তু এ তো হাজার হাজার সিঁড়ির চেয়েও নিচু খানিকটা দূরে গিয়ে কাকাবাবু থেমে গেলেন ৷ সেখানেও গাছপালা কিছু নেই, কী ধরে কাকাবাবু থামলেন জানি না"
sunil gangopadhay,থেমে গিয়ে কাকাবাবু নিস্পন্দ হয়ে পড়ে রইলেন এবার আর কিছু না ভেবে আমি দৌড় লাগালাম কাকাবাবুর দিকে সব সময় তো আর সাবধান হওয়ার কথা' মনে থাকে না
sunil gangopadhay,"দৌড়েই বুঝতে পারলাম, কী দারুণ ভুল করেছি"
sunil gangopadhay,পাহাড়ের ঢালু দিকে দৌড়তে গিয়ে আমি আর থামতে পারছি না
sunil gangopadhay,আমার গতি ক্রমশ বেড়ে যাচ্ছে
sunil gangopadhay,"কাকাবাবুর কাছাকাছি গিয়ে আমি হুমড়ি খেয়ে পড়ে গেলাম ওঁর হাত ধরে চেঁচিয়ে উঠলাম, কাকাবাবু কাকাবাবু মুখ তুলে আমার দিকে তাকিয়ে শান্ত গলায় বললেন, বললাম না, পাহাড়ের নীচের দিকে দৌড়তে নেই"
sunil gangopadhay,আর কক্ষনো এ রকম করবে না
sunil gangopadhay,"সে কথা অগ্রাহা করে আমি বললাম, কাকাবাবু, তোমার লাগেনি তো"
sunil gangopadhay,"তোমার লেগেছে কি না বলো না, আমার কিছু হয়নি"
sunil gangopadhay,এতটা গড়িয়ে পড়লে ও কিছু না
sunil gangopadhay,ওতে কিছু হয় না আমি উঠে দাঁড়িয়ে কাকাবাবুকে টেনে তুলতে গেলাম
sunil gangopadhay,"কাকাবাবু আমার হাত ছাড়িয়ে নিজেই উঠে দাঁড়ালেন ৷ কাকাবাবুর একটা পা ভাঙা, কিন্তু মনের জোর অসাধারণ এমন ভাব করলেন, যেন কিছুই হয়নি"
sunil gangopadhay,"কিন্তু চোখে হাত দিয়েই কাকাবাবু বললেন, এই যা"
sunil gangopadhay,চশমা ছাড়া কাকাবাবু চোখে প্রায় কিছুই দেখতে পান না
sunil gangopadhay,খুব কাছ থেকেও মানুষ চিনতে পারেন না
sunil gangopadhay,"গড়িয়ে পড়ার সময় কাকাবাবুর চশমাটা কোথাও হারিয়ে কাছাকাছি কোথাও দেখতে পাওয়া গেল না হারিয়ে গেলে যদি অসুবিধেয় পড়তে হয়, সেই জন্য কাকাবাবুর এক জোড়া চশমা থাকে"
sunil gangopadhay,"আর একটা আছে তাঁবুতে আমি বললাম, যাক গে, কাকাবাবু, তোমার তো আর একটা চশমা আছে"
sunil gangopadhay,"কাকাবাবু বললেন, কিন্তু এখন আমি এতটা রাস্তা ফিরব কী করে"
sunil gangopadhay,"তা ছাড়া সেটাও যদি কোনওরকমে হারিয়ে যায়, তা হলে তো সব কাজই বন্ধ হয়ে যাবে"
sunil gangopadhay,তুমি দাঁড়াও আমি চশমাটা খুঁজে দেখি
sunil gangopadhay,"সেই ঢালু পাহাড়ে এক পা উঠতে বা নামতেই ভয় করে- সেখানে চশমা খোঁজা যে কী শক্ত ব্যাপার, তা বলে বোঝানো যাবে না"
sunil gangopadhay,"কাকাবাবু আর আমি দু'জনে দু'জনকে ধরে রইলাম, তারপর খুঁজতে লাগলাম চশমা"
sunil gangopadhay,"প্রায় পনেরো মিনিট বাদে দেখা গেল, বরফের মধ্যে সেটা গেঁথে আছে, একটা ডাঁটি ভাঙা--আর কোনও ক্ষতি হয়নি হঠাৎ আমার কান্না পেয়ে গেল কাকাবাবু যদি তখন সত্যি সত্যি পড়ে যেতেন, আমি একলা এখানে কী করতাম"
sunil gangopadhay,"কাকাবাবুকে ফেলে আমি ফিরেও যেতে পারতাম না, কিংবা একলা একলা:-- আমি আবার বসে পড়ে বললাম, কাকাবাবু, আমার এই কাজ ভাল লাগে না"
sunil gangopadhay,"কাকাবাবু বললেন, ভাল লাগে না"
sunil gangopadhay,বাড়ির জন্য মন কেমন করছে
sunil gangopadhay,"আমি উত্তর না দিয়ে মুখ গোঁজা করে বসে রইলাম সত্যি আমার চোখে জল এসে গিয়েছিল, কিন্তু কাকাবাবুকে আমি তা দেখতে দিইনি"
sunil gangopadhay,"কাকাবাবু বললেন, আচ্ছা ঠিক আছে, তোমাকে বাড়ি পাঠিয়ে দেবার ব্যবস্থা করছি"
sunil gangopadhay,তুমি না হয় সিদ্ধার্থদের সঙ্গেই চলে যাও
sunil gangopadhay,তুমি এখানে একলা একলা থাকবে
sunil gangopadhay,"আমি যে কাজটা আরম্ভ করেছি, সেটা শেষ না করে সিদ্ধার্থলাদের সঙ্গে যাবার কথা শুনে আমার আনন্দ হয়েছিল ৷ কিন্তু কাকাবাবুকে একলা ফেলে যেতেও ইচ্ছে করে না"
sunil gangopadhay,"কাকাবাবু একলা একলা পাহাড়ে ঘুরবেন- কাকাবাবু কি ভাবছেন, আমি নিজের কষ্টের কথা ভেবে চলে যেতে চাইছি"
sunil gangopadhay,কাকাবাবুর জন্যই তো আমার চিন্তা হচ্ছে
sunil gangopadhay,"আমি বললাম, কাকাবাবু, আমি তোমার সঙ্গেই থাকব তোমার সঙ্গে ফিরব কিন্তু ফিতে মাপার কাজ আমার ভাল লাগে না"
sunil gangopadhay,"ঠিক আছে, কাল থেকে অন্য একটা কমবয়সী ছেলেকে ঠিক করব- সে ফিতে ধরবে, আর তুমি আমার পাশে থাকবে কিন্তু কাকাবাবু, আমরা কী খুঁজছি"
sunil gangopadhay,কী হবে এই রকম ফিতে মেপে
sunil gangopadhay,"কাকাবাবু একটুক্ষণ অন্যমনস্ক হয়ে রইলেন তারপর বললেন, সন্ত, তুমি তো এখনও ছেলেমানুষ, এখন সব বুঝবে বড় হলে বুঝবে, আমরা যা খুঁজছি, যদি পাই, সেটা কত বড় আবিষ্কার"
sunil gangopadhay,তাহলে আরও লোকজন নিয়ে এসে ভাল করে খুঁজলে হয় না
sunil gangopadhay,"আমি বিশেষ কারুকে বলতে চাই না যা খুঁজছি তা যদি শেষ পর্যন্ত না পাই, লোকে শুনে হাসাহাসি করবে"
sunil gangopadhay,"পাবই যে তারও কোনও মানে নেই সুতরাং চুপচাপ খোঁজাই ভাল, যদি হঠাৎ পেয়ে যাই, তখন সবাই অবাক হবে তখন তোমাকেই সবাই বলবে বাহাদুর ছেলে"
sunil gangopadhay,"কাকাবাবু, আমরা আসলে কী খুঁজছি"
sunil gangopadhay,"কাকাবাবু চমকে উঠে বললেন, কী বললে, সোনা"
sunil gangopadhay,"না, না, সোনাটোনা কিছু নয়"
sunil gangopadhay,পাহাড়ে ঘুরে ঘুরে কেউ সোনা পায় নাকি
sunil gangopadhay,আমরা খুঁজছি একটা চৌকো পাতকুয়ো চৌবাচ্চাও বলতে পারো
sunil gangopadhay,"কিন্তু সাধারণ চৌবাচ্চার থেকে অনেক গভীর চলো, আজকের মতন ফেরা যাক"
sunil gangopadhay,"ইতিহাসপ্রসিদ্ধ রাস্তায় সেদিন পহলগ্রামে আমাদের তাঁবুতে ফিরে এসে টের পেলাম, আমার বাঁ পায়ে বেশ ব্যথা হয়েছে"
sunil gangopadhay,কখন একটু মচকে গেছে টের পাইনি
sunil gangopadhay,আয়োডেক্স মালিশ করলাম বেশ করে
sunil gangopadhay,"কাকাবাবু যদিও বললেন, তাঁর কিছু হয়নি, তবুও আমি ওঁর দু' পায়ে মলম মালিশ করে দিলাম"
sunil gangopadhay,"বলতে ভুলে গেছি, এখানে সন্ধে হয় সময়"
sunil gangopadhay,সাড়ে আটটা পর্যন্ত বিকেলের আলো থাকে ৷ প্রথম প্রথম ভারী অদ্ভুত লাগত
sunil gangopadhay,আমাদের রাস্তিরের খাওয়া-দাওয়া হয়ে গেলেও বাইরে তখন বিকেল
sunil gangopadhay,সূর্য অস্ত যাবার পরেও অনেকক্ষণ পর্যন্ত দিনের আলো আমাদের দেশেই কত জায়গায় কত যে আশ্চর্য সব ব্যাপার আছে
sunil gangopadhay,বই পড়ে এই পৃথিবীটাকে কিছুই চেনা যায় না
sunil gangopadhay,"সিদ্ধার্থলারা বলেছিলেন, ওঁরা আজকের রাতটা প্লাজা হোটেলে থাকবেন ভেবেছিলাম ফিরে এসে ওঁদের সঙ্গে দেখা করে আসব"
sunil gangopadhay,কিন্তু পায়ের ব্যথার জন্য যাওয়া হল না
sunil gangopadhay,বিছানায় শুয়ে লীদার নদীর শব্দ শুনতে শুনতে ঘুমিয়ে পড়লাম ভোরবেলা উঠে কাকাবাবুকে কিছু না বলেই আমি বেরিয়ে পড়লাম একলা-একলা আজ কাকাবাবুর থেকেও আমি আগে উঠেছি
sunil gangopadhay,"লীদার নদী পহলগ্রামে যেখানটায় ঢুকেছে, সেখানে একটা ছোট্ট কাঠের ব্রিজ ৷ আমি ব্রিজটার ওপর দাঁড়িয়ে রইলাম"
sunil gangopadhay,"সিদ্ধার্থদারা অমরনাথে যাবেন, এই রাস্তা দিয়েই যেতে হবে"
sunil gangopadhay,"একটু পরেই দেখা গেল ওঁদের আরও কয়েকজন লোক আছেন, আর দুজন গাইড সবাই, ঘোড়ার পিঠে"
sunil gangopadhay,"স্লিগ্ধাদি আর রিণিকে তো চেনাই যায় , ওভারকোট, মাথায় টুপি, হাতে দস্তানা, চোখে কালো চশমা সিদ্ধার্থদলাকেও বেশ মানিয়েছে, তবে ঘোড়াটা তুলনায় বেশ ছোট"
sunil gangopadhay,"স্নিগ্ধাদি আমাকে দেখেই বললেন, ওমা, তুই এখানে দাঁড়িয়ে আছিস"
sunil gangopadhay,আমরা ভাবলুম বুঝি তোর সঙ্গে আর দেখাই হল না
sunil gangopadhay,ওখানে তো দেখার কিছু নেই
sunil gangopadhay,"আমি চট্ করে একটু আকাশের দিকে তাকালাম সত্যিই, আকাশটা রোজই নতুন হয়ে যায় সিদ্ধার্থদা বললেন, সন্ত, তুমিও আমাদের সঙ্গে গেলে পারতে"
sunil gangopadhay,"আমি গম্ভীরভাবে বললাম, আমাদের এখানে অনেক কাজ আছে৷ সিদ্ধার্থদা হাসতে হাসতে জিজ্ঞেস করলেন, ছুটিতে পাহাড়ে বেড়াতে এসে আবার কাজ কী"
sunil gangopadhay,এখানেও স্কুলের হোম-টাস্ক করছ নাকি
sunil gangopadhay,"ওঁদের সঙ্গে সঙ্গে এগিয়ে গেলাম খানিকটা রিণিকে বললাম, শোন, মুখে অনেকটা করে ক্রিম মেখে নে হলে কিন্তু ভীষণ চামড়া ফাটে"
sunil gangopadhay,"খিলখিল করে হেসে বলল, দিদি, দেখছ, কী রকম বড়দের মতন কথা বলতে শিখেছে আহা, আমি তোদের থেকে বেশিদিন আছি না"
sunil gangopadhay,তুই সত্যি আমাদের সঙ্গে গেলে পারতিস ৷ তুই বেশ গাইড হতিস আমাদের
sunil gangopadhay,"জানিস, আমি অনেকগুলো ছবি এঁকেছি"
sunil gangopadhay,আমার তো ইচ্ছে হচ্ছিল তক্ষুনি ওদের সঙ্গে চলে যে-পোশাক পরে আছি ) কিন্তু তা হয় না
sunil gangopadhay,"আমি একটু অবজ্ঞার সঙ্গে বললাম, অমরনাথে এমন কিছু দেখবার নেই"
sunil gangopadhay,ওসব মন্দির-টন্দির দেখতে আমার ভাল লাগে না
sunil gangopadhay,"তাছাড়া আমি তো চন্দনবাড়ি আর কোহলাই পর্যন্ত গিয়েছি একবার বললেন, হ্যাঁরে, আমরা ফিরে আসা পর্যন্ত থাকবি তো"
sunil gangopadhay,'আমাদের তো যাওয়া-আসা নিয়ে বড়জোর সাতদিন
sunil gangopadhay,কিংবা রাস্তা খারাপ থাকলে তার আগেও ফিরে আসতে পারি
sunil gangopadhay,"আমি জোর দিয়ে বললাম, হ্যাঁ, থাকব থাকব"
sunil gangopadhay,রিণি ঘোড়ার ওপর একটু ভীতু ভীতু ভাবে বসে ছিল
sunil gangopadhay,"আমি ওকে বললাম, এই, ঠিক করে শক্ত হয়ে বোস্"
sunil gangopadhay,"প্রথম দিন একটু গায়ে ব্যথা হবে, তারপর সব ঠিক হয়ে যাবে"
sunil gangopadhay,"রিণি বলল, যা, যা, তোকে আর শেখাতে হবে না"
sunil gangopadhay,এলি না তো আমাদের সঙ্গে
sunil gangopadhay,"আমি বললাম, তোরা অমরনাথ থেকে ফিরে আয়- তখন অন্য কোথাও আমরা সবাই মিলে এক সঙ্গে বেড়াতে যাব"
sunil gangopadhay,"তারপর ওরা এগিয়ে গেল, আমি দাঁড়িয়ে থেকে ওদের দিকে হাত নাড়তে লাগলাম ক্যাম্পে ফিরেই আবার সব কিছু অন্যরকম হয়ে গেল"
sunil gangopadhay,কাকাবাবু ততক্ষণে উঠে পড়েছেন আমি বাইরে বেরিয়েছিলাম বলে কিছু জিজ্ঞেস করলেন না
sunil gangopadhay,"একমনে ম্যাপ দেখছিলেন এক সময় মুখ তুলে বললেন, সন্ত, আমি ঠিক করলাম, পহলগ্রামে আমাদের আর থাকা হবে না"
sunil gangopadhay,এখান থেকে যাতায়াত করতে অনেক সময় যায়
sunil gangopadhay,"সোনমার্গ থেকে কাল পাহাড়ের নীচে যে ছোট্ট গ্রামটা দেখলাম, ওখানে গিয়েই দিন দশেক থাকা যাক্"
sunil gangopadhay,আমি আকাশ থেকে পহলগ্রাম থেকেও চলে যেতে
sunil gangopadhay,"সিদ্ধার্থদা, রিণি, সিলিগ্ধাদিদের সঙ্গে আর দেখা হবে না"
sunil gangopadhay,"আমি মুখ শুকনো করে জিজ্ঞেস করলাম, এঁ গ্রামে থাকব"
sunil gangopadhay,"কাকাবাবু আমার মুখের দিকে না তাকিয়েই বললেন, সে ঠিক ব্যবস্থা হয়ে যাবে"
sunil gangopadhay,কালকে ঘোড়াওয়ালা ছেলে দুটোর সঙ্গে কথা বলেছি
sunil gangopadhay,ওরাও এঁ গ্রামে থাকে এটাই বেশ ভাল হবে
sunil gangopadhay,চেনাশুনো কারুর সঙ্গে দেখা হবে না- নিরিবিলিতে কাজ করা যাবে
sunil gangopadhay,"লোকের সঙ্গে দেখা হলে সবাই, খুশি হয়"
sunil gangopadhay,কাকাবাবুর সব কিছুই অন্যরকম এঁ ছোট্ট গ্রামে থাকতে আমার একটুও ইচ্ছে করছে না
sunil gangopadhay,তবু কত লোকজনের সঙ্গে দেখা হয়
sunil gangopadhay,এখন এ জায়গা ছেড়ে আবার কোন্ ধাদ্দাড়া গোবিন্দপুরে যেতে হবে
sunil gangopadhay,"কিন্তু কাকাবাবু একবার যখন ঠিক করেছেন, তখন যাবেনই"
sunil gangopadhay,"কাকাবাবু বললেন, সব গুছিয়ে নাও"
sunil gangopadhay,বেশি দেরি করে আর লাভকী
sunil gangopadhay,বাস-স্টপের কাছে আজও সিং-এর সঙ্গে দেখা হল
sunil gangopadhay,"বিশাল একখানা হাত আমার কাঁধের ওপর রেখে বললেন, কী খোকাবাবু, কাল সোনমার্গ কী রকম বেড়ানো হল তারপর হা-হা করে হেসে কাকাবাবুর দিকে তাকিয়ে বললেন, কী প্রোফেসারসাব, কাল যে বললেন সোনমার্গ যাবেন না"
sunil gangopadhay,"আমি তো কাল দেখলাম, আপনারা সোনমার্গ থেকে ফিরছেন বিকেলে কাকাবাবু নীরসভাবে বললেন, আমরা কবে কোথায় যাই কোনও ঠিক তো তা এই গরিব মানুষের গাড়িতে যেতে আপনার এত আপত্তি কেন"
sunil gangopadhay,তোমাকে শুধু শুধু কষ্ট দিতে চাই না
sunil gangopadhay,"আপনি এত বড় পড়ালিখা জানা আদমি, আপনার যদি একটু সেবা করতে পারি আপনি আজ কোনদিকে যাবেন"
sunil gangopadhay,"সূচা সিং একটু অবাক হয়ে গেলেন ভুরু কুঁচকে খানিকক্ষণ চিন্তা করে বললেন, আবার সোনমার্গ"
sunil gangopadhay,"জায়গাটা তো একদম ন্যাড়া কিছু কাকাবাবু হাসতে হাসতে বললেন, সিংজী, তুমি মিথ্যেই ভাবনা করছ"
sunil gangopadhay,আমি সোনা খুঁজছি না সে সাধ্যও আমার নেই
sunil gangopadhay,"সূচা সিং গলার আওয়াজ নিচু করে বললেন, আপনি মাটন-এর পুরনো মন্দিরে গেছেন"
sunil gangopadhay,সবাই যে সূরয দেবতার মন্দিরে যায় সেখানে নয়- পাহাড়ের ওপরে যে পুরনো মন্দির
sunil gangopadhay,লোকে বলে মন্দির ললিতাদিত্যের আমলের চেয়েও পুরনো
sunil gangopadhay,সিকন্দর শিকন এঁ মন্দির ভেঙে কেন অত কষ্ট বিরাট মন্দির ভেঙে দিল জানেন
sunil gangopadhay,এঁ মন্দিরের কোনও জায়গায় মণ মণ সান পোঁতা আছে
sunil gangopadhay,সিকন্দর বুত শিকন তা খুঁজে পায়নি
sunil gangopadhay,"সেই সোনা এখনও আছে খাকাবাবু বললেন, তাহলে সে কথা আমাকে বলে দিচ্ছ কেন"
sunil gangopadhay,সোনার থা কি সবাইকে বলতে আছে
sunil gangopadhay,"সূচা সিং কাকাবাবুকে একটু তোযষামোদ করার সুর করে বললেন, আপনারা পণ্ডিত লোক, আপনারা জানেন রাজারা কোথায় কোন্ জায়গায় গুপ্ত সম্পদ লুবিয়ে রাখতেন সাধারণ লোকেরা কি ওসব জানতে পারে"
sunil gangopadhay,"""তাই যদি হত সিংজী, তাহলে পণ্ডিতরা এত গরিব হয় কেন"
sunil gangopadhay,পণ্ডিতরা সোনার খবর কিছুই বোঝে না
sunil gangopadhay,"সূচা সিং বাধা দিয়ে বললেন, দাঁড়ান, দাঁড়ান, অত ব্যস্ত হচ্ছেন কেন"
sunil gangopadhay,খধমসে কম এক পেয়ালা চা তো খান আমার সঙ্গে
sunil gangopadhay,"কাকাবাবু বললেন, আমি সকালে দু'কাপের বেশি চা খাই না"
sunil gangopadhay,সেই দু' পাপ আজ খাওয়া হয়ে গেছে
sunil gangopadhay,তা হলে খোকাবাবুকে কিছু খাইয়ে
sunil gangopadhay,খোকাবাবু জিলাবি খেতে খুব তালবাসে
sunil gangopadhay,"আমি সঙ্গে সঙ্গে বললাম, আমি কিছু খাব না"
sunil gangopadhay,সূচা সিং আজ আর কিছুতেই ছাড়লেন অনেক চেষ্টা করেও তাঁকে গেল না
sunil gangopadhay,"আজ জোর করে আমাদের তুললেন নিজের গাড়িতে বেশ মজবুত জিপ গাড়ি, সূচা সিং সেই গাড়িতেই ওদিকেই কোথায় যেন কোনও একজন সরকারী হোমরা-চোমরার সঙ্গে দেখা করতে যাওয়ার পথে সিং অনেক গল্প করতে লাগলেন আমি অবশ্য সব পারলাম না"
sunil gangopadhay,আমি তাকিয়ে রইলাম বাইরের দিকে
sunil gangopadhay,"পাশে পাইন আর পপলারের বন মাঝে মাঝে চেনার গাছও দেখা চেনার গাছগুলো কী ধড বড় হয়, অনেকটা দেবদারু গাছের মতন- যদিও পাতাগুলো অন্যরকম হঠাৎ চোখে পড়ে যায় আখরোট, খোবানি আর নাশপাতির গাছ"
sunil gangopadhay,এগুলো অবশ্য আমার চোখে এখন নতুন লাগে না
sunil gangopadhay,আমি গাছ থেকে বুনো আপেল আর আঙুরও ছিড়ে ছিড়ে খেয়েছি
sunil gangopadhay,কলকাতায় বসে এ কথা স্বপ্নেও ভাবা যায়
sunil gangopadhay,কত যে গোলাপফুল রাস্তাঘাটে ফুটে আছে
sunil gangopadhay,"কাকাবাবু জিজ্ঞেস করলেন, সিংজী, তুমি এই কাশ্মীরে কতদিন আছ"
sunil gangopadhay,"সূচা সিং বললেন যে, কাশ্মীরে যখন যুদ্ধ হয় সাতচল্লিশ সালে, তখন তিনি এখানে এসেছিলেন লড়াই করতে"
sunil gangopadhay,তখন সৈনিক ছিলেন যুদ্ধে তাঁর একটা আঙুল কাটা যায়
sunil gangopadhay,"সূচা সিং তাঁর বাঁ হাতটা দেখালেন, সত্যিই তাঁর কড়ে আঙুলটা নেই"
sunil gangopadhay,"সূচা সিং হাসতে হাসতে বললেন, আমি সবাইকে কী বলি জানেন"
sunil gangopadhay,"এই কড়ে আঙুলের ধাক্কা দিয়েই আমি হানাদারদের তাড়িয়ে দিয়েছি তারপর, তুমি এখানেই থেকে গেলে"
sunil gangopadhay,"কিন্তু কাশ্মীর আমার এমন পসন্দ হয়ে গেল, সেনাবাহিনীর কাজ ছেড়ে দিয়ে আমি এখানেই চলে এলাম ব্যবসা করতে এখন আমি এখানকারই লোক ৷ কাশ্মীরি মেয়েকেই শাদী করেছি"
sunil gangopadhay,"দু শো টাকা নিয়ে ব্যবসা শুরু করেছিলাম এখন দেখুন না, আমার নয়খানা গাড়ি খাটছে"
sunil gangopadhay,"কাশ্মীরের মাটিতে সোনা আছে, বুঝলেন"
sunil gangopadhay,"নইলে ইতিহাসে দেখুন না, সবারই লোভ ছিল কাশ্মীরের দিকে"
sunil gangopadhay,"কাকাবাবু তাঁকে উৎসাহ দিয়ে বললেন, তুমি লেগে থাকো"
sunil gangopadhay,"তুমি হয়তো একদিন এই সোনার খোঁজ পেয়েও যেতে পারো সিংজী সোনমার্গ পৌঁছে সূচা সিং তাঁর চেনা একজন লোককে ডেকে বললেন, এই প্রোফেসার খুব বড়া আদমি সব সময় এর দেখাশোনা করবে তারপর সিং চলে গেলেন"
sunil gangopadhay,কাকাবাবু অবশ্য সূচা সিং-এর চেনা লোকটিকে পাত্তাই দিলেন না
sunil gangopadhay,তার হাত এড়িয়ে সোজা চলে এলেন ঘোড়াওয়ালাদের জটলার দিকে
sunil gangopadhay,"গত কালের সেই দুটো ছেলেকেই ঠিক করলেন আজ কোনও রকম দরাদরি না করেই ঘোড়ায় চড়ে বসে বললেন, চলো"
sunil gangopadhay,"একটু দূরে গিয়েই কাকাবাবু থামলেন ৷ ঘোড়াওয়ালা ছেলে দুটিকে ডেকে জিজ্ঞেস করলেন, এই তোমাদের নাম কী"
sunil gangopadhay,নাম জিজ্ঞেস করতেই ওদের কী লজ্জা মেয়েদের মতন ওদের ফর্স গাল লাল হয়ে গেল ৷ কিছুতেই বলতে চায় কেউ বুঝি কখনও ওদের নাম জিজ্ঞেস করেনি
sunil gangopadhay,একজন আর একজনের মুখের দিকে তাকিয়ে ফিক ফিক করে
sunil gangopadhay,"তাই দেখে আমি আর করলাকাবাবুও হাসতে লাগলাম অনেক কষ্টে জানা গেল, একজনের নাম আঁবুতালেব আর একজনের নাম তো বোঝাই যায় না"
sunil gangopadhay,"শুনে মনে হল, ওর নাম কী"
sunil gangopadhay,"নামটা যেন খুবই একটা অপ্রয়োজনীয় ব্যাপার কাকাবাবু আমার দিকে চেয়ে বললেন, এরা হচ্ছে খশ্ জাতি এদিককার পাহাড়ে এদের দেখা যায়"
sunil gangopadhay,"আমি অবাক হয়ে তাকিয়ে রইলাম এখানে না এলে কি জানতে পারতাম, খশ্ জাতি নামেও একটা জাতি আছে আমাদের দেশে"
sunil gangopadhay,যে-জাতের একটা ছেলে নিজের নামটাও ভাল করে জানে না
sunil gangopadhay,"হুদ্দার মতন একটা বিদঘুটে নাম কে ওর ঘাড়ে চাপিয়ে দিয়েছে, তাই নিয়েই ও খুব খুশি"
sunil gangopadhay,অথচ কী সুন্দর দেখতে ছেলেটাকে
sunil gangopadhay,"আর বেশ চটপটে, বুদ্ধিমান কাকাবাবু জিজ্ঞেস করলেন, তোমাদের গ্রামে থাকার জায়গা পাওয়া যাবে"
sunil gangopadhay,"ছেলে দুটি মুখ চাওয়া-চাওয়ি করতে লাগল এ রকম প্রশ্ন ওরা কখনও (শানেনি ওদের গ্রামে বোধহয় কোনও বাইরের লোক থাকেনি কখনও কাকাবাবু পকেট থেকে একটা দশ টাকার নোট বার করে বললেন, যদি থাকতে দাও তাহলে রোজ দশ টাকা করে ভাড়া দেব তাছাড়া খাবার খরচ যে-কোনও রকমের একটা ঘর হলেই আমাদের চলবে টাকাটা দেখেই ওদের মুখে হাসি পরস্পর কী যেন আলোচনা করে নিয়েই ওরা রাজি হয়ে গেল তা বলে, ওদের কিন্তু লোভী মনে করা উচিত নয়"
sunil gangopadhay,"ওরা বড্ড গরিব তো, টাকার খুব দরকার ওদের গলাঙ্গীর নামে একটা জায়গা আছে, সেইদিকে ওদের গ্রাম"
sunil gangopadhay,আমরা উঠতে লাগলাম পাহাড়ি পথে
sunil gangopadhay,"পাশ দিয়ে রুপোর পাতের মতন একটা নদী বয়ে যাচ্ছে কাকাবাবু বললেন, ওর নাম কঙ্গনা নদী সন্ত এ যে রাস্তাটা দেখতে পাচ্ছ, এ রাস্তাটা চলে গেছে লদ্দাকে"
sunil gangopadhay,এমনিতে লোক যাকে বলে লাদাক এই রাস্তাটা খুব ভয়ংকর এই রাস্তা দিয়ে যাতায়াত করতে গিয়ে কত মানুষ যে প্রাণ হারিয়েছে তার ইয়ত্তা নেই
sunil gangopadhay,"আস্তে আস্তে ঘোড়া চলছে, আমি চারদিকে তাকিয়ে তাকিয়ে দেখছি"
sunil gangopadhay,এখানে এলে মরার কথা মনেই হয় পাহাড়ের পর পাহাড়ের সারি
sunil gangopadhay,দূরে একটা পাহাড়ের মাথা সব পাহাড়কে ছাড়িয়ে জেগে রয়েছে
sunil gangopadhay,"সেটা দেখতে ঠিক মন্দিরের মতন কাকাবাবু, মন্দিরের মতন এঁ পাহাড়টার নাম কী"
sunil gangopadhay,"সাহেবরাও এঁ পাহাড়ের নাম দিয়েছে ক্যাথিভ্রাল পীক সব পাহাড় ছাড়িয়ে উঠেছে ওর মাথা দেখলেই মনে হয় না, এক সময় দেবতারা থাকত এখানে"
sunil gangopadhay,"এঁ যে রাস্তাটার কথা বললাম, ওটাকে ওয়াঙ্গাথ নালাও বলে এঁ-রাস্তা শুধু লদ্দাকে নয়, ওটা দিয়ে সমরখন্দ, পামীর, বোখারা, তাসখন্দ যাওয়া যায়"
sunil gangopadhay,হাজার হাজার বছর আগে থেকেও মানুষ এ রাস্তা দিয়ে যাতায়াত করেছে
sunil gangopadhay,রাস্তাটার জন্যই আমার এখানে আসা
sunil gangopadhay,"আমি জিজ্ঞেস করলাম, কাকাবাবু, এই রাস্তা দিয়েই কি আর্যরা ভারতে এসেছিল"
sunil gangopadhay,"কাকাবাবু বললেন, তা ঠিক বলা যায় না"
sunil gangopadhay,আর্যদের বোধহয় রাস্তা কিছু কিছু বানিয়ে নিতে হয়েছিল ইন্দ্র কাশ্মীরে পাহাড় ফাটিয়ে বদ্ধ জলাশয়ের মুক্তি দিয়েছিলেন- -এ রকম একটা কাহিনীও আছে যেতে যেতে একটা মিলিটারি ক্যাম্প পড়ল বন্দুকধারী মিলিটারি এসে আমাদের আটকাল কাকাবাবু ঘোড়া থেকে নেমে তার সঙ্গে কী যেন কথা বললেন ৷ দেখালেন কাগজপত্র
sunil gangopadhay,শিশুটির জন্ম মাত্র সাত মাস দশ দিন গর্ভবাসের পর মাতৃজঠরেই তার চাঞ্চল্য প্রকাশ পেয়েছিল সেই অন্ধকার জলধিতে সে বেশীদিন থাকতে চায়নি
sunil gangopadhay,বাবু রামকমল সিংহ তখন উড়িয্যায় মহাল পরিদর্শন করতে গিয়েছিলেন প্রাক্-সন্ধ্যেবেলা তিনি মহানদীর বুকে বজরার ওপর বসে সূর্যাস্তের শোভা দেখছেন এমন সময় একটা ছোট ছিপনৌকো তীরবেগে ছুটে এলো বজরার দিকে
sunil gangopadhay,"সেট থেকে লাফিয়ে নামলো তাঁর গোমস্তা দিবাকর অকস্মাৎ দিবাকরকে দেখেই রামকমলের হৃৎকম্প শুরু হয়ে গিয়েছিল নদীবক্ষে পবিত্র নির্মল বাতাসের মধ্যে দিবাকর দুঃসংবাদের গন্ধ নিয়ে এসেছে রামকমল ধরেই নিলেন ) নেই দিবাকরেরও সেই রকম ধারণা, গৃহকত্রীকে সে সংজ্ঞাহীন মুমূর্ষু দেখে এসেছে প্রভুকে সে ঠিক মতন সান্ত্বনা দিতে পারলো না শুধু বললো, হুজুর আজই ফেরার গতিক হবে"
sunil gangopadhay,উকিলবাবু আমাকে পাটালেন রামকমলের চক্ষু থেকে অবিরল অশ্রু বর্ষণ হতে লাগলো বিশ্বব্তী তাঁর সংসারের সৌভাগ্যলক্ষ্মী
sunil gangopadhay,"বজরার ছাদ থেকে নীচের নেমে এসে রামকমল কমলাসুন্দরীকে বলঙ্গেন, আজ হতে আমি নিঃস্ব হলেম"
sunil gangopadhay,পৃথিবীর কোনো দ্রব্যেই আর আমার সুখ হবে না কমলাসুম্দরী রামকমলকে শয্যায় শুইয়ে দিয়ে মাথায় হাত বুলিয়ে দিতে লাগলো বিশ্ববতীর স্মরণে সেও চোখের জল ফেললো কয়েক ফোঁটা গঙ্গার ঘাটে দূর থেকে সে বিশ্ববততীকে দেখেছে দু' একবার সাক্ষাৎ জগজ্জননী দুর্গার মতন রূপ কমলাসুন্দরী তাঁর দাসী হবারও যোগ্য নয়
sunil gangopadhay,"অমন রূপবতী স্ত্রী থাকতেও রামকমল কেন অপর নারীদের কাছে যান বা দু' তিন বছর অস্তর অস্তর রক্ষিতা বদল করেন, তা বোঝা ভার কমলাসুন্দরীর গায়ের রঙ মসৃণ কষ্টিপাথরের মতন ৷ নিজের স্ত্রীর দুধে-আলতা মেশানো গাত্রবর্ণ বলেই বোধহয় রামকমল শুধু কৃষ্ণাঙ্গী মেয়েদের মধ্য থেকেই নির্বাচন করেন পুরুষ মানুষ এমনই অদ্ভুত হয়"
sunil gangopadhay,"রৌপ্য পাত্রে খানিকটা ব্র্যাপ্ি ঢেলে এনে কমলাসুন্দরী বললো, এটুকু পান করে নিন, নইলে আরও দুর্বল হয়ে পড়বেন"
sunil gangopadhay,"রামকমল বাঁ হাত দিয়ে সেই পাত্র ঠেলে দিয়ে বললেন, আমার আর কিছুতে রুচি নেই আমাকে জ্বালাতন করিস নি, কমল ৷ তুই আমার সম্মুখ থেকে এখন সরে"
sunil gangopadhay,"কমলাসুন্দরী ক্ষুদ্র গবাক্ষের সামনে গিয়ে দাঁড়িয়ে চুল এলো করে দিল বাইরে নদীর জলে লকলক করছে অস্ত সূর্যের লাল শিখা সেদিকে তাকিয়ে সে ভাবলো, এবার বুঝি এ বাবুর কাছ থেকে পাট উঠলো আবার নিয়তি তাকে কোথায় নিয়ে যাবে কে জানে"
sunil gangopadhay,রামকমল কোমল শুয়ে প্রবল ছতাশের সঙ্গে আঃ আঃ শব্দ করতে লাগলেন ততক্ষণে বজরা চলতে শুরু করেছে
sunil gangopadhay,তিনদিন পর কলকাতার পল্লীতে তাঁর অট্টালিকার সদর দেউড়িতে পা দিয়েই রামকমল শুনলেন নতুন শিশুর কান্না
sunil gangopadhay,তিনি ভুরু উত্তোলন করে তাকালেন দিবাকরের দিকে
sunil gangopadhay,"দিবাকরও বিমুঢ় রোগ-যন্ত্রণা যে আসলে প্রসব-বেদনা, তা সে-ও জানতো না তা ছাড়া, সাত মাস গর্ভের সন্তান জন্মের কথা কে-ই বা কখন শুনেছে"
sunil gangopadhay,আট মাস না হয় কথা ছিল রামকমলের বয়েস এখন সাতচল্লিশ পনেরো বছর আগে তিনি বিশ্ববতীকে বিবাহ করেছিলেন তাঁর তৃতীয় বিবাহ ৷ এর আগে তাঁর দুই মারা গেছে নিতাস্ত বালিকা বয়েসে
sunil gangopadhay,"প্রথমা স্ত্রী লক্ষ্মীমণিকে রামকমলের একটু একটু মনে আছে কিন্তু দ্বিতীয়া স্ত্রী হেমবালার মুখখানিও তাঁর মনে পড়ে না এখন বিশ্ববততী নতুন বধূ হয়ে এ বাড়িতে আসেন ন' বছর বযেসে তখন এ বাড়ির চেহারা অবশ্য অন্যরকম ছিল আসার পর এই সিংহ পরিবারের শ্রীবৃদ্ধি ঘটতে থাকে রামকমল যে ব্যবসায়ে হাত দেন, সেখানেই সোনা ফলে ৷ বিদ্ববতী এই সংসারে এত সমৃদ্ধি এনে দিলেও একটি সম্ভাপ সর্বক্ষণ ছিল তাঁর মনে"
sunil gangopadhay,তাঁর স্বামী অপুত্রক এমনকি অশ্রসজল সনির্বন্ধ অনুরোধ সত্ত্বেও রামকমল আর দার পরিগ্রহ করেননি - রামকমল লাফিয়ে উঠতে লাগলেন সিড়ি দিয়ে ৷ দোতলায় সিঁড়ির মুখে তাঁর বাল্যবন্ধু ও আজীবন সুহৃদ বিধুশেখর দাঁড়িয়ে কাযোপলক্ষে রামকমল প্রবাসে গেলে বিধুশেখরই এ গৃহের রক্ষণাবেক্ষণের ভার নেন
sunil gangopadhay,"বিধুশেখর একজন দক্ষ আইনজীবী, অতি সৃূষ্ম্ন তাঁর বুদ্ধি, হৃদয়খানি সমুদ্রের মতন বিশাল এই বন্ধুর ওপর পায়িত্ব করে রামকমল নিশ্চিন্ত থাকতে পারেন সব সময় রামকমল জিজ্ঞেস করলেন, সব শেষ"
sunil gangopadhay,"বিধুশেথর বন্ধ ক আলিঙ্গন করে বললেন, তুং এসিচিস, আর কোনা চিত্ত"
sunil gangopadhay,"নাং আগে হাত মুখ , পরে সব শুনবি"
sunil gangopadhay,"রামকমল ব্যগ্রভাবে বিধুশেখরের মুখের দিকে তাকিয়ে বললেন, আগে বল্, বিশ্ববতীকে আর দেকতে পাব কি না"
sunil gangopadhay,"প্রায় আলিঙ্গনাবদ্ধ অবস্থাতেই দুই বন্ধু এসে দাঁড়ালেন বিশ্ববর্তীর শয়নকক্ষের দরজার কাছে বিরাট ওপর বিশ্ববতী চোখ মুদে শুয়ে আছেন চিৎ হয়ে, করতল দুটি বুকের ওপর প্রণামের ভঙ্গিতে যুক্ত"
sunil gangopadhay,"তিনজন সাহেব ডাক্তার ডান পাশে মথমলমোডা কৌচে নিস্তব্ধ হয়ে বসে আছে বাঁ পাশে বসে আছেন বিখ্যাত কবিরাজ দীনদয়াল ভেষণগ্শাস্ত্রী চোখ দুটি বন্ধ, চিবুক ঝুলে পড়েছে বুকের ওপর, তিনি ঘুমন্ত কিনা বোঝা যায় তবে এটাই তাঁর সুপরিচিত ভঙ্গি"
sunil gangopadhay,"একজন দক্ষিণ দেশীয় আয়ার কোলে একটি কাঁথার পুটুলি, সেই পুটুলি থেকে শব্দ আসছে কান্নার"
sunil gangopadhay,"বেশ জোর আছে গলায় জন্মের পর যে শিশু কাঁদে, তার প্রাণশক্তি সম্পর্কে নিশ্চিন্ত হওয়া যায়"
sunil gangopadhay,বিধুশেখর ব্যবস্থার কোন এটি রাখেননি কিন্তু রামকমল পিতৃত্ব অর্জনের কোনোরকম সুখানুভূতি -বোধ করলেন না ৷ তাঁর মন উদ্বেল হয়ে আছে বিশ্ববতীর জন্য
sunil gangopadhay,"বিদ্ববৰতী তাঁর শহৃদয়মণি রামকমল ধরা গলায় আবার জিজ্ঞেস করলেন, সব শেষ"
sunil gangopadhay,"এখনো প্রাণ রয়েচে সতীলঙ্ষ্মী তোর অপেক্ষাতেই আচে, তোকে শেষ দেখা না দেখে সে আমাদিগের ছেড়ে যাবে না"
sunil gangopadhay,"বিচলিত পায়ে রামকমল ছুটে আসতে যাচ্ছিলেন, সাহেব ডাক্তারদের মধ্য থেকে সার্জেন গর্ডন উঠে এসে তাঁর সম্মুখে দাঁড়ালেন গম্ভীর গলায় খানিকটা ধমকের সুরে তিনি বললেন, ডিস্টার্ব হার আর এনাফ চাঙ্গেস দ্যাট শী উইল সারভাইভ রামকমল উদ্ভ্রান্তের মতন বললেন, একবার শুধু পাশে গিয়ে বসি, একবার শুধু স্পর্শ করব-- কতা কইবো না"
sunil gangopadhay,বিধুশেখর সাহেবকে অনুরোধ করলেন সার্জেন গর্ডন সরে দাঁড়িয়ে তার জেব থেকে সোনার ঘড়ি বার করে দৃষ্টি নিবদ্ধ করলেন সেদিকে
sunil gangopadhay,"রামকমল পা থেকে নাগরা জোড়া খুলে ফেলে নিঃশব্দে গিয়ে দাঁড়ালেন স্ত্রীর পাশে তাঁর বুক কাঁপছে ঘরের মধ্যে একটা অদ্ভূত গন্ধ পাচ্ছেন তিনি, এটাই মৃত্যুর গন্ধ কিনা তিনি ঠিক বুঝতে পারছেন না ৷ বিদ্ববতীর শয়নকক্ষে এরকম গন্ধ তিনি আগে পাননি বিদ্ববত্তীর ললাটে তিনি হাত রেখে আরও চমকে উঠলেন কী ঠাণ্ডা"
sunil gangopadhay,"প্রতিশ্রুতি ভুলে গিয়ে তিনি ধরা গলায় বলতে লাগলেন, বিশ্ব, বিশ্ব একবার চোখ তুলে চাও দ্যাখো, আমি এসিচি"
sunil gangopadhay,"বিম্বৰবততীর কানে সে ডাক পৌছোলো না, শরীরে কোনো স্পন্দন দেখা দিল গর্ডন প্লীজ প্লীজ করতে লাগলেন কবিরাজ মশাই চোখ খুলে বললেন, , ভগবানকে ডাকুন বৌমাকে এখন ডাকবেন না"
sunil gangopadhay,ভগবানের দয়া হলে সব ঠিক হয়ে যাবে
sunil gangopadhay,"নিজেকে সামলে নিয়ে রামকমল শয্যার পাশ থেকে সরে এলেন এতগুলি বাঘা বাঘা ডাক্তার কবিরাজ রয়েছেন, এখানে তাঁর শিশুপনা দেখানো শোভা পায় তিনি ঘর থেকে বেরিয়ে আসছিলেন, এসময় বিধুশেখর বললেন, পুত্রমুখ দেক্লি না"
sunil gangopadhay,"দক্ষিণ দেশীয়া আয়াটির দিকে তাকিয়ে তিনি ইঙ্গিত করলেন সে রামকমলের কাছে এসে কলকল করে কত কী যেন বললো, তার একটি অক্ষরও বোঝা যায় না"
sunil gangopadhay,"কাঁথার পুটুলির মধ্যে ছোট্ট একটা বাচ্চা, সে এত ছোট্ট যে মানুষের ছানা বলে বোঝাই যায় না"
sunil gangopadhay,"মনে হয় যেন চোখ নেই, নাক নেই, শুধু মাংসের পুতুল কিন্তু জীবস্ত যে, তাতে কোনো সন্দেহ নেই, তারস্বরে কেঁদে যাচ্ছে আর ক্ষুদে ক্ষুদে দুটি হাত নাড়ছে"
sunil gangopadhay,রামকমল দীর্ঘশ্বাস ফেললেন এই শিশু তার জননীকে খেতে এসেছে কোনো প্রয়োজন ছিল না এর আসার রামকমল তো পুত্রের অভাব বোধ করেননি কখনো বিদ্ববর্তীর জীবনের বিনিময়ে তিনি কিছুই চান না
sunil gangopadhay,আয়াটির হাতে দুটি মুদ্রা গুঁজে দিয়ে তিনি দ্রুত ঘর থেকে বেরিয়ে এলেন সাতদিন যমে-মানুষে লড়াই চললো তারপর বিশ্ববর্তী চোখ মেললেন
sunil gangopadhay,"প্রথমেই তিনি বললেন, আমি কোতায়"
sunil gangopadhay,"তখন মধ্যাহ্ন রামকমল সবেমাত্র আহারে বসেছিলেন, খবর পেয়ে তিনি পাত্র ত্যাগ করে উঠে এলেন বিদ্ববতী বারবার একই প্রশ্ন করছেন শুনে রামকমল বললেন, এ তো তোমার ঘব, এ তোমার শয্যা, এই দ্যাখো আমি রয়িচি, তুমি জানো, তোমার একটি পুত্র হয়েচে"
sunil gangopadhay,"বিশ্ববত্তীর চক্ষে ঘোর ৷ তিনি আবার বললেন, , আমি কি মরে গিইচিলুম"
sunil gangopadhay,"রামকমল বললেন, বালাই , তুমি মরবে কেন"
sunil gangopadhay,"তোমার বিশ্ববততী বললেন, আমার যেন মনে হলো, আমি কত দেশ ঘুরে এলুম, কত পাহাড়, নদী, বন, বিরাট বিরাট অন্ধকার সুড়ঙ্গ, তার ওধারে আলো, সেই আলো, সেই আলোর এত জোর যে চোখ ধাঁধিয়ে হঠাৎ ধড়মড় করে উঠে বসে"
sunil gangopadhay,"আমার ছেলে- আয়া কাঁথার পুটুলিটা তুলে দিল বিশ্ববতীর কোলে তিনি চমকে উঠে বললেন, এ কে"
sunil gangopadhay,"আমার ছেলে তো অনেক বড় রামকমল স্ত্রীর মাথায় হাত বুলিয়ে দিতে দিতে বললেন, , তোমার মনে নাই, তুমি পোয়াতি হয়েছিলে, এই তো তোমার গর্ভের শিশুটি এখন কাঁদছে না, ঘুমিয়ে আছে বিশ্ববততী এক দৃষ্টে তাকিয়ে রইলেন তার মুখের দিকে ক্রমশ তাঁর দৃষ্টি স্বচ্ছ হয়ে এলো তিনি কয়েক ফোঁটা চোখের জলে ভিজিয়ে দিলেন সম্ভানের মুখ তারপর তার ললাট চুম্বন করলেন - গঙ্গা কোথায়"
sunil gangopadhay,"আত্মীয়পরিজন দাসদাসীরা ভিড় করে দাঁড়িয়ে আছে দরজার কাছে রামকমল বললেন, এই, কেউ গঙ্গাকে ডাক তো"
sunil gangopadhay,"রামকমলের মনে পড়লো, গত দু'তিনদিন তিনি গঙ্গানারায়ণকে দেখেননি সে এ ঘরে একবারও আসেনি রামকমল একটু অনুতপ্ত বোধ করলেন"
sunil gangopadhay,একজন ভূত্য এসে খবর দিল গঙ্গানারায়ণ ফিরিঙ্গি পাঠশালায় পড়তে গেছে
sunil gangopadhay,"বিদ্ববতী উতলা হয়ে বললেন, ওগো, তাকে ডেকে আনো ৷ আমি তাকে এক্ষুনি দেকবো"
sunil gangopadhay,"রামকমল হুকুম দিলেন, এই, কেউ একজন যা, দৌড়ে গিয়ে তাকে ডেকে আনগে যা"
sunil gangopadhay,ফিরিঙ্গি পাঠশালা বেশী দূরে নয়
sunil gangopadhay,"লোক ছুটে গেল সেখানে রামকমল স্ত্রীকে বললেন, তুমি শোও সে আসচে এখুনি আসচে"
sunil gangopadhay,"বিশ্বব্তী বললেন, তোমরা বুঝি ভেবেছিলে আমি মরে গ্যাচি"
sunil gangopadhay,"আমার কী এক মহানিদ্রা পেয়েচিল, তার মধ্যে আমি কত দেশ ঘুরে এলুম বিশ্ববতীর বিধবা বড় জা হেমাঙ্গিনী এগিয়ে এসে বললেন, তোর কী খিদে পেয়েচে, কিছু খাবি"
sunil gangopadhay,ক'টা দিন তো ওষুধ ছাড়া কিছু পেটে যায়নি
sunil gangopadhay,"যেন তাঁর কোলের সন্তানকে কেউ কেড়ে নেবে, এইভাবে পুটুলিটা আঁকড়ে ধরে বিশ্ববতী বললেন, আমার একদম থিদে নেই গো, আমি যেন অমৃত থেয়িচি, আমার শরীর মন একেবারে ভরে আচে অল্পক্ষণের মধ্যেই গঙ্গানারায়ণকে নিয়ে আসা হলো ঘরের মধ্যে চোদ্দ বছরের একটি সুদর্শন কিশোর তার মুখখানি লাজুক ধরনের ৷ সে বিশ্ববত্তীর পালঙ্কের পাশে গিয়ে দাঁড়ালো বিশ্ববতী তাকে আরও কাছে ডাকলেন তার মাথায় মুখে আদর করে হাত বুলিয়ে দিতে দিতে বললেন, আমার কাছে বসে থাক তুই-ও কি ভেবেছিলি, তোর মা মরে গ্যাচে"
sunil gangopadhay,গঙ্গানারায়ণ মুখ নীচু করে নিঃশব্দ হয়ে রইলো
sunil gangopadhay,"হেমাঙ্গিনী বললেন, ওলো, এখন বেশী কতা ক'স নি একটু বিশ্রাম নে"
sunil gangopadhay,"চোখ মুখ যা টেনে গ্যাচে, আবার ভির্মি খেয়ে পড়বি"
sunil gangopadhay,"রামকমলও ভয় পেলেন প্রদীপের নিভবার আগে একবার দপ করে জ্বলে ওঠে, পট পট শব্দ হয়, বিশ্ববত্তীরও সেই অবস্থা নয় তো"
sunil gangopadhay,"তিনি বললেন, বিশ্ব, তুমি এখন শোও, কোবরেজ মশাইকে খপর দিইচি, উনি এসে একবার দেখুন বিশ্বৰতী বললেন, আর কোনো ভয় নেই গো"
sunil gangopadhay,"কতদিন তোমাদের দেখিনি, কতদিন গঙ্গাকে দেখিনি আহা, গঙ্গার মুখ শুকিয়ে গ্যাচে তুই আজ থেইচিস তো"
sunil gangopadhay,গঙ্গানারায়ণ ঘাড় নেড়ে সম্মতি জানালো
sunil gangopadhay,একবার মা বলে ডাক তো ৷ কতদিন তোর মা ডাক শুনিনি
sunil gangopadhay,"গঙ্গানারায়ণ কাঁপা কাঁপা গলায় বললো, মা- - আয়, খাটের ওপর উঠে বোস"
sunil gangopadhay,"বাবা গঙ্গা, তোর একটি ছোট ভাই , তুই তাকে ভালোবাসবি তো"
sunil gangopadhay,"গঙ্গানারায়ণের ক্ষুদ্র জীবনের কাহিনীটি এই প্রকার রামকমল সিংহের পৈতৃক ভিটে হুগলি জেলার বাকসা-গ্রামে রামকমলের পিতামহ সেই গ্রাম ছেড়ে ভাগ্যান্বেষণে এসেছিলেন কলকাতায়, কালক্রমে নুনের দেওয়ানি লাভ করে এখানকার অভিজাত সমাজে স্থান করে নেন পিতামহের অপর দুই ভাই থেকে যান সেই গ্রামেই"
sunil gangopadhay,"এই বংশের কলকাতা শাখাটির যতই উন্নতি হতে থাকে, গ্রামের শাখাটি ততই জীর্ণ হয়ে যায়"
sunil gangopadhay,"এঁ গ্রামের সঙ্গে কোনো রকম সম্পর্কই রাখেননি একদিন রামকমল হঠাৎ লোকমুখে খবর পান যে বাকসা-গ্রামে শ্রীশ্রীরঘুনাথ জীউ'র যে সুবৃহৎ নবরত্রের মন্দির আছে, সেই মন্দিরের চত্বরে এক রমণী তার একবছরের শিশুপুত্রকে রাব্রিবেলা ফেলে পালিয়ে যাবার চেষ্টা করছিল কিন্তু পুরোহিতদের নজরে পড়ে যায়"
sunil gangopadhay,"ধরা পড়ার পর রমণীটি স্বীকার করে যে, ক্ষুধার জ্বালাতেই সে উদ্যত হয়েছিল এমন নৃশংস কাজে পুত্রকে আহার জোগাতে পারে না বলেই সে শ্রীশ্রীরঘুনাথ জীউ-এর চরণে পুত্রকে সমর্পণ করে নিজে আত্মহত্যা করা মনস্থ করেছিল এই কাহিনী মুদ্রিতও হয়েছিল ইংরেজি সংবাদপত্রে"
sunil gangopadhay,রমণীটি বিধবা রামকমল জানতে পারেন যে সেই রমণীটি তাঁরই এক সম্পর্কিত ভাইয়ের স্ত্রী
sunil gangopadhay,লোকাপবাদের ভয়ে পুত্রসমেত সেই রমণীটিকে আনিয়ে রামকমল ঠাই দিলেন তাঁর কলকাতার বাড়িতে সব বড় মানুষের বাড়িতেই এরকম দুঃস্থ আত্মীয়স্বজন আশ্রয় নেয়
sunil gangopadhay,যোড়াসাঁকোর এই সিংহবাড়িতে প্রত্যেকবেলা পঞ্চাশটি পাত পড়ে
sunil gangopadhay,গৃহকর্তা অনেকের নামই জানেন না
sunil gangopadhay,"তাঁর জননী অতি দানশীলা কেউ এসে আশ্রয় চাইলে তিনি ফেরান না জননীর অনুমতি নিয়েই রামকমল বাকসা-গ্রামের সেই রমণীকে সম্ভানসমেত এনেছিলেন এ বাড়িতে অনেক দিন এ বাড়িতে কোনো শিশু ছিল না, তাই সকলেই সেই শিশুটিকে কাড়াকাড়ি করে আদর করতো ৷ তার মা কিন্তু এ বাড়িতে এসেও খুব স্বচ্ছন্দে মনের সুখে থাকতে পারেনি অন্যান্য থাকে একতলায়, তাকে স্থান দেওয়া হয়েছিল ওপরে বিশ্ববতী দেখেছেন, প্রায়ই সে বিরলে বসে কাঁদে তার মন-মরা রোগ হয়েছিল, বিশেষ কথা বলতো না, আর বোধহয় সেই ব্রোগের জন্যই সে বেশী দিন বাঁচলো না"
sunil gangopadhay,"মাত্র ছ' মাস পরেই সে চলে গেল পৃথিবী ছেড়ে, যাবার আগে সে তার ছেলেকে দিয়ে গেল কোলে"
sunil gangopadhay,"সজল চক্ষে বলে গিয়েছিল, দিদি, তুমি ওকে দেখো সেই শিশুই গঙ্গানারায়ণ বিদ্ববততীর একেই দয়ার শরীর, তার ওপর হৃদয় ছিল সম্ভান-তৃষিত, তিনি ছেলেটিকে আপন করে নিলেন"
sunil gangopadhay,"ছেলেটির দেহে তাঁদের পরিবারের রক্ত আছে, একথা নিশ্চিতভাবে জানার পর, রামকমল এঁ ছেলেটিকে দত্তক নেবার প্রস্তাব দিলেন বিশ্ববতীর কাছে ততদিনে ধরেই নেওয়া হয়েছিল, হবে না"
sunil gangopadhay,"বিশ্ববততী তংক্ষণাৎ রাজি হলেন আনুষ্ঠানিকভাবে গঙ্গানারায়ণকে দত্তকপুত্র হিসেবে গ্রহণ করলেন রামকমল সে প্রায় পাঁচ বছর আগেকার কথা বিস্ময়ের কথা এই যে বয়ঃবৃদ্ধির সঙ্গে সঙ্গে গঙ্গানারায়ণের মুখের গড়নে আশ্চর্য সাদৃশ্য দেখা যেতে লাগলো রামকমলের সঙ্গে যেন সে রামকমলেরই গুঁরসজাত পুত্র যে দেখে, সে-ই এঁ কথা বলে লোকে এমন কথাও বলে যে এঁ দত্তক নেবার ব্যাপারটা নিছকই"
sunil gangopadhay,"রামকমলের নারীগোলুপতার কথা সর্বজনবিদিত, তিনি নিশ্চয়ই নিজের গ্রামেও একটি রেখেছিলেন, প্রতি বৎসর পূজোর সময় একবার সেখানে যান তিনি"
sunil gangopadhay,"এঁ গঙ্গানারায়ণ সেই উপপত্মীরই সম্ভান, তাকে সম্পত্তির উত্তরাধিকারী করার জন্য দত্তক নেওয়া হলো"
sunil gangopadhay,কেউ কেউ এ রটনা বিশ্বাস করে
sunil gangopadhay,"রামকমলের ঘনিষ্ঠতম সুহৃদ বিধুশেখরের কানেও এই রটনা এসে পৌঁছেছে, তিনি শুনে উচ্চহাস্য করে উঠেছিলেন"
sunil gangopadhay,"আর যেই বিশ্বাস করুক, বিধুশেখর কিছুতেই এটা বিশ্বাস করতে পারেন না"
sunil gangopadhay,"বিশ্ববতীর ধারণা, শ্রীশ্রীরঘুনাথ জিউ-ই ছেলেটিকে পাঠিয়েছেন তাঁদের কাছে এমন উপযুক্ত মানুষ বহু ভাগ্যে পায়"
sunil gangopadhay,"ছেলেটি ধীর স্থির, বুদ্ধিমান পড়াশুনোয় মতি আছে ৷ সংস্কৃত, ফার্সী ও ইংরেজি শিখছে নিয়মিতভাবে এই ছেলের হাতে যে বিষয়-সম্পত্তি রক্ষা পাবে ও বৃদ্ধি পাবে, এ সম্পর্কে নিশ্চিত ছিলেন রামকমল কয়েকদিন পর বিশ্ববত্তীর সঙ্গে দুই পুত্র বিষয়ে খানিক আলোচনা করলেন রামকমল তাঁর তখনও আশঙ্কা তাঁর নিজের সন্তানটি শেষ পর্যন্ত বাঁচবে কিনা এত ক্ষুদ্র মানবশিশু তিনি কখনো দেখেননি এর সব কিছুই যেন অদ্ভুত জন্মের পর বেশ কিছুদিন বাচ্চারা অধিকাংশ সময় ঘুমিয়েই কাটায় নিদারুণ অন্ধকার থেকে এসে এই পৃথিবীর আলো চক্ষে নিতে যথেষ্ট সময় - লাগে কিন্তু এ তেমন ঘুমোয় না, যখন তখন জাগে আর কান্না জুড়ে দেয় হাসতেও শিখেছে এরই মধ্যে মুখের সামনে একটা আঙুল নিয়ে গেলেই হেসে ওঠে খটখটিয়ে দেড় দু' মাসের মধ্যে শিশুরা নাকি ভালো করে দেখতেই পায় না, কিন্তু যে-কেউ সামনে গেলেই এ দিব্যি তাকিয়ে থাকে তার মুখের দিকে"
sunil gangopadhay,নিজের সম্ভান সম্পর্কে রামকমলের মনোভাব প্রতিদিন বদলে যাচ্ছে
sunil gangopadhay,"এখন দিনের মধ্যে বহুবার তিনি ছেলের মুখ দেখতে আসেন প্রথম দু' একদিন তিনি নতুন শিশুটিকে বেশী মনে স্থান দেননি,"
sunil gangopadhay,বিশ্ববতীর সঙ্গে দেখা করতে এসেও ছেলের দিকে তাকাতেন না
sunil gangopadhay,"যেন বেশী মায়ায় বাঁধা পড়তে চান না, ও যদি চলে যায়, তাহলে যেন বিস্মৃতি আসে খুব দ্রুত গঙ্গানারায়ণ তাঁর বংশধর, তাকে নিয়েই তিনি তৃপ্ত থাকবেন তারপর একটা একটা দিন যেতে লাগলো আর তাঁর নিজের যেন তাঁকে টানতে লাগলো চুম্বকের মতন মাত্র সাত মাস দশ দিন গর্ভবাসের পর জন্মেছে যে বাচ্চা, এতখানি জীবনীশক্তি দেখলে, বিশেষত তার খটখটে হাসি শুনলে যেন খানিকটা গা ছম ছম করে"
sunil gangopadhay,"আর একটা বিস্ময়বোধও যেন আচ্ছন্ন করে ফেলছে রামকমলকে এতদিনে তাঁর এই ধারণা - বদ্ধমূল হয়ে গিয়েছিল যে তাঁর সম্ভান উৎপাদনক্ষমতা নেই ) অবশ্য নিজেকে বাঁজা ভাবতেন এতদিন কিন্তু রামকমল আরও অনেক রমণীর গর্ভে বীর্য নিষেক করেছেন, তারা কেউই তাঁকে : একটিও উপহার দিতে পারেনি যদি কেউ দিত, তাহলে সেই সম্ভানকে তিনি নিজের বংশধর হিসেবে স্বীকৃতি না দিলেও তার ভরণপোষণের জন্য ব্যবস্থা করে দিতেন নিশ্চিত"
sunil gangopadhay,শেষ পর্যন্ত বিশ্ববতীর কাছেই সার্থক হলো তাঁর পৌরুষ
sunil gangopadhay,"কথা চিন্তা করলেই রামকমলের সারা শরীরে গুপ্ত খুশীর জোয়ার এসে যায় বিশ্ববতীর শরীর এখনো দুর্বল, তবু তিনি পুত্র কোলে নিয়ে অনেক রাত পর্যন্ত জেগে বসে থাকেন"
sunil gangopadhay,রাস্তার দিকের সব ক'টি জানলা বন্ধ কাছেই এক জায়গায় চড়কের মেলা বসেছে অনেক রাত পর্যন্ত পথ দিয়ে মানুষজন হল্লা করতে করতে যায় গতকাল রাত্তিরেই একদল মাতাল এমন গান জুড়েছিল ঝষভরাগিণীতে যে আর একটু হলেই ধোপারা ছুটে আসতো দড়িদড়া নিয়ে
sunil gangopadhay,একজন পাহারাওয়ালা মজা দেখছিল সামনে দাঁড়িয়ে দাঁড়িয়ে
sunil gangopadhay,"শেষ পর্যন্ত রামকমলই তাঁর পাইকদের পাঠিয়ে - মাতালগুলোকে গলাধাক্কা দিয়ে বিদায় করে দেন রামকমল শুতে যাবার আগে এসে দাঁড়ালেন পত্নীর পাশে চার চক্ষুর দৃষ্টি একসঙ্গে নিবদ্ধ হলো শিশুটির ওপর বিশ্বৰ্তী বললেন, চোখ দুটো দেকেচো"
sunil gangopadhay,শুধু কপালের এইটুকু জায়গায় আমার সঙ্গে মিল আচে রামকমল হাসলেন স্ত্রীলোকেরা এসব কী করে বোঝে কে জানে শিশুর মুখ চোখ কিছুই তো এখনো চেনা যায় না
sunil gangopadhay,"ঠোঁটে গাঢ় পরিতৃপ্তির হাসির আভাস পাওয়া গেল তিনি বললেন, আমি ভালো আচি---তুমি তোমার শরীরের যত্ন নিও গো, আমি কিছু দেকতে পারি না"
sunil gangopadhay,"আমার জন্য চিন্তা করো না রয়েচেন, বড় বৌঠান গঙ্গা শুয়ে পড়েচে"
sunil gangopadhay,ওর খাওয়াদাওয়া ঠিকমতন হচ্চে তো
sunil gangopadhay,দেক্লুম তো শুয়ে আচে ৷ তোমার আসেনি
sunil gangopadhay,"বেলা আসেনি কো, একবার খপর নিয়ে শুনলুম পড়াশুনা কচ্চে"
sunil gangopadhay,কি তোমার ঘরে বেশী আসে না
sunil gangopadhay,"পায় বোধহয় আমাকে এমনভাবে থাকতে তো কখনো দ্যাকেনি, বহু বচরের মধ্যে আমার কোনো রোগভোগ হয়নি"
sunil gangopadhay,"ভাইবোন জন্মালে ছেলেমেয়েদের এরকম একটু অভিমান হয়ই কুসুমকুমারী যেবারে ' জন্মালো, আমার তখন ন' বচর বয়েস, আমি ভাবতুম মা বুঝি আমা অপেক্ষা কুসুমকুমারীকেই বেশী - ভালোবাসেন কুসুমের তখন কত আদর - গঙ্গার তে' আর ন' বচর বয়েস নয়"
sunil gangopadhay,"সে বড় হয়েচে, সে বুজবে"
sunil gangopadhay,"-ককিন্তু বিশ্ব, তুমি কি দু'জনকে সমান ভালোবাসতে পারবে"
sunil gangopadhay,"গঙ্গাকে পেটে ধরিনি বটে, কিন্তু সে কি কিছু কম"
sunil gangopadhay,"আমার মনের মধ্যে একটা কথা দিয়েচে দত্তক নেবার পর নিজের সম্ভান জন্মালে সে - বংশে নাকি একটা বড় রকম বিরোধ বাধে আদালতে সে এমন অনেক দেকেচে -গঙ্গা অতি ভালো ছেলে, সে কক্ষনো তার ছোট ভাইয়ের সঙ্গে বিবাদ করবে না"
sunil gangopadhay,"না হয় না-ই করলো, কিন্তু তোমার এ ছেলে যদি বড় হয়ে গঙ্গাকে সহ্য করতে না পারে"
sunil gangopadhay,"বিশ্ববত্তী আহত হয়ে বললেন, তুমি আগে থেকেই এরকম গাইচো কেন"
sunil gangopadhay,"ওসব কিছু হবে না , আমি বলচি দেখো, ওদের দু' ভাইয়ের মধ্যে কখনো অসৈরণ হবে না"
sunil gangopadhay,"রামকমল বললেন, না হয় তো মঙ্গল"
sunil gangopadhay,"আমার বিষয় সম্পত্তি যথেষ্ট আচে, আমি ওদের মধ্যে সমান ভাগ করে দিয়ে যাবো- লিখিত পড়িতভাবে আগে থেকেই, তাতেও ওরা যা পাবে- কথাটা বলতে বলতেই রামকমলের মনের মধ্যে একটা খটকা লাগলো সমান"
sunil gangopadhay,"তাঁর নিজের রক্ত বইছে এই ছেলের শরীরে, সে গঙ্গানারায়ণের সমান পাবে"
sunil gangopadhay,"বড় হয়ে-যখন সে সব জানবে, তখন বাপ-মায়ের ওপর তার অভিমান না"
sunil gangopadhay,"আমি নিজেই এর মধ্যে ভাবতে শুরু করিচি, ওদের সমান সমান সম্পত্তি দেওয়া হবে কিনা- -আমার রক্ত বইচে এর শরীরে- রক্তে' এত টান যে আমিও দুর্বল হয়ে পড়চি"
sunil gangopadhay,"--আমি যতদিন বেচে থাকবো, আমি দু'জনকেই সমান করে দেকবো "" - - ভালো"
sunil gangopadhay,"তুমি মা হয়ে যদি তা পারো, আমিই বা তাহলে পারবো না কেন"
sunil gangopadhay,আরও কয়েকদিন পর সম্পূর্ণ সুস্থ হয়ে উঠলেন ) বাড়িতে এতদিন ডাক্তার কবিরাজের ' আনাগোনা লেগেই ছিল তাঁরা কেউই বিশ্বাস করতে পারেন নি যে শেষ পর্যন্ত জননী ও দু'জনেই বেচে থাকবে এটা রীতিমতন একটা বিস্ময়ের ব্যাপারই বটে
sunil gangopadhay,"রামকমলের মা সৌদামিনী "" ইতিমধ্যে বহু পুজোআচ্চা, ব্রাহ্মণ বিদায় ও কাঙালী ভোজন করিয়েছেন এই শিশুর মঙ্গল কামনায় ' কুলপুরোহিত এসে জাতকের জন্মলগ্নের রাশি নক্ষত্র বিচার করে কোষ্ঠি রচনা করে দিলেন তিনি ঘোষণা করলেন, এ শিশুর যশোভাগ্য সাঙঘাতিক একদিন সারা দেশ এরই জন্য এই বংশের সুনাম গাইবে ৷ বিশ্ববতী রত্বপ্রসবিনী ্ শিশুর নাম রাখা হলো নবীনকুমার - একুশ দিনের দিন বিশ্ববতী নবীনকুমারকে কোলে নিয়ে সারাবাড়ি ঘুরে এলেন তারপর শিশু ঘুরতে লাগলো এ কোল থেকে ও কোলে সন্ধ্যেবেলা বৈঠকখানা ঘর থেকে ওপরে এসে রামকমল দেখলেন বারান্দায় বিশ্বৰত্তী আসনপিড়ি হয়ে বসে স্তন্য পান করাচ্ছেন নবীনকুমারকে আর গঙ্গানারায়ণ বসে আছে মায়ের পিঠে গাল ঠেকিয়ে রামকমল মুগ্ধ হয়ে গিয়ে ভাবলেন, অহো, কী সুন্দর দৃশ্য"
sunil gangopadhay,"তিনি তখনি আবার নীচে নেমে এসে দিবাকরকে নির্দেশ দিলেন যুড়িগাড়ি বার করবার আজ ; তাঁর মনে খুব আনন্দ অনেক দিন পর আজ তিনি জানবাজারে কমলাসুন্দরীর বাড়িতে যাবেন , দোকান হয়ে গেছে, তবু ভেতরে বসে গুপী স্যাকরা দুর্গপ্রদীপ জ্বেলে রাংঝালের কাজে মগ্ন ৷ সেই সময় ঝাঁপ ঠেলে ঢুকলো রাইমোহন সে এতই লম্বা যে ছোট দোকান ঘরটিতে সোজা হয়ে দাঁড়াতে পারে না, মাথা ঝুঁকিয়ে রইলো তার পরণে সিমলের ফিনফিনে ধুতি, হলুদ রঙের বেনিয়ান, গলায় শাস্তিপুরের ডুরে আর পায়ে ইংলিশ জুতো বাঁ হাতের মণিবন্ধে এক ছড়া গোরের মালা জড়ানো সে মাঝে মাঝে এই রকম সময়েই দোকানে আসে, তাই গুপী স্যাকরা অবাক হলো না, একটা ছোট কাঠের টুল এগিয়ে দিয়ে বললো, বসুন ঘোষালমশাই রাইমোহন বসলো, হাঁটু দুটো উঁচু হয়ে রইলো জেব থেকে পিতলের পানের কৌটো বার করে তার থেকে একটা পান মুখে পুরলো, একটা গুপীর দিকে এগিয়ে দিয়ে বললো, নিবি নাকি"
sunil gangopadhay,"বছক্ষণ আগুনের শিখার সামনে বসে থাকার জন্য গুপীর কপাল থেকে টপটপ করে ঘাম ঝরছে বাঁ হাত দিয়ে ঘাম মুছে, ডান হাত বাড়িয়ে বললো, দেন একটা আর কী সংবাদ বলেন অনেকদিন আপনি ইদিকে আসেননি, তাই পাড়া-বেপাড়ার অনেক খবরও শুনিনি রাইমোহন বললো, সবচে জবর খবর হলো গে চূড়ো কাল কে যেন ছুরি মেরে পালিয়েচে, আজ সকালে দেখা গেল সে মুখ ভেটকে পড়ে আচে গুপী বললো, চুূড়োবাবুর কোন্"
sunil gangopadhay,"তেনার তো একটি নয়, গণ্ডাখানেক -ইটি হলো গে বৌবাজারের আমার হীরেমনির পাশের কোঠায় থাকতো -আহা হা, সে তো শুনিচি অপরূপ সুন্দরী ছেল"
sunil gangopadhay,কলকেতা থেকে একটা তারা খসে গেল চূড়ো দত্তর কি ভেউ করে কান্না
sunil gangopadhay,নিজের বাড়ির মাগ্ মলেও কেউ অমন কীদে না
sunil gangopadhay,চূড়োবাবুর রাঁঢ়ের কাছ ধেষা তো কম সাহসের কথা নয়
sunil gangopadhay,তুই কখনো ঘ্যাঁধবার চেষ্টা নাকি
sunil gangopadhay,"-চূড়োর কান্নার বহর দেখে মনে হচ্চে, সে-ই গুণ্ডা ভাড়া করে মারিয়েচে পাখি নাকি উড়ু কচ্চিল, রসিক দত্তরও চোখ পড়েচিল এঁ মেয়েছেলেটির ওপর চূড়োবাবুর হাত ছাড়িয়ে কারুর পালাবার সাধ্য আচে"
sunil gangopadhay,"এসব নোংরা কথা শুনলেও পাপ ৷ আর কী সংবাদ বলেন --চেতলাগঞ্জে আজ অনেকগুলো চালের নৌকো ভিড়েচে দেকলুম, চালের দর এবার একটু পড়বে মনে হয়"
sunil gangopadhay,"দু'-তিন মাস ধরে যা অখাদ্য চাল জুটছিল না রে, বাঙালদেশ থেকে বেশ ভালো চাল এয়েচে বিকেলে কেল্লা থেকে গুপুস গুপুস করে অনেকবার তোপ দাগলো বিলেত থেকে কেউকেটা একজন এলো মনে হয়"
sunil gangopadhay,"কোম্পানির ডিরেক্টর বোর্ডের একজন জবর মেম্বর এয়েচে কী নাম যেন, ভুলে গেলুম ছাই"
sunil gangopadhay,"আপনি কি এখন বেরুচ্চেন না বাড়ি ফিরচেন, ঘোষালমশাই"
sunil gangopadhay,--এই সম্ধেরাতে বাড়ি ফিরবো কি রে : আমার কি নোনা লেগেচে যে বাড়িতে বসে কাঁচা চিবুবো
sunil gangopadhay,"হাঁ, অনেকক্ষণ থেকে শুনচি কিসের বাজনা বলুন তো"
sunil gangopadhay,"--আজ যোড়াসাঁকোর ঠাকুরবাড়িতে খুব ধুমধাম দ্বারকানাথ ঠাকুরের নাতি হয়েচে, তাই গোড়াদের পাটি আনিয়েচে আপনার নেই"
sunil gangopadhay,শুধু সাহেবদের বাঈ নাচ হবে দিশি লোকদের নেমন্তন্ন হলো গে কাল
sunil gangopadhay,"আমার তো নেমন্তন্ন লাগে না, খাওয়া-দাওয়া দেখলেই ঢুকে পড়ি -ছেলে হলো কার"
sunil gangopadhay,"দেবেন্দ্রবাবুর দ্বারকানাথের বড় ছেলে দেবেন্দ্র এক মেয়ে হয়ে মারা গিইছিল এবার প্রথম ছেলে জন্মালো নতুন বংশধর এলো, খুব ধূমধাম তো হবেই , -দেবেন্দ্রবাবু তো বড়মানুষীতে বাপকেও ছাড়িয়ে যাবেন বোধহয় - বাপকে টেক্কা না দিলে আর বড়মানুষী কী"
sunil gangopadhay,"মনে নেই, একবার শুধু সরস্বতী পুজো করেই এক লাখ টাকা ওড়ালো"
sunil gangopadhay,খরচের বহর দেখে দ্বারকানাথ পর্যন্ত হাঁ
sunil gangopadhay,"তো আবার মুক্তো গলায় পরেন না, পায়ে ডা - পায়ে কি বলচিস"
sunil gangopadhay,জুতোর ওপর বসিয়ে সবাইকে তাক লাগিয়ে দিয়েছেল
sunil gangopadhay,"রর - তো টাকার ওপর গড়াগড়ি দ্বারকানাথের বাড়িতে টাকার গোনাগুণতি হয় না, ' দাঁড়িপাল্লায় ওজন করে"
sunil gangopadhay,দেবেন্দ্র হিদু কালেজে ভত্তি হয়েছেন ও কালেজটা তো একটা প্লেচ্ছদের আড্ডা কেউ জাত ধর্মো মানে না
sunil gangopadhay,দুজো সাহেব মারা গেলেও তেনার চেলা-চামুণ্ডোগুলান রয়ে গ্যাচে
sunil gangopadhay,"সেগুলো আবার এককাঠি বাড়া দেবেন্দ্র যাতে বয়াটে হয়ে না যায়, তাই দ্বারকানাথ ছেলেকে কালেজ ছাড়িয়ে এনে বিষয়কম্মে লাগালেন, আর ছেলেও পুজো-আচ্চার নাম করে দু' হাতে দেদার টাকা উড়াচ্চে"
sunil gangopadhay,"বয়েস তো সবে তেইশ চবিবশ, এর মধ্যেই দেবেন্দ্র যা খেল দেখাচ্চে, কাণ্তেনীতে সবাইকে ছাপিয়ে যাবে গুপী বললো, তাতে আপনাদেরই লাভ রাইমোহন বললো, এদিকে আমাদের রামকমল সিংগীরও এক ছেলে হলো এতকাল তো পরের ধনে পোদ্দারি কচ্ছেল, এবার নাকি নিজের মুরদেই- - নাকি বলছেন কেন"
sunil gangopadhay,"শুনবো, তাই বিশ্বেস করবো, এমন বান্দা আমি নই রামকমল সিংগীর বোয়ের ছেলে হয়েচে কিন্তু সে ছেলে রামকমল সিংগীর না কার, তা কে জানে"
sunil gangopadhay,"রাম ও-কতা বলবেন না সকলে জানে, আর যেখানে যাই গণ্ডগোল থাক, রামকমল সিংগী মশায়ের পরিবার অতি সতী মেয়েছেলে -আরে রাখ রাখ সতী"
sunil gangopadhay,এমন কানুন করে গেলেন তা গোটা দেশটার পোষা মারা গেল
sunil gangopadhay,যে খানাকুলের শম্লেচ্ছটি সাহেবদের জপালো আর সাহেবরাও তার কতা শুনে নেচে উঠলো
sunil gangopadhay,"সতীদাহ রদ করে গেলেন , ফলে দেশ থেকে সতীই উধাও হয়ে গেল"
sunil gangopadhay,গুপী চুপ করে গেল এ-সব কথা নিয়ে আলোচনা করতে সে ভয় পায় রাইমোহন ঘোষালের না হয় জিভের আড় নেই
sunil gangopadhay,তত --এবার আপনার নিজের সংবাদ বলেন ঘোষালমশাই
sunil gangopadhay,"অন্য জেব থেকে এক ছড়া সোনার হার বার করে রাইমোহন বললো, এটা দ্যাক্ তো, এটার জন্য ' কত দিতে পারবি"
sunil gangopadhay,"হার ছড়া হাতে নিয়ে ঘুরিয়ে ফিরিয়ে দেখে গুপী বললো, এটা আবার কোথ্ থেকে আনলেন"
sunil gangopadhay,আপনার কি জিনিস ফুরোয় না
sunil gangopadhay,এটা আমার নাতির - : ডা - নাতির জিনিসটে বিককিরি করবেন
sunil gangopadhay,"আহা, সে বেচারি মনে দুঃখু পাবে না"
sunil gangopadhay,"সে দুঃখু পেল তো আমার বয়েই গেল সে কি এখানে আচে, গত বছর সে গ্যাচে, সেখেনে সোনাদানার কত ছড়াছড়ি"
sunil gangopadhay,"এটা একটা খেলা ৷ গুপী বেশ ভালোই জানে যে এটা রাইমোহনের নাতির গয়না নয়, আর রাইমোহনও জানে যে বিক্রির জন্য যে-সমস্ত গয়না সে আনে তা কোথা থেকে আসে, গুপীর জানতে বাকি নেই"
sunil gangopadhay,তবু প্রত্যেকবারই একটু এ-রকম গল্প কথা হয়
sunil gangopadhay,"গুপী নিক্তি বার করলো সেদিকে তীক্ষ চোখে চেয়ে রইলো রাইমোহন এই লোকটির বয়েসের গাছ-পাথর নেই কেউ বয়েস জিজ্ঞেস করলে রাইমোহন হাসে কিংবা রসিকতা করে বলে, এই ধরো ' না কেন বারো কি তেরো"
sunil gangopadhay,"দেকছো না, বগলে চুল গজায় নি এখনো"
sunil gangopadhay,"রাইমোহন মাকুন্দ, শরীরখানা শুধু শক্ত হাড়ের ওপর চামড়া দিয়ে মোড়া, সেইজন্যই তার উচ্চতা যতখানি, তার চেয়েও"
sunil gangopadhay,"খড়ানাসা, অতিশয় ধূর্তের মতন চোখ, কথাবাতায়ি দারুণ তুখোড় রাইমোহন এ শহরে যজ্ঞের বিড়াল -আপনার সোনা আচে ডেড় ভরি টাক্"
sunil gangopadhay,"ডা রাইমোহন অমনি ধমক দিয়ে উঠলো, কতটা হাত ঝোলালি"
sunil gangopadhay,"আরে রাখ রাখ আচে, ওজন আর মামুদপুরের গাজন মারামারি কাটাকাটি - হবেই"
sunil gangopadhay,তা আপনার উনিশ টাকা দর ধরলে- --উনিশ টাকা কি রে ব্যাটা
sunil gangopadhay,বিশ টাকা দর উঠেচে হলো পাকা সোনার দর -আমি কি তোর কাচে কাঁচা সোনা এনেচি
sunil gangopadhay,"অনেকক্ষণ দরাদরি হলো গুপী কিছুতেই সাড়ে আঠাশ টাকার বেশী দেবে না, রাইমোহনও তিরিশ টাকা না নিয়ে ছাড়বে না, শেষ পর্যন্ত উনত্রিশে রফা হলো টাকাগুলো গুণে নিয়ে উঠে দাঁড়াতে গিয়েই রাইমোহন গুতো খেল ঘরের চালে মাথায় হাত বুলোতে বুলোতে বেরিয়ে পড়লো শনিবারের রাত, রাস্তায় বেশ ভিড় জ্যোৎস্না রাত বলে অন্ধকার তেমন মিশমিশে নয়, কাছাকাছি বাড়িগুলো থেকেও আলোর রেশ এসে পড়েছে, অনেক পথচারীর হাতে লণ্ঠন"
sunil gangopadhay,"দুই গরুর গাড়ির মাঝখানে আটকা পড়েছে একটা, ফিটন গাঁড়ি, তার ওপর থেকে চ্যাঁচাচ্ছে সহিস আর ভেতরে বসে এক সৌথখিনবাবু বলছেন, আঃ সর না, কী আপদ গরু এমন ল্যাজের ঝাপটা মারছে, তা প্রায় বাবুর মুখে এসে লাগে গাড়োয়ানের জোর ছপটি থেয়ে হঠাৎ একটা বলদ এত জোরে যে গাড়িশুদ্ধু গিয়ে পড়লো রাস্তার ধারের পুকুরে ৷ লোকেরা 'আরে মলো মলো, গ্যালো গ্যালো, ধর ধর' বলে চেঁচিয়ে "" উঠলো"
sunil gangopadhay,সেই সুযোগে ফিটন গাড়ি বেরিয়ে গেল খপখপিয়ে চিৎপুরের রাস্তার দু' পাশে বিরাট বিরাট মারমা
sunil gangopadhay,"গাড়ি ঘোড়ার আওয়াজ ছাপিয়েও শোনা যায় মানুষের গলা রাস্তা দিয়ে যাবার সময় কেউ চুপচাপ হাঁটে না, কে কার কথা শুনছে ঠিক নেই, তবু সকলেই কিছু না কিছু বলছে এরই মধ্যে চলেছে একটা ছোট মিছিল, তাতে দু'জন ঢোল বাজাচ্ছে একজনের হাতে একটা দাউ করা মশাল আর বাকি লোকরা গান জুড়েছে, ভোলা বোম্ ভোলা বড় রঙ্গিলা লেংটা ত্রিপুরারি শিরে জটাধারী ভোলার গলে দোলে হাড়ের মালা রাইমোহনের ঠোঁটে সব সময় একটা বাঁকা হাসি থাকে"
sunil gangopadhay,সে ভিড়ের মধ্য দিয়ে চলেছে পাশ কাটিয়ে কাটিয়ে হঠাৎ একজন লোকের সঙ্গে তার ধাক্কা লেগে গেল
sunil gangopadhay,"সে রাইমোহনের আপাদমস্তক দেখে নিয়ে স্থলিত গলায় বললো, আমি ছিকেষ্ট বাগানের পেয়ারা, না না, ভুল বল্লুম গো, আমি পেয়ারা বাগানের ছিকেষ্ট, তুমি কে বাবা, তাল গাছ"
sunil gangopadhay,"লোকটির মুখ দিয়ে ভুরভুরিয়ে বেরুচ্ছে সরাবের গন্ধ তার কথা শুনে খিলখিল করে হেসে উঠলো অদূরে দাঁড়ানো তিনটি মেয়ে তাদের তিনজনেরই হাতে লাল রঙের রুমাল ৷ রাইমোহন জিজ্ঞেস করলো, মশায়ের লেগেচে"
sunil gangopadhay,"লোকটি বললো, না, না, লাগবে কেন"
sunil gangopadhay,"যেন গাদা বোটের গায়ে নদীর ঢেউ, একটু দুলে উঠিচি শুধু"
sunil gangopadhay,"রাইমোহন ডিবেটা বার করে বললো, নিন একটা পান আজ্ঞা করুন"
sunil gangopadhay,"অমনি মেয়ে তিনটি আমায় দাও, আমায় দাও বলে এগিয়ে এলো খালি হয়ে গেল রাইমোহনের সে এক হাতে চেপে সামলে রইলো যাতে টাকাগুলো না এই তালে-গোলে অদৃশ্য হয়ে যায়"
sunil gangopadhay,"একটি মেয়ে বললো, হাতে গোরের মালা, কার গলায় পরাবে গো"
sunil gangopadhay,"অন্য একটি মেয়ে তার হাত চেপে ধরে বললো, আমার ঘরে চলো আর একটি অন্য হাত চেপে ধরে বললো, না গো, আমার ঘরে এসো, আমার ঘর খুব কাচে মাতালটি বললো, বাবা"
sunil gangopadhay,"আমায় কেউ দেকচে মেয়েগুলোর কাছ থেকে নিজেকে ছাড়িয়ে নিয়ে, তাদের থুতনি ধরে একটু আদর করে আবার এগিয়ে গেল রাইমোহন হেদোর কোণে কুচকুচে কালো রঙের একটি দিশি খৃস্টান প্রভু যীশুর মহিমা কীর্তন করছে তার পাশে হাতে বিলিতি লণ্ঠন নিয়ে দাঁড়িয়ে আছে গোলগাল মুখ একজন সাহেব কাছেই ভুর করে রাখা আছে অনেকগুলো বাইবেল একটু পরেই যখন এঁ বাইবেল বিলি হবে, তখন এক অক্ষরও ইংরেজি পড়তে পারে না এমন লোকেরা ওগুলো নেবার জন্য কাড়াকাড়ি করবে অনেক সময় রাস্তার ধারের নর্দমায় ডানা উল্টে পড়ে থাকতে দেখা যায় ভালো মরোক্তো চামড়ায় বাঁধানো বাইবেল তবু পাদ্রীদের উৎসাহে ঘাটতি নেই"
sunil gangopadhay,"বউবাজার পাড়ার একটি দোতলা বাড়িতে ঢুকে সিড়িতে দাঁড়িয়ে রাইমোহন হাঁকলো, হীরেমনি, ও হীরেমনি"
sunil gangopadhay,"নীল রঙের জমকালো শাড়ি পরা একটি মেয়ে ঘর থেকে বেরিয়ে এসে বললো, তুমি আজ এয়েচো"
sunil gangopadhay,তোমার কি ভয় ডর নেই গা
sunil gangopadhay,"রাইমোহন হাসতে হাসতে ওপরে উঠে এসে বললো, ভয় পেলে আর কোথায় নুকোবো"
sunil gangopadhay,পাড়া একদম ফাঁকা দেকচি যে
sunil gangopadhay,"হীরেমনি বললো, কাল রেতে অমন কাণ্ড হলো, আজ আর কেউ এ পাড়ায় আসবে"
sunil gangopadhay,"এক তুমিই আচো ঘাটের মড়া ' রাইমোহন বললো, কেউ আসবে না, বা বা বা বা"
sunil gangopadhay,"শুনে প্রাণ জুড়িয়ে গেল, তা হলে আজ আমি একাই ঘরের মধ্যে জাজিমের ওপর ফরাস পাতা দরজার ঠিক সামনের দেয়ালে ঝুলছে একটি কালীঘাটের পট, একটা বেড়াল মাছ মুখে নিয়ে পালাচ্ছে ফরাসের ওপর তিন চারটে লাল ভেলভেট মোড়া তাকিয়া, তার একটাতে মাথা রেখে ঘুমোচ্ছে একটি এক বছরের বাচ্চা ছেলে বেশ মৌরসীপাট্টা করে বসে রাইমোহন বললো, সকালে একবার উকি মারতে এয়েছিনু এদিকে অনেক পাহারোলা দেকলুম পাহারোলা পাহারোলায় ছয়লাপ একেবারে ,' বললো, দু'জন সাহেব পুলিশও এয়েছিল"
sunil gangopadhay,"একি তোর আমার মরণ, চুড়ো , স্বয়ং গবর্ণর জেনারেল যে আসেননি মোতিবিবির কত বড় ভাগ্য বল্, সাহেবরা পর্যন্ত তার লাশ দেখতে এয়েছেল আহা গো, সে চোকে দেকা যায় না"
sunil gangopadhay,"কী নিদ্দয়েব মত মেরেচে, শরীলটা একেবারে ফালা-ফালা করে দিয়েচে - এ জন্যই তো তোকে বলি, কখনো বাঁধা বাবু রাকবি না"
sunil gangopadhay,"ছাড়া পাখি হয়ে থাকবি, এ ডালে , ও ডালে ঠোকরাবি"
sunil gangopadhay,"আমি মোতিকে ব্লিচিলুম, চূড়োবাবু বড্ড বদরাগী লোক, চটাতে যাসনি- তা তো শুনলো না, দেখিয়ে বললো, কোন্ পরোয়া করে তুহার চুড়োবাবুকা"
sunil gangopadhay,"গে, গেচে তো গেচে আচ্ছা হীরেমনি, তুই যে বললি আজ আর কেউ আসবে না ভয়ে, তা হলে তুই আ্যাত সেজেগুজে বসেছিলি কোন্ নাগরের জন্যে র্যা"
sunil gangopadhay,"-আহা হা, সাজ করেচি, সে আমার অব্যেশ ওনার জন্যে"
sunil gangopadhay,"হাতে নেই কানাকড়ি দরজা খোলো বিদ্যেধরী রাইমোহন বেনিয়ানের ওপর হাতের মারতেই রূপোর টাকা ঝনঝনিয়ে উঠলো এক গাল হেসে বললো, মুরোদ নেই"
sunil gangopadhay,"আজ একশো টাকা এনিচি নোকরকে ডাক, বোতল আনা বললো, আবগারির দোকান হয়ে গেচে, এখন আবার কোতায় বোতল পাবে"
sunil gangopadhay,"রাইমোহন হেসে বললো, ওর কাচেই বোতল রাকা থাকে, একটু ঘুরে ঘেরে এসে নিজ্ঞেরই নুকোনো বোতল বার করে দেবে"
sunil gangopadhay,"দুটো পয়সা বেশী নেবে, এই যা"
sunil gangopadhay,"--দাঁড়াও বাপু, ছেলেটাকে রেখে আসি পাশের ঘরে"
sunil gangopadhay,"তুমি তো পেটে একটুখানি পড়লেই অমনি হল্লা শুরু - হল্লা কি রে, গান শোনাবো"
sunil gangopadhay,তোকে নিয়ে আমি নতুন গান ধেধেছি
sunil gangopadhay,"থাক, আর আমায় নিয়ে গান বাঁধতে হবে না বড় বড় বাবুদের নিয়ে গান বাঁধো, তাই করো গে"
sunil gangopadhay,"নিয়ে গান বাঁধি তো রোজগারের জন্য, আর তোকে নিয়ে বীঁধরো রসের গান"
sunil gangopadhay,"তোকে শিকিয়ে দেবো, তুই গাইবি"
sunil gangopadhay,"হীরেমনি ঘুমস্ত ছেলেকে পাঁজাকোলা করে তুলে নিল রাইমোহন বললো, দিব্যি চঁদপানা মুখখানি হচ্চে দিন দিন হীরেমনি, এ ছেলে কার রে"
sunil gangopadhay,ভগমান আমাকে দিয়েচেন ছেলে - ভগবান
sunil gangopadhay,"ঠাকুরবাড়ি, শীলবাড়ি, দেবেদের বাড়ি, মল্লিকদের বাড়ি, কত ভগবান আচে এর ওপর আবার আচে সাহেব-ভগবান তা কোন্ ভগবান তোকে দিলে"
sunil gangopadhay,"আমি অবশ্য ভগবান নই, আমি ওনাদের পায়ের কুকুর - মুখে মারবো মুড়ো ঝা্যাঁটা"
sunil gangopadhay,"ঘরের মাঝখানে একটা কাটা দরজা, সেখানে ঝুলছে ভারি মথমলের পদর্ণ"
sunil gangopadhay,সেই পদ ঠেলে হীরেমনি ছেলেকে নিয়ে গেল পাশের ঘরে
sunil gangopadhay,একটু পরেই এলো মদের বোতল অন্য দিনের তুলনায় আজ এ পাড়া সত্যি বেশ নিস্তব্ধ প্রত্যেক সম্ধ্যেতে এদিকে হাসির ফোয়ারা আর ঘুষ্ঠুরের ঝমঝমানিতে বাতাস কাঁপে সাধারণত কোনো কাণ্তেনের স্যাঙাত হয়ে এ সব জায়গায় আসে খরচ সব সেই তাদের সঙ্গে থাকতে থাকতে রাইমোহনের এমন অভ্যেস হয়ে গেছে যে সন্ধ্যেরাতে আর - কিছুতেই নিজের বাড়িতে মন টেকে না
sunil gangopadhay,"'একমাত্র হীরেমনির কাছেই সে মাঝে মাঝে একা আসে হীরেমনি এ পাড়ায় এসেছে বছর চারেক, বয়েস মাত্র সতেরো-আঠারো আজ নিজেই কাণ্তেনের ভঙ্গিতে তাকিয়া হেলান দিয়ে পা ছড়িয়ে বসে হাতের গেলাসে চুমুক দিতে দিতে রাইমোহন বললো, একটা গান ধর না- হীরেমনি বললো, তুমিই তো আজ গান শোনাবে বললে-- রাইমোহন চোখ বুজে খানিকক্ষণ চুপ করে থেকে তান ধরলো, সোনার বৃক্ষে রূপোর পাতা, সেথা বসেছে এক ইীরেমন পাখি- রে হাতটা এগিয়ে এনে সে হীরামনির গাল টিপে আদর করলো না৷ কিন্তু এই আসর ভেঙে গেল অকস্মাৎ হীরেমনিকে সবে মাত্র দু'-এক লাইন গানের আখর শুনিয়েছে রাইমোহন, এই সময় বাড়ির সদরে একটা গাড়ি থামার আওয়াজ হলো হীরেমনির নোকর রামদাস ছুটতে ছুটতে ওপরে এসে দরজায় ঘা বললো, সরকারবাবু আয়ে হে, সরকারবাবু"
sunil gangopadhay,"রাইমোহন শায়িত অবস্থা থেকে ধড়মড় করে উঠে বসে বললো, নিশ্চয়ই জগমোহন সরকার"
sunil gangopadhay,"ভুরু কুঁচকে বললো, তুমি উঠচো কেন, তুমি বসো"
sunil gangopadhay,"রাইমোহন জিভ কেটে উত্তর দিল, মাতা খারাপ"
sunil gangopadhay,আর এখানে আমার ঠাঁই আচে
sunil gangopadhay,"জগমোহন সরকার এয়েচে, আমি তো তার তুলনায় একটা ছারপোকা হীরেমনি তার হাত চেপে ধরে বললো, না তুমি বসো রামদাস, বাবুকে বলে দে, আজ দেকা হবে না"
sunil gangopadhay,"আজ আমার শরীল খারাপ করিস নি, হীরে"
sunil gangopadhay,"বাবু ফেরাতে নেই বাবু হলো গে লক্ষ্মী, এমন হাতের লক্ষ্মী কি পায়ে ঠেলতে আচে"
sunil gangopadhay,"বাবু আজ ফিরে গেলে আবার কাল আসবে তুমি সোন্দর গান শোনাচ্চিলে, আজ তুমিই আমি কি কখনো বাবু হতে পারি"
sunil gangopadhay,আমার বাপ ঠাকুরদা তো আর দেওয়ানি করেনি বা সাহেবদের তল্লি বইতেও পারেনি
sunil gangopadhay,আমি তো তোর পড়ে পাওয়া চোদ্দ আনা
sunil gangopadhay,"তুই টাকার খোঁটা দিচ্চিলি, আমি বল্লুম, এক শো টাকা এনিচি আরে এক শো টাকা একসঙ্গে কি আমি চোখে দেকিচি কখনো"
sunil gangopadhay,"এই, নিমকহারামের মতন কতা বলো না তোমার ঠেঙে কখনো আমি টাকা নিইচি"
sunil gangopadhay,"ভগমানের দয়ায় আমার টাকার ভাব নেই -কতার কতা বললুম আমি পালাই, তুই বাবুকে ডাক জুতো জোড়া আবার কোতায় গেল -- তুমি পালাতে চাইচো"
sunil gangopadhay,আমি বলচি তুমি থাকো -জগমোহন সরকারকে ফেরাসনি
sunil gangopadhay,"উনি আবার ফিমেল উদ্ধারের ব্রত নিয়েচেন, মনে বড় দুঃখু পাবেন মানী লোক"
sunil gangopadhay,"আহা, তা বলে অমনভাবে ভাগিয়ে দিসনি সবাই নাতি ঝ্যাঁটা মারে বলে কি তুইও মারবি"
sunil gangopadhay,একটু আদর করে যেতে বল এখন আমি যাই-ই বা কী করে
sunil gangopadhay,"জগমোহন সিড়ি দিয়ে উঠে আসচেন, নামতে গেলে ওঁর ঘাড়ে পড়বো সিড়িতে দুপদাপ শব্দ হচ্ছে"
sunil gangopadhay,"জগমোহনের বিশাল বপু, নেশার ঝোঁকে পা দুটিও এখন টলমল, রামদাসের কাঁধে হাত দিয়ে উঠছেন উনি"
sunil gangopadhay,ওপরে এসে হীরেমনির ঘরের বন্ধ দরজায় দুম দুম করে কিল মারতে লাগলেন
sunil gangopadhay,"হীরেমনি, বললো, যাও, দরজা খুলে দাও গে"
sunil gangopadhay,"রাইমোহন ফিসফিস করে বললো, বাবু আমাকে এখানে দেকলে মহা চটিতং হয়ে যাবেন রে"
sunil gangopadhay,পক্ষী হলে জানলা দিয়ে উড়ে যেতুম
sunil gangopadhay,শালিক পাখির মতনই তো ভয়ে কাঁপচো রাইমোহন চোখ বুজে ঠোঁট ফাঁক করে নিঃশব্দে হাসলো একটুক্ষণ তারপর কোমর দুলিয়ে নাচতে শুরু করলো তোমার মাতাটাতা খারাপ হয়ে গেল নাকি গো
sunil gangopadhay,"ভয়ে নয় রে, ভয়ে নয়, আনন্দে"
sunil gangopadhay,"আজ জগমোহন সরকারকে বাগে পেয়িচি শোন, আমি পাশের ঘরে নুকিয়ে থাকবো, তুই যেন কিছু ফাঁস করে দিসনি"
sunil gangopadhay,"জগমোহন হেঁড়ে গলায় বললো, কইগো হীরেমনি, দরজা খোলো"
sunil gangopadhay,"ইীরেমনি বললো, আজ আপনি ফিরে ) আজ আমার শরীল ভালো নেই"
sunil gangopadhay,"জগমোহন সরকার বললেন, আমি তোমার শরীর মন সব ভালো করে দোবো"
sunil gangopadhay,আমার কাছে মোক্ষম দাওয়াই আছে হীরেমনিকে চোখ দিয়ে দরজা খোলার ইঙ্গিত করে রাইমোহন করে চলে গেল পাশের ঘরে
sunil gangopadhay,"জগমোহন সরকার ঘরের মাঝখানে এসে দাঁড়িয়ে একটি মস্ত বড় তুললেন হাতের ছড়িটা মাটিতে ফেলে ওপর দু' হাত রেখে পরম তৃপ্তির মুখভঙ্গি করে বললেন, কই হীরেমনি, তোমার শরীর তো কিছু খারাপ নয়"
sunil gangopadhay,"বদনকমলটি যেন আরও প্রস্ফুটিত হয়েছে, ইচ্ছে হয় ভ্রমর হয়ে গিয়ে আমি বসি"
sunil gangopadhay,"আমি অনেকদিন পর এলুম, অনেক দিন পর তোমায় দেকলুম হীরেমনি বললো, তাই তো ভাবচি"
sunil gangopadhay,"কলকেতা শহরে মেয়েমানুষ গিসগিস কচ্চে, হঠাৎ এই অধীনাকে আপনার মনে পড়লো"
sunil gangopadhay,"জগমোহন সরকার বললেন, মনে তো সততই পড়ে কিন্তু বড় বেশী কাজে জড়িয়ে পড়েছি এদানি মুখ তুলবারও সময় পাই না"
sunil gangopadhay,আজ তোমার সঙ্গে দুটি মনের কথা কইতে এলুম ৷ বসুন বাতাস করবো
sunil gangopadhay,একটু সরবৎ বানিয়ে এনে দোবো
sunil gangopadhay,"সুধাপান করতে , আর তুমি বলছো সরবতের কথা"
sunil gangopadhay,"শরীর খারাপের কথা তুলে আমাকে ফেরাতে চাইছিলে কেন, প্রিয়ে"
sunil gangopadhay,"- অনেক রাত হয়েচে তো, শোবার কচ্চিলুম"
sunil gangopadhay,"বেশী রাত না হলে আমি আবার বেরুতে পারি ছৌঁড়ার দল ঘোরাঘুরি করে, কে কখন ্ দেকে ফেলবে মহৎ কাজে নামার অনেক বিপদ, বুঝলে হীরেমনি, সব সময় পেছনে ফেউ লেগে থাকে"
sunil gangopadhay,"সরকার বসলেন হীরেমনি তখনো দূরে দাঁড়িয়ে আছে দেখে বললেন, এসো, কাছে এসো, একটু আলিঙ্গন দাও, বুকটা জুড়োক বুকটা বড় খাঁ খাঁ করে আজকাল ভেজানো দরজাটা চুলের মতন ফাঁক করে সেখানে চোখ দিয়ে দাঁড়িয়ে রইলো রাইমোহন ৷ শোনা যায় নবীনকুমারের যখন মাত্র পাঁচ মাস বয়েস, সেই সময়েই সে একটি বিস্ময়কর কাণ্ড করেছিল একদিন সে খাট থেকে গড়িয়ে পড়ে যায় মাটিতে বিশ্ববতী সেদিন পাস্কি চেপে গঙ্গাম্নানে গিয়েছিলেন, পুত্রের ভার দিয়ে গিয়েছিলেন অতি বিশ্বস্ত চিত্তামণি দাসীর ওপর শিশুকে ঘুমন্ত ভেবে চিস্তামণি সবেমাত্র একবার ঘরের বার হয়েছে, অমনি শিশু সেই শয্যা থেকে গড়িয়ে পড়ে গেল শব্দ পেয়েই চিস্তামণি ছুটে এলো হীঁকুপাকু করে এসে, এঁটুকু ছেলের কাণ্ড দেখে তার চোখ কপালে উঠলো অত উঁচু থেকে পড়ে গিয়েও নবীনকুমার কাঁদেনি, বরং হামাগুড়ি দিয়ে সে পালঙ্কের নীচে লুকোবার চেষ্টা করলো যেন হামাগুড়ি"
sunil gangopadhay,ভয়ে বুক ঢিপঢটিপ করতে লাগল চিস্তামণির
sunil gangopadhay,পাঁচ মাসের শিশুকে হামাগুড়ি দিতে দেখেছে কেউ কখনো
sunil gangopadhay,"পালঙ্কের নীচে হাত বাড়িয়ে চিস্তামণি ব্যাকুলভাবে ডাকতে লাগলো, অ ছোটবাবু"
sunil gangopadhay,চিস্তামণি নবীনকুমারকে ধরে তুলতে সাহস পাচ্ছিল না
sunil gangopadhay,"তার ধারণা হলো, এ ছেলের ওপর অপদেবতার দৃষ্টি পড়েছে নিশ্চিত চ্যাঁচামেচি করে বাড়িশুদ্ধ লোককে সে ডেকে জড়ো করলো সেখানে"
sunil gangopadhay,নবীনকুমার গুটিসুটি মেরে বসে আছে পালঙ্কের নীচে
sunil gangopadhay,"মুখ দেখলে মনে হয়, ঠিক যেন করে হাসছে সে তার কপালের বাঁদিক কেটে গেছে"
sunil gangopadhay,সরু ধারায় রক্ত গড়াচ্ছে সেখান থেকে ৷ পাঁচ মাসের শিশু হামাগুড়ি দেয় এবং কপাল কেটে রক্ত বেরুলেও না কেঁদে হাসে
sunil gangopadhay,দৃশ্য প্রায় অলৌকিকেরই মতন আট মাস বয়েসে নবীনকুমার একদিন আপনি আপনিই উঠে দাঁড়ায়
sunil gangopadhay,এবং দিব্যি গুড়গুড়িয়ে হেঁটে একলা
sunil gangopadhay,"একলা ঘর থেকে বারান্দায় বেরিয়ে এসে আবার চমকে দেয় সকলকে নবীনকুমারের পরবর্তী কীর্তিটি আরও চমকপ্রদ , বিশ্ববততীর পাখি পোষার শখ বাড়িতে অনেকগুলি ময়না, চন্দনা, হিরামন ও কোকিল আছে তিন কের বারান্দায় সার দিয়ে সেই সব পাখির দাঁড়গুলি সাজানো অন্দর মহলের মধ্যখানে উঠোন তিন মহলা বাড়ি"
sunil gangopadhay,একতলার ঘরগুলি আশ্রিত-পোষ্য ও কর্মচারীদের জন্য বরাদ্দ
sunil gangopadhay,"এছাড়া বাড়ির সংলগ্ন কয়েকটি গোলপাতার ঘরও আছে, সেখানে থাকে দাস-দাসীরা দোতলার বারান্দাটির নীচের অর্ধেক রেলিং-এ ঘেরা, বাকি অর্ধেক খসখসের পদ ফেলা থাকে বিশ্ববতী এই বারান্দায় দাঁড়িয়েই দাস-দাসীদের প্রয়োজন মতন নির্দেশ দেন সব দাস-দাসীর ওপরে আসার ছকুম নেই পাখিগুলির দাঁড়ে বসানো বাটিতে রোজ সকালে ছোলা আর জল দেন বিশ্ববততী নিজে পাখিগুলি নানা রকম সুরে ডাকে কিন্তু কোনো পাখির মুখে বোল ফোটেনি, বিশ্ববৰতীর শুধু এই একটা দুঃখ তিনি প্রতিদিন তাঁর ঘরের সামনের ময়নাটির কাছে দাঁড়িয়ে পাখি পড়ান : ময়না, বল রাধেকৃষ্ণ"
sunil gangopadhay,তাঁর মুখনিঃসৃত রাধাকৃষ্ণ নামে যেন এ বাড়ি পবিত্র হয়ে যায়
sunil gangopadhay,কিন্তু বোকা ময়নাটা কিছু বোঝে না
sunil gangopadhay,"ঘাড় ঘুরিয়ে লাল লাল চোখ মেলে সে শুধু দেখে বিশ্ববতীকে ৷ - শিশু নবীনকুমারও মায়ের আঁচল ধরে দাঁড়িয়ে থাকে সেই সময় পাছে দুরস্ভপনা করে সে কোনো পাখিকে ধরতে যায় কিংবা কোনো পাখি হঠাৎ ঠুকরে দেয় তাকে, তাই বিদ্ববততী এক হাত দিয়ে ছেলের মাথা ঢেকে রাখেন ময়না বুলি শিখলো না"
sunil gangopadhay,"তার আগেই নবীনকুমার একদিন বলে উঠলো, রাধেকৃষ্ণ"
sunil gangopadhay,"প্রায় পরিষ্কার উচ্চারণ মায়ের দিকে সকৌতুকে তাকিয়ে সে বারবার বলতে লাগলো এঁ কথা 'মা' বললো না, দুধ বললো না, যাই বললো না, শিশুর মুখের প্রথম কথাই হলো রাধেকৃষ্ণ"
sunil gangopadhay,তখন ঠিক আট মাস সতেরো দিন বয়েস বিশ্ববত্তীর এক দারুণ শিহরন হলো কথা শুনে তাঁরও মনে মনে একটু আশঙ্কা ছিল যে ছেলের ওপর অপদেবতার নজর পড়েছে হয়তো অকালে ভূমিষ্ঠ সম্ভানকে নিয়ে অনেক দুশ্চিন্তা থাকেই
sunil gangopadhay,"কিন্তু সেদিন তিনি আনন্দে কাঁপতে লাগলেন নাম উচ্চারণ করেছে যে শিশু, কোন্ অপদেবতার সাধ্য তার ধার থেষে"
sunil gangopadhay,ছেলেকে কোলে তুলে নিয়ে দৌড়োলেন তাঁর স্বামীর ঘরের দিকে ' রামকমল সিংহের ঘুম ভাঙে বেশ বেলায় চোখ মেলে তিনি হতভম্ব হয়ে গেলেন বিশ্ববর্তীর প্রায় পাগলিনীর মতন অবস্থা
sunil gangopadhay,"হেসে কেঁদে তিনি একেবারে অস্থির চুমোয় চুমোয় বালকের গাল সম্পূর্ণ ভিজিয়ে দিয়েছেন যে স্বামীকে কী বলতে ছুটে এসেছেন, তা প্রথমে বুঝতেই পারলেন না রামকমল ছেলেই বুঝিয়ে দিল বাবাকে সে আবার বললো, রাদে কিস্স-ও ঠিক যেন যন্ত্র পুতুলের মতন আওয়াজ ক্রমে ক্রমে বহু জায়গায় রটে গেল যে, যোড়াসাঁকোর সিংহ বাড়িতে এক ক্ষণজন্মা শিশুর আবিভর্বি হয়েছে এক বছর বয়েসেই সে নাচে, গায়, ছড়া বলে বাড়িতে অতিথিরা এলে তাঁরা গোল হয়ে ধিরে বসেন মজলিশ কক্ষে"
sunil gangopadhay,"মাঝখানে দাঁড়িয়ে নবীনকুমার হাত পা নেড়ে, চোখ উল্টে নানা রকম কৌতুক দেখায় সকলেই যে এ দৃশ্য উপভোগ করে, তা নয়"
sunil gangopadhay,কেউ কেউ অস্বস্তিতে মুখ ফিরিয়ে রাখে
sunil gangopadhay,"শিশুর কিছুই যেন স্বাভাবিক হাত-পায়ের গড়ন যেন কাঠ কাঠ, ঠোঁটে নাকে তীক্ষৃতা আছে কিন্তু লালিত্যের বেশ অভাব তার চোখ দুটি বেশী উজ্জ্বল তার ব্যবহারে এতখানি অকালপক্কতা দেখলে গা ছমছম করে ৷ মনে হয়, এ শিশু বেশীদিন বাঁচবে না"
sunil gangopadhay,প্রকৃতির খেয়ালে এ রকম একটি দুটি শিশু জন্মায় আবার হঠাৎ চলে যায়
sunil gangopadhay,শ্রীরামপুরের মার্শম্যান সাহেবের সাপ্তাহিক পত্রিকা সমাচার দর্পণে ছাপাও হয়েছিল এই শিশুর খবর ৷ যুগল সেতু নিবাসী প্রসিদ্ধ বাবু রামকমল সিংহের বহু সুকৃতির ফলে পরিপক্ক বয়সে এক লাভ হইয়াছে পুত্রের নাম নবীনকুমার সে তাহারদের গৃহ উজ্জ্বল করতঃ মাতা পিতাকে সুখসাগরে নিমজ্জিত রাখিয়াছে বিশেষ কথা এই যে এঁ পুত্র অতি ভক্তিমান দেব-দেবীর মূর্তি দেখিলেই সে দর ধারে অশ্রুবর্ষণ করে ও গীত গাহে বালকের বয়ঃক্রম এক বৎসর দুই মাস মাত্র এদিকে গঙ্গানারায়ণ দিন দিন আরও নিভৃতচারী হয়ে উঠছে
sunil gangopadhay,"এমনিতেই সে লাজুক, বাড়িতে আত্মীয় সমাগম হলে সে পালিয়ে পালিয়ে বেড়ায়, হাঁটাচলা করে নিঃশব্দে"
sunil gangopadhay,এখন তাকে আরও দেখতে পাওয়া যায় না
sunil gangopadhay,নিজেকে প্রায় সব সময় আবদ্ধ করে রাখে নিজের কক্ষে বছরখানেক আগে সে ফিরিঙ্গি পাঠশালা ছেড়ে ভর্তি হয়েছে হিন্দু কলেজে তাঁর মনে এসেছে নতুন জোয়ার চোখের সামনে খুলে গেছে কল্পনার এক অপরূপ জগৎ
sunil gangopadhay,"একা ঘরের মধ্যে পায়চারি করতে করতে সে আবৃত্তি করে : - নট ম্যাড, বাট মোর দ্যান আ ম্যাডম্যান ইজ; - শাট আপ ইন প্রিজন, কেপ্ট উইদাউট মাই ফুড আ্যাগু টরমেন্টেড-- ' রোমিওর সংলাপ উচ্চারণ করতে করতেও সে শুনতে পায় ক্যাপটেন রিচার্ডসনের কণ্ঠস্বর ক্যাপটেন সাহেব কাব্যকে একেবারে জীবস্ত করে তোলেন ক্লাসে পড়াতে পড়াতে কখনো তিনি সিংহের মতন আবার কখনো বাঁশীর মতন মধুর সুরেলা স্বর বার করেন"
sunil gangopadhay,"রোমিও'র কথা বলতে বলতে তিনি নিজেই রোমিওভাবে ভাবিত হয়ে যান আবার তিনিই ক্যাপিউলেট, তিনিই মারকুশিও, এমনকি জুলিয়েট পর্যন্ত ৷ জুলিয়েটের কথা চোখ বুঁজে শুনলে মনে হবে, ক্লাসের মধ্যে সত্যিই বুঝি কোনো নারী এসে উপস্থিত হয়েছে"
sunil gangopadhay,রিচার্ডসনের ক্লাসে একটি পিনের শব্দ পড়লেও শোনা যায় এমনকি মধুর মতন অত দুরস্ত ছেলেও সে সময় তন্ময় হয়ে থাকে গঙ্গানারায়ণের বিবাহের কথাবার্তা
sunil gangopadhay,চলছে রামকমল চান খুব শীঘ্রই গঙ্গাকে বিষয়-কর্মে লাগিয়ে দিতে অনেক পাত্রী দেখার পর বাগবাজারের গোকুল কন্যা লীলাবতীকে মোটামুটি পছন্দ করা ' হয়েছে
sunil gangopadhay,লীলাবতীর বয়েস সাত গঙ্গানারায়ণের এখন বিবাহের এতটুকুও ইচ্ছে নেই
sunil gangopadhay,কিন্তু সে কথাও সে মুখ ফুটে বলতে পারে না কারুকে অতঁটুকু একটা মেয়ের সঙ্গে সে কী কথা বলবে
sunil gangopadhay,"তা ছাড়া, বিবাহের চিস্তাতেই গঙ্গানারায়ণের আরক্ত হয়"
sunil gangopadhay,"ব্যাপারটির মধ্যে কী যেন একটা রহস্য আছে, তা সে এখনো ঠিক বোঝে না ইদানীং এ কথা তুলে বিন্দুবাসিনী প্রায়ই খুব রঙ্গ করে"
sunil gangopadhay,বিন্দুবাসিনী বিধুশেখরের তৃতীয়া মেয়ে গঙ্গানারায়ণ বিকেলের দিকে মাঝে মাঝে যায় এঁ বাড়িতে
sunil gangopadhay,"আগে প্রায় প্রত্যহই যেত, এখন বিশেষ করে শনিবার ও রবিবার সে যেতে ভোলে না"
sunil gangopadhay,"বিধুশেখরের বাড়ির আশ্রিতদের মধ্যে একজন হচ্ছেন শিবরাম আচার্য, তাঁর কাছ থেকে নিয়মিত সংস্কৃত ও বাংলার পাঠ নিতে যেত গঙ্গানারায়ণ কিছুদিন হলো আচার্যমশাই মার্শম্যান সাহেবের কাগজে পণ্ডিতের চাকুরি নিয়েছেন সারা সপ্তাহ শ্রীরামপুরে থেকে শনিবার কলকাতায় আসেন বিন্দুবাসিনীও পাঠ নেয় এঁ আচার্যের কাছে বিন্দুবাসিনীর পড়াশুনায় বড় আগ্রহ, সেখানেই তার সঙ্গে গঙ্গানারায়ণের মিস বিধবা হয়ে পিত্রালয়ে ফিরে এসে বিদ্দুবাসিনী পড়াশুনোয় বেশী করে মন দিয়েছে বিধুশেখরের কন্যার সংখ্যা পাঁচ, তিনি অপুত্রক পুত্রসম্ভান নেই বলেই বিধুশেখরের বাড়িতে গঙ্গানারায়ণের বেশী আদর বিধুশেখরের পঞ্চম কন্যাটির বয়েস আট, তারও বিবাহ এই সামনের অগ্রহায়ণে সেই কন্যার সঙ্গে গঙ্গানারায়ণের বিবাহ হলে ব্যাপারটি সবর্গিসুন্দর হতে পারতো, কিন্তু তা হবার নয়"
sunil gangopadhay,বিধূশেখররা ব্রাহ্মণ বৈদিক কুলীন বলে এঁ পরিবারের মেয়েদের বিবাহ হয় কুল সম্বন্ধ করে কন্যাসন্তান জন্মাবার দু'-এক মাসের মধ্যেই স্বজাতের মধ্যে কোনো'পাত্র নিবচিন করে তার সঙ্গে সম্বন্ধ ঠিক করে রাখতে হয়
sunil gangopadhay,"তারপর যথাসময়ে সেই নির্দিষ্ট পাত্রের সঙ্গেই বিবাহ বাল্য থেকেই বিন্দুবাসিনীর কপাল পোড়া কৃষ্ণনগরের যে ছেলেটির সঙ্গে তার করা ছিল, বিন্দুবাসিনীর বয়েস সাত না পুরতেই মরে গেল সেই ছেলেটি ৷ ফলে বিন্দুবাসিনী অন্যপূর্বা হয়ে গেল, তার আর কুলীন ঘরে বিবাহ সম্ভব নয় এক মৌলিক ঘরের পাত্র ঠিক কর"
sunil gangopadhay,হলো তার জন্য বিন্দুবাসিনী প্রায় গঙ্গানারায়ণের সমবয়সী গঙ্গানারায়ণের মনে আছে বিন্দুবাসিনীর বিরাহের দিনটির কথা
sunil gangopadhay,"সেদিন আকাশের রঙ ছিল পাথুরিয়াঘাটায় সাংঘাতিক আগুন লেগেছিল, পুরো দু'দিন ধরে সজ্বলেছিল সেই আগুন সেই লাল আকাশের নীচ দিয়ে খেলাঘর ও পুতুলের সংসার ছেড়ে আট বছরের বালিকা বিস্দুবাসিনী চলে গেল শ্বশুরালয়ে সেদিন সে গিয়েছিল কাঁদতে কাঁদতে, আবার সেই রকমই কাঁদতে কাঁদতে ঠিক দেড় বছরের মাথায় সে ফিরে এলো সিথির সিদুর মুছে পুত্রসম্ভান না থাকলেও বন্ধুর মতন দত্তক নেননি বিধুশেখর পঞ্চম কন্যা সুহাসিনীর সঙ্গে যার বিবাহ ঠিক করেছেন, তাকে তিনি ঘরজামাই করে রাখবেন সদর দেওয়ানি আদালতে ওকালতি করে প্রচুর অর্থ উপার্জন করেছেন বিধুশেখর, উকিল হিসেবে তাঁর প্রতিপত্তি প্রায় রাজনারায়ণ দত্তের সমান সমান সুহাসিনীর ছিল যার সঙ্গে, সে ইতিমধ্যেই আরও দুটি বিবাহ করায় ক্রুদ্ধ বিধুশেখর সেই পাত্রের সঙ্গে নিজ কন্যার সম্বন্ধ ছিন্ন করেছেন এর ফলে সমাজে কিছু গুঞ্জন উঠেছিল, কিন্ত বিধুশেখর অর্থের জোরে সমাজের মুখ চাপা দেবেন সংস্কৃত কলেজ থেকে একটি দরিদ্র মেধাবী ছাত্রকে তিনি সুহাসিনীর বর হিসেবে ঠিক করেছেন, এই ছেলেটিও খাটি দাক্ষিণাত্য বৈদিক কুলীন বংশীয়"
sunil gangopadhay,বিধবা হয়ে ফিরে আসার পর বিন্দুবাসিনী আর পুতুল খেলায় মন দেয়নি
sunil gangopadhay,যথা নিয়মে অবশ্য তাকে প্রথমে ঠেলে দেওয়া হয়েছিল আরও বৃহৎ একটি পুতুল খেলার ঘরে
sunil gangopadhay,"আবেগকম্পিত গলায় বিধুশেখর বলেছিলেন, মা, আর কাঁদিস নে, আজ থেকে গৃহদেবতার সেবার সব ভার তোর ওপরেই দিলাম মনে করিস, স্বয়ং জনার্দনই তোর স্বামী"
sunil gangopadhay,আমরা সকলে তোর কিন্তু সাড়ে ন' বছরের একটি বালিকার সর্বক্ষণ ঠাকুরঘরে মন বসবে কেন
sunil gangopadhay,"গোড়ায় কিছুদিন সে : একটা সাদা থান আলুথালুভাবে শরীরে জড়িয়ে ঠাকুরঘরে গিয়ে গল্ভীরভাবে চোখ বুজে বসে থাকতো কখনো কখনো তার মা গিয়ে দেখেছেন যে মেয়ে আসনের ওপরই হয়ে ঘুমিয়ে আছে এখন বিন্দুবাসিনী দু'বেলা নমো নমো করে কোনোক্রমে পুজো সেরে আসে, আর বাকি সময় পড়ে"
sunil gangopadhay,"সংস্কৃত ও বাংলায় তার যথেষ্ট ব্যুৎপত্তি জন্মেছে প্রশ্নে সে গঙ্গানারায়ণকেও হারিয়ে দেয় বিন্দুবাসিনী প্রশ্ন করে, বল তো গঙ্গা, বিজ্ঞানার্থং মনুষ্যানাং পূর্বং প্রবর্ততে'-এর মানে কী"
sunil gangopadhay,"গঙ্গানারায়ণ কোনক্রমে উত্তর দেয়, মানুষের মন সব কিছু জানবার জন্য ব্যস্ত"
sunil gangopadhay,"বিদ্দুবাসিনী মাথা দুলিয়ে হাসে আর বলে, হলো না, হলো না"
sunil gangopadhay,অত কী সহজ মানুষের মন প্রথমে বস্তুর স্বরূপ জানবার জন্য প্রবৃত্ত হয়
sunil gangopadhay,"তারপর মানুষের মন এর ওপরে উঠে যায়, আর সেই বস্তুকে অনুভব করার সংকল্প করে- আর তাতে বাধা পেলে চটে যায় তং প্রাপ্য কামং ভজতে দ্বিজসত্তম"
sunil gangopadhay,"বিদ্দুবাসিনীর মুখে এত বড় বড় কথা শুনে গঙ্গানারায়ণেরও হাসি পায় সে বলে, এ তো কাব্য নয়"
sunil gangopadhay,"সব শুকনো দর্শন আর আমার ভালো লাগে বিন্দুবাসিনী ফোঁস করে ওঠে - "" --এ সব শুকনো দর্শন"
sunil gangopadhay,দু'পাতা ইংরেজি পড়েই তুই সব বুজে গিয়েচিস তাই না
sunil gangopadhay,সংস্কৃত সম্পর্কে গঙ্গানারায়ণের আগ্রহ সত্যিই অনেক কমে গেছে আর বাংলায় তো পড়বার মতন একখানাও বই নেই -তুই তো ইংরাজি পড়লি না বিন্দু
sunil gangopadhay,"তুই বুঝবি কী করে যে কত সুন্দর রসের কাব্য ওরা লিকেচে মেকলে সাহেব কী বলেচেন, জানিস"
sunil gangopadhay,"আমাদের দেশের যে কটা ভালো বই, তা আঙুলে গোনা যায়"
sunil gangopadhay,ইওরোপীয় লাইব্রেরির একখানা তাকও ভরবে না
sunil gangopadhay,আর ওদের সাহিত্যের কী বিরাট ভাণ্ডার
sunil gangopadhay,"সেই মাকালু সাহেবকে জিজ্ঞেস করিস তো, শুধু গোটা মহাভারতখানা রাখতেই ক'টা তাক লাগে --তুই যে এত সংস্কৃত পড়াশুনো করিস, এতে তোর কী লাভ, বিন্দু"
sunil gangopadhay,তুই তো আর টোল খুলবি না
sunil gangopadhay,"আমি পড়ি আমার নিজের আনন্দের জন্য শিবরাম আচার্য অত্যন্ত শীর্ণকায়, কথা বলার সময় সব সময় হাঁটু দুটো নাড়তে থাকেন আর তাঁর হাতের ঁকোয় মটমট শব্দ হয়"
sunil gangopadhay,"একতলায় তাঁর ঘরখানি দিনের বেলাতেও বেশ অন্ধকার, চতুর্দিকে ডাঁই করা পুথিপত্র এ রকম রোগা চেহারা হলেও তাঁর গলাখানা বাজখাঁই"
sunil gangopadhay,"একখানা পুথি খুলে তার ওপর প্রায় হুমড়ি খেয়ে পড়ে পাঠ উদ্ধার করেন পড়াতে ভালোবাসেন তিনি, গঙ্গানারায়ণ ও বিন্দুবাসিনীর মতন দুটি মনোযোগী ছাত্র-ছাত্রী পেয়ে তিনি বেশ উৎসাহের সঙ্গেই পড়ান ৷ বিন্দুবাসিনীর অন্য বোনেদের কখনো পড়াশুনোয় এমন আগ্রহ দেখা যায়নি তবে সকলেই বাংলা লিখতে ও পড়তে গঙ্গানারায়ণ লক্ষ্য করেছে যে ব্রাহ্মণবাড়ির মেয়েরা মোটামুটি লিখতে পড়তে সবাই শিখে তার মা বিশ্ববততীর অক্ষর জ্ঞান নেই"
sunil gangopadhay,ছোটভাইটি আগে পর্যন্ত সে প্রত্যেকদিন মাকে বই পড়ে শুনিয়েছে
sunil gangopadhay,শনিবার শ্রীরামপুর থেকে একটু আগে ফিরেছেন শিবরাম আচার্য
sunil gangopadhay,হাত-পা ধুয়ে জপ সেরে নিলেন চোখ খুলেই দেখেন দুই ছাত্র-ছাত্রী উপস্থিত
sunil gangopadhay,"প্রথমেই তিনি গঙ্গানারায়ণের কাছ থেকে তার বাড়ির কুশল সংবাদ জানলেন বিশেষত গঙ্গার কনিষ্ঠ ভাইটি সম্পর্কে তাঁর বেশী আগ্রহ তারপর তিনি ইকো ধরিয়ে টানতে লাগলেন আরাম করে, পুথি খুললেন না"
sunil gangopadhay,"বিন্দুবাসিনী বললো, পণ্ডিতমশাই, আপনি আজ আমাদের কালিদাস পড়াবেন বলেচিলেন, মেঘদৃত--- এ শিবরাম আচার্য বললেন, মেঘদূতম্ , চিস্তিতভাবে জোরে জোরে খানিকক্ষণ হাঁটু নাচালেন তিনি তারপর বললেন, মা বিন্দু, কিছুদিন ধরিয়াই তোমাকে একটি কথা বলিব বলিব করিয়াছি, কিন্তু বলা হইয়া উঠে না"
sunil gangopadhay,"আমার নিকট তুমি যথেষ্ট শিখিয়াছ, আর কিছু তোমার শিখিবার প্রয়োজন দেখি না"
sunil gangopadhay,"বিন্দু অবাক হয়ে বললো, আর কিছু শেকার নেই"
sunil gangopadhay,"আপনিই তো বলেচেন, মানুষের শিক্ষার কখনো শেষ হয় না"
sunil gangopadhay,"তাছাড়া, আমি তো এখনো কিছুই শিকিনি"
sunil gangopadhay,"শিবরাম বললেন, যাহা শিখিয়াছ, তাহাই যথেষ্ট ৷ আর প্রয়োজন নাই"
sunil gangopadhay,"স্ত্রীলোকের পক্ষে যতখানি শিক্ষা করা উচিত, তুমি তাহা অপেক্ষা বেশীই পড়িয়াছ"
sunil gangopadhay,পণ্ডিতমশাই ও কথা আমি শুনবো না
sunil gangopadhay,পড়াশুনো না করলে আমি সময় কাটাবো কেমন করে
sunil gangopadhay,"বেশ তো, যদি পাঠাভ্যাস রাখিতে চাও, নিজে নিজেই তাহা পারিবে আমার সাহায্য লাগিবে ' না"
sunil gangopadhay,আপনি তো মুগ্ধবোধ শেষ করেননি সংস্কৃত ব্যাকরণ আমি এখনো সব বুজতে পারি না
sunil gangopadhay,"গঙ্গা বলচিল, ওর দর্শন ভালো লাগে না, কাব্য ভালো লাগে ইংরেজিতে নাকি ভালো কাব্য আচে মেঘদূতের চেয়েও কি ভালো কাব্য ইংরেজিতে আচে"
sunil gangopadhay,"আপনি আমাদের মেঘথদৃত --শুন, মা বিন্দু, মেঘদূতম্ স্ত্রীলোকের পাঠ করা উচিত হয় না"
sunil gangopadhay,"কথাটা বলে ফেলে শিবরাম আচার্য নিজেই যেন লজ্জা পেলেন, মুখটা নীচু করলেন মাটির দিকে"
sunil gangopadhay,"বিন্দুবাসিনীর মুখখানা এবার বিবর্ণ হয়ে গেল সে অস্পষ্টভাবে জানে যে কোথাও কোথাও একটা কিছু সীমারেখা আছে, যা সে লঙ্ঘন করতে পারবে না"
sunil gangopadhay,গঙ্গানারায়ণ চুপ করে বসে ছিল শিক্ষাদানের ব্যাপারে অত্যুৎসাহী পণ্ডিতের হঠাৎ এই মন পরিবর্তনের কারণটা সে ঠিক বুঝতে পারলো না
sunil gangopadhay,বিন্দু কেন আর পড়বে না
sunil gangopadhay,"সে জিজ্ঞেস করলো, পঞণ্ডিতমশাই, আপনি আমাকেও আর পড়াবেন না"
sunil gangopadhay,"নত পণ্ডিত বললো, তোমাকে কেন না পড়াইব"
sunil gangopadhay,তোমার যখন ইচ্ছা আসিও - তা হলে বিন্দু কী দোষ করলো
sunil gangopadhay,-স্ত্রীলোকদিগের শিক্ষা দিবার অধিকার আমাদের নাই ইহা লোকাচারসম্মত নহে
sunil gangopadhay,বিন্দু যাহা শিখিয়াছে তাহাতেই সে নিজে ধর্মগ্রন্থাদি যথেষ্ট পড়িতে পারিবে
sunil gangopadhay,"বিশেষত মেঘদৃতম্ পাঠ পক্ষে অতি - -ঠিক আছে, না হয় থাক আপনি মহাভারত পড়াচ্চিলেন, সেটিও তো এখনো শেষ হয়নি , তাহা হইলে সত্য কথাটি বলি শুন, বিন্দু"
sunil gangopadhay,"তোমার পিতা মহাশয় আমাকে বলিয়াছেন যে, কন্যার পাঠ যথেষ্ট হইল আর অধিক সে এখন পঞ্চদশবর্ষীয়া হইয়াছে বিন্দু রাগ করে উঠে দাঁড়িয়ে বললো, আপনি তাহলে আমাকে আর না"
sunil gangopadhay,"তোমার পিতার অনিচ্ছা, আমি কী করি বলো"
sunil gangopadhay,সমস্ত মুখখানা কঁকড়ে গেছে বিন্দুর ঠোঁট চেপে সে কান্না সামলাচ্ছে
sunil gangopadhay,এই আকস্মিক আঘাতে তার সরল অস্তঃকরণখানি যেন তছনছ হয়ে গেছে বিনা দোষে শাস্তি পেলেই মানুষের মনে বেশী আঘাত বিন্দু আর একটি কথাও বললো না হঠাৎ দৌড়ে বেরিয়ে চলে গেল ঘর থেকে অপরাধীর মতন চুপ করে বসে রইলো গঙ্গানারায়ণ
sunil gangopadhay,"দীর্ঘশ্বাস ফেলে শিবরাম আচার্য বললেন, এ গৃহ হইতে আমার এবার বুঝি পাট উঠিল আমারও আর এত দূর যাতায়াত পোষায় না"
sunil gangopadhay,শ্রীরামপুরেই বাসা ভাড়া লইব করিয়াছি গঙ্গানারায়ণের মন খারাপ লাগলো বিধুশেথর হঠাৎ এ রকম নির্দেশ দিলেন কেন
sunil gangopadhay,"বিন্দু বলেছিল, সে পড়াশুনো করে নিজের আনন্দের জন্য, তার বাবা কেন সে আনন্দটুকু কেড়ে নিতে চান"
sunil gangopadhay,"সারল্যে ভরা হাসিখুশী স্বভাবের মেয়ে বিন্দু, তাকে দুঃখ দিয়ে কী লাভ"
sunil gangopadhay,শিবরাম আচার্যের জন্যও একটু কষ্ট হলো তার উনি চলে গেলে গঙ্গানারায়ণের খারাপ লাগবে
sunil gangopadhay,"মানুষটি মৃতদার এবং ছন্নছাড়া স্বতাবের, সংসারে নাকি কেউ নেই তিনবার বিবাহ করেছিলেন, তিন স্ত্রীই অকাল , তাই নিজেকে অপয়া মনে করে উনি আর বিবাহ করবেন না ঠিক করেছেন নিজেই উনি উর বিবাহের গল্প করেছেন বিন্দু আর গঙ্গানারায়ণের কাছে মানুষটির মনটি খুব ফর্সা ৷ - তোমার কি আজ পাঠের মন আছে"
sunil gangopadhay,"গঙ্গানারায়ণ বললো, আপনি চলে যাবেন, আমারও তো আর পড়া হবে না"
sunil gangopadhay,"--তুমি কালেজে পড়িতেছ, তোমার কী"
sunil gangopadhay,"আমি আর কিছুদিন থাকিলে তোমার নিকট হইতে গোটা দুই-চারি ইংরাজি শব্দ শিক্ষা করিতাম স্লেচ্ছভাষার এখন জয়- জয়কার ইংরাজি না শিখিলে আর কোনোদিকেই কোনো সুবিধা নাই আচ্ছা বলো তো, নর শব্দের প্রথমার একবচনের ইংরাজি কী হইবে"
sunil gangopadhay,"একটু পরে গঙ্গানারায়ণ পণ্ডিতমশাইয়ের পায়ের ধুলো নিয়ে উঠে পড়লো সন্ধ্যে হয়ে এসেছে, এখন তার বাড়ি ফিরে যাবার কথা সন্ধ্যের পর পথঘাট দিয়ে একা একা চলা নিরাপদ নয়"
sunil gangopadhay,"অবশ্য বাড়ি কাছেই, গঙ্গানারায়ণ এক ছুটে চলে যেতে পারে"
sunil gangopadhay,"কিন্তু যাবার আগে একবার বিন্দুর সঙ্গে দেখা করে যেতে ইচ্ছে হলো তার বিন্দুর অভিমান বড় তীব্র ৷ তাকে পড়তে নিষেধ করা হয়েছে, এই অভিমানে সে হয়তো বই-খাতাপত্র সব ছিড়ে ফেলে দেবে"
sunil gangopadhay,আর কোনোদিন কোনো বই স্পর্শ করবে না তাহলে বিন্দু কী নিয়ে থাকবে
sunil gangopadhay,গঙ্গানারায়ণ এইটুকু বোঝে যে বিন্দুর সামনে এক সুদীর্ঘ নিঃসঙ্গ জীবন পড়ে আছে স্ত্রীলোকের মেঘদূত পড়া নিষেধ কী আছে মেঘদূতে
sunil gangopadhay,গঙ্গানারায়ণকে পড়ে দেখতেই হবে সুহাসিনী দোতলার বারান্দায় দাসীর কোলে বসে দুখভাত খাচ্ছে
sunil gangopadhay,সুহাসিনী নিজে কিছুই খেতে চায় না তাকে জোর করে খাইয়ে দিতে হয়
sunil gangopadhay,সেইজন্য বিধুশেখর সুহাসিনীর জন্য একটি আলাদা ব্রাহ্মণী দাসী রেখেছেন
sunil gangopadhay,"বললো, ঠাকুরঘরের দিকে যেতে দেকলুম তো একবার গঙ্গানারায়ণ সেদিকে এগোলো সুহাসিনী তার সরু রিনরিনে গলায় জিজ্ঞেস করলো, গঙ্গাদাদা, তোমার আগে বিয়ে হবে, না আমার আগে বিয়ে হবে"
sunil gangopadhay,"দাসীটি বললো, মেয়ে একেবারে বিয়ের জন্য পাগল"
sunil gangopadhay,"গঙ্গানারায়ণ ঘুরে দাঁড়িয়ে বললো, দাঁড়া, তোর বরকে আমি বলে দেবো, তুই দুধভাত খেতে দেরি করিস তাহলে সে গুম গুম করে তোর পিঠে কিল মারবে"
sunil gangopadhay,"সুহাসিনী তার ছোট্ট মুঠি তুলে বললো, আমিও তাকে মারবো ঠাকুরঘরের ভেতরে ঢুকবে না গঙ্গানারায়ণ দরজার কাছে গড় হয়ে আগে প্রণাম করলো, তারপর ডাকলো, বিন্দু, বিন্দু"
sunil gangopadhay,গঙ্গানারায়ণ একটু মুখ ঝুঁকিয়ে উকি মেরে দেখলো বিন্দু নেই এখানে
sunil gangopadhay,"বিন্দু তার নিজের ঘরেও নেই হয়তো মায়ের কাছে গিয়ে বসে থাকতে পারে কিন্তু কান্নার সময় বিন্দু একা থাকতে চায়, গঙ্গানারায়ণ আগে দেখেছে গঙ্গানারায়ণ ছাদে খুজতে গেল - পশ্চিম দিকের আলসের কাছে পিছন ফিরে দাঁড়িয়ে আছে বিন্দু"
sunil gangopadhay,"আকাশে তখনও বর্ণ পরিবর্তনের পর্ব শেষ হয়নি একদিকের আকাশ তখন প্রায় অন্ধকার, মাঝে মাঝে রয়ে গেছে কয়েকটি রূপালি রেখা অন্যদিকের আকাশে ঝলকাচ্ছে সোনার রঙ, কোথাও কোথাও তা সিদুরের মতন লাল বিন্দু তাকিয়ে'আছে সেই সূর্যাস্তের সমারোহের দিকে শুভ্রবসনা বিন্দুকে সেই লাল রঙের পটভূমিকায় দেখে মনে হলো, এ রকম রক্তিম আকাশের সঙ্গে বিন্দুর জীবনের যেন যোগ আছে"
sunil gangopadhay,"গঙ্গানারায়ণ ভাবলো, পিছন থেকে চুপি চুপি গিয়ে বিন্দুর পিঠে হাত রেখে চমকে দেবে বিন্দুর চোখে যদি এখনো জল থাকে, তাহলে সে তাকে বলবে, তুই কাঁদিস নি, বিন্দু"
sunil gangopadhay,"এখন থেকে আমি তোকে পড়াবো আমি কালেজ থেকে যা শিখে আসবো, সে সব আবার শোনাবো তোকে খুব কাছে গিয়ে হাত তুলেও থেমে গেল গঙ্গানারায়ণ তার মনে হলো, সব কিছু আর আগেকার মতন নেই এক একটা কথায় অনেক কিছু ভেঙে যায় পণ্ডিতমশাই আজ বারবার বিন্দুকে বলছিলেন স্ত্রীলোক বিন্দু ঠিক কবে থেকে স্ত্রীলোক হয়ে গেল"
sunil gangopadhay,"এই তো কাল পর্যন্তও সে ছিল একটি কিশোরী, গঙ্গানারায়ণের সঙ্গে কত কৌতুক করেছে আজ যদি সে স্ত্রীলোক হয়ে যায়, তাহলে তার পিঠে হাত রাখা কি ঠিক হবে"
sunil gangopadhay,"গঙ্গানারায়ণ উদ্যত হাতটা ফিরিয়ে নিল ত্র চট গঙ্গানারায়ণ পদব্রজেই রোজ কলেজ যায় তার সহপাঠীরা অনেকেই আসে পান্কিতে কিংবা ভাড়া করা কেরাঞ্চি গাড়িতে, জমিদারপুত্র হিসেবে তার জুড়িগাড়িতেই আসা উচিত, কিন্তু গঙ্গানারায়ণ হাঁটতেই ভালোবাসে তাদের বাড়ি থেকে পটলডাঙা খুব বেশী দূর পথের দৃশ্য দেখতে দেখতে সে আধঘণ্টার মধ্যেই পৌঁছে যায় কলেজে সেদিন সে পটলডাঙার মোড়ে পৌঁছে দেখলো ক লেজের সামনে থেকে অনেক ছেলে দৌড়ে দোড়ে যাচ্ছে গোলদীঘির দিকে ৷ সেখানে এক কোণে রীতিমতন একটা জটলা ৷ কৌতুহলী হয়ে গঙ্গানারায়ণও সেই দিকে ধাবিত হলো"
sunil gangopadhay,"গোলদীঘির উল্টোদিকে মাধব দত্তের বাজারে মাঝে মাঝে চোর ধরা পড়ে, তখন শুধু দোকানদাররা নয়, পথচারীরাও সেই চোরকে উত্তম মধ্যম ঠ্যাঙায় চোর ছাড়াও আছে নানারকম লুটেরা কাবাবের দোকান থেকে কোনো মাতাল হয়তো এক থাবা কাবাব তুলে নিয়ে পালালো গাঁজার দোকানের আশেপাশে গেঁজেলরা থাকে , দোকানদার জলত্যাগ করার কারণে বা অন্য কিছুর জন্য একটু দোকানের বার হলেই কোনো ঘুঘু গেজেল সুট করে ঢুকে পড়ে দোকান তছনছ করতে কখনো কখনো এই সব ঘটনায় কলেজের কোনো ছাত্রও ধরা পড়ে, তখন বাজারের লোকদের সঙ্গে কলেজের ছেলেদের কাজিয়া বেঁধে যায়"
sunil gangopadhay,"হেয়ার সাহেব গাঁজার দোকানদারদের নিষেধ করে দিয়েছেন যেন কোনো কলেজের ছাত্রকে তারা গাঁজা না বেচে, তাই তাদের দোকানেই হামলা হয় বেশী দোকানদাররা উত্ত্যক্ত হয়ে একদিন একটি গাঁজা-চোর কলেজের ছাত্রকে হাতেনাতে ধরে টানতে টানতে নিয়ে গিয়েছিল হেয়ার সাহেবের কাছে হেয়ার সাহেব এমনিতে আলাভোলা নরম মানুষ হলে কী হবে, তাঁর নির্দেশের ব্যত্যয় হলে এক একদিন ক্রুদ্ধ হয়ে ওঠেন সাঙ্ঘাতিক দোকানীর অভিযোগ শুনে তিনি দিয়ে বলেছিলেন, কাশী, চাবুক লাও"
sunil gangopadhay,"কাশী মালি চাবুক এনে দিল, তিনি উগ্র মূর্তি ধরে দশ-বারো ঘা চাবুক কযালেন ছেলেটিকে"
sunil gangopadhay,"গঙ্গানারায়ণেরই সহপাঠী বন্ধু দত্তকে এরকমভাবে আর একদিন চাবুক মেরেছিলেন হেয়ার সাহেব বন্ধু অবশ্য গাঁজা চুরি করেনি, সে মিশনে সেণ্ডিস সাহেবের কাছে বাইবেল পাঠ শোনবার জন্য যাতায়াত শুরু করেছিল সে খবর পেয়ে হেয়ার সাহেব একদিন নিজের কামরায় ডেকে পাঠালেন সেদিনও তাঁর হাতে চাবুক মজুত মুখের চেহারা বিকট"
sunil gangopadhay,"মেরে বন্ধুর পিঠে রক্ত বার করে দেবার পর হেয়ার সাহেব 'নজেই কাঁদতে শুরু করেছিলেন, গরম জলে ধুয়ে দিতে দিতে কোমল ইংরাজিতে বলেছিলেন, বাবা সকল, এখন পাঠে মন দাও ধর্ম নিয়ে এখন মস্তক না ঘামাইলেও চলিবে"
sunil gangopadhay,ডিরোজিও সাহেব বরখাস্ত হবার পর থেকে হেয়ার সাহেব সাবধান হয়ে গেছেন ৷ কলেজের ছাত্রদের মধ্যে খৃষ্টানী প্রভাব ছড়াতে দেখলেই অভিভাবকরা ক্ষেপে উঠবেন আবার ইতিমধ্যেই কিছু কিছু ভালো পরিবারের ছেলে হিন্দু কলেজ ছেড়ে গৌর আট্যির ইস্কুল ওরিয়েন্টাল সেমিনারিতে ভর্তি হচ্ছে আজ আবার নতুন কী মামলা তা দেখবার জন্য ছুটে গেল গঙ্গানারায়ণ ভিড়ের মধ্যে তার অনেক সহপাঠীও
sunil gangopadhay,"ভোলানাথ, বেণী, , ভূদেব দাঁড়িয়ে আছে পাশাপাশি, তাদের মুখে দারুণ উদ্বেগের ছাপ গঙ্গানারায়ণ তাদের কাছে গিয়ে জিজ্ঞেস করলো, কিসের গোলযোগ রে"
sunil gangopadhay,"বেণী বললো, আজ আবার মধু ক্ষেপেছে"
sunil gangopadhay,"স্বচক্ষে দেখবার জন্য গঙ্গানারায়ণ নিজে ভিড় ঠেলে উকি গোল জনতার মাঝখানে ঘাসের ওপরে বসে আছে মধু তার হাতে সুরার বোতল, জড়িত গলায় সে চ্যাঁচাচ্ছে, আই আযম লাইক আর্থ, রিভলভিং এভার রাউণ্ড দা সেল্ফ-সেইম সান, বয়- ্ গঙ্গনারায়ণ শিউরে উঠলো কিছুদিন ধরে মধু খুবই বাড়াবাড়ি শুরু করেছে"
sunil gangopadhay,"আগে পর সুরাপান করতো, এখন দিনের বেলাতেও বাদ থাকে না ক্লাসেও তার মুখ দিয়ে প্রায়ই ভকভক করে দুগ্ধ বেরোয়, কথা বলার সময় জিভ এলিয়ে যায়"
sunil gangopadhay,কয়েকদিন আগে কলেজের অধ্যক্ষ কার সাহেব এজন্য খুব ধমক দিয়েছেন মধুকে
sunil gangopadhay,অদূরে রাস্তায় মধুর বাড়ির পালকি দাঁড় করানো মধুর সঙ্গে সব সময় দুজন অসহায়ভাবে দু'পাশে দাঁড়িয়ে
sunil gangopadhay,মধুর হাত ধরে টেনে তোলার সাধ্য এদের নেই যখন তখন মধু ওদের লাথি ঘুষি মারে আবার মুঠো-মুঠো পয়সা দেয়
sunil gangopadhay,"মধুর গায়ে ইংরাজি কোট ৷ দারুণ সে এই কোট খোলে কিছুদিন আগে সে বুট-পায়জামা ও আচকান ছেড়ে হঠাৎ এই কোট ধরেছে, তারপর থেকে তার সুরাপানের মাত্রাও বেড়েছে"
sunil gangopadhay,"গঙ্গানারায়ণকে দেখতে পেয়ে সে বাঁ চোখ কুঁচকে বললো, কি রে গঙ্গা, তুই এখনো রয়িচিস"
sunil gangopadhay,"ভূদেব, বন্ধুরা সব পালিয়েচে বুঝি"
sunil gangopadhay,"সীঞ্জনস্, বোথ্ অব জয় সরো, আই হ্যাভ, লাইক হার, আই রান, , ভিড ঠেলে এসে বেণী বললো, মধু, এসব কী করতেছিস"
sunil gangopadhay,"শিক্ষক মহাশয়রা এ পথ দিয়ে যাতায়াত করেন, তোকে এ অবস্থায় দেকলে- মধু ঠোঁট বেঁকিয়ে বললো, দেখলে তো আমার ভারী পাঁচ পুরুষ উদ্ধার হয়ে গেল"
sunil gangopadhay,"হাতের বোতলটি দেখিয়ে ইঙ্গিত করে বললো, কাম হিদার, ইফ ইউ হ্যাভ ক্যারেজ, হ্যাভ এসিপ"
sunil gangopadhay,তারপর নিজেই সে নির্জলা ত্র্যাপ্ডি খানিকটা ঢকঢক করে ঢেলে দিল গলায়
sunil gangopadhay,"ভূদেব বললো, এখুনি এ খবর কার সাহেবের কানে গিয়ে পছছাবে কার সাহেব কড়া ধাতুর লোক, হয়তো এমন ব্যবস্থা লবেন-- তাকে থামিয়ে দিয়ে মধু হুঙ্কার দিয়ে বললো, আই হেইট দা ড্যামন্ডু ফেলো কার"
sunil gangopadhay,দিস উইল ডু মী - নো হার্ম
sunil gangopadhay,কাণ্ডাকাণ্ডি জ্ঞান একেবারে গ্যাচে দেকচি
sunil gangopadhay,"মধু ফরাসী কায়দায় কাঁধ ঝাঁকিয়ে বললো, নো-ও-ও"
sunil gangopadhay,"ড় বন্ধু বললো, গত এক তুই আসিস নাই, তুই কি আর পড়বি না"
sunil gangopadhay,"ভূদেব বললো, কেন পড়বে না"
sunil gangopadhay,"চল মধু, আমাদিগের সঙ্গে চল"
sunil gangopadhay,"ইউ গুড়ি গুডি বয়িজ, ইউ গো টু দ্য ক্লাস"
sunil gangopadhay,"ভোলানাথ ফিসফিস করে বললো, এই চুপ, চুপ"
sunil gangopadhay,"অন্যরা ঘাড় ঘুরিয়ে দেখলো, তাদের কলেজের অঙ্ক শিক্ষক রীজ সাহেব গোলদীঘির রেলিং-এর পাশ দিয়ে ছাতা মাথায় দিয়ে হেঁটে যাচ্ছেন ধীর পায়ে ৷ চোখ দুটি চিস্তামগ্ন"
sunil gangopadhay,"মধু বললো, ও, দ্যাট ফেলো"
sunil gangopadhay,"আমি আর ভয় পাই রীজ সাহেব দূরে চলে যাবার পর ভূদেব হাসতে হাসতে বললো, যতই মুখে সাহস দেখা, মধু, রীজ সাহেবকে তুই ভয় পাস ঠিকই"
sunil gangopadhay,"ভয় যে পায় না সেটা দেখাবার জন্যই মধু আবার ব্র্যাণ্ডির বোতলে ঠোঁট ছোঁয়ালো তারপর তার সরু চিবুকে চাপড় মারতে মারতে বললো, আমি মধুসূদন দত্ত এস্কোয়ার, আমি কাহাকেও ভয় পাই না"
sunil gangopadhay,"রীজ সাহেব সম্রাট নেপোলিয়ানের সেন্যবাহিনীতে থেকে লড়াই দিয়েচেন, এখুনি এসে তোকে চ্যাংদোলা করে লয়ে যাবেন"
sunil gangopadhay,"মধু বললো, ডাক, ডাক দেখি"
sunil gangopadhay,"ভূদেব বললো, ওরকম করিসনি মধু ৷ তুই ক্লাসে না গেলে আমাদিগেরও ভালো লাগে না মধু চিবিয়ে চিবিয়ে বললো, কেন, তোরাই তো সব এক একটা স্টার রইচিস"
sunil gangopadhay,"বন্ধু বললো, আমরা স্টার হতে পারি, কিন্তু মধু, তুই হচ্ছিস জুপিটার : ভূদেব বললো, আবার আযাসে কমপিটিশান হতেছে, এবারেও মধু তুই প্রাইজ পেতে পারিস মধু বললো, এ ফিগ্ ফর ইওর স্কলাস্টিক ফেম্"
sunil gangopadhay,পানে নে - তুই সত্যিই আর কালেজে যাবি না
sunil gangopadhay,--কালেজের ওপর তোর এত রাগ হলো কেন
sunil gangopadhay,"অপরাধ করিচিলি, তাই কার সাহেব তোকে ধমক দিয়েচেন"
sunil gangopadhay,--ডি আল আর না এলে ও কালেজে আর আমি যাবো না
sunil gangopadhay,আমাকে পড়াবার মতন বিদ্যাবুদ্ধি আর কারো নাই
sunil gangopadhay,-রিচার্ডসন সাহেব তো আবার ফিরে আসচেন তিনি না আসা পর্যন্ত তুই পড়াশুনা বন্ধ রাখবি
sunil gangopadhay,"--ওঠ মধু, আমার কথা শোন্ --ইউ বী ড্যাম্ন্ড"
sunil gangopadhay,"গঙ্গানারায়ণ এতক্ষণ কোনো কথা বলেনি এবার সে ভূদেবের কানে কানে বললো, গৌরকে ডেকে আনবো"
sunil gangopadhay,"নিশ্চয়ই গৌরের কথা শুনবে ভূদেব বললো, ঠিক দ্যাখ তো সে এসেচে কি না"
sunil gangopadhay,"গঙ্গানারায়ণ কলেজের দিকে ছুটে চলে গেল ৷ গেটের সামনেই দাঁড়িয়ে ছিল গৌর, সংস্কৃত কলেজের দুটি ছেলের সঙ্গে কথা বলছিল ৷ গঙ্গানারায়ণ তাকে ডেকে একটু দূরে এনে বাতাঁটি জানালো"
sunil gangopadhay,"গৌর উদাসীনভাবে বললো, আমি গিয়ে কী করবো"
sunil gangopadhay,"গৌরের ফর্সা ছিপছিপে চেহারা, টানা টানা চোখ, যুগ্ম ভুরু, ঠোঁটের রেখা ও নারীসুলভ"
sunil gangopadhay,ভিড়ের মধ্যে থাকলেও সে সকলের দৃষ্টি কেড়ে নেয়
sunil gangopadhay,"গঙ্গনারায়ণ আপত্তি শুনলো না, জোর করে টেনে নিয়ে এলো"
sunil gangopadhay,"জনতা ভেদ করে মাঝখানে এসে গৌর গলায় বললো, মধু, তুই ফের ব্র্যাপ্ডির বোতল নিয়ে কালেজে এসিচিস"
sunil gangopadhay,"তাকে দেখেই লাফিয়ে উঠে দাঁড়ালো মধু দু'হাতে জাপটে ধরে দু' গালে ফটাফট করে দুখানা চুমো দিয়ে বললো, গৌর, গৌর, কতদিন তোকে দেখি নাই"
sunil gangopadhay,"তোর জন্যই আমি এসিচি মেকানিকাল ইনস্টিটিউশ্যানে যাই, সেখানেও তোকে দেখি না"
sunil gangopadhay,"তোকে পর পর সাতখানা লম্বা লম্বা লেটার লিকলুম,তুই উত্তরে মাত্র একখানা পিগমি লেটার পাট্যেচিস"
sunil gangopadhay,"গৌর বিতব্রতভাবে নিজেকে ছাড়িয়ে নেবার চেষ্টা করলো, কিন্তু মধু কিছুতেই ছাড়বে না৷ মধু গৌরের চেয়ে একটু লম্বা, রোগা চেহারা হলেও তার গায়ে বেশ জোর আছে, গৌরকে সে বুকে চেপে আছে মাতালের ভীম আলিঙ্গনে"
sunil gangopadhay,"গৌর বললো, তুই আবার দিনের বেলা মদ খথেয়িচিস"
sunil gangopadhay,তিনি মেয়েদের নিয়ে ফুর্তি করেন না
sunil gangopadhay,সেইজন্যই তো তিনি পোয়েট্র এত ভালোবাসতে পারেন সেইজন্যই তাঁর কাছে পৃথিবী এত সুন্দর
sunil gangopadhay,"তিনি কী বলিছিলেন, মনে নেই"
sunil gangopadhay,টু কোল্ড ভালগার মাইগডস হাউ লার্জ আ পোরশান অব দিস বিউটিফুল ওয়ার্লড ইজ আ ড্রিয়ারি
sunil gangopadhay,"গৌর, কবিতা ছাড়া আমার আর কিছুই ভালো লাগে না"
sunil gangopadhay,"পোয়েট্রি ওয়াইডেনস দা অব আওয়ার পিওরেস্ট মোস্ট' পামনেণ্ট এনজয়মেন্টস দেখিস, একদিন আমি কত বড় হবো"
sunil gangopadhay,"বায়রণ, বায়রণের সমান, তোরা তখন আমার জীবনী লিকবি ৷ গৌর বললো, বেশ তো, বড় কবি হবি"
sunil gangopadhay,"কিন্তু তুই আমাকে কথা দিয়িছিলি, মদ থেয়ে কালেজ পানে আসবি না"
sunil gangopadhay,আমি কোনো কথা রাখতে পারি না
sunil gangopadhay,"ইট ইজ ট্র, গৌর, আমি কথা রাখতে পারি না"
sunil gangopadhay,"পারে, বন্ধু পারে, গঙ্গা পারে রাজনমারায়ণ পারে, আমি পারি না"
sunil gangopadhay,তা বলে তুই আমার ওপর রাগ করবি
sunil gangopadhay,তোর বিহনে যে আমি বাঁচতে পারিনে
sunil gangopadhay,"তুই তো কথা রাখিস গৌর, তবু কেন তুই আমার বাড়িতে আসবি বলেও আসিস নে"
sunil gangopadhay,"ভিড়ের মধ্য থেকে কে একজন চেঁচিয়ে বললো, এ যে কেষ্ট রাধার মান অভিমান"
sunil gangopadhay,"ভূদেব বললো, লোকে সঙ দেখছে"
sunil gangopadhay,"গৌর, মধুকে এখান থেকে নিয়ে চল - মধু কোনোদিকেই করছে না৷ গৌরের মুখের দিকে একদৃষ্টে তাকিয়ে থেকে বললো, শুধু একটা প্রমিজ আমি রাখবোই আই উইলগো টু আই উইল"
sunil gangopadhay,"আই উইল আই সাই ফর আ্যালবিয়ানস শোর-- গৌর ধীর স্বরে বললো, আমাকে এবার ছাড়, মধু আমি কবি হবো না, তাই আমি এখন কালেজ্জে যাবো"
sunil gangopadhay,"মধু অবিকল রিচার্ডসন সাহেবের গলা নকল করে কাতরভাবে গর্জন করে উঠলো, ওহ নো"
sunil gangopadhay,"লো, রেইজড আপান দিস ভাস্ট এরিয়াল হাইট, দিস রিয়েল্ম্ অব এয়ার আজ কেউ কালেজে যাবে না"
sunil gangopadhay,"না, আজ তোরা আমার সঙ্গে চল, ভূদেব, বেণী, বন্ধু, গঙ্গা চল, সবাই চল এক হাতে গৌরকে ধরে রেখে অন্য হাতে সে অন্য বন্ধুদের ধরবার চেষ্টা করলো ভিড় ক্রমশ বাড়ছে এবং আমোদ গেঁড়ে লোকেরা নানারকম টিটকিরি শুরু করেছে"
sunil gangopadhay,ভিড়ের মধ্যে সংস্কৃত কলেজের ছাত্ররাও রয়েছে
sunil gangopadhay,সংস্কৃত কলেজ ও হিন্দু কলেজ সন্নিহিত বাড়িতে বসলেও দু' দল ছাত্রের মধ্যে রেষারেষি আছে
sunil gangopadhay,"হেয়ার সাহেবের সুপারিশের কিছু ফ্রি ছাত্র ছাড়া হিন্দু কলেজের অধিকাংশ ছাত্রই আসে বিশিষ্ট ধনী পরিবার থেকে সেই তুলনায় সংস্কৃত কলেজের ছাত্রদের চেহারা তারা এখনো জামা পরতে শেখেনি, উডুনি গায়ে জড়িয়ে আসে কিন্তু তাদের ক্ষুরধার, হুল ফোটানো মন্তব্য করতে তারা ওস্তাদ মধুর গায়ের রঙ কালো আর গৌর খুবই ফর্সা বলে তারা নানারকম উপমা মিশিয়ে কটুকাটব্য করছে"
sunil gangopadhay,"ভূদেব এসব পছন্দ করে মধুর পাল্লা থেকে ছাড়া পাওয়া যাবে না বুঝে সে দ্রুত ভিড় ছাড়িয়ে এসে উঠে বসলো মধুর মধু তখনো ছাড়েনি এক হাতে ব্র্যাপ্ডির বোতল, অন্য হাতে গৌরের শত্ত করে চেপে ধরে সেও টলতে টলতে বেরিয়ে এলো ভিড় ছেড়ে"
sunil gangopadhay,এক সব বন্ধুদের জায়গা হবে না বলে মধু খুব জোরে শিস দিয়ে উঠলো দু'বার জিভের তলায় আঙ্গুল দিয়ে ফিরিঙ্গিদের মতন সে চমৎকার শিস দিতে শিখেছে
sunil gangopadhay,পটলডাঙ্গার মোড়ে বেহারাদের আড্ডা দু'খানি ছুটে এলো তৎক্ষণাৎ সবাই মধুকে চেনে আর খাতিরও করে খুব
sunil gangopadhay,এই ছোকরা বাবু পাচ্কি নিলে আশাতীত বথশিশ পাওয়া যায়
sunil gangopadhay,"বন্ধুবান্ধব সবাইকে তুলে মধু বললো, চালাও থিদিরপুর মধুদের বিশাল বাড়িতে অধিবাসীর সংখ্যা যৎসামান্য"
sunil gangopadhay,মধুর বাবা রাজনারায়ণ দত্ত অত্যস্ত বিলাসী পুরুষ বাড়িতে তিনি আত্মীয়-স্বজনের ভিড় পছন্দ করেন তাঁর গাঁ সাগরদাঁড়ির জনা দুয়েক স্ত্রীলোক আছে তাঁর পত্নী দেবীর সেবার জন্য এ ছাড়া অন্য দুঃস্থ আত্মীয়-স্বজন আশ্রয়প্রার্থ হয়ে এলে তাদের জন্য আলাদা বাড়ি ভাড়া করে দেওয়া হয়
sunil gangopadhay,"রাজনারায়ণ এ বাড়ি শখ করে বানিয়েছেন এবং এ বাড়ির আদবকায়দার কথা তিনি পাঁচ কান করতে চান বাড়িতে দাসদাসীর সংখ্যা চোদ্দটি রাজনারায়ণ রীতিমতন খাদ্যরসিক, প্রত্যেকদিন তাঁর নতুন স্বাদের খাদ্য চাই"
sunil gangopadhay,"সেইজন্য তিনি সাহেববাড়ি থেকে বাবুচি খানসামাদের বেশী বেতন দিয়ে ভাঙিয়ে আনেন কোনো রান্না তাঁর পছন্দ না হলে তিনি পাত্রসমেত ছুঁড়ে ফেলে দেন এ বাড়ির পাঁঠার মাংসের পোলাউ যে একবার খেয়েছে, সে জীবনে আর সে স্বাদ ভুলতে পারবে না মধুর বন্ধুরা এ বাড়িতে এসে প্রায়ই নানান সুস্বাদু দ্রব্য খেয়ে যায় কিন্তু সেই পাঁঠার পোলাউয়ের প্রসঙ্গে উঠলেই তারা বলে, রাজাদের মধ্যে যেমন রাশিয়ার জার, তেমনি খাদ্যের মধ্যে এই পোলাউ"
sunil gangopadhay,মধুর আর কোনো ভাই বোন নেই ৷ বাড়িতে তার অপরিমিত প্রশ্রয়
sunil gangopadhay,মধুর যে-কোনো হুকুম তামিল করার জন্য পাঁচ-সাতজন ভৃত্য সব সময় মুখিয়ে থাকে
sunil gangopadhay,"দেবীর কড়া নির্দেশ, আর যে কোন কাজই থাক, মধু কোনো জিনিস চাইলে, মুখ থেকে কথাটি খসানো মাত্র যেন তা পায়"
sunil gangopadhay,"রাজনারায়ণ দত্তও পুত্র-স্নেহে অন্ধ ৷ বেঙ্গল স্পেকটেটর, ক্যালকাটা লিটারারি গেজেট, কমেট প্রভৃতি কাগজে তাঁর সতেরো আঠারো বছরের ছেলের পদ্য ছাপা হচ্ছে, সেজন্য তাঁর গর্বের অস্ত নেই"
sunil gangopadhay,"আদালতে তাঁর সহকর্মী বিধুশেখর একদিন বলেছিলেন, তোমার ছেলে যা দারুণ ইংরেজি শিখেচে দু'দিন বাদে তো সাহেবদের মাতায় হাগবে একথা শুনে পরম পরিতৃপ্তি পেয়েছিলেন রাজনারায়ণ সাহেবরা দেখুক, নেটিবরা তাদের চেয়ে কোনো অংশে কম যায় না"
sunil gangopadhay,"বাড়িতে কৌচে বসে তামাক টানতে টানতে তিনি অনেক সময় আদর করে ছেলের হাতে বাড়িয়ে দেন আলবোলার নল আবগারির দোকান থেকে মধুর জন্য মদের বোতল আসে, রাজনারায়ণ বিনা বাক্যব্যয়ে বিল মিটিয়ে দেন"
sunil gangopadhay,"ছাড়াও আরও কত দোকান থেকে যে মধু ধারে জিনিস আনে তা সে নিজেই মনে রাখতে পারে না, রাজনারায়ণকেই তার খোঁজ রাখতে হয়"
sunil gangopadhay,"হ্যামিস্টন সাহেবের দোকানে তাঁর বলা আছে যে বিলেত থেকে প্রত্যেকবার জাহাজ এলে যে-সব নতুন নতুন সুগন্ধ প্রসাধন দ্রব্য আসবে, সেগুলি যেন প্রত্যেকটি এক বোতল করে মধুর নামে পাঠিয়ে দেওয়া হয়"
sunil gangopadhay,বাড়ির লোকদের করার জন্য মধুরও বাতিকের শেষ নেই ৷ প্রায়ই নতুন নতুন জিনিসের বায়না ধরে সে নিজের ঘরে বসে মিটিমিটি হাসে
sunil gangopadhay,"রাজনারায়ণ বিভিন্ন দিকে লোক পাঠান সেই সন্ধানে টাকার কোনো পরোয়া নেই, জিনিসটি চাই যে-কোনো উপায়ে সংগ্রহ করা হলে রাজনারায়ণ নিজে সেটি মধুর কাছে নিয়ে এসে হাসতে হাসতে বলেন, এবার আরও কিছু বল দেখি"
sunil gangopadhay,"এইভাবে বাপ ছেলেতে খেলা চলে ৷ অবশ্য, মধুর প্রধান নেশা বই কেনা"
sunil gangopadhay,বন্ধুদেরও মধু নানারকমে তাক লাগিয়ে দেয় প্রায়ই
sunil gangopadhay,"নিজের ঘরে বসিয়ে তাদের জিজ্ঞেস করে, কে কোন্ খাবার খেতে চাস বল চোখ মুদে"
sunil gangopadhay,যে-কোনো জিনিসের নাম কর আমি পাঁচ মিনিটের মধ্যে তোদের জন্য তা এনে দেব
sunil gangopadhay,গরম গরম সত্যি সে তা পারে
sunil gangopadhay,"মুগী, মটন, ছানার ডালনা, ডিমের হালুয়া, যে-কোনো কিছুর নাম করলেই হলো ৷ সঙ্গে সঙ্গে হাজির এবং গরম মধুর জন্য নাকি প্রত্যেকদিন চার পাঁচটি উনুনে অনেক রকম সব সময় তৈরি থাকে তার যেটা ইচ্ছে খাবে, যেটা ইচ্ছে হবে না, খাবে কোন্দিন তার কেনটি খেতে ইচ্ছে হবে, তা আগের থেকে জানবার উপায় নেই অবশ্য এমন দিনও যায়, মধু কিছুই খায় না"
sunil gangopadhay,পাশে সুরার পাত্র ও চোখের সামনে বই খুলে সে দেয় ঘণ্টার পর ঘণ্টা
sunil gangopadhay,তখন কেউ তার ঘরে ঢুকবে না এক সময় নেশাচ্ছন্ন অবস্থায় সে তার বিছানায় মুছিত হয়ে পড়ে
sunil gangopadhay,"বাড়ির সামনে থেকে সদলবলে নামলো মধু, তারপর সাড়ম্বরে ভেতরে ঢুকলো ভৃত্য সার বেধে দাঁড়িয়ে আছে দ্বারের মধু কোটের পকেট থেকে এক মুঠো টাকা করে একজন ভৃত্যের হাতে দিয়ে বললো, ওদের মিটিয়ে দে"
sunil gangopadhay,"তারপর সে দু'হাত ছড়িয়ে চিৎকার করলো, হেই হো"
sunil gangopadhay,যেন সে জানান দিচ্ছে যে সে ফিরেছে অথচ উল্লাসভরা গলার স্বরটি এমন যেন নতুন কোনো দ্বীপে পদার্পণ করছে কোনো লুসাহসী রাজকুমার প্রশস্ত চত্বরের চার পাশে ঘেরা বারান্দা
sunil gangopadhay,একদিক দিয়ে উঠে গেছে মর্মর প্রস্তরের সিড়ি
sunil gangopadhay,"সেই পা দিয়ে মধু একটু থমকে দাঁড়ালো তারপর আপনমনে বিড়বিড় করে বললো, ইউ মীট মই ফাদার বন্ধুরা অন্য কথায় মগ্ন ছিল তাই মধুর কথা শুনলো না মধু এবার বেশ চেঁচিয়ে বললো, ইফ ইউ ইট মাই ফাদার, পে নো আ্যাটেনশান টু হিম"
sunil gangopadhay,যা সকালবেলা ধলভূমগড় স্টেশনে সকালবেলা ধলভূমগড় স্টেশনে চারজন যুবক ট্রেন থেকে নামলো
sunil gangopadhay,"স্টেশন, সারা ' দিন-রাতে দুতিনবার মাত্র সরব হয়ে ওঠে, বাকি সময়টা অলসভাবে ) আলাদা টিকিট কালেক্টার নেই, স্টেশন মাস্টার নিজেই ট্রেন থেকে নামা ছোট্ট যাত্রীদলের এগিয়ে আসেন টিকিটের জন্য-যাত্রীরা অধিকাংশ স্থানীয় লোক, নেংটি পরা সাঁওতাল : আর ওরাওঁ-তাদের প্রত্যেকেরই কাঁধে একখানা করে লাঠি, আট হাত শাড়ি ফেরত দিয়ে পরামেয়েরাআমি পল্লবের মতন তারা পাঁচজন পাঁচজন হাত ধরাধরি করে থাকে ও গানের ' সুরে কথা বা ঝগড়া করে যায়, এ ছাড়া দুচারজন আধা-বিহারী আধা-বাঙালিবাবু কিংবা "" পাইকার"
sunil gangopadhay,"এর মধ্যে এ চারজন যুবক একটুখানি নতুনত্ব, কেননা এই জায়গায় কখনো চেঞ্জাররা আসে না, সে-রকম কোনো ব্যবস্থাও"
sunil gangopadhay,"ছোট্ট একটুখানি শহর-সাজা গ্রাম, থাকলেও হয়, না থাকলেও ক্ষতি ছিল না-এমন ভাব, দুচারখানা বাড়ি ফুরোতেই না শুরু হয়ে গেছে জঙ্গল"
sunil gangopadhay,"যুবক চারজনের বয়েস পঁচিশ থেকে তিরিশের মধ্যে, প্রত্যেকেরই সুঠাম স্বাস্থ্য, হাতে ভালো চামড়ার সুটকেস, হোল্ডঅল, টেরিলিন জাতীয় সুদৃশ্য পোশাক "" পরিহিত, ওদের মুখ-চোখ দেখলেই আর কারুকে বলে দিতে হয় না যে, ওরা কলকাতার ; মানুষ"
sunil gangopadhay,"স্টেশন মাস্টার মৃদু গলায় জিজ্ঞেস করলেন, আপনারা বেড়াতে এলেন বুঝি"
sunil gangopadhay,ওদের মধ্যে একজন প্যান্টের এ-পকেট ও-পকেট খুঁজছিল
sunil gangopadhay,"পিছন পকেটের চামড়ার "" ব্যাগথেকে বেরুলো ভাড়ার রসিদ, তখন সে জবাব দিলো, হ্যাঁ, সেইরকমই, দেখা যাক"
sunil gangopadhay,আমাদের কাছে কিন্তু টিকিট নেই
sunil gangopadhay,মাঝরাত্রে টিটির কাছে ভাড়া দিয়ে এই রসিদ নিয়েছি
sunil gangopadhay,"স্টেশন মাস্টার এক পলক উঁকি দিয়ে দেখেই বললেন, হ্যাঁ হ্যাঁ, ঠিক আছে"
sunil gangopadhay,এই সময় এখানে বেড়াতে এলেন
sunil gangopadhay,"আপনাদের তো অসুবিধে হবে সূচিপত্র : ও সস এ -কেন, অসুবিধে কিসের; আপনার তো কোনো অসুবিধে হচ্ছে বলে মনে হয় না"
sunil gangopadhay,এখানে তো- -সে আমরা যা-হোক ব্যবস্থা করে নেবো
sunil gangopadhay,"ওদের মধ্যে আরেকজন বললো, কেন, এ খানে একটা বাংলো আছে না"
sunil gangopadhay,"তাই শুনেই তো "" -তাআছে, যদি জায়গা পান দেখুন, তাছাড়া খাবার-দাবারেরও অসুবিধে হবে"
sunil gangopadhay,"-আপনি যদি খাবার-দাবার পান, তাহলে আমরা পাবো না কেন"
sunil gangopadhay,"জংলীদের জায়গা, মাছ নেই, দুধ নেই, মাংস ও : সপ্তাহে দুএকদিন-আপনারা একটু আনন্দ-টানন্দ করতে এসেছেন- "" ওদের মধ্যে যার সবচেয়ে দীর্ঘ চেহারা, মাথার চুল , প্যান্টের পিছন পকেটে : হাত, সে হা-হা করে হেসে উঠলো"
sunil gangopadhay,"বললো, কী করে বুঝলেন, আমরা আনন্দ করতে এসেছি"
sunil gangopadhay,"আরেকজন এগিয়ে এলো, আপাতত আমরা অন্তত একটা আনন্দ পেতে চাই"
sunil gangopadhay,"স্টেশন মাস্টার বিমর্ষযভাবে বললেন, স্টেশনে কিছু নেই, এ লাইনটাই এ রকম, ' এগিয়ে-কলকাতার মতন রেস্টুরেন্ট অবশ্য পাবেন না"
sunil gangopadhay,"তবে বাজারের মধ্যে দুএকটা "" চায়ের দোকান- এ, ' বাজার কত দূরে"
sunil gangopadhay,"-কাছেই, এঁতো- সূচিপত্র : প্ল্যাটফর্ম পেরিয়ে ওরা ওভারব্রিজে উঠলো"
sunil gangopadhay,"নরম সকালের হাওয়া আলগাভাবে করেগোল ওদের চোখে-মুখে-চুলে, ছানার জলের মতন আলো চারদিকে, ওভারব্রিজের ' ওপর দাঁড়িয়ে ওরা চার-পাশটা একবার তাকিয়ে দেখলে"
sunil gangopadhay,"ডানদিকে যতদূর দেখা যায় ; ঢেউ খেলানো মাঠ ও ছোট ছোট টিলা, বহুদূরে অবস্থা একটা পাহাড়, বাঁ দিকে জঙ্গল শুরু হয়েছে, জঙ্গল কেটে চলে গেছে রেললাইন-এইমাত্র ছেড়ে যাওয়া ট্রেনটা এখনো অস্পষ্টভাবে দেখা যায়"
sunil gangopadhay,নতুন জায়গায় ঢোকার আগে ওরা যেন ওভারব্রিজের ওপর ' দাঁড়িয়ে সমগ্র পরিস্থিতি বিধেচনা করে দেখেছে
sunil gangopadhay,"সামনেই বাজার, গোটা তিরিশেক বাড়ি একটু দূরে দূরে ছড়ানো, তারপর এক পাশে মাঠ এক পাশে জঙ্গল"
sunil gangopadhay,ওরা ঘুরে ঘুরে পুব-পশ্চিম-উত্তর-দক্ষিণ চারদিকেই দেখলো
sunil gangopadhay,"আর বিশেষ কোনো নেই৷ একজন বললো, ধলভূমগড় নাম যখন, তখন একটু দুর্গ-টুর্গ থাকা তো উচিত"
sunil gangopadhay,"কোথায়, দেখতে তো পাচ্ছি না"
sunil gangopadhay,জঙ্গলের মধ্যে ভাঙচুরো কোথাও পড়ে আছে হয়তো
sunil gangopadhay,মাথার ওপরের আকাশ গভীর সমুদ্রের মতন নীল
sunil gangopadhay,"ওদের মধ্যে "" একজনের হাতে একটা পাকানো খবরের কাগজ ছিল, সে সেটা ওপর থেকে ছুঁড়ে ফেলে দিয়ে বললো, বিদায়"
sunil gangopadhay,"তার পাশের জন বললো, এই , কাগজটা ফেললি কেন"
sunil gangopadhay,খবরের কাগজের সঙ্গে আর সম্পর্ক রাখতে চাই না
sunil gangopadhay,ফেরার সময় জুতো মুড়ে নিয়ে যাবার জন্য কাজে লাগতো
sunil gangopadhay,"্ "" খবরের কাগজটা হাওয়ায় দুলতে দুলতে নিচে লাইনের ওপর গিয়ে পড়ে ছড়িয়ে গেল"
sunil gangopadhay,কি একটা কাপড় না সিগারেট কোম্পানির আধিপাত জোড়া বিজ্ঞাপনের ছবিতে সুট-টাই পরা একজন লোভী লোকের হাত একটি শালোয়ার কামিজ পরা খুঁকির শরীর দোলাচ্ছে
sunil gangopadhay,"ওভারব্রিজের রেলিং ধরে ঝুঁকে সেদিকে তাকিয়ে একজন বললো, সঞ্জয়, এ ছবির ওপর ' ঠিক করে থুতু ফেলতে পারবি"
sunil gangopadhay,ছেলেটার মুখে না মেয়েটার মুখে
sunil gangopadhay,"হাওয়ায় থুতু উড়ে যাচ্ছে, সোজা নিচে পড়ছে না"
sunil gangopadhay,বিরক্ত :- হয়ে একজন জলন্ত সিগারেটটা ছুঁড়ে মারলো
sunil gangopadhay,সেটাও কাগজের ওপর দিয়ে চলে গেল কোথায়
sunil gangopadhay,"সবচেয়ে লম্বা যুবকটি বললো, এই, কি ছেলেমানুষী করছিস"
sunil gangopadhay,"তাড়াতাড়ি চল, চা না খেয়ে : পারছিনা"
sunil gangopadhay,ওভারব্রিজ পেরিয়ে একটু দূরেই একটা বড় চাতাল
sunil gangopadhay,"একটা বট গাছের নিচে সিমেন্ট দিয়ে : বাঁধানো অনেকখানি বেদি, সেখানে দশ-বারোটা আদিবাসী মেয়ে ঝুঁড়ি নিয়ে বসে আছে"
sunil gangopadhay,"তার ওপাশে কয়েকটা ছোট দোকান, ছোটখাটো বাজারের মতন"
sunil gangopadhay,"বাজারটায় যেন কোনো '"" প্রাণ নেই, মানুষজনের ভিড়ে জমজমাট নয়"
sunil gangopadhay,"পটল ওজন করছে একটা লোক, রকম অলস তার ভঙ্গি, দুটো দিচ্ছে, তিনটে কমাচ্ছে, ওজন আর ঠিকই হয় না-তার : সামনে দাঁড়ানো খদ্দেরটিরও যেন কোনো তাড়া নেই-সিনেমা দেখার মতন গভীর মনোযোগে দেখছে"
sunil gangopadhay,"এক পাশে ডাই করা কতকগুলো কুমড়ের চূড়ার ওপর "" চুপটি করে বসে আছে একটা কুকুর"
sunil gangopadhay,"মেয়েগুলো শুধু বসেছে আলাদা-এদের থেকে দূরে, পরিষ্কার উঁচু চাতালে"
sunil gangopadhay,"প্রত্যেকের "" কাঁখালে একটা করে ঝুড়ি, ঝুড়িতে করে কি বেচাতে এসেছে তা দূর থেকে দেখা যায়"
sunil gangopadhay,"গও ও ও "" না৷ কিন্তু ওদের সামনে কোনো খদের দাঁড়িয়ে নেই"
sunil gangopadhay,"সঞ্জয় বললো, অসীম, ওদের কাছে ডিম আছে নাকি"
sunil gangopadhay,"তা হলে কয়েকটা ডিম কিনে নে, চায়ের খেতে হবে : অসীম ও আরেকজন এগিয়ে গিয়ে জিজ্ঞেস করলো, কি রে তোদের কাছে ডিম আছে"
sunil gangopadhay,পা ঝুলিয়ে বসা মেয়েগুলো এ-ওর গায়ে ঠেলা দিয়ে মুখ টিপে হাসলো কেউ বাঁ প্রীবা : সামান্য বেকিয়ে বাঁ দিকের কাঁধে মুখ গুজলো
sunil gangopadhay,কেউ কোনো উত্তর দিলো না
sunil gangopadhay,"মেয়েগুলো পূর্ববৎ তরঙ্গের মতন সবাই হাসিতে দুললো, পরস্পর গা ঠেলাঠেলি করলো, ওদের মধ্যে দুএকজন জলে ঘটি ডোবানোর মতন গুপ গুপ করে হাসলো, কিন্তু উত্তর : দিলোনা"
sunil gangopadhay,"রঃ ন তখন পর্যন্ত ওরা এ মেয়েগুলো সম্পর্কে কোনোই ধারণা করে নেয় নি, নতুন জায়গায় এসে হাল্কা চোখে তাকাচ্ছে এদিক ওদিক, কোনো ব্যস্ততা নেই"
sunil gangopadhay,"বাজারে ঢোকার আগে, : এক কোণে বসা এই মেয়েগুলোকে চোখে পড়লো বলেই যেন কিছু জিনিস কেনার কথা মনে পড়েছে, জিনিসপত্র তো কিছু কিনতেই হবে-আর কিনতে হলে ময়লা ধুতি জড়ানো "" রুক্ষ দাড়িওলা দোকানিদের বদলে এই হাসিখুশি সোমথ মেয়েগুলোর কাছ থেকেই ; কিছু কেনার কথা স্বাভাবিকভাবেই ওদের মনে আসে"
sunil gangopadhay,"দাম হয়তো একটু বেশি , : হোক, সঙ্গে তো বাতাস-খুশি করা হাসি দেবে"
sunil gangopadhay,শহুরে ছেলে সকালবেলা ডিম কেনার কথাই ওরা প্রথম ভেবেছে
sunil gangopadhay,"ডিম না থাকে-মেয়েদের যে-কোনো সওদা, শিম- "" বরবটিকিংবা আলু-পেয়াজ যাই হোক-তাও হয়তো কিনবে"
sunil gangopadhay,"্ "" অরণ্যের দিতির উপন্যাস : "" অসীমরা এগিয়ে এসে মেয়েগুলোর ঝুঁড়িতে উঁকি মারলো"
sunil gangopadhay,কিছু নেই ফাঁকা বুড়ি সবারই : ফাীঁক ঝুড়ি
sunil gangopadhay,"নীলপাড় শাড়ি পরা একটি কচি-মুখ মেয়েকে অসীম : বললো কি রে, সব ফুরিয়ে গেছে"
sunil gangopadhay,"মেয়েটি ঝংকারময় গলায় বললো, ডিম নেই তো দেখতেই পেছিস"
sunil gangopadhay,-কিছুনেই তো এখানে বসে আছিস কেন
sunil gangopadhay,"বসে আছি, হাওয়া খেতে মন লয়"
sunil gangopadhay,"অসীম বললো, আরে, এইটুকু লঙ্কার ঝাল তো কম নয়"
sunil gangopadhay,"বাপুঃ-সে তার বন্ধুদের দিকে ফিরে বললো আশ্চর্য ব্যাপার মাইরি, "" এতগুলো মেয়ে খালি নিয়ে এমনি সকালবেলা বসে আছে"
sunil gangopadhay,আশপাশের দুচারজন লোক কৌতূহলী হয়ে ওদের দেখছিল টেরা চোখে একটা হলুদ পরা ছোঁকরা ওদের দিকে ঘন হয়ে এসে শুনছিল ওদের কথা
sunil gangopadhay,"সে বললো, উ মেয়েগুলো সব জন খাটে বাবু"
sunil gangopadhay,"-রাজমিস্তির কাজে যোগান দেয়, ইট বয়"
sunil gangopadhay,-তা এখানে বসে আছে কেন
sunil gangopadhay,"-ইখানে বসে থাকে, যদি কারুর দরকার হয় তো ডেকে খাটাতে লিয়ে যার"
sunil gangopadhay,তা এখানে আর প্রত্যেক দিন কী এত রাজ-মিস্তিরির কাজ হয় কে জানে
sunil gangopadhay,থাকগে তোমাদের এখানে ডিম পাওয়া যাবে
sunil gangopadhay,"সূচিপত্র ্ "" -ডিমতো মিলবেনা"
sunil gangopadhay,হাটবার ছাড়া আর ডিম পাওয়া : না
sunil gangopadhay,আচ্ছা রেষ্ট হাউসটা কত দূরে
sunil gangopadhay,-ওসব কিছু তো এখানে নাই বাবু
sunil gangopadhay,সে আপনার সেই দিকে জঙ্গলে
sunil gangopadhay,"আছে, এখোনে রিক্সা-টিক্সা পাওয়া যায়"
sunil gangopadhay,"না, রিক্সা ইদিকে কোথায় পাবেন, এসব জংলা জায়গা-বাবুরা তো কেউ আসে "" নাতেমন, যারা আসে তারা মোটর আনে- ৷ লোকটির নাম লখা, তাকে ওরা তল্পিদার হিসেবে নিয়ুক্ত করলো"
sunil gangopadhay,"লোকটির কাঁধে কিছু ""- মোটঘাট চাপিয়ে আস্তে আস্তে এগিয়ে চললো ওরা চারজন-সঞ্জয়, অসীম, শেখর এবং রবি"
sunil gangopadhay,"কাল রাত্তিরেই হয়তো বৃষ্টি হয়েছে, সরু প্যাঁচপ্যাঁচ করছে কাদা, দুপাশে : কয়েকটা মুদির দোকান, সিমেন্ট সুরকির আড়ত, নোংরা ভাতের হোটেল, একটা সেলুনও আছে, সিগারেটের দোকানে ঝ্যান ঝ্যান করে রেডিও বাজছে"
sunil gangopadhay,একটা দোকান বেছে নিয়ে ওরা বাইরের বেঞ্চিতে বসে গরম জিলিপি আর সি্াড়া সঙ্গে ' চাখেলো
sunil gangopadhay,"গেলাসের চায়ে কী রকম কাঁঠাল কাঁঠাল গন্ধ, এটো শালপাতায় এসে বসেছে "" নীল রঙের ডুমোড়মো কাঁঠালে মাছি"
sunil gangopadhay,দোকানের বাকি লোকরা নিজস্ব কথা বলা থামিয়ে ওদের দিকেই চেয়ে আছে
sunil gangopadhay,যে-কোনো প্রশ্নের উত্তর দেবার জন্য তাদের সকলেরই মুখভঙ্গি ব্যগ্র
sunil gangopadhay,"ওরা চারজন অন্য কোনো দিকেই মনোযোগ দিলো না, নিজেদের মধ্যে পরামর্শ করতে লাগলো, রেডিওয়া ফাট আওয়াজটা খুবই বিরক্ত করছিল, অসীম উঠে '"" দাঁড়িয়ে বললো, চলো এগোই"
sunil gangopadhay,"সূচিপত্র : ্ দুচার পা হটতেই বাজার শেষ হয়ে গেল, সরু রাস্তা এসে মিশলো বড় দুচারটে ছড়ানো সুদৃশ বাড়ি, প্রত্যেক বাড়ির সামনে কম্পাউন্ডে ফুল, লতা ও ' হইউক্যালিপটাস গাছ, শুধু এই জায়গাটুকু দেওঘর বাঁ মধুপুরের এক টুকরো মনে হয়"
sunil gangopadhay,"লিখা অনবরত বকবক করে যাচ্ছিল, কোনটা কার বাড়ি সেই বিবরণ, এই জায়গাটার অসংলগ্ন ইতিহাস-ভূগোল, ওরা সব কথা শুনছিল না, মাঝে মাঝে দুএকটা প্রশ্ন করছিল"
sunil gangopadhay,"হঠাৎ৷ একটা বাড়ির দিকে ওদের সবারই চোখ পড়লো, গোলাপি রূঙা একটা সুন্দর ' বাড়ি, বাড়ির সম্পূর্ণ সীমানা দেড় মানুষ উঁচু পাঁচল দিয়ে ঘেরা তার ওপর ভাঙা কাচ ও "" কাঁটাতার বসিয়ে সুরক্ষিত, এক অংশে সবল লোহার গেট"
sunil gangopadhay,"গেটের পাশে একটা পুরোনো ; মরিস গাড়ি, একজন চাকর সেটা ধুচ্ছে"
sunil gangopadhay,"গেটের মধ্যে দিয়ে ভেতরটা দেখা যায়, বাগানের : মাঝখানে পাথরের পর বসানো ফোয়ারা, বাগানের পথটুকু ব্যতীত বাকি অংশ ঘাসের বদলে লাল পর্তুলেকায় ছেয়ে আছে, যেন টুকটুকে লাল রঙের বাগান এক পাশে নেট '"" খাটিয়ে দুটি মেয়ে ব্যাডমিন্টন খেলছে, পালক দেওয়া কর্কের বদলে ওরা খেলছে রেশমের বল দিয়ে, মেয়ে দুটি খেলছে আর ঝলমল করে হাসছে, বার-বারান্দায় - ইজিচেয়ারে এক প্রৌঢ় খবর কাগজ নিয়ে ঝুঁকে বাসা"
sunil gangopadhay,"ওরা চারজন গেটের পাশ দিয়ে যেতে যেতে দুএক পলক মাত্র এই দৃশ্য দেখলো, পরস্পর: চোখাচোখি করলো, রবি বললো, এখানে এক টুকরো বালিগঞ্জও আছে দেখছি"
sunil gangopadhay,"শুনেছিলুম, এখানে জঙ্গল আর আদিবাসীরা ছাড়া কিছু নেই"
sunil gangopadhay,"সঞ্জয় বললো, বড়লোকেরা কোথায় না আছে"
sunil gangopadhay,তারা সারা দেশে ছড়িয়ে আছে
sunil gangopadhay,"শেখর একটু চিন্তিতভাবে বললো, ওদের মধ্যে একটা মেয়েকে কী রকম যেন চেনা-চেনা মনে হলো"
sunil gangopadhay,"রবি সঙ্গে সঙ্গে খোঁচা মারলো, বাজে গুল মারিস না"
sunil gangopadhay,দুনিয়ার সব মেয়েই তোর চেনা
sunil gangopadhay,নতুন জায়গায় পা দিতে না দিতেই তোর চেমা মেয়ে
sunil gangopadhay,"সূচিপত্র ও এ "" হাঁ, সত্যি বলছি, খুব চেনা না হলেও মনে হলো আগে কোথাও দেখেছি"
sunil gangopadhay,"আমার তো সব মেয়েকেই দেখে মনে হয় আগে দেখেছি, এজন্মে না হোক গতজন্মে"
sunil gangopadhay,"সত্যিই, মনে করতে পারছি না অবশ্য"
sunil gangopadhay,"রবি বললো, চল ফিরে যাই, ভালো করে দেখে আসি তোর চেনা কিনা"
sunil gangopadhay,তোর চেনা হলে আমারও চেনা হতে পারে
sunil gangopadhay,তখন ওরা বাড়ির গোটটা থেকে বেশ কয়েক গজ দূরে চলে এসেছে
sunil gangopadhay,"শেখর বললো, যাঃ তাহয়নাকি, ফিরে গিয়ে গেটের সামনে দাঁড়িয়ে প্যাট প্যাট করে তাকাবো"
sunil gangopadhay,"যদি সত্যিই "" চেনানা হয়"
sunil gangopadhay,"রবি শেখরের একটা হাত ধরে টানাটনি করতে বললো, চল না, চল না, চেনা নাই-বা"
sunil gangopadhay,"হলো, মেয়ের বাগানে খেলছে তা দেখতে দোষ কি"
sunil gangopadhay,শেখর হাত ছাড়িয়ে নিয়ে বললো যাঃ
sunil gangopadhay,"অসীম জিজ্ঞেস করলো, লেখা এটা কাদের বাড়ি"
sunil gangopadhay,-ইটা তো ত্রিপাঠী সাহেবের বাড়ি
sunil gangopadhay,"খুব ভারী ব্যবসা ওঁয়াদের-কলকাতায় আপনাদের : হাওড়াপাড়া আছে যে, সেখানে ওঁয়াদের- অসীম মুখ ঘুরিয়ে শেখরকে প্রশ্ন করলো, কি রে, তুই ত্রিপাঠী পদবীর কোনো মেয়েকে : চিনিস"
sunil gangopadhay,শেখরের মুখ দেখে মনে হয় তন্ন-তন্ন করে সে ভেতরটা খুঁজছে
sunil gangopadhay,"অন্ধকার রান্নাঘরে কালো : জিরে খুঁজে না পেলে গৃহিণীরা যেমন এক একটা কৌটা খুলে গন্ধ শুকে দেখেন আর রেখে দেন, শেখরও সেইরকম আধ-চেনা প্রত্যেকটা মেয়েকে চোখের সামনে এনে প্রশ্ন সূচিপত্র ্ এ গজাপ্ধ্যয়"
sunil gangopadhay,"অর্গ্যর : "" করছিল, তুমি ত্রিপাঠী"
sunil gangopadhay,"না, না, গন্ধ মিলছে না; প্রেসিডেন্সি কলেজে অমলেশ ত্রিপাঠীর কাছে ইতিহাস পড়েছিলুম, দীপ্তি ত্রিপাঠীর লেখা বই ছিল তাপসের ঘরে, ভবানীপুরে : ব্রিপাঠী আ্যান্ড সন্স নামে একটা রেডিওর দোকান আছে, না, আর কোনো ব্রিপাঠীর কথা সে শোনে নি"
sunil gangopadhay,"বাড়িটা ছাড়বার পর আর দুএকটা এদিক ওদিক ছড়ানো খাপরার চালাঘর, তারপর রাস্তা ফাঁকা হয়ে এলো, এবার জঙ্গলে ঢুকবে, সামনেই জঙ্গল দেখা এই রাস্তাটা ' চাকুলিয়া হয়ে জামসেদপুরে চলে গেছে"
sunil gangopadhay,তাই মাঝে মাঝে ট্রাকের আনাগোনা
sunil gangopadhay,"এপ্রিলের শেষে, রোদুর এখনো বিরক্তিকর হয় নি, ঝকঝকে আকাশ থেকে রোদ এসে খেলা করছে বনে চূড়ায়"
sunil gangopadhay,"এই বন দেখলে গা ছমছম করে না, তরুণ শালগাছগুলোয় বল্লরী ধরেছে"
sunil gangopadhay,কঠিন সব শাল বৃক্ষের এত সুন্দর নরম-রঙা ; ফুল
sunil gangopadhay,দুএকটা জারুল আর ইউক্যালিপটাসের ভেজাল থাকা সত্ত্বেও জঙ্গলটা এখানে : পুরোপুরি শালেরই জঙ্গল
sunil gangopadhay,লালচে রাস্তা দিয়ে ওবা বনের মধ্যে ঢুকলো
sunil gangopadhay,বনের মধ্যে ঢুকেই ওদের অন্য রকম লাগলো
sunil gangopadhay,"স্পষ্ট বোঝা যায়, এটা আলাদা জগৎ"
sunil gangopadhay,বনের ভিতরটা সব সময় নিঃশব্দ
sunil gangopadhay,"আসলে অনেক রকম শব্দ আছে, কিচকিচে পাখির ডাক, হাওয়ার শো শে, লুকানো কাঠবিড়ালির চিড়িক চিড়িক, ঝিঝির কোরাস, শুকনো "" পাতার খরখর, দূরে কোথাও কাঠ কাটার একঘেয়ে শব্দও ভেসে আসছে"
sunil gangopadhay,জঙ্গলে ঢুকলে সত্যিকারের একটা বিশাল - ; জিনিসকে প্রত্যক্ষ করার অভিজ্ঞতা হয়
sunil gangopadhay,"কালো পীচের চওড়া রাস্তা, দুপাশে লাল সুরকি ছড়ানো-তার ঠিক মাঝখান দিয়ে ওরা: হাঁটছে"
sunil gangopadhay,"অসীমকে অফিসের কাজে প্রায়ই বাইরে যেতে হয়, শেখরও বসন্ধুবান্ধবদেরনা বলে মাঝে মাঝেই হঠাৎ দুএক মাসের মধ্যে কোথায় নিরুদ্দেশে চলে যায়"
sunil gangopadhay,"ক্রিকেট ' খেলার জন্য রবি ভারতবর্ষের নানা প্রদেশে ঘুরেছে, মধ্য প্রদেশের জঙ্গলে একটা শিকারের পার্টিতেও গিয়েছিল একবার"
sunil gangopadhay,"সঞ্জয় একটু ঘরকুনো, কিন্তু বছরে একবার এ, সূচিপত্র ও "" হরিদ্ধারে যেতেই হয়"
sunil gangopadhay,"ওর বাবা সংসার ছেড়ে রামকৃষ্ণ মিশনে যোগ দিয়ে হরিদ্ধারে আছেন, সঞ্জয় তার সঙ্গে দেখা করে আসে"
sunil gangopadhay,"অর্থাৎ ওরা চারজনেই আগে নানা জায়গায় ঘুরেছে, এই প্রথম ওরা দল বেঁধে একসঙ্গে বাইরে এলো"
sunil gangopadhay,"ওরা একসঙ্গে মিশেছে-কিন্তু সবকিছু মেলে নি, মাঝে মাঝে ওরা একসঙ্গে হাসি-ঠাট্টা করছে, মাঝে মাঝেই আবার , তখন চারজনে যেন চার রকম ভাবনায় অন্যমনস্ক"
sunil gangopadhay,"বেশিহাঁটতে হলো না, আধ মাইলের মধ্যেই চোখে পড়লো ডাক-বাংলোর গেট, বাঁদিকে ' চওড়া মোরাম বিছানো পথ, ভিতরে জাপানি ছবির মতন সাজানো বাড়িখানা"
sunil gangopadhay,"উচু "" সিমেন্টের ভিতের ওপর বাড়ি, বারান্দার ঝুলন্ত টবে সাজানো রয়েছে নানা ; শৌখিন আর্কিড কয়েকখানা পরিচ্ছন্ন অটুট ইজিচেয়াব"
sunil gangopadhay,"বাড়ির সামনে কেয়ারি করা ফুল: বাগান, একপাশে গাড়ি রাখার ছোট গ্যারাজ, তারও ওপাশে চৌকিদারের ঘর"
sunil gangopadhay,"ওদের দুতিনজন একসঙ্গে বলে উঠলো, বাঃ"
sunil gangopadhay,"লখা মালপত্তারু নামিয়ে রেখে, সমগ্র নিস্তব্ধতাকে ভেঙে চৌঁচাতে লাগলো, রতিলাল"
sunil gangopadhay,কারুর সাড়া পাওয়া গেল না; দূর থেকে শুধু সেই কাঠ কাটার অক্লান্ত শব্দটা একঘেয়েভাবে শোনা যাচ্ছে
sunil gangopadhay,"সঞ্জয় বললো, দেখে মনে হচ্ছে এ জায়গায় বিশেষ ' লোকজন আসে না"
sunil gangopadhay,চৌকিদার কি আর সব সময় থাকে
sunil gangopadhay,"লখা বললো, দাঁড়ান বাবু আমি ওকে টুঁড়ে লিয়ে আসছি"
sunil gangopadhay,চৌকিদার না আসা পর্যন্ত তোমার বকশিশ মিলবে না
sunil gangopadhay,"বকশিশের কথা শুনে লিখা যেন চমকে উঠলো, যেন সম্পূর্ণ অপ্রত্যাশিত কিংবা এসব "" কথা তার সামনে উচ্চারণ করাই উচিত নয়"
sunil gangopadhay,"অত্যন্ত লাজুকভাবে ঘাড় নুয়ে বললো, সে জন্যকি আছে সূচিপত্র : ও ওরা বারান্দায় উঠলো"
sunil gangopadhay,চেয়ারে বসে হাত-পা ছড়িয়ে আড়মোড়া ভাঙলো : রবি সঞ্জয় দুদিকের বারান্দা ঘুরে তদন্ত করে এলো
sunil gangopadhay,"রবি বললো, সত্যি খুব গ্র্যান্ড জায়গা, ট্রেনের সেই লোকটাকে ধন্যবাদ দেওয়া উচিত মাইরি"
sunil gangopadhay,"অসীম বললো, লোকটাকে সঙ্গে নিয়ে এলে হতো; মনে হচ্ছে, সেও খুব রসিক লোক"
sunil gangopadhay,ওরা ছিল ট্রেনের সেকেন্ড ক্লাস কম্পার্টমেন্টে
sunil gangopadhay,"মাঝ রাত্তিরে যখন চেকার ওঠে, ওরা বলেছিল, আমরা টিকিট কাটি নি কোথায় যাবো এখনো ঠিক করি নি"
sunil gangopadhay,কোথায় যাবেন জানেন না তা হলে ট্রেনে উঠেছেন কেন
sunil gangopadhay,"জানিলা দিয়ে দেখছি-কোনো জায়গা পছন্দ হলে নামার সময় '"" গার্ডকে ভাড়া দিয়ে দেবো"
sunil gangopadhay,ট্রেনের আইনে তো ওসব চলে না
sunil gangopadhay,অন্তত ( পর্যন্ত টিকিট কাটুন এখন
sunil gangopadhay,-কোথায় যাবেন তা-ই যখন জানেন না- ; এই সময় ওদের পাশের লোকটি কথা বলে
sunil gangopadhay,"লোকটি মধ্যবয়স্ক ঘন নীল-রঙা পরে : ছিল-হয়তে সব সময় একখানা বই, প্রত্যেক স্টেশনে চা খাচ্ছিল; দেখে মনে হয়েছিল ' লোকটি অবাঙালি, এবার সে পরিষ্কার বাংলায় বললো আপনারা নিরিবিলিতে কোথাও ' ছুটি কাটাতে চান তো"
sunil gangopadhay,আমি একটা জায়গা সাজেষ্ট করতে পারি
sunil gangopadhay,"ধলভূমগড়, বেশি দূত্র নয়৷ ঝাড়গ্রামের দুস্টেশন পরেই"
sunil gangopadhay,রবি জিজ্ঞেস করেছিল কী রকম জায়গা বলুন তো
sunil gangopadhay,": ্ সস এ "" লোকটি উত্তর দিয়েছিল এতক্ষণ আপনাদের কথাবার্তা শুনে আপনাদের মেজাজটা ধলভূমগড়ে যান, আপনাদের ভালো লাগবে"
sunil gangopadhay,"আমি অনেকবার গেছি, খুব : নিরিবিলি"
sunil gangopadhay,"রেষ্ট হাউসে থাকবেন, কেউ বিরক্ত করবে আপনার তো সেই রকম জায়গাই চান"
sunil gangopadhay,"লোকটি ওদের সাহায্য করতেই চাইছিল, তবু গায়ে পড়ে পরামর্শ দিচ্ছে বলে ওদের একটু অস্বস্তি হচ্ছিল"
sunil gangopadhay,"রবি বলেছিল, আমরা কী রকম জায়গা চাই, তা আপনি কি করে ' বুঝলেন দাদা"
sunil gangopadhay,"লোকটি সামান্য হেসে বলেছিল, বছর পনেরো আগে আমার বয়েসও আপনাদের ছিল৷ আমার সেই সময়কার কথা ভেবে বললুম"
sunil gangopadhay,আমরা সভ্য মানুষরা মাঝে মাঝে জঙ্গলে গিয়ে হাঁপ ছেড়ে বাঁচতে চাই
sunil gangopadhay,সেদিক থেকে ও জায়গাটা ব্রিলিয়ান্ট
sunil gangopadhay,"আমরা কী রকম জায়গা চাই, তা অবশ্য ঠিক জানিনা"
sunil gangopadhay,"আচ্ছা, ধলভূমগড়েই গিয়ে দেখা "" যাক"
sunil gangopadhay,"এখন চেয়ারে পা ছড়িয়ে সিগারেট টানতে টানতে সঞ্জয় বললো, কিন্তু আমার মনে হচ্ছে, "" আগে থেকে রিজার্ভ না করলে ফরেষ্ট বাংলোতে থাকা যায় না"
sunil gangopadhay,বোধহয় গোলমাল করবে: চৌদিকাক্স এসে
sunil gangopadhay,দুটো টাকা একস্ট্রা দিলেই হবে
sunil gangopadhay,র্ -হবে কি না সন্দেহ
sunil gangopadhay,দূরে দেখা গেল একটা লোককে সঙ্গে নিয়ে লিখা ফিরছে
sunil gangopadhay,"শেখর বললো, ' একসঙ্গে কথা বলার দরকার নেই"
sunil gangopadhay,"রবি, তুই চৌকিদারকে ট্যাক্ল কর"
sunil gangopadhay,"রবির সু জোড়া নতুন, হাঁটলে গস গস শব্দ হয়, ফরসা মুখে ওর ঘন কালো জোড়া ভুরু- বেশ একটা ব্যক্তিত্ব এনে দিয়েছে"
sunil gangopadhay,"প্যান্টের হিপ পকেটে হাত দিয়ে রবি বারান্দার দিকে সূচিপত্র ও "" এগিয়ে গেল, অত্যন্ত অবজ্ঞা ভরে লেখাকে জিজ্ঞেস করলো, এই লোকটাই চৌকিদার নাকি"
sunil gangopadhay,রবি লোকটার চোখে চোখ ফেলে প্রতীক্ষায় তাকিয়ে রইলো
sunil gangopadhay,"লোকটা এখনো সেলাম করে নি, রবির কাছে সেইটাই এখন সবচেয়ে বড় ব্যাপার"
sunil gangopadhay,"নিরীহ চেহারার মাঝ বয়স্ক লোকটা, সম্পূর্ণ খালি গা, তামাটে বুকের ওপর ঝুলছে মোটা পৈতে"
sunil gangopadhay,"লোকটা খানিকটা উদ্ভ্রান্ত, কোনো অসমাপ্ত কাজ থেকে যেন হঠাৎ উঠে এসেছে"
sunil gangopadhay,"রবির চোখের দিকে সে ' তাকাচ্ছিল না, কিন্তু চোখে চোখ পড়লোই, সঙ্গে সঙ্গে সে সেলামের ভঙ্গিতে কপালের কাছে হাত তুলে দুর্বল গলায় বললে, হ্যাঁ, হুজুর"
sunil gangopadhay,"র্ ' হঠাৎ অকল্পনীয় সুবি প্রবল কঠোরতার সঙ্গে চেঁচিয়ে উঠলো, এতক্ষণ কোথায় ছিলেঃ "" আ্যা"
sunil gangopadhay,উল্লক-কাঁহাকা; আধা ঘণ্টা ধরে বাইরে বসে আছি-দরজা তালাবন্ধ
sunil gangopadhay,"ক্ষীণ গলায় বললো, হুজুর, কারুর তো আসার "" কথা ছিল না"
sunil gangopadhay,-আ্যাসার কথা ছিল মা মানে
sunil gangopadhay,"-খৎ পাও না পাও, তোমার ডিউটি এখানে থাকা"
sunil gangopadhay,"লোকটা খানিকটা দম নিয়ে একটু সাহস সঞ্চয় করলো, তারপর বললো, হুজুরের কাছে :- সিলিপ আছে"
sunil gangopadhay,"রিজার্ভ না থাকলে তো- পরে হবে, তুমি আগে দরজা খোলো"
sunil gangopadhay,"-ফরেষ্টারবাবু চাকুলিয়া গিয়েছেন, কাল বিকালে আসবেন"
sunil gangopadhay,"আছে, ফরেষ্টারবাবু এলে তাঁকে সিলিপ দিয়ে দেবো"
sunil gangopadhay,"এখন দরজা খুলে "" সূচিপত্র ও , সস -কিন্তু আমার ওপর অর্ডার আছে, ক্লিপ না দেখালে তালা খুলতে মানা"
sunil gangopadhay,রবির মেজাজ এবার সপ্তমে পৌঁছুলো
sunil gangopadhay,"সমস্ত মুখ বিকৃত করে সে বললো, আঃ, জ্বালালে : দেখছি"
sunil gangopadhay,এ-পকেট সে-পকেট খুঁজতে লাগলো রবি
sunil gangopadhay,"বিড়বিড় করে বলতে লাগলো, এর নামে রিপোর্ট করতে হবে"
sunil gangopadhay,"তারপর রবি পকেট ৷"" থেকে কিছু একটা পেয়ে গেল-ট্রেনে চেকার ওদের কাছ থেকে টাকা নিয়ে যে রসিদ "" দিয়েছিল-ধলভূমগড়ের স্টেশন মাস্টার যেটা দেখেই খুশি হয়েছিলেন-আর নিতে চান নি, রবি সেই কাগজটা মুড়ে চৌকিদারের দিকে ছুঁড়ে বললো, এই নাও"
sunil gangopadhay,"এবার খোলো- , ও অসীম তখন অতি মনোযোগ দিয়ে নিজেদের হাতের পাঞ্জা দেখছে, কেউ - পরীক্ষা করছে দেয়ালের , মুখগুলো কঠিন, যাতে কোনোক্রমে হাসি বেরিয়েনা পড়ে৷ রতিলাল কাগজটা তুলে নিয়ে দেখলো"
sunil gangopadhay,"সব সরকারি কাগজই একরকম, সে কাগজটা : দেখে সন্তুষ্ট হয়ে চাবি বার করে দরজা খুললো"
sunil gangopadhay,"তারপর অতি ব্যস্ত হয়ে বললো, আমি ' টাস্কিতে এখনি পানি ভরে দিচ্ছি"
sunil gangopadhay,"রবি বন্ধুদের দিকে চেয়ে কণ্ঠস্বরে বললো, কি চলবে তো"
sunil gangopadhay,"চল ঘরগুলো দেখা ) এই লখা, মালপত্তরগুলো ঘরে তোল"
sunil gangopadhay,"দুখানা ঘর, পরিচ্ছন্ন, ফিটফাট সঙ্গে বাথরুম"
sunil gangopadhay,"প্রত্যেক ঘরে দুখানা করে খাট, ড্রেসিং টেবিল, পোশাকের র্যাক, এমনকি শীতের জন্য ফায়ার প্লেস"
sunil gangopadhay,"ঘর দেখে ওদের খুব পছন্দ "" হয়ে গেল"
sunil gangopadhay,"পুরো ব্যাপারটার কৃতিত্ব নেবার ভঙ্গিতে রবি মুখ প্রসন্ন করলো, তারপর রতিলালকে বললো, শোনো চৌকিদার ঝটপট চায়ের ব্যবস্থা করে"
sunil gangopadhay,রান্নাবান্নাও করতে : হবে৷ এখানে কী কী খাবার পাওয়া যাবে
sunil gangopadhay,"্ "" রতিলাল বললো, হুজুর, আমি চা বানাতে পারবো"
sunil gangopadhay,কিন্তু খানা পাকাতে আমি জানিনা
sunil gangopadhay,"আমার বহু উসাব করতো, সাহেবরা তার রান্না খেয়ে কত খোস হয়েছেন, কিন্তু তার বড় বোখার"
sunil gangopadhay,"ডাগদরবাবুর পাশ গিয়েছিলুম, ডাগদরবাবু বললেন, সুই নিতে হবে"
sunil gangopadhay,"ঠিক আছে, আজকের দিনটা তো চলুক"
sunil gangopadhay,"চৌকিদার, তুমি বাথরুমে জল তুলে দাও,চা "" করো, আর জিনিসপত্র কিনতে হবে, চাল, আলু, আর এখানে মুগী পাওয়া যাবে তো"
sunil gangopadhay,গ্রামের মধ্যে মুগী পাওয়া যাবে না
sunil gangopadhay,"লখা বললো, আমি মুগী যোগাড় করে পুবে ভালো , দুবলা-ফুবলা নয় নিজের : ঘরের"
sunil gangopadhay,"-ঠিক আছে, এই লোকটাকে দিয়েই জিনিসপত্র আনানো যাক"
sunil gangopadhay,"চৌকিদার, তুমি একে : চেনো তো"
sunil gangopadhay,টাকা পয়সা নিয়ে পালালে তুমি জামিন রইলো
sunil gangopadhay,টাকা আর জিনিসের লিস্ট দিয়ে পাঠানো হলো
sunil gangopadhay,"ওরা : এবার জুতো-জামা খুললো, সুটকেস থেকে বেরুলো টাটক গেঞ্জি আর পা-জামা"
sunil gangopadhay,অসীমের সুটকেসের এক কোণে উঁকি মারলো একটা ব্রান্ডিক্স বোতল
sunil gangopadhay,"রবি একটু ছটফট, "" সে চটি জুতো খুঁজে পাচ্ছে না, তার ধারণা বেডিং-এর মধ্যেই রেখেছিল, সেখানে নেই"
sunil gangopadhay,সুটকেস হাঁটকেও না পেয়ে রবি পুরো সুটকেসটাই উলটে দিলো
sunil gangopadhay,"চটি জুতো আনতে সে ভুলেই গেছে, কিন্তু তার জিনিসপত্রের মধ্যে সবার চোখে পড়লো একটা বড় ছোরা"
sunil gangopadhay,"অসীম বললে, আরে, দারুণ জিনিসটা তো"
sunil gangopadhay,"সূচিপত্র ও , অর্ণ্যর উপন্যাস : এ "" অসীম সেটা তুলে নিয়ে খাপ থেকে ছোরাটা বার করলো"
sunil gangopadhay,"খাটিষ্টিলের নইঞ্চি ফলা, ; ঝকঝক করছে"
sunil gangopadhay,"জিজ্ঞেস করলো, এটা এনেছিস কেন"
sunil gangopadhay,"রবিবললো, রেখেছি সঙ্গে-যদি কাজে লাগে"
sunil gangopadhay,"অসীম বললো, এত বড় ছোরা সঙ্গে থাকলেই কাজে লাগাতে ইচ্ছে করে"
sunil gangopadhay,"রবি তাকে তাড়া দিয়ে বললো, নে নে যা, চট করে আগে চান করে নে, আবার ' ব্যবস্থা করতে হবে টুথব্রাস, টুথ পেষ্ট, তোয়ালে নিয়ে দুজন ঢুকলো বাথরুমে"
sunil gangopadhay,শেখরই শুধু পুরো পোশাকে অলসভাবে বসে রইলো চেয়ারে
sunil gangopadhay,"একটু একটু পা দোলাচ্ছে, ওদের "" কথার দিকে মন নেই"
sunil gangopadhay,"একমলে সিগারেট টানতে লাগলো, একটা হাত তার মাথার চুল নিয়ে খেলা করছে"
sunil gangopadhay,"রবি বললে, কি রে শেখর তুই জাম-কাপড় ছাড়লি না"
sunil gangopadhay,"-দাঁড়া, এই সিগারেটটা শেষ করে নিই"
sunil gangopadhay,বাড়ির সেই মেয়েদের কথা ভাবছিস বুঝি
sunil gangopadhay,"যে আসবার সময় দেখলুম, ব্রিপাঠীদের বাড়ির সুন্দরীরা, তোর চেনা-চেনা- "" এ -যাঃ,ও কথা ভুলেই গিয়েছিলাম"
sunil gangopadhay,"-বঃ, চুপচাপ নিরিবিলিতে কাটাবার জন্যই তো এখানে এলাম"
sunil gangopadhay,মে ্আ্আররে ও ল অরণে পন্যাস র্
sunil gangopadhay,"দাঁড়া না, নিরিবিলি বার করছি"
sunil gangopadhay,একেবারে নরক গুলজার করে তুলবো
sunil gangopadhay,ঠি জঙ্গল অথচ ঠিক জঙ্গলের মতন জঙ্গল অথচ ঠিক জঙ্গলের মতন নয়
sunil gangopadhay,"যতদূর দেখা যায়, ঘন গাছের সারি, কোথাও : কোথাও ঘন পাতায় আড়ালে নিবিড় ছায়া, কিন্তু যে-জঙ্গলে হিংস্র-জন্তজানোয়ার নেই, সেটাকে তো অরণ্য নী স্বলে বাগান বললেও চলে; লখাকে সঙ্গে নিয়ে বিকেলে ওরা ' বেড়াতে বেরিয়েছিল, লখার মুখেই শুনলো, না, বাঘ-টাঘের কোনো ভয় নেই এখানে"
sunil gangopadhay,"""মাঝে মাঝে দুএকটা নেকড়ের দেখা পাওয়া যায়, সেও খুব কম"
sunil gangopadhay,"বছর তিনেক আগে ; নাকি এক জোড়া ভালুকের দেখা পাওয়া গিয়েছিল, কিন্তু ইদানীং তাদের আর সন্ধান : নেই"
sunil gangopadhay,"রাস্তিরেও এ জঙ্গল দিয়ে অনেকে চলাফেরা করে, হাতে একটা লাঠি থাকলেই কিছুকিছুশাল কচি, মনে হয় সরকারী আ্যাফরেস্টেশন প্ল্যানে বছর কয়েক আগে লাগানো, নবীন যুবার মতন তাদের ছিপছিপে দেহি"
sunil gangopadhay,"পরিষ্কার, ভালপালা কিংবা লতা-ঝোঁপের বিশেষ বাধা নেই, খুব সহজভাবে যায়"
sunil gangopadhay,"প্রথম প্রথম জঙ্গল সম্বন্ধে ওরা চারজন নানারকম জানাচ্ছিল, একটু পরে সে- সবনিবৃত্তহলে অরণ্যের আচ্ছন্নতা ওদের অধিকার করলো"
sunil gangopadhay,"ওরা চুপচাপ হাঁটতে , শুকনো পাতায় ওদের ভারী পায়ের আওয়াজ শুধু"
sunil gangopadhay,"সরু সরু পায়ে চলা পথ পেরিয়ে পেরিয়ে ওরা এলো বড় রাস্তায়, জঙ্গল কেটে সেই রাস্তা বেরিয়ে গেছে, চওড়া ফাঁকা ' রাস্তা, তার একপ্রান্তে খুব আড়ম্বর ও জাঁকজমকের সঙ্গে সূর্যস্ত হচ্ছে"
sunil gangopadhay,"পাতলা পাতলা মেঘ ফাটিয়ে সূর্য ছড়াচ্ছে তার রাশি রাশি গাঢ় লাল রং, গাছের চূড়ায় সেগুলো পৌঁছাতে ; পৌঁছাতে হয়ে যাবে সোনালি, খুব একটা শেষ রঙের খেলা চলছে"
sunil gangopadhay,"ধরনের জমকালো : এ, সূচিপত্র : , চট "" সূর্যন্ত তো আজকাল মানুষ সচরাচর দেখে না, এসব এখন শুধু দেখা যায় সিনেমায়, সুতরাং ওদের পশ্চিমী সিনেমার কথাই মনে পড়লো, রবি বললো, মনে আছে, গার্ডেন অব ইভুল-এ বার্ট অসীম বললো, ভাগ, ও বইতে বার্ট ল্যাঙ্কাস্টার ছিল না, গ্যারি কূপার আর রিচার্ড : উইডমার্ক, আর সেই পাছা দোলানো মেয়েটা যেন কে ছিল"
sunil gangopadhay,"সিনেমার খবর সরঞ্জয়ই বেশি রাখে, সে হেসে জানালো-মেয়েটা ছিল আভা গার্ডনার, বুক আর পাছ একসঙ্গে দোলায়, কিন্তু গ্যারি কপার ছিল না, গ্রেগরি পেক"
sunil gangopadhay,"রবি বললে, ছবি তুললে অনেক কিছুই ভালো দেখায়"
sunil gangopadhay,এখানে এই সান-সেট্টার তুললে-হলিউডের এইসব সিনের থেকে কিছু এমন খারাপ হতো না
sunil gangopadhay,"শেখর শুধু শুধু বারণ করলি- শেখর বললো, না, না ওসব দামি জিনিস সঙ্গে নিয়ে এরকমভাবে বেড়াতে বেরুনো সব সময় ভয় থাকে-এই বুঝি হারালো"
sunil gangopadhay,সঙ্গে ওসব না থাকলে কিছু হাঝাবারও থাকেনা
sunil gangopadhay,একটা বেশ প্রশস্ত সিমেন্টের কালভার্ট
sunil gangopadhay,"আস্তে আস্তে আলো কমে এসে, প্রথমে জঙ্গলের মধ্যে অন্ধকার নামলো, তারপর "" রাস্তার ওপরেও পড়লো কালো ছায়া"
sunil gangopadhay,"শেখর সিগারেটটা ছুঁড়ে ফেললো, বললে, এখন কী করা যায় বল তো"
sunil gangopadhay,জঙ্গলে তাস খেলার জন্য আসি নি
sunil gangopadhay,"ও "" অসীম বললে, ভাবতে হবে না, দেখিম, আপনিই সময় কেটে যাবে; আমি তো ঠিক করেছি, যে কদিন এখানে থাকবো জঙ্গল থেকে বেরুবো না; শহর ছেড়ে এখানেই কাটাবো"
sunil gangopadhay,"তা ছাড়া এ তো নোংরা শহর, ওখানে গিয়েই বা লাভ কি"
sunil gangopadhay,"শেখর নিচু হয়ে দুটো পাথরের টুকরো কুড়িয়ে নিলো, একটা শূন্যে সামনে ছুঁড়ে দিয়ে : বললো, আমিও তাই ভাবছি"
sunil gangopadhay,"দ্বিতীয় পাথরটা পড়লো ডান দিকের জঙ্গলে, হঠাৎ সেখানে কাচ ডাঙার ঝনঝন শব্দ হলো"
sunil gangopadhay,ওরা চমকে সবাই ঘুরে তাকালো
sunil gangopadhay,জঙ্গলের মধ্যে কয়েকটা নির্জন বাড়ির আভাস
sunil gangopadhay,পায়ে পায়ে সেদিকে এগিয়ে গেল
sunil gangopadhay,"কয়েকটা ভাঙচুরো বাড়ি, কোনোটারই দরজা-জানলা নেই, ভিতরে আবর্জনা, ভাঙা কাচ, ছোড়া বিছানা, সাপের খোলসা-দেখলেই বোঝা যায়, এক কালে মিলিটারির আস্তানা ছিল"
sunil gangopadhay,"তার মনে আছে, ছেলেবেলায় এখানে গোরা সাহেবেরা থাকতো, তার মা : সেইসব সাহেবদের গল্প এখনো বলে"
sunil gangopadhay,কি দরাজ দিল ছিল সাহেবদের
sunil gangopadhay,সাহেবরা চলে যাবার পর বাড়িগুলো এমনিই পড়ে আছে
sunil gangopadhay,"দুএকটা ঘর একটু পরিষ্কার, মনে হয়, "" কিছুদিনের মধ্যেও লোক ছিল এখানে"
sunil gangopadhay,অরণ্যে কে কোন প্রয়োজনে ভাঙা বাড়ি ব্যবহার করেকেউ জানে না
sunil gangopadhay,"বাড়িগুলো দেখে খুশি হয়ে শেখর বললো, বাঃ, আমরা তো এখানেও থাকতে পারভূম"
sunil gangopadhay,ডাকবাংলোয় জায়গা না পেলেও এমন কিছু অসুবিধে হতো না
sunil gangopadhay,"-তাতে কি হয়েছে, এখন মার্চ মাসে বৃষ্টি পড়বে না, শীতও কমে গেছে"
sunil gangopadhay,"যাক, বাড়িটা "" দেখা রইলো, পরে কাজে লাগতে পারে"
sunil gangopadhay,"অমন চমৎকার বাংলো পেয়ে গেছি, এটা আর কি কাজে লাগবে"
sunil gangopadhay,"সূচিপত্র ও "" দেখা যাক"
sunil gangopadhay,"একটা বন্দুক আনলে হতো, পাখি-টাখি মারা যেতো"
sunil gangopadhay,"অসীম তোদের তো রাইফেল ছিল একটা, আনলি না কেন"
sunil gangopadhay,"-কোথায় রাইফেল, গত যুদ্ধের সময় বাবা তো হুজুগে পড়ে ওটা ডিফেন্স ফান্ডে দান : করে দিলেন"
sunil gangopadhay,মাত্র দুদিনের জন্য- : অসীমের গলায় আফসোসফুটে উঠলো
sunil gangopadhay,"কেননা, যুদ্ধের হুজুগে বেহালায়, অসীমদের : পাড়ায় যখন মুখ্যমন্ত্রী ডিফেন্স ফান্ডের জন্য মিটিং করেছিলেন, তখন পাড়ার গণ্যমান্য ব্যক্তি হিসেবে অসীমের বাবাও উপস্থিত ছিলেন এবং পাঁচজনের কথা শুনে ঝোঁকের '"" মাথায় তিনি নিজের বন্দুকটাই দান করে ফেললেন"
sunil gangopadhay,"বন্দুকের বাঁটে ওর বাবার নাম খোদাই করা, সেই দশ বছরের পুরোনো রাইফেল কোন যুদ্ধে কাজে লাগাবে কে জানে, : সবাই আপত্তি করেছিল, কিন্তু ওর বাবা শোনেন নি"
sunil gangopadhay,মুখ্যমন্ত্রীর কাঁধ-বেঁকানো : হাসি ও জনতার হাততালির লোভ সামলাতে পারেননি; এবং তার ঠিক দুদিন পরেই ' অসীমের বাবা বাথরুমে পা পিছলে পড়ে যান এবং সেই রাত্রেই শেষ নিঃশ্বাস ফেলেন
sunil gangopadhay,"পিতার মৃত্যুর জন্য দুঃখিত অসীমের আফসোস শুনলে স্পষ্ট বোঝা যায়, সেই মরলেনই ; যখন বাবা আর দুদিন আগে মরলেই রাইফেলটা বাঁচতো"
sunil gangopadhay,"বললো, রাইফেল আনলেও আমি শিকার করতে দিতুম না"
sunil gangopadhay,পাখি ; দুচক্ষে দেখতে পারি না
sunil gangopadhay,"সকলের দিকে তাকিয়ে বললো, একটা জিনিস লক্ষ করেছিস"
sunil gangopadhay,কিরকম নিজে নিজেই লিডার হয়ে গেছে
sunil gangopadhay,সবকিছু ওর ইচ্ছে-অনিচ্ছে অনুযায়ী চলবে
sunil gangopadhay,"্ বললো, না, লিডার কেউ নয়"
sunil gangopadhay,কিন্তু একটা জিনিস মানতে হবে
sunil gangopadhay,"কোনো একটা জিনিস আমাদের একজনের খারাপ লাগালে, বাকিদের সেটা করা চলবে না"
sunil gangopadhay,না হলে সব মাটি হয়ে যাধে
sunil gangopadhay,"বরং, এইটা ঠিক কর, কেউ কারুর কাজে বাধা দেবে না"
sunil gangopadhay,"আমি কখন করবো, তার কোনো ঠিক নেই"
sunil gangopadhay,বাইরে এসেছিই একটু প্রাণ খুলে যা-খুশি করতে
sunil gangopadhay,"শেখর এবার যথার্থ দলপতির মতনই ভাবী গলায় বললো, রবি আজ বাংলোয় তোর ছুরিটা আমাকে দিয়ে দিবি"
sunil gangopadhay,"চু , "" - আমার দরকার আছে"
sunil gangopadhay,"অনেকক্ষণ থেকেই একটা মৃদু গন্ধ আসছিল, আর কিছুক্ষণ পথ পেরিয়ে এসে এবার কিছু ৷ লোকের কথার আওয়াজ ও দুএক বিন্দু আলো দেখা গেল"
sunil gangopadhay,"আর একটু এগিয়ে চোখে : পড়লো, নিম গাছের তলায় কয়েকটি চালাঘর, এখানে জঙ্গল ফাঁকা, ঝাঁপ তোলা এক দোকানে আলুর দম আর ছোলা সেদ্ধ বিক্রি হচ্ছে, পাশের দোকানটির সরু ও মাটিতে বহু মেয়ে-পুরুষ বসে আছে, হাতে লাল রঙের বোতল ও পাতার ) ' জায়গাটার নির্ভুল চেহারা, তবু অসীম জিজ্ঞেস করলো লখা এখানে, কি হচ্ছে"
sunil gangopadhay,"-উসব ছোটলোকের জায়গা বাবু, মহুল খাচ্ছে সব"
sunil gangopadhay,"শেখর, একটু চেখে দেখবি নাকি"
sunil gangopadhay,"ররি সব কিছু জানে, সে বললো, জানভূম এখানে মহুয়া পাওয়া যাবেই"
sunil gangopadhay,এসব ট্রাইৰ্বাল ; পকেটে মহুয়া ছাড়া
sunil gangopadhay,""" পুরো দলটির ব্যবস্থাপনার দায়িত্ব যেন তারই, ববি এগিয়ে গেল এবং দেখে আশ্চর্য হলো, জঙ্গলের মধ্যে দোকান, কিন্তু পুরোদস্তর লাইসেন্সডু"
sunil gangopadhay,"সামনে সরকারি বিজ্ঞপ্তি টাঙানো, তাতে বিভিন্ন বোতলের দাম ও দোকান খোলা-বন্ধের সময় ) কাউন্টারে দাঁড়িয়ে রবি গম্ভীর গলায় এক নম্বরের দুবোতলের অর্ডার দিলো"
sunil gangopadhay,লোকজনরা ওদের দেখে কিছুটা হয়ে উঠেছে
sunil gangopadhay,সারা জায়গাটা জুড়ে একটা অস্পষ্ট গুঞ্জন ছিল-হঠাৎ সেটা থেমে গেল
sunil gangopadhay,অনেকগুলো চোখ এসে পড়লো ওদের একসঙ্গে একরকম চারজন বাবুকে এখানে কখনো দেখতে পাওয়া যায় না
sunil gangopadhay,"ভদ্রলোকদের কাছে এসব জিনিস অস্পৃশ্য দুএকজল খেলেও চাকরকে দিয়ে কিনতে পাঠায়, কিন্তু এরা একেবারে সশরীরে; একটা বুড়ো সাঁওতাল মাতলামি করছিল, সে পর্যন্ত মাতলামি : থামিয়ে ঘোলাটে চোখ মেলে তাকিয়ে রইলো"
sunil gangopadhay,"মেয়েরা অনেকে পেছন ফিরে বসলে, একটি যুবতী মেয়ে তার অচৈতন্য মরদকে টেনে তোলার চেষ্টা করছিল, সে শুধু "" গলায় বলে উঠলো চল মুংরা, পুলিশ আ গেলল, আভি তুহাররে পাকড় লে যাই-ই-"
sunil gangopadhay,"রক থেকে কয়েকজন নেমে গিয়ে ওদের জায়গা করে দিয়েছিল, রবি গোলাসে ঢেলে এক ' চুমুকে সবটা শেষ করে বললো, বেশ জিনিসটা তো"
sunil gangopadhay,"অসীম, তুই একটু কম "" কম খাস"
sunil gangopadhay,"অসীম বললো, আমার এসবে কিছু হয় না"
sunil gangopadhay,"কিন্তু অসীমের গেলাস ধরার কায়দা দেখেই বোঝা যায়-সে জিনিসটাকে সন্দেহের চোখে গায়ে চুমুক দেবার মতন আস্তে আস্তে চুমুক দিচ্ছে; কষা স্বাদে মুখে একটুখানি '- বিকৃত হয়ে এলেও বন্ধুবান্ধবের সামনে প্রকাশ করতে চাইছে ; "" রবিতো সব জানে, অসীমকে উপদেশ দেবারও অধিকার তার আছে"
sunil gangopadhay,"বললো, মহুহা জিনিসটা দেখতে এ রকম সাদা জলের মতন -কিন্তু হঠাৎ কিক্ করবে"
sunil gangopadhay,"সস "" শেখর চারদিক চেয়ে লোকগুলোকে দেখছে"
sunil gangopadhay,"সবাই তখনো ঝিকি চোখে তাকিয়ে আছে "" ওদের দিকে, কেউ কথা বলছে না"
sunil gangopadhay,"শুধু সেই মাতাল মেয়েটা সব কিছু অগ্রাহ্য করা গলায় ; তীক্ষনভাবে বলতে লাগলো, এ মুংরা, পুলিশ আভি তুহারকে পাকড় লে এ মুংরা"
sunil gangopadhay,রবি এক পলক তাকিয়ে দেখলে ওদের দিকে
sunil gangopadhay,"তারপর গলা চড়িয়ে মেয়েটাকে বললো, ওকে একা কেন, তোদের দুজনকেই ধরে নিয়ে যাবো"
sunil gangopadhay,"মেয়েটা খিলখিল করে হাসতে হাসতে বললো, যাবি তো চল না"
sunil gangopadhay,আমি নাচ ) আর সালে থানায় গিয়ে সারা রাত নাচ দেখাইছি
sunil gangopadhay,"বড়বাবু পাঁনচে রুপিয়া দিলো, হি-হি- সঞ্জয় বললে, একটা জিনিস দেখেছিস, এরা বাংলা-হিন্দি দুটোই বেশ জানে"
sunil gangopadhay,"বাংলাতো সব বুঝতেই পারে রবি বললো, এসব সিং ভুম জেলার জায়গা তো, আগে বাংলাদেশেই ছিল, আগে এখানে বাংলাই বলতো"
sunil gangopadhay,"মেয়েটির নেশা প্রচুর, নিজের মরদের জ্ঞান ফেরাবার চেষ্টা ছেড়ে সে দুলতে দুলতে ওদের কাছে এগিয়ে এসে বললে, এ বাবু, আমাকে একটু খাওয়াবি"
sunil gangopadhay,"রবি প্রচণ্ড ধমকে উঠলো, ভাগ"
sunil gangopadhay,"দুতিনটে মাতাল নিজেদের মধ্যে বলাবলি করলো, হাঁটা, গলার জোর আছে, পুলিশই বটে"
sunil gangopadhay,"রবি শুনতে পেয়েছিল সে কথা, উত্তর দিলো, হাঁ, ঠিকই মনে লয়-বেশি গোলমাল করো: না৷ সূচিপত্র : ্ "" শেখর নিম্নস্বরে রবিকে বললো, ওরকম ধমকে কথা বলিস নি"
sunil gangopadhay,এদের সঙ্গে বরং বন্ধুত্ব করার চেষ্টা করা ভালো
sunil gangopadhay,ধমকে কথা না বললে এর লাই পেয়ে মাথায় উঠবে
sunil gangopadhay,বলে ওরকম ভয় দেখাস নি; এদের সঙ্গে বসে
sunil gangopadhay,"এদের সঙ্গে এরকমভাবে মিশে "" যাওয়াই ভালো"
sunil gangopadhay,"শুধু শুধু বাবু সেজে আলাদা হয়ে থাকার মানে হয় পাশের একটি লোককে জিজ্ঞেস করলো, তোমার নাম কি , কোনো কথা বললো না"
sunil gangopadhay,"আস্তে আস্তে নিজের বোতলটি সঙ্গে নিয়ে উঠে গিয়ে "" দূরে এক জায়গায় বসলো"
sunil gangopadhay,ভাই বলে তুই এদের সঙ্গে মিশবি
sunil gangopadhay,তুই কোত্যারি না শুনলেই ওরা ভয় পায়
sunil gangopadhay,দেখবি কি করে এদের সঙ্গে কথা বলতে হয়
sunil gangopadhay,"রবি আরেকটি লোকের দিকে চেয়ে বললো, এ মাঝি, তোর গাঁও কোথায় রে"
sunil gangopadhay,"লোকটি উত্তর দিলো ঠিকই, কিন্তু একটু উদাসীনভাবে, বললো সেই সেদিকে, - কতদূর এখান থেকে"
sunil gangopadhay,-তোমার গ্রামে মুগী পাওয়া যায়
sunil gangopadhay,"-মুগী তো হাল দুনিয়ায় সব জায়গাতেই পাওয়া , এ, সূচিপত্র : "" বোঝা গেল, লোকটা কথা চালাতে বিশেষ উৎসাহিত নয়"
sunil gangopadhay,"কেননা, সেও এবার উঠে বোতল জমা দিয়ে, লাঠিটা কাঁধে নিয়ে অন্ধকার জঙ্গলের পথে রওনা দিলো"
sunil gangopadhay,"সঞ্জয় ; বললো, এদের সঙ্গে ভাব করা সহজ নয়"
sunil gangopadhay,জোর করে চেষ্টা করেই বর কি লাভ
sunil gangopadhay,"রবি জিজ্ঞেস করলো, সঞ্জয়, তুই খাচ্ছিস না"
sunil gangopadhay,আমার বেশ করতে ভয় করে
sunil gangopadhay,আমাদের বেশি নেশা হয়ে গেলে কিন্তু তুই দেখবি
sunil gangopadhay,"লখা এবার লজ্জিত ও বিনীতভাবে জানালো, আমাকে একটু বাবু"
sunil gangopadhay,"রবি কিছু বলার আগেই শেখর বললে, হ্যাঁ হ্যাঁ, ওকে একটু দাও; অনিচ্ছা সত্ত্বেও রবি: হাতের বোতল থেকে লখাকে পাতার ঠোটঙায় ঢেলে দিলো, তারপর ইংরাজিতে বললো, যাক, তবু শেখর এদের মধ্যে একজন অন্তত বন্ধু পেয়েছে"
sunil gangopadhay,"কিন্তু লখা, তুই দুপুর বেলা ' মুগীর বড় বেশি দাম নিয়েছিল"
sunil gangopadhay,বেশি চিটিং করার চেষ্টা করলে কিন্তু তার ঠ্যাং ) ভেবেছিস কলকাতার বাবু-মাল চেনো নি এখনো
sunil gangopadhay,রবিকাছথেকে আকস্মিক বকুনি খেয়ে লিখা হতচকিত হয়ে যায়
sunil gangopadhay,"কিন্তু বাবুর হাতে মদের প্লাস থাকলে সেই সময় তর্ক করতে নেই-এ কথা সে ভালোভাবে জানে, তাই কোনো উত্তরনা দিয়ে সে অপরাধীর মতন মাথা নিচু করলো"
sunil gangopadhay,তার তেজী শক্তিমান শরীরটা ছটফট করে
sunil gangopadhay,"সে উঠে দল ছেড়ে : ; ঘুরে বেড়ায়, একে-ওকে বকুনি দেয়"
sunil gangopadhay,দোকানের মালিককে তার লাভ-লোকসান বিষয়ে : প্রশ্ন করে
sunil gangopadhay,"শেখর বেশি কথা বলে না, চুপ করে বসে থাকে, জঙ্গলের মাথায় দল বেঁধে ' অন্ধকার নামা দেখে"
sunil gangopadhay,"তার মনে পড়ে, গতকাল এই সময় সে অফিস থেকে বাড়ি ফিরছে"
sunil gangopadhay,জিনিসপত্র গোছাবার সময় সে টেক্স পেয়েছিল তার ছাড়া শার্টের পকেটে চিঠি ছিল- ঝাড়ির লোক সেই চিঠি সমেতই শার্টটা পাঠিয়ে দিয়েছে
sunil gangopadhay,"সূচিপত্র সস এ "" চিঠি"
sunil gangopadhay,"তাই নিয়ে রাগারগি, মাকে সে বলেছিল হঠাৎ শেখরের খেয়াল হলো, এখানে ; এই কদিন সে কলকাতার কথা একবারও মনে করবে না"
sunil gangopadhay,"রগ "" সাড়ে সাতটায় দোকান বন্ধ, আস্তে আস্তে ভিড় ফাঁকা হয়ে এলো"
sunil gangopadhay,সেই মেয়েটা এর-ওর কাছে মদ ভিক্ষে চেয়ে তাড়া খাচ্ছিল
sunil gangopadhay,শেষ পর্যন্ত সে একটা অদ্ভুক্ত কাপ্ত করলো
sunil gangopadhay,"সে নিজে নেশায় টলছিল, কিন্তু একটু পরেই সে তার অজ্ঞান মরূদকে কাঁধে নিয়ে অবলীলাক্রমে বনের অন্ধকারে মিশে গেল"
sunil gangopadhay,"সঞ্জয় অল্প হেসে বললো, এদের সঙ্গে সাহেবদের খুব মিল কিন্তু"
sunil gangopadhay,"অসীম বললো, হ্যাঁ, এরা বেশিরভাগই ক্রিশ্চান"
sunil gangopadhay,"দেখছিস না-সাহেবদের মতই--মেয়েদের কোনো নেই, মেয়ে- পুরুষে একসঙ্গে বসে মদ খাচ্ছে, সামান্য ছোট-খাটো উৎসব হলেই এরা মেয়ে-পুরুষে হাত-ধরাধরি করে নাচে, মেয়ে-পুরুষের সমান অধিকার-ঠিক ওয়েস্টার্ন সোসাইটি"
sunil gangopadhay,"হেসে উঠে বললো, তুই খেলি না তো, তাই তোর এসব ভালো ভালো কথা মনে : পড়েছে"
sunil gangopadhay,"সঙ্গে নিয়ে চল, বাংলোয় বসে খেয়ে দেখবো"
sunil gangopadhay,"র্ , খাবি না কেন"
sunil gangopadhay,মধ্যে দিয়ে ফিরতে হবে তো-সকলের নেশা হলে মুশকিল
sunil gangopadhay,হিসেবগুলো একটু ভুলে যা না একদিন
sunil gangopadhay,জঙ্গলের মধ্যে ফিরলে কি হবে
sunil gangopadhay,"রবি চৌধুরী সঙ্গে আছে, কোনো ভয় নেই"
sunil gangopadhay,"জ্যোৎস্নায় সমস্ত বন ধুয়ে যাচ্ছে, পৃথিবীর এক প্রান্তে এখন ' সত্যকার নিস্তব্ধতা"
sunil gangopadhay,"বুবির বেশি নেশা হয়েছে, সে স্তব্ধতাকে টুকরো টুকরো করে ভেঙে সূচিপত্র"
sunil gangopadhay,"ইংরিজি গান গাইছে দীর্ঘ গলায়; হঠাৎ গান থামিয়ে উৎফুল্লাভাবে দাবি জানালো, আয় সঞ্জয়, তোতে আমাতে নাচি"
sunil gangopadhay,"ফাঁকারাস্তায় অসীম খানিকটা ছুটে এগিয়ে গেল, তারপর ওদের দিকে ফিরে টুইষ্ট নাচতে লাগলো"
sunil gangopadhay,"সেই জ্যোৎস্নায়, দুপাশে নীরব বৃক্ষ দর্শক, চওড়া রাস্তায় অসীমের আবছা মূর্তিটা খানিকটা অলৌকিক দেখাতে লাগলো, রবি ওর নাচে সুর দিচ্ছে"
sunil gangopadhay,"শেখর হাততালি দিয়ে তাল দিতে দিতে বললো, আঃ, খুব ভালো লাগছে রে; তুই ঠিক ' বলেছিল অসীম, এই জঙ্গল থেকে আর বাইরে যাবো না"
sunil gangopadhay,"এখানে যে কদিন আছি, জঙ্গলের মধ্যেই থাকবো, আর মহুয়া খাবো"
sunil gangopadhay,"একবার শহরে যেতে হলো "" পরের দিনই ওদের অবশ্য একবার শহরে যেতে হলো"
sunil gangopadhay,প্রথমদিন কুয়োর জলে স্নান ; করার পর সঞ্জয়ের একটু সর্দি লেগেছে-ওষুধ কেনা দরকার
sunil gangopadhay,নেশা করলে পরের দিন: ভোরে অসীমের মাথা ধরে-তার আ্যাসপিরিন লাগছে
sunil gangopadhay,"তা ছাড়াও ওদের খেয়াল হয়েছিল ওরা কেউ চিরুনি আনে নি, একজন কেউ আনবেই-এই ভেবে কেউই নিজে চিরুনি আনে "" নি"
sunil gangopadhay,"রবির চুল চাপ বাঁধা, কোঁকড়ানো, তার চিরুনি না থাকলেও চলে, শেখরের স্বভাব যখন-তখন বাঁ হাতের আঙুলগুলো চুলের মধ্যে চিরুনির মতন চালানো, কিন্তু অসীম ও সঞ্জয়ের চুল অবাধ্য বিশেষত সঞ্জয় যথেষ্ট শৌখিন প্রকৃতির যতবার সে মুখ ধোয়- : ততবারই চুল আঁচড়ে নেওয়া তার চাই, সুতরাং চিরুনি একটা দরকারই"
sunil gangopadhay,"খবরের কাগজ পড়ার ইচ্ছে অবশ্য কারুরই নেই, কিন্তু মাদ্রাজ টেস্ট্রে ওয়েষ্ট ইন্ডিজের : সঙ্গে ইন্ডিয়া হারালো কি জিতলো, সে খবরটা অন্তত না জানলে চলে তা ছাড়া, সকালবেলা চায়ের সঙ্গে ডিম সেদ্ধ খাওয়া বহুদিনের অভ্যাস, দুদিন ডিম না পেয়ে ওরা করছে"
sunil gangopadhay,"অসীমের মত এই যে, রান্না নিয়ে বেশি ঝঞ্চাট করার মানে হয় না বটে, ; কিন্তু গরম ভাতের সঙ্গে খানিকটা মাখন পেলে যে-কোনো জিনিসই সুখাদ্য হয়ে উঠবে"
sunil gangopadhay,একটা মাখনের টিন কিনলে খুব ভালো হয়
sunil gangopadhay,"চৌকিদার রীতিলালের বউয়ের খুব অসুখ, সে লোকটা খুব বিব্রত হয়ে আছে"
sunil gangopadhay,"উলুন : ধরাচ্ছে, চা বানিয়ে দিচ্ছে, বাথরুমের ট্যাঙ্কে জল ভারছে ঠিকই, কিন্তু মাঝে মাঝেই সে রেললাইনের ওপারে নিজের গ্রামে ফিরে যাচ্ছে"
sunil gangopadhay,"লিখা আশেপাশে ঘুরঘুর করছে '"" সময়, যে-কোনো হুকুম তামিল করার জন্য উদ্গ্রীব, কিন্তু রবির ধারণা লোকটা বড্ড বেশি চোর, ওকে দিয়ে সব জিনিস আনানো উচিত নয়"
sunil gangopadhay,"ডাকবাংলোর পেছন দিকে ফাঁকা মাঠ, সেখান দিয়ে বাজার ও স্টেশন সর্ট-কাট হয়"
sunil gangopadhay,"চা খাবার পর কিছুক্ষণ আলস্য করে, ওরা সবাই শহরের উদ্দেশ্যে বেরিয়ে পড়লো"
sunil gangopadhay,"যার যা সূচিপত্র ও "" দরকার একেবারেই কিনে আনা ভালো"
sunil gangopadhay,"দাড়ি কামানোর সরঞ্জাম অবশ্য ওরা সবাই এনেছে, কিন্তু আজ সকালে দাড়ি কামাবার ইচ্ছে কারুরই দেখা গেল না"
sunil gangopadhay,এই জঙ্গলের : মধ্যে আর কে দেখতে আসছে-দরকার কী ওসব ঝামেলার
sunil gangopadhay,"অবশ্য নিজের ধারালো গালে দুএকবার হাত বুলালো, কিন্তু চুল আঁচড়ানোই যাচ্ছে না"
sunil gangopadhay,"যখন- "" আবার সেই নোংরা বাজার, রেডিওর , হোটেলের ভালো-ভালো সেইসব কৌতূহলী চোখ, নীল ডুমো ডুমে মাছি"
sunil gangopadhay,"রাস্তার কাদা শুকিয়ে এসেছে, কিন্তু তাতে বহু ' মানুষের পায়ের ছাপা আঁকা"
sunil gangopadhay,টিনের মাখন পাওয়া গেল না
sunil gangopadhay,অতিরিক্ত হলদেটে রঙের স্থানীয় মাখন
sunil gangopadhay,কিনতে ' অত্যন্ত বেশি দাম দিয়ে
sunil gangopadhay,"একটা দোকান থেকে "" দশ প্যাকেট সিগারেট কিনতে-সে দোকানের সব সিগারেটই শেষ হয়ে গেল"
sunil gangopadhay,"চটের ; থলেতে বিছিয়ে গুচ্ছের আলু-পেয়াজ-কুমড়ো-পটল নিয়ে বসেছে দুএকজন, কিন্তু ডিমের : কোনো দেখা নেই"
sunil gangopadhay,মঙ্গলবারের হাট ছাড়া ডিম অসম্ভব
sunil gangopadhay,"একটা হোটেলের সামনে তারের ঝুঁড়িতে ডিম ঝোলানো রয়েছে, কিন্তু সে ডিম আলাদা বিক্রি হবে না, সুতরাং ওরা সেখান "" থেকেই চারটি ডিম সিদ্ধ খেয়ে নিলে"
sunil gangopadhay,"বেশ বোঝা যাচ্ছে, জঙ্গলের শান্ত আবহাওয়া ছেড়ে এই নোংরা বাজারে এসে ওরা কেউ খুশি হয় নি"
sunil gangopadhay,"তবু, তৎক্ষণাৎ ফিরে যাবার পক্ষেও একটা কিছু অতৃপ্তি রয়ে যাচ্ছে"
sunil gangopadhay,ঘুরতে ঘুরতে ওরা চলে এলো স্টেশনের পাশে
sunil gangopadhay,সেই বটগাছতলার বাঁধানো বেদিতে আজও দশ বারোটা সওতাল মেয়ে খালি ঝুঁড়ি নিয়ে বসে আছে
sunil gangopadhay,"পরস্পর জটলা হাসাহাসি করছিল, ওদের দেখে থেমে গেল"
sunil gangopadhay,"অসীম বললো, আশ্চর্য দেখ, এখন প্রায় ' দশটা বাজে, আজিও ওরা এখানে বসে আছে"
sunil gangopadhay,"কে ওদের কাজ দেবে বুঝতে পারি দিলো, সবাই কি আর কাজ পায়, হয়তো দুএকজন কাজ পায়"
sunil gangopadhay,"-কাল ভোরবেলা যে-কজন দেখেছিলাম, আজ এত বেলাতেও তো প্রায় সেই দেখছি"
sunil gangopadhay,"-না, এ যে নীলপাড় শাড়ি পরা ফচকে মেয়েটা সবার সামনে বসে আছে, কালও তো : ওকে দেখেছিলুম"
sunil gangopadhay,আমার কাজ দেবার হলে আমি ওকেই প্রথমে কোনো কাজ দিতুম
sunil gangopadhay,কোনো একটা কাজের খানিয়ে নে
sunil gangopadhay,"বলিস নি, এদের কয়েকজনকে দিয়ে ডাকবাংলোয় আর একটা ঘর তুলে নিলে -ডাকবাংলোয় কেন"
sunil gangopadhay,"জঙ্গলের মধ্যে যে-ভাঙা বাড়িগুলো দেখলুম, সেগুলো নিশ্চয়ই : বেওয়ারিস, সেগুলোই ওদের দিয়ে সারিয়ে আমরা নিয়ে নিলে পারি"
sunil gangopadhay,মেয়েগুলো হাসি ও কথা থামিয়ে ওদের দিকে চেয়ে আছে
sunil gangopadhay,ওরা ওখানে কিছুক্ষণ ; সিগারেট টানলো
sunil gangopadhay,সাঁওতাল মেয়েদের বয়েস ঠিক বোঝা যায় না
sunil gangopadhay,কিন্তু পনেরো থেকে : পঁয়ত্রিশের মধ্যে বয়েস সবার নিশ্চিত
sunil gangopadhay,নীলপাড় শাড়ি পরা মেয়েটির বয়েসই কম সবচেয়ে
sunil gangopadhay,"অন্য মেয়ের চোখ ফিরিয়ে আছে, কিন্তু সে এই নতুন চারটে বাবুর দিকে "" তাকিয়ে মিটি মিটি হাসছে"
sunil gangopadhay,"কালো পাথরের মতন আট স্বাস্থ্য মেয়েটার, সাদা শাড়িটা কিন্তু বিস্ময়কর রকমের ফরস"
sunil gangopadhay,"ওদের কারুরই শাড়ি ময়লা নয়, জঙ্গলে থাকে, কুলির : কাজ করতে এসেছে, কিন্তু ধুলোবালি মেখে আসে নি"
sunil gangopadhay,এমনকি ওদের মুখ ও শরীরের চকচকে চামড়া দেখলে মনে হয়-ওদের শরীরেও এক বিন্দু ময়লা নেই
sunil gangopadhay,"যারা ভদ্রলোক, যারা , তারা প্রকাশ্যে অন্তত সাঁওতাল মেয়েদের দিকে হা করে তাকিয়ে থাকে না-এইটাই অলিখিত নিয়ম"
sunil gangopadhay,"এইসব অঞ্চলের হাটে-বাজারে, রাস্তায় ' অনবরত সাঁওতাল মেয়েরা ঘোরে তাদের ব্লাউজহীন বুক ও ছেড়া শাড়ি নিয়ে-কিন্তু কেউ তাদের দিকে চেয়ে দেখবে না"
sunil gangopadhay,"কেউ বলবে না, বাঃ, এ মেয়েটির স্বাস্থ্য কি সুন্দর"
sunil gangopadhay,"ও - "" এই চারজন-এরা নতুন বাবু, এরা কলকাতার লোক, এরা বাজারের মাঝখানে দাঁড়িয়ে মেয়েগুলোকে দেখছে"
sunil gangopadhay,রবি এক-দৃষ্টি চেয়ে আছে নীলপাড় মেয়েটির দিকে
sunil gangopadhay,"শেখর বললো, হঠাৎ যেন এদের দেখলে আগেকার সেই ক্রীতদাস-দাসীদের বাজারের কথা মনে ওরা যেন নিজেদের বিক্রি করার জন্য বসে আছে, যদি কেউ কখনো কেনে"
sunil gangopadhay,"চল না, আমরা প্রত্যেকে এক-একজনকে কিনে নিয়ে যাই"
sunil gangopadhay,"এসব বাজে মতলব করিস নি, ঝঞ্চাট হবে অনেক"
sunil gangopadhay,"এটা সত্যি আশ্চর্য লাগে, ওরা রোজ চাকরি পায় না, তবুওরা হাসাহাসি করে কি করে"
sunil gangopadhay,দিব্যি তো বসে হাসছিল এতক্ষণ
sunil gangopadhay,"সত্যিই ওরা চলে যাবার জন্য পেছন ফিরতেই সব মেয়েরা কি একটা কথায় একসঙ্গে হোসে উঠলো, হাসির ধমকে এ-ওর গায়ে ঢলে পড়লো, সেই নীলপাড় শাড়ি পরা ফিচকে মেয়েটা হাতের ঝুঁড়ি উলটো করে মাথায় বসিয়ে খিলখিল করে হাসতে লাগলো"
sunil gangopadhay,"রবি : অনেকবার পেছন ফিরে নিজের ঠোঁটে সেই হাসির জবাব দিয়ে অস্ফুট স্বরে বললো, আশ্চর্য"
sunil gangopadhay,"শেখর আবার বললো, সত্যি কুলি-মজুরের কাজ করুক আর যাই করুক, হাসিটা ওদের ' রানীর মতন"
sunil gangopadhay,তুই কটা রানীকে হাসতে দেখেছিস বে
sunil gangopadhay,স্বচক্ষে একটাও ' রানী দেখেছিস
sunil gangopadhay,"ফেরার পথে মাঠের সর্ট-কট দিয়ে না এসে ওরা পাকা রাস্তাই ধরেছিল, দেখা গেল, দূর: থেকে রতিলাল ছুটতে ছুটতে ওদের দিকেই আসছে"
sunil gangopadhay,"কাছে এসে হাফাতে হাঁফাতে "" বললো, রেঞ্জারবাবু আসিয়েছেন, আপলোককে বোলাতে বুললেন"
sunil gangopadhay,"সূচিপত্র ও : রবি ভুরু কুঁচকে বললো, কেন, রেঞ্জারবাবু আমাদের ডাকবেন কেন"
sunil gangopadhay,"-সাহেব তো বাতাতা, আপলোককা কোনোই রিজার্ড নেহি থা"
sunil gangopadhay,"-ঠিক হ্যায়, উনিসে বাতচিত তো কর লিজিয়ে"
sunil gangopadhay,"সাহাব বোলা তুরন্ত সাহেবলেগকে বোলাও, এসি লিয়ে হম- ' রবি ধমকে উঠে বললো, রেঞ্জার তোমাদের কী এমন সাহেব যে, ডাকলেই যেতে হবে"
sunil gangopadhay,"সাহেবকে বলে, আমাদের যখন সময় হবে তখন যাবো"
sunil gangopadhay,"এখন আমাদের সময় হবে "" রতিলাল তবু দাঁড়িয়ে আছে দেখে রবি ফের ধমক দিয়ে বললো, দাঁড়িয়ে রইলে কেন"
sunil gangopadhay,"তোমার সাহেবকে গিয়ে বলো, আমরা এক ঘণ্টা বাদে ফিরবো"
sunil gangopadhay,"সাহেব যেন : আমাদের জন্য :; বন্ধুদের দিকে ফিরে নিম্নস্বরে রবি বললো, ডাকামাত্র গেলে প্রেস্ট্রিজ থাকে না"
sunil gangopadhay,আমরা : ওর হুকুমের চাকর বুঝি
sunil gangopadhay,"চল, একটু দেরি করে যাবো, শহরের এ দিকটা বরং দেখে আসি"
sunil gangopadhay,ওরা উলটো দিকে ফিরে শহরের অন্যদিকে রওনা হলো
sunil gangopadhay,"এদিকেও বিশেষ কিছু নেই, ' তবু চোখে পড়লো একটা অসমাপ্ত স্কুল, ইটখোলা, শিবমন্দির, কয়েক ঘর মধ্যবিত্তর "" বাড়ি"
sunil gangopadhay,কিছুদূর যেতে না যেতেই ফাঁকা মাঠ শুরু হলো
sunil gangopadhay,"দুএকটা সরষে-ক্ষেতে একরাশি ফুল ধরেছে, হলুদরঙা ঢেউ উঠছে হাওয়ায়"
sunil gangopadhay,"মাঠের মাঝখানে একটা প্রকাণ্ড কালো রঙের পাথর, পাথরটার মাথার ওপর ঠিক ছাতার মতন একটা পাকুড়গাছ"
sunil gangopadhay,"ওদের তো এদিকে সত্যি কোনো দরকার নেই, শুধু খানিকটা সময় কাটানো, তাই এ পাথরটার ওপর কিছুক্ষণ "" বসে আবার চলে যাবে এই ভেবে পাথরটার দিকে এগুলো"
sunil gangopadhay,": ্ সকল নটাও বাজে নি, তবুও এর মধ্যেই রোদ চড়া হয়ে এসেছে"
sunil gangopadhay,"এদিকে জঙ্গল নেই, বহুদূর পর্যন্ত ঢেউ খেলানো মাঠ"
sunil gangopadhay,সেই মোঠ জুড়ে ঝকঝকি করছে রোদুর
sunil gangopadhay,"এক ঝাঁক ' হরিয়াল উড়ে গেল মাথার ওপর দিয়ে, দূরে শোনা গেল ট্রেনের শব্দ"
sunil gangopadhay,"এরকম জায়গায় এলেই হঠাৎ মনে হয় যে, পৃথিবীটা মোটেই গোল নয়, চৌকো"
sunil gangopadhay,"পৃথিবী ঘোরে না, স্থির হয়ে থাকে"
sunil gangopadhay,"রবি সিগারেটের টুকরোটা ছুঁড়ে দিয়ে বললো, মাত্র কাল সকালে এসেছি-অথচ এরই মধ্যে মনে হচ্ছে যেন অনেক কাল ধরে এখানে আছি"
sunil gangopadhay,"মাঠের মাঝখানে এই জায়গাটা টিবির মত উঁচু হয়ে উঠেছে, বেশ পরিষ্কার"
sunil gangopadhay,"খুব ভালো : পিকনিকের জায়গা হয়, না রে"
sunil gangopadhay,"-তা কলকাতার কাছাকাছি এই জায়গা হলে পিকনিকের পক্ষে ভালো হতো, কিন্তু আমরা আছি জঙ্গলের মধ্যে, সুতরাং বনভোজন বলতে যা বোঝায়- কথা বলতে বলতে ওরা থেমে গেল"
sunil gangopadhay,পাথরটার পাশ থেকে ছোট ছেলের খিল খিল হাসি ও মেয়েদের গলা শোনা যাচ্ছিল
sunil gangopadhay,"ওয়া ঢিবিটার ওপর উঠে এসে পাথরটার এ-পাশে "" তাকালো"
sunil gangopadhay,"দুটি মহিলা, একটি তিন চার বছরের বাচ্চা ছেলে ও একজন বুড়ো দরওয়ান"
sunil gangopadhay,"মহিলা দুটি চমকে ওদের দিকে তাকালো, ওরাও এক পলক চেয়ে দেখে ভাবছিল, চলে "" যাবে কিনা, এমন সময় শেখার পরম স্বস্তির সঙ্গে বলে উঠলো, ঠিকই মনে হয়েছিল ; কাল, চেনাচেনা-তুমি জয়া নও"
sunil gangopadhay,"প্রেসিডেন্সি কলেজের- : দুজনের মধ্যে যে-মেয়েটির স্বাস্থ্য ঈষৎ ভারী, প্রতিমার মতন মুখের গড়ন-তার ; ক্ষণিক আশঙ্কা ও প্রতীক্ষা ফুটে উঠেছিল, তারপরই খুশিতে ঝলসে উঠলো, বললো, : আরেঃ, তাই তো, শেখরবাবু; আমিও প্রথমটায় ভেবেছিলুম-কাল সকালে আপনারাই এসেছেন, না"
sunil gangopadhay,"বম্বে মেলে- সূচিপত্র : ্ এ "" -তুমিকি করে জানলে"
sunil gangopadhay,"কাল আমাদের গেটের পাশ দিয়ে আপনাদের যেতে দেখলুম, এখানে তো কেউ "" বড় একটা আসে না"
sunil gangopadhay,"কাল তো তোমরা ব্যাডমিন্টন খেলছিলে, "" আমাদের দেখলে কখন"
sunil gangopadhay,খেলার সময়েও সব দিকে চোখ রাখে
sunil gangopadhay,"বাঃ, এখানে তো আমার শ্বশুরবাড়ি"
